# .PCD v0.7 - Point Cloud Data file format
VERSION 0.7
FIELDS x y z intensity normal_x normal_y normal_z curvature
SIZE 4 4 4 4 4 4 4 4
TYPE F F F F F F F F
COUNT 1 1 1 1 1 1 1 1
WIDTH 16000
HEIGHT 1
VIEWPOINT 0 0 0 1 0 0 0
POINTS 16000
DATA ascii
1.3641484 0.052662443 -1.7642037 0 0 0 0 0
0.54068816 0.010017693 -1.5306677 0 0 0 0 0
1.0059638 0.022359664 -1.1366296 0 0 0 0 0
1.456159 0.051263936 -1.1790289 0 0 0 0 0
1.3626276 0.02932111 -0.97859472 0 0 0 0 0
0.78181553 0.029208137 -1.1361847 0 0 0 0 0
0.60058874 0.033989869 -1.3714824 0 0 0 0 0
0.62840009 0.034557734 -1.62597 0 0 0 0 0
1.1340053 0.052204404 -1.9154093 0 0 0 0 0
1.1633822 0.058655649 -1.5682437 0 0 0 0 0
0.64308649 0.014243944 -1.1709816 0 0 0 0 0
1.3552678 0.021429194 -1.2850441 0 0 0 0 0
0.55311519 0.027100394 -1.6321421 0 0 0 0 0
1.0390337 0.054852016 -1.3337486 0 0 0 0 0
0.94287139 0.026078796 -1.8543018 0 0 0 0 0
0.53927761 0.0064753029 -1.4655912 0 0 0 0 0
1.2824998 0.049742777 -1.07701 0 0 0 0 0
0.60642487 0.022039611 -1.5046698 0 0 0 0 0
1.2586622 0.038239557 -1.744783 0 0 0 0 0
1.0615071 0.037539773 -1.6165292 0 0 0 0 0
0.88865066 0.040297735 -1.2047896 0 0 0 0 0
1.1174836 0.017636729 -1.0054789 0 0 0 0 0
1.4590408 0.05335585 -1.6004866 0 0 0 0 0
1.0664649 0.044492729 -1.3607702 0 0 0 0 0
0.6051566 0.033724271 -1.5468688 0 0 0 0 0
1.350136 0.059631169 -1.87038 0 0 0 0 0
1.4510976 0.059754644 -1.3021852 0 0 0 0 0
0.61848092 0.012563157 -1.5310943 0 0 0 0 0
0.85940599 0.025217148 -1.6529024 0 0 0 0 0
1.4908781 0.050509848 -1.2975322 0 0 0 0 0
1.3093703 0.033461165 -1.555553 0 0 0 0 0
0.83750963 0.035025567 -1.9024928 0 0 0 0 0
0.84758306 0.031249227 -1.7269092 0 0 0 0 0
0.95409536 0.02559864 -1.365527 0 0 0 0 0
1.0086979 0.03809448 -1.5361181 0 0 0 0 0
1.309875 0.04621096 -1.5245054 0 0 0 0 0
0.55516839 0.026426934 -1.6917754 0 0 0 0 0
1.2732068 0.050263058 -1.692311 0 0 0 0 0
1.4165162 0.05459436 -1.2214241 0 0 0 0 0
1.4627641 0.043834243 -1.2872247 0 0 0 0 0
0.96301669 0.011603492 -1.0053244 1 0 0 0 0
0.81619519 0.013235552 -1.1232524 1 0 0 0 0
1.3776106 0.018802464 -1.0990309 1 0 0 0 0
0.57444108 0.015521694 -1.4075291 1 0 0 0 0
1.1648737 0.034102194 -1.0482297 1 0 0 0 0
1.0781575 0.013385128 -1.0130926 1 0 0 0 0
1.1548823 0.025647385 -1.3717607 1 0 0 0 0
0.67182994 0.016180858 -1.0552063 1 0 0 0 0
0.71901476 0.01087073 -1.043831 1 0 0 0 0
1.3805438 -0.0063721375 -0.95903021 1 0 0 0 0
1.0418891 0.0078004831 -1.7321603 1 0 0 0 0
0.71432751 0.0034080804 -1.0245535 1 0 0 0 0
0.88662064 0.025595173 -1.4236525 1 0 0 0 0
0.65902853 0.0095283873 -1.2519425 1 0 0 0 0
0.74752241 0.019388376 -1.0829898 1 0 0 0 0
0.89950961 0.028707314 -1.3100601 1 0 0 0 0
1.5329887 0.013067833 -1.4973421 1 0 0 0 0
1.1790519 0.01493855 -0.78620082 1 0 0 0 0
1.3800358 0.025439687 -1.043034 1 0 0 0 0
0.96234882 0.022915071 -0.88417995 1 0 0 0 0
1.1591125 0.0014593374 -0.87490201 1 0 0 0 0
0.81789511 0.012789941 -1.7144003 1 0 0 0 0
1.4704307 0.022488706 -1.2563349 1 0 0 0 0
1.0739024 0.028830195 -1.4662393 1 0 0 0 0
0.66841596 0.025477037 -1.1353598 1 0 0 0 0
0.92592233 0.019961372 -0.88853455 1 0 0 0 0
1.1986601 0.038690526 -1.1833748 1 0 0 0 0
1.4351741 0.022519225 -1.5151947 1 0 0 0 0
0.57154292 0.024539933 -1.5157915 1 0 0 0 0
1.0943432 0.022951124 -1.4141358 1 0 0 0 0
1.0227962 0.021086561 -1.0251365 1 0 0 0 0
0.88588613 0.018466419 -1.4103601 1 0 0 0 0
1.1594465 0.019261314 -1.0720772 1 0 0 0 0
0.94518501 0.022373451 -1.1313411 1 0 0 0 0
1.3560113 0.024383388 -0.99546319 1 0 0 0 0
1.315995 0.0054383683 -0.85950214 1 0 0 0 0
0.68451518 0.026011979 -1.4923546 1 0 0 0 0
0.67404127 0.013448611 -1.7135608 1 0 0 0 0
1.2653477 0.013478857 -1.4466614 1 0 0 0 0
0.76378465 0.024302199 -0.89183301 1 0 0 0 0
0.59078312 0.079700015 -0.98026073 2 0 0 0 0
1.4752462 0.10680041 -1.5702312 2 0 0 0 0
1.3169622 0.12603018 -1.515504 2 0 0 0 0
1.3664556 0.10469702 -1.5997962 2 0 0 0 0
0.99699819 0.075140104 -0.91105229 2 0 0 0 0
1.0878942 0.075053476 -1.6722983 2 0 0 0 0
0.96638912 0.077008992 -1.1702962 2 0 0 0 0
0.5804432 0.08062955 -1.4095755 2 0 0 0 0
1.3939855 0.092850707 -1.4882729 2 0 0 0 0
1.3446584 0.10327231 -1.3389586 2 0 0 0 0
1.1544871 0.089420781 -1.6210033 2 0 0 0 0
0.8078838 0.092058249 -1.3855904 2 0 0 0 0
0.70011866 0.075282358 -1.3331352 2 0 0 0 0
1.340258 0.091453366 -1.7283331 2 0 0 0 0
1.505699 0.11442014 -1.1136558 2 0 0 0 0
1.5236809 0.11311039 -1.5856225 2 0 0 0 0
1.449361 0.10720164 -1.5272367 2 0 0 0 0
1.2519368 0.11115027 -1.2097458 2 0 0 0 0
1.0244753 0.096538171 -1.4138473 2 0 0 0 0
1.3972777 0.10269744 -1.1518791 2 0 0 0 0
1.4238849 0.11035849 -0.97913224 2 0 0 0 0
0.5454455 0.068271875 -1.655947 2 0 0 0 0
0.55416119 0.074934602 -1.0208148 2 0 0 0 0
0.7819885 0.080259062 -1.3921244 2 0 0 0 0
0.75077415 0.0783865 -1.2332684 2 0 0 0 0
1.1817058 0.092134051 -1.6143687 2 0 0 0 0
0.83460122 0.095085524 -1.2072312 2 0 0 0 0
1.1207585 0.093246005 -0.95596761 2 0 0 0 0
0.7618562 0.066899218 -1.3016406 2 0 0 0 0
1.3444486 0.10442666 -1.1865644 2 0 0 0 0
0.80651784 0.085114338 -1.2921897 2 0 0 0 0
1.2548112 0.1113023 -1.347225 2 0 0 0 0
1.1444157 0.087385885 -1.766803 2 0 0 0 0
1.0246178 0.085375912 -0.84743738 2 0 0 0 0
1.2878548 0.10938262 -1.4739813 2 0 0 0 0
0.7462762 0.079524383 -1.6190296 2 0 0 0 0
0.68589091 0.075879626 -1.1956831 2 0 0 0 0
1.5187428 0.095226325 -1.0666642 2 0 0 0 0
0.72061509 0.079953387 -1.4366623 2 0 0 0 0
0.62062603 0.07138069 -1.0803512 2 0 0 0 0
0.45636094 0.0079862373 -1.3764611 3 0 0 0 0
1.3610797 0.025686309 -1.6300491 3 0 0 0 0
0.98727554 0.049691193 -0.88363916 3 0 0 0 0
0.531129 0.0042240755 -1.6200258 3 0 0 0 0
0.94448763 0.021069823 -1.2361251 3 0 0 0 0
1.1570177 0.024098378 -1.3409142 3 0 0 0 0
0.65618694 0.033568535 -1.6181178 3 0 0 0 0
0.51190269 0.025845878 -1.6155579 3 0 0 0 0
1.2160075 0.028109992 -1.4922286 3 0 0 0 0
0.58419794 0.028817201 -1.2908379 3 0 0 0 0
0.68379158 0.014072705 -0.89515293 3 0 0 0 0
1.296924 0.023035634 -1.3880796 3 0 0 0 0
1.3557392 0.033423986 -1.6189618 3 0 0 0 0
0.70907557 0.015184861 -1.4210395 3 0 0 0 0
1.3066353 0.027815199 -1.1383626 3 0 0 0 0
0.59979576 0.023795795 -1.397614 3 0 0 0 0
1.272516 0.036275227 -1.4956464 3 0 0 0 0
0.6149596 0.0062583536 -1.0209852 3 0 0 0 0
1.1277337 0.0032007503 -1.5036427 3 0 0 0 0
0.58693922 0.0037472579 -1.5181985 3 0 0 0 0
1.328231 0.022144986 -1.7028434 3 0 0 0 0
0.70387477 0.014576191 -1.4359026 3 0 0 0 0
0.99480897 0.0085002556 -1.6301181 3 0 0 0 0
0.7353999 0.019687224 -1.4884129 3 0 0 0 0
1.297435 0.018950893 -1.8054379 3 0 0 0 0
0.91808617 0.045852773 -1.8696812 3 0 0 0 0
1.2006227 0.024069073 -1.6329825 3 0 0 0 0
1.1005073 0.030427983 -1.0388352 3 0 0 0 0
1.3676167 0.040461544 -1.0489079 3 0 0 0 0
1.3913817 0.015135078 -0.92832887 3 0 0 0 0
0.90908933 0.033380799 -1.7468057 3 0 0 0 0
1.3396626 0.021510575 -1.2088686 3 0 0 0 0
0.67667836 0.021646468 -1.0647837 3 0 0 0 0
0.49144113 0.020912373 -1.1016612 3 0 0 0 0
0.44722828 0.020727132 -1.3653696 3 0 0 0 0
1.3749259 0.020882621 -1.1626395 3 0 0 0 0
0.85094947 0.034210511 -1.5076537 3 0 0 0 0
1.1128644 0.012074559 -1.6472523 3 0 0 0 0
0.99035501 0.014092733 -1.1778504 3 0 0 0 0
0.76281393 0.024067925 -1.0399913 3 0 0 0 0
0.65771711 -0.050236113 -2.0046144 4 0 0 0 0
1.3823738 -0.075113788 -1.1727842 4 0 0 0 0
1.284453 -0.055935536 -1.9720294 4 0 0 0 0
1.2599014 -0.053678282 -1.9737431 4 0 0 0 0
1.1802936 -0.061299182 -1.3030211 4 0 0 0 0
1.142303 -0.079138078 -1.7117323 4 0 0 0 0
0.80228341 -0.073163435 -1.3524708 4 0 0 0 0
0.52914321 -0.062228948 -1.5169994 4 0 0 0 0
0.84132373 -0.052130386 -1.1591238 4 0 0 0 0
1.1223938 -0.068681151 -1.9029213 4 0 0 0 0
1.1525877 -0.055859312 -1.4476922 4 0 0 0 0
0.90762627 -0.04483749 -1.23347 4 0 0 0 0
0.90320331 -0.057056878 -1.4708112 4 0 0 0 0
1.1682801 -0.048435763 -2.0285692 4 0 0 0 0
0.75533628 -0.052379627 -1.9663179 4 0 0 0 0
0.92542684 -0.06746649 -1.1486632 4 0 0 0 0
1.4653654 -0.074799173 -1.8287978 4 0 0 0 0
0.56389195 -0.052647907 -1.4494359 4 0 0 0 0
0.47894359 -0.062401243 -1.6535525 4 0 0 0 0
0.79398978 -0.058849167 -1.6230577 4 0 0 0 0
0.80762559 -0.068845429 -1.1816411 4 0 0 0 0
1.0987002 -0.0711051 -1.6134253 4 0 0 0 0
0.68634057 -0.052579619 -1.829736 4 0 0 0 0
1.162367 -0.06782373 -1.5257592 4 0 0 0 0
0.97910869 -0.044373605 -1.8834717 4 0 0 0 0
0.6188879 -0.061950263 -1.2772382 4 0 0 0 0
0.68631041 -0.06068692 -1.7325342 4 0 0 0 0
0.58669364 -0.053608473 -1.7786106 4 0 0 0 0
0.69380754 -0.060084928 -2.015152 4 0 0 0 0
1.2630163 -0.078007296 -1.4950209 4 0 0 0 0
0.65590656 -0.047689542 -1.5133376 4 0 0 0 0
0.5317561 -0.057050813 -1.8156731 4 0 0 0 0
0.85308874 -0.06417156 -1.9248465 4 0 0 0 0
0.90631402 -0.081558183 -1.9932594 4 0 0 0 0
1.0924002 -0.04705672 -1.8379246 4 0 0 0 0
1.2915596 -0.050495729 -2.0094085 4 0 0 0 0
0.68944794 -0.05728871 -1.544964 4 0 0 0 0
0.9325546 -0.051608324 -1.5542442 4 0 0 0 0
1.142525 -0.066175878 -1.8434194 4 0 0 0 0
0.52869868 -0.062533133 -1.8048317 4 0 0 0 0
0.89181918 0.044442821 -1.3823211 5 0 0 0 0
1.0864487 0.031157093 -1.2538882 5 0 0 0 0
1.3778642 0.046826858 -1.7390153 5 0 0 0 0
1.396921 0.029125854 -1.3795725 5 0 0 0 0
0.67177367 0.067410372 -1.5680383 5 0 0 0 0
1.3539214 0.037842661 -0.85338128 5 0 0 0 0
0.68386346 0.071200386 -1.7876735 5 0 0 0 0
0.68325907 0.060064897 -1.3335402 5 0 0 0 0
0.70963424 0.057517622 -1.1248151 5 0 0 0 0
0.82734519 0.03915957 -1.3047194 5 0 0 0 0
1.4257183 0.018202236 -1.4747111 5 0 0 0 0
1.0262412 0.068790995 -1.4260957 5 0 0 0 0
1.2703772 0.048760951 -1.1067103 5 0 0 0 0
1.3944975 0.038032349 -1.2417458 5 0 0 0 0
1.0187272 0.066339158 -0.96088225 5 0 0 0 0
1.5865954 0.028293153 -1.2878361 5 0 0 0 0
1.5157955 0.053303555 -1.6822697 5 0 0 0 0
1.1439979 0.04794088 -0.9602384 5 0 0 0 0
0.80818433 0.066566981 -1.6339984 5 0 0 0 0
1.4460949 0.036046945 -1.5572999 5 0 0 0 0
1.3839711 0.046117228 -1.4322569 5 0 0 0 0
1.0079621 0.061550319 -1.1810068 5 0 0 0 0
1.3775038 0.047890827 -1.6400733 5 0 0 0 0
1.054993 0.035858102 -1.7146752 5 0 0 0 0
1.1179965 0.022243625 -1.0718036 5 0 0 0 0
1.1101835 0.051067661 -1.5926433 5 0 0 0 0
1.4438885 0.029939299 -0.97215641 5 0 0 0 0
0.91408932 0.047956966 -0.84972197 5 0 0 0 0
0.92087913 0.048325047 -1.4837872 5 0 0 0 0
0.81680995 0.075374551 -1.5200795 5 0 0 0 0
1.4560807 0.02482296 -0.8286919 5 0 0 0 0
0.94036859 0.03697836 -1.2272809 5 0 0 0 0
1.1927903 0.064968571 -1.7369572 5 0 0 0 0
1.1675642 0.044595212 -1.4428976 5 0 0 0 0
1.5638552 0.015222724 -0.93109918 5 0 0 0 0
1.6107666 0.02280795 -1.3869381 5 0 0 0 0
1.2650337 0.043281298 -1.2958825 5 0 0 0 0
1.4041921 0.03876204 -1.4578907 5 0 0 0 0
1.2837527 0.036464784 -1.6389678 5 0 0 0 0
0.97763604 0.05687191 -1.4762398 5 0 0 0 0
1.2929046 -0.053360622 -1.4245015 6 0 0 0 0
1.5287691 -0.036096781 -1.1778817 6 0 0 0 0
0.60259593 -0.035282187 -1.1464638 6 0 0 0 0
0.70138925 -0.032008279 -1.008492 6 0 0 0 0
1.1362501 -0.031140588 -1.552108 6 0 0 0 0
0.9473753 -0.050587885 -1.8589497 6 0 0 0 0
1.4194256 -0.042589374 -1.1475807 6 0 0 0 0
1.0392154 -0.042001564 -1.4666667 6 0 0 0 0
1.3023702 -0.033946976 -1.4369087 6 0 0 0 0
1.3655176 -0.049203955 -1.4938501 6 0 0 0 0
0.66009223 -0.01453053 -1.0019376 6 0 0 0 0
0.63809615 -0.026085366 -1.1786952 6 0 0 0 0
1.5266726 -0.024081539 -0.96191704 6 0 0 0 0
1.4993641 -0.044822451 -1.488271 6 0 0 0 0
1.1929562 -0.044998221 -1.5021821 6 0 0 0 0
0.8385703 -0.036035519 -1.6351453 6 0 0 0 0
1.4731762 -0.046196766 -1.4467487 6 0 0 0 0
0.99296248 -0.03009288 -1.1496106 6 0 0 0 0
0.63906425 -0.065661192 -1.6053061 6 0 0 0 0
1.0023862 -0.047216266 -1.6998035 6 0 0 0 0
1.4899805 -0.042028997 -1.4490907 6 0 0 0 0
1.1892592 -0.026811602 -1.1894724 6 0 0 0 0
0.56479657 -0.064695865 -1.654936 6 0 0 0 0
0.57875806 -0.063208871 -1.5636036 6 0 0 0 0
0.57054436 -0.058855984 -1.1956393 6 0 0 0 0
1.4596214 -0.043580994 -1.4567655 6 0 0 0 0
1.1230302 -0.043981783 -0.94544107 6 0 0 0 0
0.56301421 -0.045601565 -1.678975 6 0 0 0 0
0.96482301 -0.026068343 -1.3154796 6 0 0 0 0
1.3574164 -0.034171682 -1.225194 6 0 0 0 0
0.84689277 -0.030885186 -1.2410176 6 0 0 0 0
0.67791575 -0.055164997 -1.8740122 6 0 0 0 0
0.6665076 -0.062012848 -1.6033627 6 0 0 0 0
1.2632208 -0.030463904 -0.93159819 6 0 0 0 0
1.0712181 -0.04939805 -1.5290385 6 0 0 0 0
0.69448215 -0.044107683 -1.3695035 6 0 0 0 0
1.1227906 -0.036495943 -1.3535794 6 0 0 0 0
1.3115687 -0.037807342 -1.0698562 6 0 0 0 0
0.58069783 -0.044375584 -1.3639441 6 0 0 0 0
0.69017923 -0.030451642 -1.5401496 6 0 0 0 0
1.4008203 -0.043374944 -1.3621588 7 0 0 0 0
0.94254071 -0.054094736 -1.1511379 7 0 0 0 0
1.0034596 -0.036952842 -1.3665323 7 0 0 0 0
0.50231254 -0.040987507 -1.8010286 7 0 0 0 0
0.6057266 -0.022361103 -1.1607864 7 0 0 0 0
0.47929427 -0.053708803 -1.1678663 7 0 0 0 0
0.58435333 -0.048221942 -1.9415001 7 0 0 0 0
0.90093035 -0.031871695 -1.7717443 7 0 0 0 0
0.80047625 -0.064703941 -1.2551271 7 0 0 0 0
0.50939137 -0.049867243 -1.4515026 7 0 0 0 0
0.80126083 -0.049280543 -1.1947387 7 0 0 0 0
0.70338041 -0.039689332 -1.3549253 7 0 0 0 0
1.069177 -0.038904924 -1.731328 7 0 0 0 0
0.84397835 -0.05606309 -1.4954953 7 0 0 0 0
0.977005 -0.055454493 -1.6390661 7 0 0 0 0
0.57785255 -0.049165756 -0.9854452 7 0 0 0 0
0.48452067 -0.047963418 -1.7288806 7 0 0 0 0
0.88054359 -0.032824349 -1.2214819 7 0 0 0 0
0.58125371 -0.029919563 -1.3552577 7 0 0 0 0
0.70968765 -0.04757693 -1.3251065 7 0 0 0 0
1.3411543 -0.04722178 -1.7127421 7 0 0 0 0
1.0461719 -0.039993342 -1.4254897 7 0 0 0 0
0.76673895 -0.044320837 -1.7344526 7 0 0 0 0
1.2501057 -0.059489958 -1.686245 7 0 0 0 0
1.4200454 -0.064962707 -1.4346734 7 0 0 0 0
1.0541644 -0.057890549 -1.4837348 7 0 0 0 0
1.373265 -0.06901069 -1.2680985 7 0 0 0 0
0.64993644 -0.051147643 -1.0609354 7 0 0 0 0
1.1448848 -0.036197059 -1.8417605 7 0 0 0 0
0.61946326 -0.040776722 -1.5754383 7 0 0 0 0
0.66316819 -0.050254785 -1.0277843 7 0 0 0 0
1.1946765 -0.056292929 -1.0260329 7 0 0 0 0
1.0072353 -0.043488853 -1.2207315 7 0 0 0 0
1.0943685 -0.048622631 -1.485127 7 0 0 0 0
1.4131272 -0.067498162 -1.3730692 7 0 0 0 0
1.2402136 -0.057552624 -1.862556 7 0 0 0 0
0.83720499 -0.038085297 -1.3060836 7 0 0 0 0
0.59787911 -0.048993714 -1.6301179 7 0 0 0 0
1.3032273 -0.055155315 -1.7655649 7 0 0 0 0
1.1560068 -0.060081065 -1.7970271 7 0 0 0 0
1.2253541 0.068259694 -1.0197434 8 0 0 0 0
1.0422451 0.067118518 -1.1341215 8 0 0 0 0
0.4815757 0.053776987 -1.1742806 8 0 0 0 0
1.1226963 0.058193341 -1.2836876 8 0 0 0 0
0.5370841 0.051974434 -1.469758 8 0 0 0 0
1.3264835 0.040520698 -1.0698975 8 0 0 0 0
0.69920707 0.04687782 -1.3062478 8 0 0 0 0
0.80052495 0.069372602 -1.8088213 8 0 0 0 0
0.63141209 0.063450828 -1.2435272 8 0 0 0 0
1.0193963 0.064130127 -1.6129144 8 0 0 0 0
0.54542124 0.062919639 -1.6900156 8 0 0 0 0
0.73584414 0.071428075 -1.3854573 8 0 0 0 0
1.1729976 0.053281024 -1.0297561 8 0 0 0 0
0.55808741 0.067035481 -1.4804443 8 0 0 0 0
0.7583046 0.072154224 -1.7758629 8 0 0 0 0
0.87005305 0.050259005 -1.4644256 8 0 0 0 0
0.74524003 0.068707913 -1.3741628 8 0 0 0 0
1.1446574 0.051447909 -1.3975617 8 0 0 0 0
0.47437513 0.071914338 -0.97260684 8 0 0 0 0
0.66800094 0.060210548 -1.8136482 8 0 0 0 0
1.1363941 0.08183369 -1.7345482 8 0 0 0 0
1.3574479 0.042652126 -1.7101061 8 0 0 0 0
0.46051094 0.06009334 -1.8739562 8 0 0 0 0
1.2417948 0.059648942 -1.372548 8 0 0 0 0
0.49592948 0.055983417 -1.5497577 8 0 0 0 0
0.71127659 0.058472101 -1.2545944 8 0 0 0 0
0.56600642 0.046309259 -1.7263367 8 0 0 0 0
1.0627608 0.066680938 -1.398013 8 0 0 0 0
1.4359016 0.052034151 -1.0530077 8 0 0 0 0
0.90451288 0.06552083 -1.825407 8 0 0 0 0
0.7259391 0.055264119 -1.0433418 8 0 0 0 0
0.6536454 0.060498696 -1.5773946 8 0 0 0 0
0.7215246 0.034147538 -1.074459 8 0 0 0 0
1.1196475 0.052732568 -1.2324547 8 0 0 0 0
1.3180057 0.044786561 -1.1050394 8 0 0 0 0
0.75010931 0.066214219 -1.1653442 8 0 0 0 0
0.63075733 0.040157281 -1.7121786 8 0 0 0 0
0.58340132 0.05047971 -1.4025364 8 0 0 0 0
0.51241851 0.048409998 -1.2781136 8 0 0 0 0
0.48761442 0.056147918 -1.2498968 8 0 0 0 0
1.2786897 -0.039171405 -1.493583 9 0 0 0 0
0.52914125 -0.053057328 -1.7890037 9 0 0 0 0
0.53224057 -0.052841183 -1.2772783 9 0 0 0 0
1.4363537 -0.056908283 -1.2245746 9 0 0 0 0
1.3133804 -0.051454358 -1.7147903 9 0 0 0 0
0.94681436 -0.048502129 -1.7905179 9 0 0 0 0
1.4844928 -0.058472116 -1.8027549 9 0 0 0 0
0.51628286 -0.063902125 -1.0242691 9 0 0 0 0
0.96551281 -0.051749706 -0.82795048 9 0 0 0 0
0.63664436 -0.063264564 -1.2711711 9 0 0 0 0
1.392789 -0.056135625 -1.1835029 9 0 0 0 0
1.420503 -0.056173876 -0.95961696 9 0 0 0 0
0.97592694 -0.066545978 -1.0498585 9 0 0 0 0
1.2316673 -0.047007184 -1.5062342 9 0 0 0 0
1.1565292 -0.065105118 -1.2981826 9 0 0 0 0
1.2907425 -0.050224554 -1.8142306 9 0 0 0 0
0.76363558 -0.062659301 -1.3957247 9 0 0 0 0
1.2896169 -0.056247648 -0.83447862 9 0 0 0 0
0.95861733 -0.061496854 -1.3803416 9 0 0 0 0
1.3537593 -0.04905222 -1.7081598 9 0 0 0 0
0.84472686 -0.052676164 -1.224118 9 0 0 0 0
0.51031232 -0.062969059 -1.6298529 9 0 0 0 0
1.2711461 -0.062852457 -1.1681719 9 0 0 0 0
1.1902325 -0.055894639 -1.2003562 9 0 0 0 0
1.2967628 -0.056132257 -1.317602 9 0 0 0 0
1.1700602 -0.058566839 -1.2991869 9 0 0 0 0
0.88044703 -0.056451704 -1.6225781 9 0 0 0 0
0.7856909 -0.049072184 -1.5918959 9 0 0 0 0
1.1031073 -0.04802274 -0.95455593 9 0 0 0 0
0.50468194 -0.044885259 -1.453315 9 0 0 0 0
1.2782791 -0.069536962 -1.0319051 9 0 0 0 0
1.2022825 -0.0528493 -1.6399127 9 0 0 0 0
1.1801564 -0.053312417 -1.3965064 9 0 0 0 0
0.59017539 -0.071776219 -1.1935471 9 0 0 0 0
1.1690856 -0.053404033 -1.8127636 9 0 0 0 0
0.93616772 -0.037810244 -1.6055266 9 0 0 0 0
0.588678 -0.06886775 -1.272961 9 0 0 0 0
0.63048047 -0.057256553 -1.6971538 9 0 0 0 0
1.2863333 -0.034998398 -1.0832531 9 0 0 0 0
0.71423084 -0.056326319 -1.2958002 9 0 0 0 0
0.77079439 0.017858004 -1.8407484 10 0 0 0 0
1.0611948 0.0060267625 -0.9857192 10 0 0 0 0
1.0754169 -0.0024929657 -1.7599761 10 0 0 0 0
0.99515355 0.0032422717 -0.99267656 10 0 0 0 0
0.51946586 0.0095981788 -1.4411851 10 0 0 0 0
1.1561587 0.0079215523 -1.7669982 10 0 0 0 0
0.79735243 0.01964245 -1.7348037 10 0 0 0 0
0.80090564 0.016458593 -0.96377671 10 0 0 0 0
0.48269078 0.034733258 -1.4357742 10 0 0 0 0
0.43152833 0.011827892 -1.0038095 10 0 0 0 0
0.59532082 0.022961454 -1.3820121 10 0 0 0 0
1.0635304 -0.0074748243 -1.0588809 10 0 0 0 0
0.66484708 0.028699573 -1.3650138 10 0 0 0 0
0.91207922 0.01491313 -1.1355937 10 0 0 0 0
0.95648676 -0.00045583319 -1.4727156 10 0 0 0 0
0.56490439 0.026797155 -1.5606098 10 0 0 0 0
0.75652081 0.028165422 -1.2690493 10 0 0 0 0
1.2313849 -0.0016302118 -0.9012031 10 0 0 0 0
0.82361418 0.015010093 -1.1711546 10 0 0 0 0
0.88873297 0.020152912 -0.90152621 10 0 0 0 0
0.96563733 0.018139748 -1.7616034 10 0 0 0 0
0.4742291 0.01819565 -1.1871848 10 0 0 0 0
0.93558186 0.0076154843 -1.3550752 10 0 0 0 0
0.78222859 0.0011121291 -0.8977192 10 0 0 0 0
0.56516117 -0.011119816 -0.90297639 10 0 0 0 0
0.78099179 0.017033415 -0.88370174 10 0 0 0 0
1.2449079 0.011406527 -0.95253468 10 0 0 0 0
1.1536564 0.0093536777 -1.1743252 10 0 0 0 0
0.72864479 0.015033819 -1.4760572 10 0 0 0 0
1.2407312 -0.0087738493 -1.0281693 10 0 0 0 0
1.3648667 -0.0086554624 -1.194152 10 0 0 0 0
0.54144394 0.029403791 -1.7843797 10 0 0 0 0
1.3165944 0.002974669 -1.7513652 10 0 0 0 0
0.48195431 0.018952096 -1.5865737 10 0 0 0 0
0.8684485 0.0052001961 -1.347964 10 0 0 0 0
0.53624672 0.012599107 -0.91000986 10 0 0 0 0
0.91442692 0.0054541277 -1.1482794 10 0 0 0 0
0.76812148 0.0098596513 -1.7875077 10 0 0 0 0
0.91903186 0.0082235923 -1.6272494 10 0 0 0 0
0.70555121 0.030426057 -1.6040394 10 0 0 0 0
1.477662 0.056608118 -1.4536813 11 0 0 0 0
0.54561639 0.057811212 -1.0886821 11 0 0 0 0
1.2812123 0.067638278 -1.7437786 11 0 0 0 0
1.5123454 0.065293588 -1.6493645 11 0 0 0 0
0.60479826 0.06887354 -1.5668337 11 0 0 0 0
1.4200474 0.072329648 -1.6935215 11 0 0 0 0
0.90258712 0.074573182 -0.87379491 11 0 0 0 0
1.2495897 0.056600787 -1.1250199 11 0 0 0 0
1.2152197 0.083594382 -1.0329436 11 0 0 0 0
1.1575705 0.063654736 -1.2551 11 0 0 0 0
1.2389857 0.055713166 -1.7275537 11 0 0 0 0
0.63374442 0.058392558 -1.8008767 11 0 0 0 0
0.67085844 0.070071101 -1.7605672 11 0 0 0 0
1.4767698 0.04098884 -0.90465873 11 0 0 0 0
1.4522237 0.071864381 -1.4671613 11 0 0 0 0
1.4373028 0.077326305 -1.6553874 11 0 0 0 0
0.99283779 0.036231119 -0.86385947 11 0 0 0 0
0.99574077 0.053470213 -0.95705354 11 0 0 0 0
1.2185363 0.062259708 -0.98309535 11 0 0 0 0
1.3616942 0.066504724 -1.6414046 11 0 0 0 0
0.95125282 0.066864751 -1.6388738 11 0 0 0 0
0.66866642 0.067398861 -1.6246284 11 0 0 0 0
0.91558409 0.076400422 -0.92420489 11 0 0 0 0
1.4692695 0.074037224 -1.6487921 11 0 0 0 0
1.4556196 0.048290823 -1.2036693 11 0 0 0 0
0.68153143 0.076638736 -1.1970726 11 0 0 0 0
0.74365747 0.070519395 -1.4044905 11 0 0 0 0
0.79700589 0.058008183 -0.8873868 11 0 0 0 0
0.75836653 0.066683613 -1.7916543 11 0 0 0 0
1.2405745 0.057697296 -0.84508383 11 0 0 0 0
1.1903481 0.067229263 -0.89793676 11 0 0 0 0
1.0793087 0.054646511 -0.82485664 11 0 0 0 0
1.0268823 0.065878861 -1.6836916 11 0 0 0 0
1.3876008 0.073619761 -1.5465884 11 0 0 0 0
0.81152391 0.056202736 -1.6729226 11 0 0 0 0
1.4339542 0.069233477 -1.5811472 11 0 0 0 0
0.66679007 0.046987727 -1.4022139 11 0 0 0 0
1.4700952 0.063554145 -1.2364516 11 0 0 0 0
0.81416029 0.08500734 -1.784779 11 0 0 0 0
0.81424814 0.068313025 -1.2983199 11 0 0 0 0
0.3574762 0.035953846 -1.8142406 12 0 0 0 0
0.48041925 0.05874604 -1.5939629 12 0 0 0 0
0.34663957 0.045218579 -1.1142311 12 0 0 0 0
1.0773294 0.030302364 -0.99085242 12 0 0 0 0
0.91974103 0.044250745 -1.3072933 12 0 0 0 0
0.9919765 0.042996529 -1.6603202 12 0 0 0 0
1.0185518 0.054319073 -1.5986077 12 0 0 0 0
0.5908618 0.038150236 -1.1569942 12 0 0 0 0
1.1834257 0.048140932 -1.6130834 12 0 0 0 0
0.9548372 0.020321136 -1.0029037 12 0 0 0 0
1.2635111 0.022466917 -1.6326616 12 0 0 0 0
0.49360707 0.026830476 -1.3621845 12 0 0 0 0
0.95476758 0.044156883 -1.3007195 12 0 0 0 0
0.48566425 0.053362176 -1.8645226 12 0 0 0 0
0.7788853 0.027267136 -1.1494845 12 0 0 0 0
0.78278542 0.043162633 -1.8477364 12 0 0 0 0
0.96923125 0.01149753 -1.1048092 12 0 0 0 0
1.1214974 0.024504343 -1.7232682 12 0 0 0 0
1.0008441 0.026398601 -1.2868897 12 0 0 0 0
1.0439454 0.039328206 -1.9252659 12 0 0 0 0
0.71530205 0.048122469 -1.0839742 12 0 0 0 0
0.75785774 0.042271592 -1.170377 12 0 0 0 0
0.82251734 0.057884242 -1.6749089 12 0 0 0 0
0.65028816 0.032190688 -1.1440933 12 0 0 0 0
1.2567756 0.051856436 -1.8687453 12 0 0 0 0
0.59441531 0.035976361 -0.95686513 12 0 0 0 0
0.9273454 0.026351964 -1.1697295 12 0 0 0 0
1.1102198 0.048456315 -1.7175554 12 0 0 0 0
0.53471082 0.053205051 -1.1319413 12 0 0 0 0
0.9932636 0.037306961 -1.3865304 12 0 0 0 0
0.39039996 0.061735809 -1.6205057 12 0 0 0 0
1.1440222 0.021788158 -1.0597419 12 0 0 0 0
0.82780254 0.044844262 -1.3208266 12 0 0 0 0
1.1948553 0.035121929 -1.0769027 12 0 0 0 0
0.88744253 0.047758322 -1.0109043 12 0 0 0 0
0.46862492 0.060461137 -1.9178566 12 0 0 0 0
0.76676387 0.061785061 -1.9204413 12 0 0 0 0
0.3376582 0.080744304 -1.6963055 12 0 0 0 0
0.59535104 0.062194746 -1.3685335 12 0 0 0 0
1.2505153 0.014037556 -1.1794785 12 0 0 0 0
0.95699614 0.023232915 -1.0246278 13 0 0 0 0
0.49395481 -0.032810882 -1.079044 13 0 0 0 0
1.4393173 0.011491539 -1.7143834 13 0 0 0 0
1.436074 0.0052060084 -1.4445472 13 0 0 0 0
0.50714648 -0.020215219 -1.8875681 13 0 0 0 0
0.57608974 -0.016852511 -1.8825488 13 0 0 0 0
1.2990133 0.0085476032 -1.4066685 13 0 0 0 0
1.4299145 0.017181074 -1.9751544 13 0 0 0 0
0.52458286 -0.020016918 -1.892518 13 0 0 0 0
0.80953532 -0.0023884014 -1.5249897 13 0 0 0 0
0.77814639 -0.0006421103 -1.3988303 13 0 0 0 0
1.0977136 -0.0048873178 -1.2977418 13 0 0 0 0
0.83110821 0.0039088032 -1.1049794 13 0 0 0 0
0.72047222 -0.015641196 -1.5150586 13 0 0 0 0
0.92129117 -0.00088632887 -1.1839739 13 0 0 0 0
1.2834252 0.0072026588 -1.8940181 13 0 0 0 0
0.54900038 -0.023427092 -1.5862377 13 0 0 0 0
1.2933922 0.018896692 -1.6359863 13 0 0 0 0
1.2327093 0.0054391306 -1.5131557 13 0 0 0 0
0.71254271 -0.0034882608 -1.3919152 13 0 0 0 0
0.78272122 -0.018225478 -1.8673952 13 0 0 0 0
1.4686153 0.014235411 -1.0952171 13 0 0 0 0
0.86009145 -0.019362237 -1.7849483 13 0 0 0 0
0.62571806 -0.015091266 -1.3563199 13 0 0 0 0
0.53361046 -0.016638679 -1.7784784 13 0 0 0 0
0.97850478 0.015348446 -1.6243104 13 0 0 0 0
1.344761 0.0015751979 -1.3562799 13 0 0 0 0
0.580275 -0.033723775 -1.354214 13 0 0 0 0
1.0994232 0.009109919 -1.8378974 13 0 0 0 0
0.56723934 -0.012799982 -1.7259152 13 0 0 0 0
0.97036946 -8.4954845e-06 -0.99210179 13 0 0 0 0
1.1650842 0.010148323 -1.7808642 13 0 0 0 0
0.97742909 -0.0027438756 -1.5202334 13 0 0 0 0
1.3996279 -0.0028941662 -1.0730348 13 0 0 0 0
0.64636087 -0.011445223 -1.3504349 13 0 0 0 0
1.1606475 -0.014619577 -1.6413788 13 0 0 0 0
0.79935825 -0.030863291 -1.1909341 13 0 0 0 0
0.7860924 -0.0028147588 -1.3306553 13 0 0 0 0
0.92437333 -9.737497e-05 -1.5375206 13 0 0 0 0
0.57769477 -0.02349068 -1.1487365 13 0 0 0 0
1.2213715 0.050858431 -1.5206243 14 0 0 0 0
1.0964291 0.048633698 -1.5151668 14 0 0 0 0
0.58484209 0.049559753 -1.0031576 14 0 0 0 0
1.1139958 0.060372118 -1.7921871 14 0 0 0 0
1.0766557 0.043658003 -1.9495052 14 0 0 0 0
0.72236961 0.061154619 -1.6209836 14 0 0 0 0
0.95634419 0.042864185 -1.9108279 14 0 0 0 0
1.2082137 0.048021533 -1.1677173 14 0 0 0 0
1.1989113 0.059100881 -1.4065857 14 0 0 0 0
1.2012074 0.052213896 -1.8758997 14 0 0 0 0
1.3024888 0.040051769 -1.8990903 14 0 0 0 0
1.0814983 0.042773541 -1.1498911 14 0 0 0 0
1.4018848 0.05395554 -1.0219864 14 0 0 0 0
1.1747056 0.039604545 -1.3475614 14 0 0 0 0
1.3511329 0.051060483 -1.1873251 14 0 0 0 0
1.4148165 0.052724753 -1.7084281 14 0 0 0 0
1.2169496 0.057906382 -1.0267926 14 0 0 0 0
0.47728217 0.036196467 -1.1333911 14 0 0 0 0
0.79373473 0.048548337 -1.2347493 14 0 0 0 0
0.98539037 0.051641989 -1.2504307 14 0 0 0 0
1.2011948 0.050871387 -1.6991901 14 0 0 0 0
1.3197614 0.044275522 -1.6179827 14 0 0 0 0
1.173242 0.055467851 -1.0600319 14 0 0 0 0
0.73089099 0.048357025 -1.2254075 14 0 0 0 0
1.4289957 0.046247553 -1.1771182 14 0 0 0 0
0.55038851 0.044591125 -1.4510695 14 0 0 0 0
0.64744586 0.060032364 -1.4305929 14 0 0 0 0
1.1914487 0.055885293 -1.8980343 14 0 0 0 0
0.60111761 0.056035649 -1.7479116 14 0 0 0 0
1.2039281 0.06943506 -1.1292815 14 0 0 0 0
0.91094381 0.063833915 -1.9640754 14 0 0 0 0
0.58299482 0.044490218 -1.7305086 14 0 0 0 0
1.2475071 0.048249409 -1.0621719 14 0 0 0 0
1.4094707 0.04737388 -1.4495196 14 0 0 0 0
0.52921838 0.049434833 -1.8872828 14 0 0 0 0
1.0860652 0.050007034 -1.2992197 14 0 0 0 0
0.68313634 0.038271453 -1.7766979 14 0 0 0 0
0.9046343 0.050298639 -1.1431806 14 0 0 0 0
1.026441 0.046440348 -1.9725952 14 0 0 0 0
0.86620253 0.03980729 -1.021274 14 0 0 0 0
0.46317917 0.014961168 -1.1205342 15 0 0 0 0
0.57858682 0.023608427 -1.424026 15 0 0 0 0
0.60390413 0.019894572 -1.5903642 15 0 0 0 0
1.336252 0.02749612 -1.5958894 15 0 0 0 0
0.41321826 -0.0072059561 -1.5572302 15 0 0 0 0
0.84105778 0.0072154375 -1.0558437 15 0 0 0 0
0.60406643 0.027220678 -1.8832852 15 0 0 0 0
0.82074958 0.00027161886 -1.4758835 15 0 0 0 0
0.65918607 0.035108853 -1.4094875 15 0 0 0 0
0.95886606 0.014597902 -1.465645 15 0 0 0 0
1.2000246 0.016888203 -1.0544167 15 0 0 0 0
1.1117033 0.020770287 -1.2369076 15 0 0 0 0
1.2430286 0.034249727 -1.3045118 15 0 0 0 0
0.60634071 0.015378418 -1.498477 15 0 0 0 0
1.0726395 0.033191927 -1.7657152 15 0 0 0 0
1.0229541 0.023111656 -1.902683 15 0 0 0 0
1.1955491 0.03094494 -1.156895 15 0 0 0 0
0.49275568 0.019745767 -1.0099175 15 0 0 0 0
1.2285432 0.031589959 -1.1959838 15 0 0 0 0
1.3396699 0.023826232 -1.134565 15 0 0 0 0
1.3498123 0.024919208 -1.3221809 15 0 0 0 0
1.0279995 0.041773278 -1.0114335 15 0 0 0 0
0.5985536 0.024043046 -1.1619968 15 0 0 0 0
1.1585337 0.020589514 -1.0003437 15 0 0 0 0
0.91447544 0.030647339 -1.6935961 15 0 0 0 0
0.58735281 0.010026294 -1.5484847 15 0 0 0 0
0.49076283 0.012611446 -1.6671981 15 0 0 0 0
0.55983126 0.0066222264 -1.6654272 15 0 0 0 0
0.90292835 0.023408465 -1.589501 15 0 0 0 0
0.82795042 0.019960307 -1.5524398 15 0 0 0 0
0.87426835 0.022174472 -1.6566223 15 0 0 0 0
0.69955099 0.0019287373 -1.3504697 15 0 0 0 0
0.98389727 0.025506832 -1.8147078 15 0 0 0 0
0.88922113 0.04647015 -1.748618 15 0 0 0 0
0.73704863 0.018504318 -1.4801778 15 0 0 0 0
0.48469549 2.8619845e-05 -1.1371078 15 0 0 0 0
0.73644799 0.0059996983 -1.0050658 15 0 0 0 0
1.3479635 0.025152894 -1.324847 15 0 0 0 0
0.8910768 0.016108863 -1.2190595 15 0 0 0 0
1.0054024 0.027688116 -1.6685123 15 0 0 0 0
1.2616459 0.10986708 -1.1818228 16 0 0 0 0
1.2180936 0.099675372 -1.7792121 16 0 0 0 0
1.2962162 0.090501957 -1.8903073 16 0 0 0 0
1.0388259 0.091110148 -1.7387537 16 0 0 0 0
0.63393557 0.095011882 -1.8742614 16 0 0 0 0
1.3017237 0.088204011 -1.6886023 16 0 0 0 0
1.4095407 0.09044899 -1.1625018 16 0 0 0 0
0.71888351 0.080059342 -1.8296828 16 0 0 0 0
1.3027132 0.10236226 -1.5801587 16 0 0 0 0
1.0078901 0.1039331 -1.6869627 16 0 0 0 0
1.1601986 0.11874776 -1.0053394 16 0 0 0 0
0.57131261 0.11188303 -1.6669788 16 0 0 0 0
1.449839 0.10586445 -1.4937702 16 0 0 0 0
0.62105185 0.1131345 -1.1836262 16 0 0 0 0
0.57129186 0.093922399 -1.2720571 16 0 0 0 0
0.65212125 0.099200331 -1.3479185 16 0 0 0 0
1.4498454 0.10031253 -1.3951846 16 0 0 0 0
0.70382673 0.093381047 -1.0137042 16 0 0 0 0
0.79430193 0.10596681 -1.2741508 16 0 0 0 0
0.53042138 0.10351718 -0.94124365 16 0 0 0 0
0.743083 0.11352134 -1.3433406 16 0 0 0 0
1.0607514 0.10812632 -1.3306671 16 0 0 0 0
0.51812035 0.099805392 -1.5829244 16 0 0 0 0
1.4718801 0.097153209 -1.5876526 16 0 0 0 0
1.4627031 0.10534935 -1.1262273 16 0 0 0 0
1.1507361 0.10582524 -1.5762874 16 0 0 0 0
1.0159057 0.087318718 -1.7456784 16 0 0 0 0
1.3240235 0.11583031 -1.887658 16 0 0 0 0
0.82446671 0.10862496 -1.2307642 16 0 0 0 0
1.273086 0.10560042 -1.2481629 16 0 0 0 0
1.0255786 0.11363366 -1.5872993 16 0 0 0 0
0.73038059 0.12782112 -1.1759439 16 0 0 0 0
0.49209562 0.086379871 -1.3470207 16 0 0 0 0
0.80094612 0.11901372 -1.3122751 16 0 0 0 0
0.91842622 0.094589464 -1.533498 16 0 0 0 0
0.62134337 0.096664116 -1.1412325 16 0 0 0 0
1.2724965 0.095508724 -1.2001287 16 0 0 0 0
1.2034355 0.091419049 -1.5464021 16 0 0 0 0
0.89031082 0.082271509 -1.7640116 16 0 0 0 0
0.97865468 0.12547569 -1.2413013 16 0 0 0 0
0.76202577 -0.085069574 -1.1250709 17 0 0 0 0
0.59723145 -0.11160644 -1.3949471 17 0 0 0 0
0.56938034 -0.11474638 -1.3592194 17 0 0 0 0
1.1999325 -0.11951981 -1.638067 17 0 0 0 0
1.0514038 -0.12266938 -1.8807092 17 0 0 0 0
0.71476132 -0.11608072 -1.427705 17 0 0 0 0
1.4606363 -0.099599622 -1.1944796 17 0 0 0 0
0.71841818 -0.13855331 -1.5739958 17 0 0 0 0
1.0472419 -0.12333827 -1.8013844 17 0 0 0 0
0.89613104 -0.13656634 -1.4924192 17 0 0 0 0
0.85841835 -0.10602346 -1.2934393 17 0 0 0 0
0.70770884 -0.13353997 -1.7844017 17 0 0 0 0
0.51294136 -0.12766001 -1.4145688 17 0 0 0 0
1.0822132 -0.097961545 -0.92067713 17 0 0 0 0
0.98720485 -0.091916345 -1.1959143 17 0 0 0 0
0.67861092 -0.11880173 -1.3546913 17 0 0 0 0
1.1861137 -0.11816609 -1.6235732 17 0 0 0 0
0.69287932 -0.11374832 -1.4276227 17 0 0 0 0
0.51155955 -0.13954374 -1.8381743 17 0 0 0 0
1.2024442 -0.12465409 -1.501153 17 0 0 0 0
0.94284368 -0.09951999 -1.1138487 17 0 0 0 0
0.98670298 -0.091978662 -1.2629063 17 0 0 0 0
1.3863096 -0.12504876 -1.7123476 17 0 0 0 0
1.4285865 -0.11921284 -1.0763772 17 0 0 0 0
1.4149005 -0.086921349 -0.91217315 17 0 0 0 0
1.0888972 -0.12308995 -1.8096384 17 0 0 0 0
0.64385659 -0.12199041 -1.2515447 17 0 0 0 0
0.67498487 -0.12573496 -1.5511636 17 0 0 0 0
0.91871291 -0.12754531 -1.5045607 17 0 0 0 0
0.6750142 -0.11869343 -1.6374595 17 0 0 0 0
1.4491041 -0.10519463 -1.3777548 17 0 0 0 0
0.68155187 -0.1174597 -1.6002377 17 0 0 0 0
0.99845815 -0.12428769 -1.2726756 17 0 0 0 0
1.4498063 -0.12229775 -1.7822697 17 0 0 0 0
0.79953277 -0.12946139 -1.2341093 17 0 0 0 0
1.0622867 -0.098357119 -1.2516947 17 0 0 0 0
1.2906756 -0.10992713 -0.97813404 17 0 0 0 0
1.4390541 -0.12023003 -1.4014363 17 0 0 0 0
1.0463736 -0.11675007 -1.5188684 17 0 0 0 0
1.1315943 -0.089852042 -1.1518524 17 0 0 0 0
0.9283933 -0.0085294452 -1.733525 18 0 0 0 0
1.2501403 0.017553544 -1.0746298 18 0 0 0 0
0.48761564 0.0067119082 -1.5246083 18 0 0 0 0
1.2780796 0.012062592 -1.5675297 18 0 0 0 0
1.0633798 0.01473426 -1.5435389 18 0 0 0 0
0.97021192 0.02466109 -1.0395534 18 0 0 0 0
1.4307092 0.003890207 -1.1824403 18 0 0 0 0
1.0683507 -0.0016516689 -1.597214 18 0 0 0 0
1.0109352 -0.00037089331 -1.7751801 18 0 0 0 0
1.2831417 0.02163591 -1.1881572 18 0 0 0 0
0.99031907 0.002653569 -1.2518758 18 0 0 0 0
1.4131304 0.031940017 -1.7356365 18 0 0 0 0
0.87958658 0.0058831531 -1.3585063 18 0 0 0 0
0.9394536 0.0039028765 -1.247548 18 0 0 0 0
0.4800311 0.0082417205 -1.4781806 18 0 0 0 0
1.3188609 0.017094914 -1.1739125 18 0 0 0 0
0.57289118 -0.01312147 -1.772256 18 0 0 0 0
1.0884887 0.014060921 -1.255052 18 0 0 0 0
1.1249269 0.020749478 -1.5337298 18 0 0 0 0
0.54526818 -0.020372763 -1.7595681 18 0 0 0 0
1.1476798 0.00059951353 -1.6348122 18 0 0 0 0
1.3696829 0.0036630679 -1.3776577 18 0 0 0 0
0.71088791 -0.010668015 -1.4028165 18 0 0 0 0
0.86472511 -0.014979434 -1.2765867 18 0 0 0 0
1.1564603 -0.0086727822 -1.1415581 18 0 0 0 0
1.4075203 0.011243313 -1.1417344 18 0 0 0 0
1.4142742 -0.0001157538 -0.85933095 18 0 0 0 0
0.66691494 0.010012905 -0.98167771 18 0 0 0 0
0.73372614 -0.0060155429 -1.4010324 18 0 0 0 0
1.1237797 -0.0077905608 -1.336804 18 0 0 0 0
0.61924738 0.001543986 -1.3639251 18 0 0 0 0
0.91117609 0.021788433 -1.5461478 18 0 0 0 0
0.78386617 -0.006730197 -1.8428764 18 0 0 0 0
0.73808265 -0.021873843 -1.7806393 18 0 0 0 0
0.90257031 0.00632384 -1.0296577 18 0 0 0 0
1.4215913 0.020752953 -1.2992748 18 0 0 0 0
1.2457124 0.002081326 -1.2339613 18 0 0 0 0
1.193622 0.00041970448 -1.1738558 18 0 0 0 0
1.345597 0.0075549292 -1.5349984 18 0 0 0 0
1.0170043 -0.013869135 -1.7857841 18 0 0 0 0
0.45896366 -0.020418216 -1.7489794 19 0 0 0 0
1.1680402 -0.021308551 -0.92618555 19 0 0 0 0
1.2540873 -0.023405429 -1.416134 19 0 0 0 0
1.4096299 -0.027393213 -1.2819564 19 0 0 0 0
0.48212904 -0.028822668 -1.7987533 19 0 0 0 0
1.3301054 -0.04184651 -1.0410483 19 0 0 0 0
0.52681309 -0.042490955 -1.6408912 19 0 0 0 0
0.8855958 -0.023584284 -1.0425408 19 0 0 0 0
1.2362022 -0.037758261 -1.5608332 19 0 0 0 0
0.61015701 -0.025453793 -1.6993324 19 0 0 0 0
0.66278476 -0.014749479 -1.2891762 19 0 0 0 0
1.2518626 -0.038911827 -1.6486084 19 0 0 0 0
1.0780411 -0.025398131 -0.98721296 19 0 0 0 0
0.62303752 -0.010090857 -1.3861486 19 0 0 0 0
1.2753668 -0.048287828 -1.7921247 19 0 0 0 0
0.80377358 -0.025663864 -1.0308955 19 0 0 0 0
1.0417842 -0.019839706 -1.0649761 19 0 0 0 0
0.90417838 -0.02480367 -1.0469683 19 0 0 0 0
0.44747066 -0.035805065 -1.235131 19 0 0 0 0
1.2892144 -0.023419581 -1.3189249 19 0 0 0 0
1.1455193 -0.043228827 -1.753751 19 0 0 0 0
0.81635475 -0.029123556 -1.1541108 19 0 0 0 0
1.2082951 -0.027920038 -0.95964789 19 0 0 0 0
1.0649917 -0.023478748 -1.3230269 19 0 0 0 0
1.0437071 -0.054724928 -1.2307379 19 0 0 0 0
1.0681624 -0.014618473 -1.8090868 19 0 0 0 0
0.74588549 -0.029826138 -1.5576252 19 0 0 0 0
0.78827685 -0.02197591 -1.3456775 19 0 0 0 0
1.0093623 -0.043576531 -0.93351525 19 0 0 0 0
1.2035474 -0.037408229 -1.5280951 19 0 0 0 0
0.6241098 -0.01130519 -1.0375711 19 0 0 0 0
0.62478322 -0.023891142 -1.1825557 19 0 0 0 0
0.73733044 -0.030033922 -1.1304598 19 0 0 0 0
0.51190513 -0.014795491 -1.5743461 19 0 0 0 0
1.2748612 -0.047033001 -1.0541003 19 0 0 0 0
0.97565597 -0.038209189 -1.5926484 19 0 0 0 0
0.69197935 -0.025881695 -1.5574394 19 0 0 0 0
0.45307267 -0.02670645 -1.1263839 19 0 0 0 0
1.1451703 -0.034855865 -0.92257375 19 0 0 0 0
1.0475614 -0.015657155 -1.2526457 19 0 0 0 0
1.5300299 0.58242977 0.22768372 0 0 0 0 1
1.535846 0.20802371 0.3217524 0 0 0 0 1
1.5564889 -0.10016944 0.87576455 0 0 0 0 1
1.5694885 -0.15241456 0.64816916 0 0 0 0 1
1.5597795 -0.20916961 0.40555087 0 0 0 0 1
1.5220817 0.10967209 0.081562862 0 0 0 0 1
1.5165637 0.1926133 0.97647995 0 0 0 0 1
1.5327822 0.27871779 0.18071426 0 0 0 0 1
1.5420641 0.2034272 0.84760445 0 0 0 0 1
1.543643 -0.30603817 0.51081377 0 0 0 0 1
1.5404021 0.14708629 0.31402239 0 0 0 0 1
1.512831 0.41727504 0.2602891 0 0 0 0 1
1.542308 0.12609035 1.0035512 0 0 0 0 1
1.5312868 0.61029255 0.55732238 0 0 0 0 1
1.5476723 0.005832932 0.32908747 0 0 0 0 1
1.5333536 0.41971445 0.58824903 0 0 0 0 1
1.5401691 0.094300874 0.99120229 0 0 0 0 1
1.5504295 -0.15565631 0.81383598 0 0 0 0 1
1.5331457 -0.065473832 0.91420126 0 0 0 0 1
1.5419413 0.097458839 0.71072787 0 0 0 0 1
1.5753547 -0.16835259 0.10106257 0 0 0 0 1
1.5513535 -0.1566411 0.30415443 0 0 0 0 1
1.551734 -0.19444412 0.4386799 0 0 0 0 1
1.5391055 0.044819392 0.43042588 0 0 0 0 1
1.53424 0.15412258 0.90538794 0 0 0 0 1
1.5448838 0.11456466 0.44746193 0 0 0 0 1
1.5396867 -0.03779418 1.0397398 0 0 0 0 1
1.54954 0.030718559 0.064493477 0 0 0 0 1
1.5062939 0.56201935 1.0293969 0 0 0 0 1
1.533727 0.48711705 0.97756392 0 0 0 0 1
1.5566655 0.10982203 0.49124193 0 0 0 0 1
1.5451428 0.37818801 0.2175516 0 0 0 0 1
1.5332936 0.13118131 0.71030247 0 0 0 0 1
1.5335071 0.29084799 0.6064409 0 0 0 0 1
1.5602008 0.020827537 0.40404445 0 0 0 0 1
1.5424962 0.33023384 0.52266163 0 0 0 0 1
1.5284853 0.60596216 0.94298863 0 0 0 0 1
1.5290238 0.49156559 0.52160531 0 0 0 0 1
1.5337875 0.31530759 0.33941853 0 0 0 0 1
1.5185951 0.53936428 0.85832626 0 0 0 0 1
1.5488975 -0.0066480679 0.51866591 1 0 0 0 1
1.5396817 -0.26378646 0.55095518 1 0 0 0 1
1.5499513 -0.24494688 0.72023118 1 0 0 0 1
1.5497117 0.033665713 0.43502468 1 0 0 0 1
1.5321302 0.19206682 1.1019692 1 0 0 0 1
1.5512561 -0.14630593 0.26007724 1 0 0 0 1
1.5499971 0.20607805 0.47119245 1 0 0 0 1
1.5292559 -0.14631385 0.88002634 1 0 0 0 1
1.5221475 -0.29333568 1.1388242 1 0 0 0 1
1.5402908 0.10895424 1.1067963 1 0 0 0 1
1.5222872 0.052561976 1.1308749 1 0 0 0 1
1.5528456 0.15654328 0.26401922 1 0 0 0 1
1.5508996 -0.33806387 0.62496388 1 0 0 0 1
1.5650538 -0.15946738 0.67753583 1 0 0 0 1
1.5380149 -0.19696867 0.94505221 1 0 0 0 1
1.5325289 -0.14165258 0.92068601 1 0 0 0 1
1.5251745 0.17061582 0.89686686 1 0 0 0 1
1.5223049 0.37675488 1.0520182 1 0 0 0 1
1.5369387 0.32712257 0.60657108 1 0 0 0 1
1.5393606 -0.16685273 0.30829149 1 0 0 0 1
1.5229837 -0.15108575 0.63210815 1 0 0 0 1
1.5576954 0.25570548 0.27188504 1 0 0 0 1
1.526691 0.19847754 0.92460936 1 0 0 0 1
1.556251 0.27228138 0.57363147 1 0 0 0 1
1.536155 0.32321632 0.69819707 1 0 0 0 1
1.545176 0.26368114 0.52638483 1 0 0 0 1
1.540395 0.053337321 0.61290419 1 0 0 0 1
1.5224968 0.38360664 0.79018116 1 0 0 0 1
1.5334471 0.18964927 0.49143609 1 0 0 0 1
1.534713 0.19447158 0.56117207 1 0 0 0 1
1.5164635 0.28246579 0.88363713 1 0 0 0 1
1.5435348 0.13045669 0.98998356 1 0 0 0 1
1.5448129 0.10103962 0.38879943 1 0 0 0 1
1.5226498 -0.12814346 0.79063517 1 0 0 0 1
1.5551749 -0.09294261 0.43806055 1 0 0 0 1
1.521275 0.26499417 1.142508 1 0 0 0 1
1.5452754 -0.042478219 1.0111799 1 0 0 0 1
1.5444133 0.23994862 0.74964219 1 0 0 0 1
1.5336486 0.47927627 0.65182132 1 0 0 0 1
1.523576 0.041015506 1.082791 1 0 0 0 1
1.5665201 0.1152856 0.25674766 2 0 0 0 1
1.5435321 0.39999294 1.1742427 2 0 0 0 1
1.5448865 0.42192781 0.94434983 2 0 0 0 1
1.5361726 0.44301426 0.96329147 2 0 0 0 1
1.5383912 0.65039331 0.18513212 2 0 0 0 1
1.5417182 0.0011508092 0.19196174 2 0 0 0 1
1.5615776 -0.26633856 0.41303986 2 0 0 0 1
1.5520049 0.33019596 0.21602058 2 0 0 0 1
1.5318441 0.68750894 0.17972489 2 0 0 0 1
1.5404255 -0.17454362 1.0267218 2 0 0 0 1
1.559033 -0.030500185 1.0454451 2 0 0 0 1
1.544168 0.33632216 1.026897 2 0 0 0 1
1.5373693 0.44208261 0.59695864 2 0 0 0 1
1.5402173 0.41491687 0.23256111 2 0 0 0 1
1.544992 0.59850752 0.63697678 2 0 0 0 1
1.5410248 0.22910665 0.86286169 2 0 0 0 1
1.5167516 0.48149827 0.68228304 2 0 0 0 1
1.5429504 -0.050750889 0.97691816 2 0 0 0 1
1.5547422 -0.070905522 0.55563521 2 0 0 0 1
1.5317301 0.6661039 1.1237872 2 0 0 0 1
1.5415475 0.45273587 0.56266886 2 0 0 0 1
1.54351 0.47064272 0.43479171 2 0 0 0 1
1.5520233 -0.14070536 0.84572071 2 0 0 0 1
1.5606731 0.099287234 0.66730493 2 0 0 0 1
1.5613443 0.14854617 0.25841865 2 0 0 0 1
1.5252074 -0.010326336 1.1706514 2 0 0 0 1
1.5457305 0.45796764 0.50244272 2 0 0 0 1
1.5239868 0.49729097 0.78971642 2 0 0 0 1
1.5288014 0.67797852 1.1287607 2 0 0 0 1
1.5360136 0.30232158 0.8914395 2 0 0 0 1
1.5495445 0.09675175 0.21574464 2 0 0 0 1
1.5295085 0.65204722 0.58688182 2 0 0 0 1
1.5816053 0.52252537 0.29875606 2 0 0 0 1
1.5432494 0.2196063 0.49590141 2 0 0 0 1
1.5695779 -0.26429656 0.71768492 2 0 0 0 1
1.5292974 0.2648693 0.92834949 2 0 0 0 1
1.54997 0.23506418 0.99647582 2 0 0 0 1
1.5421063 0.036881026 0.71793687 2 0 0 0 1
1.533921 0.57233495 1.14642 2 0 0 0 1
1.5338074 0.38083601 0.49294516 2 0 0 0 1
1.4912466 0.15171047 0.40282962 3 0 0 0 1
1.4945707 0.56743914 0.93786323 3 0 0 0 1
1.4844851 -0.061062843 1.0100316 3 0 0 0 1
1.4658167 -0.34495014 0.16181447 3 0 0 0 1
1.4520545 0.17961749 0.25473925 3 0 0 0 1
1.460528 -0.32775298 0.18850932 3 0 0 0 1
1.4967002 0.054296255 0.5844515 3 0 0 0 1
1.5039132 0.40106878 0.6838302 3 0 0 0 1
1.4893621 0.57985461 0.78043461 3 0 0 0 1
1.4729202 0.53059572 0.85882694 3 0 0 0 1
1.4894722 -0.09948381 0.8439827 3 0 0 0 1
1.4955412 -0.34718749 0.10005908 3 0 0 0 1
1.4750717 -0.32188481 0.10783298 3 0 0 0 1
1.4844306 0.43961602 0.76427954 3 0 0 0 1
1.4880526 -0.1586557 0.88202393 3 0 0 0 1
1.4979677 -0.18586569 0.74016428 3 0 0 0 1
1.4886771 0.20674948 0.35057768 3 0 0 0 1
1.4765415 -0.15573138 0.42304572 3 0 0 0 1
1.485492 0.31594056 0.54657382 3 0 0 0 1
1.4837552 0.064051732 0.70639896 3 0 0 0 1
1.5115355 0.26645195 1.0050987 3 0 0 0 1
1.4883329 -0.27210534 0.83377826 3 0 0 0 1
1.4884038 -0.088053219 0.22624926 3 0 0 0 1
1.5041138 0.49564746 0.7286762 3 0 0 0 1
1.48594 0.10872333 0.56903702 3 0 0 0 1
1.4940931 -0.3020716 0.29859564 3 0 0 0 1
1.4889581 -0.26937503 0.73352873 3 0 0 0 1
1.4855927 0.026190389 0.88142532 3 0 0 0 1
1.4731625 0.54677331 0.37557384 3 0 0 0 1
1.4769588 -0.11967815 0.76973009 3 0 0 0 1
1.4887949 0.38485575 0.18656582 3 0 0 0 1
1.4781365 0.24705341 0.85747081 3 0 0 0 1
1.466013 0.53585219 0.18702224 3 0 0 0 1
1.4998695 -0.12757728 0.92521656 3 0 0 0 1
1.4882529 0.45307839 0.44014364 3 0 0 0 1
1.5105284 0.34704918 1.0830084 3 0 0 0 1
1.4846455 0.37252632 0.81175089 3 0 0 0 1
1.4792516 -0.1249122 0.49864349 3 0 0 0 1
1.497232 0.14211416 0.6663211 3 0 0 0 1
1.4767245 0.48744994 0.79435134 3 0 0 0 1
1.5598031 -0.32830903 0.27939686 4 0 0 0 1
1.5509317 0.41744345 0.31598148 4 0 0 0 1
1.537158 0.029988155 0.57441378 4 0 0 0 1
1.5219769 -0.19098033 0.79983562 4 0 0 0 1
1.5416331 -0.16855671 0.19314556 4 0 0 0 1
1.5599527 0.29677504 0.9109543 4 0 0 0 1
1.5396109 -0.19379739 0.43467537 4 0 0 0 1
1.5459644 -0.059112508 0.73806322 4 0 0 0 1
1.5486578 0.22408497 0.66148353 4 0 0 0 1
1.5516826 -0.20120919 0.42343172 4 0 0 0 1
1.517208 -0.16291635 -0.06898649 4 0 0 0 1
1.5324664 0.24640824 0.48513299 4 0 0 0 1
1.5395408 0.14418447 -0.052028127 4 0 0 0 1
1.5294666 -0.31244707 0.20412834 4 0 0 0 1
1.5490369 0.15470763 0.3935625 4 0 0 0 1
1.5391949 -0.14376511 0.47699916 4 0 0 0 1
1.5609136 -0.31505448 0.55786699 4 0 0 0 1
1.5669001 0.21538584 0.70773405 4 0 0 0 1
1.5471755 -0.23915029 0.38250446 4 0 0 0 1
1.5457723 -0.14325936 0.10832375 4 0 0 0 1
1.5601183 0.53962511 0.32025328 4 0 0 0 1
1.5550948 0.19102024 0.39790127 4 0 0 0 1
1.5504551 -0.34122834 0.57956761 4 0 0 0 1
1.5469257 -0.41964477 0.31676418 4 0 0 0 1
1.5324007 0.4010691 0.46011835 4 0 0 0 1
1.5540769 0.3585223 0.28496277 4 0 0 0 1
1.5404903 -0.38075221 0.86407846 4 0 0 0 1
1.5296367 -0.38457662 0.056463141 4 0 0 0 1
1.5387157 0.2575587 0.2376788 4 0 0 0 1
1.5468094 0.039033495 0.23425646 4 0 0 0 1
1.5497417 0.22657327 0.14885643 4 0 0 0 1
1.5526724 0.3804118 0.33400351 4 0 0 0 1
1.5218754 -0.4110842 0.30367842 4 0 0 0 1
1.5374068 -0.44047159 0.57738793 4 0 0 0 1
1.5507036 0.3064217 -0.011294659 4 0 0 0 1
1.5428793 0.52463686 0.55716676 4 0 0 0 1
1.5309103 0.53037083 0.75798982 4 0 0 0 1
1.5403031 -0.18941906 0.6142053 4 0 0 0 1
1.5512515 0.016549187 0.45265234 4 0 0 0 1
1.5441792 -0.43432251 0.020805985 4 0 0 0 1
1.6616976 0.34627298 0.45211345 5 0 0 0 1
1.642476 0.12338726 1.1807774 5 0 0 0 1
1.6605194 0.29027259 0.21151902 5 0 0 0 1
1.6638587 0.55790156 1.0302914 5 0 0 0 1
1.6677885 0.46349689 0.65518844 5 0 0 0 1
1.6485125 -0.06224937 0.31314322 5 0 0 0 1
1.6550648 0.43884158 0.60280919 5 0 0 0 1
1.6518452 0.071129248 0.94959402 5 0 0 0 1
1.6445374 -0.28962025 0.38702628 5 0 0 0 1
1.6510582 0.40423185 1.1363003 5 0 0 0 1
1.6514584 0.11478981 0.56760144 5 0 0 0 1
1.6664437 0.54239213 0.3979018 5 0 0 0 1
1.6519206 -0.27585623 0.80931467 5 0 0 0 1
1.6388977 -0.19937882 1.0401233 5 0 0 0 1
1.639578 0.35315418 1.1821796 5 0 0 0 1
1.6348878 -0.25719693 0.31188479 5 0 0 0 1
1.6464585 -0.054203816 1.078197 5 0 0 0 1
1.6498888 -0.23244207 0.88266873 5 0 0 0 1
1.6052468 -0.38210526 0.99511075 5 0 0 0 1
1.6198612 -0.40237719 1.1792035 5 0 0 0 1
1.6496804 -0.20060784 0.22595374 5 0 0 0 1
1.6539295 0.056268316 0.99970376 5 0 0 0 1
1.6524334 0.20131849 0.46635634 5 0 0 0 1
1.6501161 -0.23251772 0.31654608 5 0 0 0 1
1.6470053 0.15752038 0.90103412 5 0 0 0 1
1.640426 0.0069296979 1.1263878 5 0 0 0 1
1.6408291 -0.30181056 0.57450372 5 0 0 0 1
1.6480422 -0.018204741 0.67131901 5 0 0 0 1
1.6732051 0.1819603 0.38661343 5 0 0 0 1
1.6550994 0.28580919 0.41906098 5 0 0 0 1
1.6928301 0.59449118 0.48849049 5 0 0 0 1
1.6409131 0.061829951 0.69598901 5 0 0 0 1
1.651011 -0.14126506 0.37074897 5 0 0 0 1
1.6687762 0.2773312 0.88901603 5 0 0 0 1
1.6139528 -0.39823192 0.96119243 5 0 0 0 1
1.6303992 -0.10431517 1.0770892 5 0 0 0 1
1.6371748 0.28949907 1.1791658 5 0 0 0 1
1.6601856 0.29081461 0.65591478 5 0 0 0 1
1.6401006 0.46455643 1.0644166 5 0 0 0 1
1.6477116 -0.011790631 0.62196881 5 0 0 0 1
1.5511166 0.17449212 1.0296701 6 0 0 0 1
1.5751026 0.1236572 0.1239638 6 0 0 0 1
1.5646671 -0.29413816 0.88902485 6 0 0 0 1
1.5445306 0.34863532 0.77882123 6 0 0 0 1
1.574754 0.62042654 0.26838955 6 0 0 0 1
1.5519315 0.10423558 0.51754075 6 0 0 0 1
1.5733531 -0.052753758 0.12925044 6 0 0 0 1
1.5621837 0.058026839 0.28738371 6 0 0 0 1
1.5774878 0.37122688 0.036889829 6 0 0 0 1
1.5595379 -0.15430479 0.26725191 6 0 0 0 1
1.5662937 -0.034742605 0.39529058 6 0 0 0 1
1.563711 0.05637341 0.084974289 6 0 0 0 1
1.5584363 -0.25035912 0.95867741 6 0 0 0 1
1.5849807 0.20341538 0.91959035 6 0 0 0 1
1.5811933 -0.14308852 0.45948729 6 0 0 0 1
1.5747807 -0.053433601 0.2635842 6 0 0 0 1
1.562764 0.41405007 0.41287458 6 0 0 0 1
1.5493172 0.42064592 0.93240297 6 0 0 0 1
1.5615408 -0.18766943 0.75995582 6 0 0 0 1
1.5628641 -0.18049297 0.1388375 6 0 0 0 1
1.5783992 0.18024537 0.42922392 6 0 0 0 1
1.5522877 0.30503064 0.63489777 6 0 0 0 1
1.5715058 0.51685345 0.27625358 6 0 0 0 1
1.5479275 0.34217596 0.95704311 6 0 0 0 1
1.5669577 -0.17294362 0.26123586 6 0 0 0 1
1.5723462 -0.099531397 0.068753809 6 0 0 0 1
1.571475 -0.021807536 0.34672004 6 0 0 0 1
1.5798496 0.60119659 0.97985727 6 0 0 0 1
1.5529697 -0.040453814 0.4585301 6 0 0 0 1
1.5812019 0.072210431 0.41728756 6 0 0 0 1
1.5494148 0.090680137 0.61188638 6 0 0 0 1
1.565208 0.50837225 0.14505604 6 0 0 0 1
1.5794384 0.12181832 0.1515438 6 0 0 0 1
1.5566684 0.34940583 0.70261759 6 0 0 0 1
1.5670758 0.11664034 0.74438232 6 0 0 0 1
1.5590138 -0.21815489 0.61294669 6 0 0 0 1
1.5647143 0.50969923 0.22726737 6 0 0 0 1
1.573088 0.20392926 0.10197692 6 0 0 0 1
1.5604351 0.25039279 0.72712326 6 0 0 0 1
1.5589679 0.04444116 0.82585216 6 0 0 0 1
1.5117928 0.24423277 0.58912545 7 0 0 0 1
1.5056487 -0.042350937 0.88328177 7 0 0 0 1
1.503808 -0.084886931 0.57094932 7 0 0 0 1
1.523823 0.52872545 0.37874869 7 0 0 0 1
1.4899197 -0.3640005 0.26836675 7 0 0 0 1
1.4842148 -0.27880928 0.7352398 7 0 0 0 1
1.4917035 0.0098903999 0.71982074 7 0 0 0 1
1.5019556 0.30011758 0.49224663 7 0 0 0 1
1.5103651 0.19096793 0.014031678 7 0 0 0 1
1.5109429 0.023671476 0.91098022 7 0 0 0 1
1.5175064 0.24260196 0.86715746 7 0 0 0 1
1.4986446 -0.2040848 0.024159452 7 0 0 0 1
1.5189997 0.4374373 0.97106683 7 0 0 0 1
1.5041821 0.040915303 0.35123521 7 0 0 0 1
1.5145329 0.25246596 0.67904377 7 0 0 0 1
1.5196776 -0.15180053 0.98905468 7 0 0 0 1
1.5001901 0.17386948 0.04036887 7 0 0 0 1
1.5066199 0.24092287 0.23660885 7 0 0 0 1
1.4958489 -0.07479573 0.29968894 7 0 0 0 1
1.5044445 0.36318055 0.22592117 7 0 0 0 1
1.505156 0.21243344 0.82119393 7 0 0 0 1
1.5072091 0.26528022 0.81925595 7 0 0 0 1
1.5162725 0.42311856 0.029229062 7 0 0 0 1
1.5149356 0.19832011 0.36197999 7 0 0 0 1
1.5029029 -0.1303281 0.55058795 7 0 0 0 1
1.481917 -0.17835175 0.23269798 7 0 0 0 1
1.4943708 -0.18795373 0.85788262 7 0 0 0 1
1.5079581 -0.12446234 0.85606599 7 0 0 0 1
1.5057448 0.38227382 0.21938503 7 0 0 0 1
1.5017658 -0.07401447 0.58275193 7 0 0 0 1
1.4906152 -0.12739784 0.46063912 7 0 0 0 1
1.5136428 0.40108326 0.71889895 7 0 0 0 1
1.4945561 -0.36250269 0.1343179 7 0 0 0 1
1.486328 -0.096569009 0.71514571 7 0 0 0 1
1.4769329 -0.37152407 0.039422449 7 0 0 0 1
1.4852176 -0.087673455 0.27318409 7 0 0 0 1
1.496912 0.29413015 0.19734184 7 0 0 0 1
1.5279144 0.50402182 0.66596431 7 0 0 0 1
1.5264088 0.51229864 0.49828315 7 0 0 0 1
1.5156167 0.035978157 0.56769782 7 0 0 0 1
1.5530807 0.4094342 0.07202132 8 0 0 0 1
1.5371764 -0.2975373 0.19821431 8 0 0 0 1
1.5625119 0.57078242 0.43957457 8 0 0 0 1
1.5482405 0.47620517 0.20490965 8 0 0 0 1
1.5589154 0.57187986 0.45112756 8 0 0 0 1
1.5580328 -0.22468731 1.0012642 8 0 0 0 1
1.5665712 0.52768672 0.81859225 8 0 0 0 1
1.5643744 0.26378599 0.93006033 8 0 0 0 1
1.5561122 -0.27455971 0.60177791 8 0 0 0 1
1.5707775 0.26526511 0.66614103 8 0 0 0 1
1.5847303 -0.075643525 1.005555 8 0 0 0 1
1.5509794 -0.22814269 0.19150244 8 0 0 0 1
1.5617278 0.021396993 0.83834624 8 0 0 0 1
1.5559686 0.11649767 0.62851954 8 0 0 0 1
1.5550562 -0.33392701 0.19146858 8 0 0 0 1
1.5505598 -0.34089917 0.18361226 8 0 0 0 1
1.581066 0.45805836 0.6664235 8 0 0 0 1
1.5534574 0.26708448 0.016085988 8 0 0 0 1
1.5656173 0.19746454 0.69142365 8 0 0 0 1
1.5679204 0.29476511 0.95873004 8 0 0 0 1
1.5551344 0.37454778 0.42066151 8 0 0 0 1
1.5424268 0.4811058 0.19998963 8 0 0 0 1
1.5797604 0.29135802 0.83709967 8 0 0 0 1
1.5687112 0.37468755 0.38721648 8 0 0 0 1
1.5388193 -0.031524245 0.35454008 8 0 0 0 1
1.5734426 0.072623916 1.0042475 8 0 0 0 1
1.5916915 -0.051084336 0.96273541 8 0 0 0 1
1.5408088 -0.33997312 0.083913915 8 0 0 0 1
1.536517 0.047174469 0.2640897 8 0 0 0 1
1.5691413 0.11501049 0.49654597 8 0 0 0 1
1.5631615 0.50630349 0.82717454 8 0 0 0 1
1.5671715 -0.0036433951 0.98926139 8 0 0 0 1
1.5673161 0.52290064 0.20415723 8 0 0 0 1
1.559026 0.55367523 0.22032383 8 0 0 0 1
1.5916473 0.58432859 0.69941247 8 0 0 0 1
1.5484504 -0.13904446 0.38040578 8 0 0 0 1
1.5694743 0.42559823 0.70883101 8 0 0 0 1
1.5831494 -0.038508862 0.70643127 8 0 0 0 1
1.5382044 0.40740493 0.019287309 8 0 0 0 1
1.5594858 0.10780764 0.18246149 8 0 0 0 1
1.6027642 -0.32934141 1.0568532 9 0 0 0 1
1.5923276 0.32003438 0.756203 9 0 0 0 1
1.5962393 0.21843392 0.67743003 9 0 0 0 1
1.5871822 0.12758927 0.37039825 9 0 0 0 1
1.6144899 -0.38366327 1.047918 9 0 0 0 1
1.5845979 0.16812673 0.48742199 9 0 0 0 1
1.5971924 -0.11390395 0.98072845 9 0 0 0 1
1.5939265 -0.0089841448 0.80461484 9 0 0 0 1
1.594892 0.059051353 0.59652913 9 0 0 0 1
1.5855929 -0.29601106 0.52036572 9 0 0 0 1
1.5947458 -0.22106607 0.79226542 9 0 0 0 1
1.5721662 -0.17495057 0.22615483 9 0 0 0 1
1.5946288 0.33836886 0.93756849 9 0 0 0 1
1.6065978 -0.35207939 0.30850774 9 0 0 0 1
1.5957711 -0.25244093 1.0950012 9 0 0 0 1
1.5921675 0.37650025 0.32156724 9 0 0 0 1
1.5874304 -0.38113338 0.56897759 9 0 0 0 1
1.596885 0.046030235 0.62797385 9 0 0 0 1
1.6092565 -0.14861114 1.0804616 9 0 0 0 1
1.5872493 0.22202297 0.51126242 9 0 0 0 1
1.5903416 0.43202725 0.62586367 9 0 0 0 1
1.5936282 -0.22950819 0.2465353 9 0 0 0 1
1.5914507 -0.33171293 0.83020443 9 0 0 0 1
1.5694357 0.5320828 0.34660029 9 0 0 0 1
1.6025364 -0.03105874 0.63205248 9 0 0 0 1
1.6059357 -0.31054929 0.76134688 9 0 0 0 1
1.602716 0.19721425 0.97482467 9 0 0 0 1
1.5835854 0.20909591 0.63800025 9 0 0 0 1
1.5754008 0.26814902 0.21499714 9 0 0 0 1
1.6061472 0.35325503 0.54402304 9 0 0 0 1
1.5981715 0.54595733 1.0776131 9 0 0 0 1
1.594429 -0.36195052 0.24126375 9 0 0 0 1
1.6057279 -0.15446101 0.25042897 9 0 0 0 1
1.5915548 0.02434016 0.42689323 9 0 0 0 1
1.6047404 -0.10852873 0.99891067 9 0 0 0 1
1.6036408 -0.18774745 0.85641056 9 0 0 0 1
1.5811957 -0.40248641 0.26027519 9 0 0 0 1
1.573714 0.50369406 0.27771667 9 0 0 0 1
1.591459 -0.085909352 0.94429356 9 0 0 0 1
1.605971 -0.41127414 1.1228105 9 0 0 0 1
1.4497801 -0.34290689 0.80934662 10 0 0 0 1
1.4617547 0.52981126 0.53395575 10 0 0 0 1
1.4615307 0.468413 0.22971074 10 0 0 0 1
1.4550421 0.2074355 0.6452781 10 0 0 0 1
1.4620091 0.5528428 1.0783404 10 0 0 0 1
1.4579198 0.0038774025 0.88260955 10 0 0 0 1
1.4833339 0.51146352 0.73643875 10 0 0 0 1
1.4704525 0.56188947 0.15222386 10 0 0 0 1
1.462276 -0.10168935 0.45737296 10 0 0 0 1
1.4355884 -0.066508569 1.0223949 10 0 0 0 1
1.466969 0.42468637 0.90575135 10 0 0 0 1
1.4638664 0.017983634 0.48421618 10 0 0 0 1
1.4848429 0.41195828 1.0103276 10 0 0 0 1
1.4597989 0.36011234 1.0658423 10 0 0 0 1
1.4619451 -0.24080202 0.15418625 10 0 0 0 1
1.4710969 0.090562657 0.56224674 10 0 0 0 1
1.4752566 0.19679664 0.53987223 10 0 0 0 1
1.4424952 -0.087442905 0.87256181 10 0 0 0 1
1.4618744 0.44242105 0.47395867 10 0 0 0 1
1.4723481 -0.10357286 0.85921466 10 0 0 0 1
1.4655282 0.34552294 0.70557946 10 0 0 0 1
1.4253738 -0.29679996 0.51122659 10 0 0 0 1
1.4395872 0.17478718 0.85773629 10 0 0 0 1
1.4358736 -0.34036431 0.55019891 10 0 0 0 1
1.4637282 -0.23446117 0.39336592 10 0 0 0 1
1.4572266 -0.14017205 0.51011187 10 0 0 0 1
1.4619327 0.34544501 0.96352762 10 0 0 0 1
1.4345934 -0.37398815 1.0265101 10 0 0 0 1
1.4714221 0.2460555 0.20126924 10 0 0 0 1
1.4718187 0.5087868 0.89836234 10 0 0 0 1
1.4477555 -0.36683449 1.0166039 10 0 0 0 1
1.4427143 -0.18662331 0.83790946 10 0 0 0 1
1.465029 0.54267097 0.76990932 10 0 0 0 1
1.4613404 0.32932273 0.98248869 10 0 0 0 1
1.4586651 -0.19721322 1.1108273 10 0 0 0 1
1.4724648 0.54268628 0.93810087 10 0 0 0 1
1.4471291 -0.16973874 1.0293459 10 0 0 0 1
1.44854 -0.18808734 0.91257977 10 0 0 0 1
1.4581425 0.21596827 1.047995 10 0 0 0 1
1.4579114 0.48084 0.73590899 10 0 0 0 1
1.5150592 0.28556892 0.23223992 11 0 0 0 1
1.4820621 0.31901965 0.99555844 11 0 0 0 1
1.4666158 -0.071633168 0.8281219 11 0 0 0 1
1.489598 0.54987216 0.71046531 11 0 0 0 1
1.4776838 -0.14606033 0.92202961 11 0 0 0 1
1.4822181 0.51216602 0.64471936 11 0 0 0 1
1.5019681 0.46622443 0.4743661 11 0 0 0 1
1.4967998 0.045859467 0.48220402 11 0 0 0 1
1.4952288 0.58779168 0.39931011 11 0 0 0 1
1.5026605 0.19334888 0.66045028 11 0 0 0 1
1.4760697 0.30897278 0.98972076 11 0 0 0 1
1.5147709 0.36892623 0.39710316 11 0 0 0 1
1.5031495 0.58992183 0.23176578 11 0 0 0 1
1.5058424 0.55502689 0.55514568 11 0 0 0 1
1.4862982 0.26920363 0.51100695 11 0 0 0 1
1.4779347 -0.28300175 0.69092238 11 0 0 0 1
1.5165807 0.14599343 0.2465236 11 0 0 0 1
1.4575721 0.038733855 1.1424459 11 0 0 0 1
1.5270771 0.58662724 0.25741976 11 0 0 0 1
1.4717851 -0.11219868 1.0203286 11 0 0 0 1
1.4596784 0.011617379 1.1815445 11 0 0 0 1
1.5037091 -0.034164675 0.23160781 11 0 0 0 1
1.4778776 0.54809391 1.0655004 11 0 0 0 1
1.5041996 0.23985867 0.75559366 11 0 0 0 1
1.488461 -0.11156217 0.6609385 11 0 0 0 1
1.4881302 0.1294824 0.78930646 11 0 0 0 1
1.4720585 -0.0050223111 0.73783815 11 0 0 0 1
1.4700181 -0.12715849 0.72108793 11 0 0 0 1
1.4636729 -0.32102591 1.1304587 11 0 0 0 1
1.4937118 0.21374854 0.82076526 11 0 0 0 1
1.4793457 -0.13941842 0.82034689 11 0 0 0 1
1.4975245 0.63841599 0.52003425 11 0 0 0 1
1.4792924 0.036149569 0.58937335 11 0 0 0 1
1.4873406 0.52248937 0.60539776 11 0 0 0 1
1.506022 0.48324761 0.64618498 11 0 0 0 1
1.4766029 -0.31182131 0.78995204 11 0 0 0 1
1.4904697 0.1474206 0.4694024 11 0 0 0 1
1.4975836 0.59517407 0.5106144 11 0 0 0 1
1.455762 0.1858146 1.1372026 11 0 0 0 1
1.4766293 -0.33118427 0.50986814 11 0 0 0 1
1.4747789 0.36448222 0.39032626 12 0 0 0 1
1.4505982 -0.061851237 0.64202321 12 0 0 0 1
1.4681485 -0.16979103 0.52072626 12 0 0 0 1
1.4634918 -0.23486389 0.68719947 12 0 0 0 1
1.4779878 0.51564693 0.31398749 12 0 0 0 1
1.46621 0.2568998 0.22810152 12 0 0 0 1
1.4327592 -0.15370898 0.12725736 12 0 0 0 1
1.4637901 0.12338189 0.23181796 12 0 0 0 1
1.5052626 0.52810049 0.39981565 12 0 0 0 1
1.4758211 0.06461218 0.53260106 12 0 0 0 1
1.499372 0.27033597 0.78878433 12 0 0 0 1
1.4680203 0.365585 0.093046717 12 0 0 0 1
1.4904863 0.13827859 0.77389824 12 0 0 0 1
1.469134 0.038731068 0.29938391 12 0 0 0 1
1.4722046 0.56077892 0.024164118 12 0 0 0 1
1.454771 0.39084774 0.15174401 12 0 0 0 1
1.4764335 -0.017766677 0.50411206 12 0 0 0 1
1.4794446 0.025345895 0.90759784 12 0 0 0 1
1.4401743 0.14971675 0.097887069 12 0 0 0 1
1.4449729 -0.071836948 0.30104977 12 0 0 0 1
1.469314 -0.086090699 0.7631157 12 0 0 0 1
1.4504687 -0.078558207 0.41206351 12 0 0 0 1
1.4591745 -0.27117532 0.43374032 12 0 0 0 1
1.476202 -0.26012313 0.55596566 12 0 0 0 1
1.4816141 -0.15209198 0.79616171 12 0 0 0 1
1.4581983 -0.36764982 0.26782259 12 0 0 0 1
1.4740393 -0.05104661 0.87530929 12 0 0 0 1
1.4973199 0.58352232 0.76476789 12 0 0 0 1
1.4654609 0.37756416 0.1753587 12 0 0 0 1
1.458899 -0.34445286 0.15208815 12 0 0 0 1
1.4928712 0.3917582 0.82722139 12 0 0 0 1
1.5090804 0.51754481 0.93998563 12 0 0 0 1
1.4754887 -0.20488702 0.35479695 12 0 0 0 1
1.4685608 0.34244543 0.038843066 12 0 0 0 1
1.469471 0.091473207 0.30531594 12 0 0 0 1
1.4381056 -0.35992557 0.31802878 12 0 0 0 1
1.4529445 -0.2049654 0.090629838 12 0 0 0 1
1.4327707 -0.23014353 0.043367762 12 0 0 0 1
1.4809841 0.37967628 0.47308549 12 0 0 0 1
1.4772223 0.062184382 0.65052658 12 0 0 0 1
1.6530702 -0.20687515 0.87295377 13 0 0 0 1
1.6111485 0.14898708 0.41192406 13 0 0 0 1
1.5997111 0.38285309 0.33923638 13 0 0 0 1
1.630316 -0.19038051 0.33578998 13 0 0 0 1
1.6271441 0.18603218 0.44245371 13 0 0 0 1
1.6258852 -0.3304781 0.27226117 13 0 0 0 1
1.6064081 0.35738528 0.30995551 13 0 0 0 1
1.5904611 0.27867958 0.091273122 13 0 0 0 1
1.653265 -0.23074022 0.81725121 13 0 0 0 1
1.5832962 0.24360347 0.17421438 13 0 0 0 1
1.6019058 -0.13174669 0.40733045 13 0 0 0 1
1.5796646 0.59663463 0.092386387 13 0 0 0 1
1.5858595 0.52393514 0.33597007 13 0 0 0 1
1.6703519 -0.016433587 0.94021147 13 0 0 0 1
1.5743461 0.40772998 0.14661691 13 0 0 0 1
1.615737 0.38607445 0.81742519 13 0 0 0 1
1.6338373 -0.32034081 0.74874073 13 0 0 0 1
1.6135629 0.36550909 0.74946105 13 0 0 0 1
1.5857625 0.289588 0.095634319 13 0 0 0 1
1.5821122 0.17908652 0.13142143 13 0 0 0 1
1.621012 0.16804732 0.59003133 13 0 0 0 1
1.6321485 0.15422216 0.8220644 13 0 0 0 1
1.635712 -0.23876202 0.8799271 13 0 0 0 1
1.625706 -0.34978634 0.48196292 13 0 0 0 1
1.5992453 0.17884456 0.25092024 13 0 0 0 1
1.6077555 0.37808442 0.43853039 13 0 0 0 1
1.6475613 -0.071076073 0.95155698 13 0 0 0 1
1.6212422 0.019931667 0.3677786 13 0 0 0 1
1.6371238 -0.19842154 0.65794343 13 0 0 0 1
1.6408459 0.039707847 0.79707861 13 0 0 0 1
1.6348186 0.36702979 0.79273492 13 0 0 0 1
1.6511934 -0.35334393 0.6396023 13 0 0 0 1
1.6260055 0.13938746 0.63994998 13 0 0 0 1
1.6294423 0.041691799 0.65419972 13 0 0 0 1
1.6030029 -0.21124679 -0.012234857 13 0 0 0 1
1.5983934 0.19747649 0.066425487 13 0 0 0 1
1.5912336 -0.0016639723 0.078220651 13 0 0 0 1
1.5816967 0.4165681 0.20307131 13 0 0 0 1
1.5957292 0.24910985 0.42740986 13 0 0 0 1
1.601108 0.50476682 0.63183463 13 0 0 0 1
1.5347433 -0.19792646 0.6777578 14 0 0 0 1
1.524678 0.42087412 0.1554849 14 0 0 0 1
1.5492336 0.0079193534 0.62627935 14 0 0 0 1
1.5317039 0.26575476 0.69245464 14 0 0 0 1
1.5356095 -0.29754657 0.48618963 14 0 0 0 1
1.5233939 0.27705538 0.037549701 14 0 0 0 1
1.5356395 -0.14322908 0.25639272 14 0 0 0 1
1.5320709 0.51095712 0.94871551 14 0 0 0 1
1.5477908 -0.24175121 0.33228475 14 0 0 0 1
1.5313605 -0.035544109 0.15793812 14 0 0 0 1
1.5495392 -0.052892555 0.3921203 14 0 0 0 1
1.5223869 -0.1090664 0.43800712 14 0 0 0 1
1.552218 0.37862846 0.70643568 14 0 0 0 1
1.5305119 -0.12422569 0.83129251 14 0 0 0 1
1.5182505 -0.23489034 0.4113501 14 0 0 0 1
1.5268637 0.2433835 0.35698584 14 0 0 0 1
1.532831 -0.18881099 0.47872674 14 0 0 0 1
1.5418591 0.54530847 0.46734351 14 0 0 0 1
1.5298773 0.40650958 0.137133 14 0 0 0 1
1.5389146 -0.11136749 0.055723771 14 0 0 0 1
1.521516 0.39000261 0.32705086 14 0 0 0 1
1.5276059 0.035067733 0.43671423 14 0 0 0 1
1.5487287 0.03117685 0.39547572 14 0 0 0 1
1.53005 -0.025646338 0.95292836 14 0 0 0 1
1.5410167 0.62483287 0.73999429 14 0 0 0 1
1.5355312 0.59599572 0.34010842 14 0 0 0 1
1.5310981 0.074828632 0.78444612 14 0 0 0 1
1.5361249 0.35992047 0.84635067 14 0 0 0 1
1.5466114 -0.2858842 0.11096601 14 0 0 0 1
1.532271 0.088177368 0.48826131 14 0 0 0 1
1.5440967 0.15039997 0.89837289 14 0 0 0 1
1.5247062 0.38347077 0.48076788 14 0 0 0 1
1.541899 0.40475547 0.22308904 14 0 0 0 1
1.5393671 -0.074477874 0.70454532 14 0 0 0 1
1.5390408 0.034272093 0.11821029 14 0 0 0 1
1.5355788 0.65668923 0.13633405 14 0 0 0 1
1.528712 -0.12904589 0.17763029 14 0 0 0 1
1.5395777 0.080261521 0.66874617 14 0 0 0 1
1.5389169 0.026481299 0.46364486 14 0 0 0 1
1.5444977 0.53993326 0.24579422 14 0 0 0 1
1.4391897 0.2719973 0.60632807 15 0 0 0 1
1.4477724 0.1830928 0.43264094 15 0 0 0 1
1.4113975 -0.32701117 0.99155146 15 0 0 0 1
1.4390049 0.27408487 0.87204605 15 0 0 0 1
1.414469 0.49847627 0.11319423 15 0 0 0 1
1.411061 0.2191553 0.64503139 15 0 0 0 1
1.4144028 0.085915372 0.45830229 15 0 0 0 1
1.4514538 0.03546704 0.16347849 15 0 0 0 1
1.421162 0.6264115 0.24619956 15 0 0 0 1
1.4325826 0.52191508 0.72164035 15 0 0 0 1
1.4136462 0.48290431 0.71876383 15 0 0 0 1
1.4379501 -0.32648736 0.92232037 15 0 0 0 1
1.4155418 0.44271407 0.48685393 15 0 0 0 1
1.445012 0.092458971 0.50517064 15 0 0 0 1
1.4170345 0.57613474 0.30105531 15 0 0 0 1
1.4100277 0.34561348 0.51380789 15 0 0 0 1
1.4339095 0.35433781 0.051341295 15 0 0 0 1
1.4210947 0.26418212 0.74979132 15 0 0 0 1
1.4332212 0.60430241 0.45979249 15 0 0 0 1
1.4282273 -0.23600426 0.16750205 15 0 0 0 1
1.4431434 -0.24654004 0.51318812 15 0 0 0 1
1.4350766 0.16422932 0.55675179 15 0 0 0 1
1.4166276 0.27384698 0.6760847 15 0 0 0 1
1.4321996 0.36504653 0.73780382 15 0 0 0 1
1.4324999 -0.017132279 0.5040316 15 0 0 0 1
1.4284309 0.10543074 0.17998868 15 0 0 0 1
1.4648304 -0.35012603 0.56809199 15 0 0 0 1
1.4378211 -0.027729435 0.53080517 15 0 0 0 1
1.4534075 -0.3281433 0.16354649 15 0 0 0 1
1.4465214 -0.040100642 0.94848812 15 0 0 0 1
1.4406221 -0.098648623 0.11314017 15 0 0 0 1
1.4403893 0.50809485 0.9388876 15 0 0 0 1
1.4178931 0.5282315 0.60194021 15 0 0 0 1
1.4114009 0.34333059 0.7053293 15 0 0 0 1
1.4266729 0.015251711 0.21788874 15 0 0 0 1
1.4465296 0.03858082 0.63890332 15 0 0 0 1
1.4308462 0.3474305 0.21130084 15 0 0 0 1
1.437386 -0.20790924 0.16229741 15 0 0 0 1
1.4395465 0.31349638 0.51825148 15 0 0 0 1
1.4444034 -0.17964384 0.34288564 15 0 0 0 1
1.579511 0.48868555 0.97045511 16 0 0 0 1
1.5731698 0.48412091 0.96358359 16 0 0 0 1
1.5772191 0.0059416778 0.59403509 16 0 0 0 1
1.5602645 0.32481313 0.34830025 16 0 0 0 1
1.5875361 0.61652291 0.79496753 16 0 0 0 1
1.5716633 0.074886143 0.65144849 16 0 0 0 1
1.5573606 0.30524385 0.91121912 16 0 0 0 1
1.5831044 -0.18287022 0.98164213 16 0 0 0 1
1.5586138 0.070864253 0.70905226 16 0 0 0 1
1.5646815 0.069372535 0.52977115 16 0 0 0 1
1.5710007 0.67285746 0.32633698 16 0 0 0 1
1.5597627 0.53808987 0.46114978 16 0 0 0 1
1.585466 0.72621268 0.89738107 16 0 0 0 1
1.5765958 -0.079670087 0.77584672 16 0 0 0 1
1.5806569 -0.20743628 1.0278194 16 0 0 0 1
1.5790801 0.47680604 0.84509891 16 0 0 0 1
1.5633039 0.28944215 0.93975842 16 0 0 0 1
1.5462098 0.46894038 0.53578228 16 0 0 0 1
1.559164 0.38039529 0.053874053 16 0 0 0 1
1.5528303 0.13168034 0.43934116 16 0 0 0 1
1.5752273 0.538966 0.57608926 16 0 0 0 1
1.5579593 0.61363149 0.99643064 16 0 0 0 1
1.5826622 0.64287204 0.43907633 16 0 0 0 1
1.5588431 -0.20200475 0.71175992 16 0 0 0 1
1.5592035 0.25496006 0.26985931 16 0 0 0 1
1.583465 -0.088304542 0.07129284 16 0 0 0 1
1.5718682 0.40497419 0.43209794 16 0 0 0 1
1.5802304 0.77252829 0.73314673 16 0 0 0 1
1.5652794 0.26542944 0.50483388 16 0 0 0 1
1.5467155 -0.15058319 0.084687792 16 0 0 0 1
1.5625046 0.12343297 0.47085676 16 0 0 0 1
1.5585616 0.2469548 0.63521445 16 0 0 0 1
1.5540864 -0.22329649 0.34351608 16 0 0 0 1
1.5726848 0.18704112 0.5079999 16 0 0 0 1
1.5749292 0.42626509 0.57594907 16 0 0 0 1
1.5540819 0.39880157 0.40568361 16 0 0 0 1
1.5701797 0.68096054 0.26253849 16 0 0 0 1
1.5807325 0.54453212 0.6906597 16 0 0 0 1
1.579217 0.43249306 0.25448006 16 0 0 0 1
1.5624352 0.69938546 0.34459338 16 0 0 0 1
1.5574301 -0.39793947 0.39046943 17 0 0 0 1
1.5378312 0.54688489 0.42037544 17 0 0 0 1
1.5404868 -0.30721834 1.0511463 17 0 0 0 1
1.5477173 -0.048641782 0.96679538 17 0 0 0 1
1.5305451 0.4166289 0.44987303 17 0 0 0 1
1.5402414 -0.21059826 0.26113632 17 0 0 0 1
1.5364054 -0.034285266 0.88374478 17 0 0 0 1
1.5496758 -0.12564856 0.77837312 17 0 0 0 1
1.5373231 -0.32791173 1.0226513 17 0 0 0 1
1.5511675 -0.31466195 0.62299901 17 0 0 0 1
1.5336213 0.2591033 0.26137552 17 0 0 0 1
1.5289185 -0.37636924 0.2001324 17 0 0 0 1
1.5179571 0.33039516 0.16467217 17 0 0 0 1
1.5329899 0.55112225 0.54076362 17 0 0 0 1
1.5364127 0.5709182 0.73565859 17 0 0 0 1
1.5229198 -0.23981926 0.74682784 17 0 0 0 1
1.5354052 -0.2144067 1.007499 17 0 0 0 1
1.5474043 -0.40063715 0.29233247 17 0 0 0 1
1.5279645 0.35223919 0.40430564 17 0 0 0 1
1.5268819 -0.10199848 0.30644599 17 0 0 0 1
1.5289688 -0.32704431 0.83293742 17 0 0 0 1
1.5363617 -0.073784858 0.1979333 17 0 0 0 1
1.5408654 -0.1416948 0.87823647 17 0 0 0 1
1.5149699 0.19009292 0.36891046 17 0 0 0 1
1.5421408 -0.1052404 0.97965944 17 0 0 0 1
1.5314412 -0.25769511 0.66328686 17 0 0 0 1
1.5302694 0.01555952 0.27194762 17 0 0 0 1
1.5547931 -0.21948957 0.61597222 17 0 0 0 1
1.537686 0.099910833 0.79843801 17 0 0 0 1
1.5248363 -0.37702581 0.37429973 17 0 0 0 1
1.5344254 0.50618899 0.55795324 17 0 0 0 1
1.522805 0.34706858 0.099551506 17 0 0 0 1
1.548651 -0.31240818 0.98363888 17 0 0 0 1
1.528417 0.46176207 0.32415003 17 0 0 0 1
1.5487697 0.26878178 0.32295537 17 0 0 0 1
1.5340167 0.53231555 0.86919534 17 0 0 0 1
1.5478748 -0.37607712 0.43787572 17 0 0 0 1
1.5385841 -0.34329456 0.5184713 17 0 0 0 1
1.5222571 -0.074871935 0.95873278 17 0 0 0 1
1.5425944 0.10611656 0.084898524 17 0 0 0 1
1.4512069 -0.10445535 1.1130799 18 0 0 0 1
1.4631059 0.27861255 0.24237148 18 0 0 0 1
1.4613237 0.11059942 0.13382833 18 0 0 0 1
1.4746007 -0.012426241 0.31471151 18 0 0 0 1
1.4553609 -0.20636059 0.66296744 18 0 0 0 1
1.4418908 0.56475365 0.75328803 18 0 0 0 1
1.4545372 0.23321255 0.17025784 18 0 0 0 1
1.4344025 -0.17801619 0.65911943 18 0 0 0 1
1.4698014 0.036146771 0.18549573 18 0 0 0 1
1.4673134 -0.28257287 0.39799225 18 0 0 0 1
1.4356745 0.3948938 0.81821662 18 0 0 0 1
1.4661893 0.51749676 0.44747218 18 0 0 0 1
1.4564415 0.077062465 1.1011969 18 0 0 0 1
1.4213431 0.41774425 1.0233113 18 0 0 0 1
1.4527282 0.36051688 0.61598635 18 0 0 0 1
1.4465727 0.20808904 0.71500731 18 0 0 0 1
1.4580501 0.32429874 0.14087074 18 0 0 0 1
1.4668474 -0.22313298 1.0909424 18 0 0 0 1
1.4532893 -0.32079977 0.55417538 18 0 0 0 1
1.4342194 -0.085369341 1.0968114 18 0 0 0 1
1.4566523 0.012493062 1.1052172 18 0 0 0 1
1.4449397 0.27721754 0.84757781 18 0 0 0 1
1.4584131 0.44879529 0.76061434 18 0 0 0 1
1.4438928 -0.23665617 0.99851489 18 0 0 0 1
1.4594836 0.43627053 0.70780832 18 0 0 0 1
1.4738721 0.58318114 0.43710777 18 0 0 0 1
1.4297193 0.25988159 1.0812901 18 0 0 0 1
1.45351 0.57847124 0.57501012 18 0 0 0 1
1.4733274 -0.045008831 0.12910084 18 0 0 0 1
1.450307 0.1952882 0.80704999 18 0 0 0 1
1.4539779 0.45704457 0.70913738 18 0 0 0 1
1.4369309 0.34036091 0.68144107 18 0 0 0 1
1.4563832 -0.30357301 0.755916 18 0 0 0 1
1.4494348 0.1203049 0.62466586 18 0 0 0 1
1.4592993 0.45140788 0.16130058 18 0 0 0 1
1.468533 0.16111459 0.44190249 18 0 0 0 1
1.4583172 -0.15779498 0.24767119 18 0 0 0 1
1.44047 0.3568083 0.81493443 18 0 0 0 1
1.4732982 0.20285134 0.16502337 18 0 0 0 1
1.459569 0.3022491 0.92981702 18 0 0 0 1
1.4447275 0.21570826 0.11987786 19 0 0 0 1
1.4300525 0.42563972 0.6671738 19 0 0 0 1
1.4648939 0.31495118 0.10318964 19 0 0 0 1
1.4448583 0.48796883 0.44314098 19 0 0 0 1
1.4628116 0.42317232 0.83579808 19 0 0 0 1
1.4664242 0.59716719 0.24164443 19 0 0 0 1
1.4603081 0.13955399 0.88336611 19 0 0 0 1
1.4272979 -0.373519 0.99436843 19 0 0 0 1
1.4506321 0.44719306 0.4270626 19 0 0 0 1
1.4452667 -0.18665639 0.74035448 19 0 0 0 1
1.4485713 0.47748476 0.39958015 19 0 0 0 1
1.4410557 0.23323597 0.77521759 19 0 0 0 1
1.449582 0.28408712 0.16180253 19 0 0 0 1
1.4540524 0.30921882 0.54582649 19 0 0 0 1
1.4388071 0.53942418 0.83425158 19 0 0 0 1
1.4595503 -0.29401127 0.10141114 19 0 0 0 1
1.4378107 -0.35569564 0.23840944 19 0 0 0 1
1.461743 0.47805682 0.62968642 19 0 0 0 1
1.4370512 0.45494795 0.48715952 19 0 0 0 1
1.4604523 -0.21202064 0.4376348 19 0 0 0 1
1.442806 0.41845444 0.89683247 19 0 0 0 1
1.4490099 -0.3535566 0.25217259 19 0 0 0 1
1.4560348 0.084688857 1.045228 19 0 0 0 1
1.4410044 0.51582104 0.51963985 19 0 0 0 1
1.4400965 0.34441566 0.92839634 19 0 0 0 1
1.4465512 -0.22251295 0.52602875 19 0 0 0 1
1.4404396 -0.25352263 0.48011819 19 0 0 0 1
1.4561799 0.46403188 0.61181182 19 0 0 0 1
1.4532166 -0.0068208617 0.51884311 19 0 0 0 1
1.4475945 0.56174791 0.13472776 19 0 0 0 1
1.4561274 0.50438231 0.61313713 19 0 0 0 1
1.4406166 -0.055609073 0.58359402 19 0 0 0 1
1.4148288 0.34999913 0.64027268 19 0 0 0 1
1.4464018 -0.1386656 0.90867335 19 0 0 0 1
1.4380387 0.37709859 0.65312374 19 0 0 0 1
1.4441409 -0.057910707 0.78578812 19 0 0 0 1
1.4660696 0.51624453 0.355032 19 0 0 0 1
1.4688396 -0.035406899 0.37424138 19 0 0 0 1
1.4295264 -0.25634646 0.30693483 19 0 0 0 1
1.4607791 -0.12211713 0.52150708 19 0 0 0 1
-1.1612692 0.52320957 0.68340605 0 0 0 0 2
-1.2612563 0.77906251 0.68335366 0 0 0 0 2
-1.0931567 -0.090274908 0.67414176 0 0 0 0 2
-1.4504462 0.80773544 0.68877095 0 0 0 0 2
-1.2384328 -0.13743512 0.6781292 0 0 0 0 2
-1.1817974 -0.13032302 0.67693228 0 0 0 0 2
-1.6366731 -0.089255698 0.66840237 0 0 0 0 2
-1.7886317 0.25928956 0.66367048 0 0 0 0 2
-1.522321 0.60515821 0.69245827 0 0 0 0 2
-1.3209 0.018202575 0.66741771 0 0 0 0 2
-1.1939088 -0.083889849 0.68649763 0 0 0 0 2
-1.9963928 0.43497685 0.669523 0 0 0 0 2
-1.2403934 0.80750167 0.68512684 0 0 0 0 2
-1.2759956 0.2646974 0.6783815 0 0 0 0 2
-1.7061982 0.71757156 0.6689958 0 0 0 0 2
-1.6129386 0.07018397 0.676983 0 0 0 0 2
-1.464179 0.35281572 0.67477369 0 0 0 0 2
-1.2827493 -0.16641755 0.67484957 0 0 0 0 2
-1.2834243 0.47270155 0.65115726 0 0 0 0 2
-1.2784737 0.064260468 0.6734609 0 0 0 0 2
-1.02301 0.12635951 0.68634313 0 0 0 0 2
-1.7130965 -0.094047099 0.66802341 0 0 0 0 2
-1.3441747 0.34963888 0.65817398 0 0 0 0 2
-1.414585 0.065826379 0.67076588 0 0 0 0 2
-1.3909006 0.3734943 0.68517739 0 0 0 0 2
-1.5824882 0.27925849 0.68744576 0 0 0 0 2
-1.6029094 0.63520551 0.67520177 0 0 0 0 2
-1.2753884 0.52546453 0.68585342 0 0 0 0 2
-1.7526169 0.13573527 0.66653895 0 0 0 0 2
-1.4252301 0.2251374 0.65926266 0 0 0 0 2
-1.5974363 -0.051505517 0.68667108 0 0 0 0 2
-1.031689 0.48095599 0.67125338 0 0 0 0 2
-1.3457052 0.5888837 0.67075664 0 0 0 0 2
-1.7062863 0.32931849 0.66871971 0 0 0 0 2
-1.8270767 0.0090502743 0.65349323 0 0 0 0 2
-1.5403361 0.48384494 0.66167182 0 0 0 0 2
-1.289268 0.48935768 0.66689628 0 0 0 0 2
-1.654483 0.78391278 0.68414837 0 0 0 0 2
-1.8277774 0.18792641 0.67125273 0 0 0 0 2
-1.3852562 0.43708053 0.66991627 0 0 0 0 2
-1.9174601 0.78719991 0.80390871 1 0 0 0 2
-1.4804978 0.31362334 0.82694083 1 0 0 0 2
-1.0699977 0.053397771 0.81078517 1 0 0 0 2
-1.9239185 0.0063350508 0.81273603 1 0 0 0 2
-1.3477769 -0.12128721 0.82277417 1 0 0 0 2
-1.2541326 -0.07884901 0.81788707 1 0 0 0 2
-1.4263018 0.84922487 0.81513172 1 0 0 0 2
-1.4982725 0.098455697 0.79639882 1 0 0 0 2
-1.4223233 -0.016502218 0.82956189 1 0 0 0 2
-1.3347685 0.037766412 0.83528632 1 0 0 0 2
-1.6574907 0.27612326 0.80200613 1 0 0 0 2
-1.5963889 0.42013773 0.81370956 1 0 0 0 2
-1.7035209 0.7212308 0.82919419 1 0 0 0 2
-1.0058595 0.19899407 0.82456815 1 0 0 0 2
-1.2298896 0.8158344 0.83651894 1 0 0 0 2
-1.2613599 0.46268603 0.83173496 1 0 0 0 2
-1.3969418 0.51465565 0.82899642 1 0 0 0 2
-1.6673871 0.20877923 0.82602435 1 0 0 0 2
-1.0379745 0.067365728 0.82084692 1 0 0 0 2
-1.3651483 0.43423367 0.81303334 1 0 0 0 2
-1.2921312 0.12649861 0.81173509 1 0 0 0 2
-1.8463807 -0.017092552 0.80844986 1 0 0 0 2
-1.5000796 0.38475811 0.83869678 1 0 0 0 2
-1.3853844 0.76341081 0.79794586 1 0 0 0 2
-1.5850432 0.54116398 0.82578689 1 0 0 0 2
-1.6418991 0.28197071 0.80183053 1 0 0 0 2
-1.2456679 0.50110745 0.84090936 1 0 0 0 2
-1.2039471 0.73638588 0.8164835 1 0 0 0 2
-1.6020597 -0.037169609 0.81316286 1 0 0 0 2
-1.9828607 0.42138356 0.80471027 1 0 0 0 2
-1.0766715 0.48976862 0.83630246 1 0 0 0 2
-1.8573339 0.599626 0.80737662 1 0 0 0 2
-1.9328231 -0.12311091 0.79855746 1 0 0 0 2
-2.0012095 0.42502972 0.81403399 1 0 0 0 2
-1.2932553 0.50562161 0.809443 1 0 0 0 2
-1.3401729 0.4362933 0.83880609 1 0 0 0 2
-1.8706452 0.10854194 0.80379528 1 0 0 0 2
-1.6023464 0.77428722 0.81610918 1 0 0 0 2
-1.9743396 0.41774756 0.79998225 1 0 0 0 2
-1.8568149 0.76004589 0.80468959 1 0 0 0 2
-1.073913 0.47474226 0.80060834 2 0 0 0 2
-1.1599597 0.83030188 0.81449795 2 0 0 0 2
-1.1087929 0.71839136 0.78813189 2 0 0 0 2
-1.7898055 0.59917843 0.81426996 2 0 0 0 2
-1.856066 0.2225391 0.77473193 2 0 0 0 2
-1.3936112 0.4141244 0.80363756 2 0 0 0 2
-1.281119 -0.04477191 0.78417975 2 0 0 0 2
-1.7435075 0.43119791 0.78484458 2 0 0 0 2
-1.3217303 0.19270392 0.80149037 2 0 0 0 2
-1.7445858 0.2447767 0.78877115 2 0 0 0 2
-1.4840982 0.81434107 0.81237304 2 0 0 0 2
-1.6098217 0.048913654 0.7852475 2 0 0 0 2
-1.8987504 0.48042157 0.77858013 2 0 0 0 2
-1.8668212 0.78488308 0.79312634 2 0 0 0 2
-1.9569857 0.026662717 0.79018337 2 0 0 0 2
-1.917474 0.42067641 0.80655968 2 0 0 0 2
-1.7033305 0.2392284 0.79422641 2 0 0 0 2
-1.7828692 0.39385906 0.78629261 2 0 0 0 2
-1.3620812 0.1012164 0.79479849 2 0 0 0 2
-1.3858095 0.045337118 0.79487199 2 0 0 0 2
-1.3898087 0.43626773 0.78935635 2 0 0 0 2
-1.9351662 -0.035843667 0.78087401 2 0 0 0 2
-1.0011894 0.18454124 0.81347293 2 0 0 0 2
-1.527566 0.59589922 0.80319619 2 0 0 0 2
-1.8749126 0.52737713 0.78849554 2 0 0 0 2
-1.9151959 0.73785526 0.77769643 2 0 0 0 2
-1.829429 -0.040924836 0.80113524 2 0 0 0 2
-1.1944064 0.69395041 0.80624467 2 0 0 0 2
-1.488235 0.11324016 0.79453737 2 0 0 0 2
-0.99147147 -0.10831441 0.79481924 2 0 0 0 2
-1.0926132 0.71312934 0.83055806 2 0 0 0 2
-1.6801821 0.14951679 0.80056959 2 0 0 0 2
-1.2103206 0.023820845 0.80007303 2 0 0 0 2
-1.8000998 -0.14814076 0.78966451 2 0 0 0 2
-1.9577055 0.16482714 0.77884072 2 0 0 0 2
-1.750262 0.60996461 0.80504239 2 0 0 0 2
-1.8926691 0.24019296 0.79414546 2 0 0 0 2
-1.3547832 0.32962289 0.80472463 2 0 0 0 2
-1.1225976 -0.065064952 0.80229509 2 0 0 0 2
-1.3506514 0.5419417 0.80749446 2 0 0 0 2
-1.2247815 0.4563401 0.7736488 3 0 0 0 2
-1.2112246 -0.059372805 0.78569406 3 0 0 0 2
-1.9976151 0.26819882 0.80714697 3 0 0 0 2
-1.819543 0.086110689 0.79289615 3 0 0 0 2
-1.8056139 0.72790867 0.80159426 3 0 0 0 2
-1.6009157 0.65028954 0.79837644 3 0 0 0 2
-1.9742948 0.36521372 0.81035489 3 0 0 0 2
-1.4034656 0.19830689 0.80160141 3 0 0 0 2
-1.7239484 0.69228452 0.79123884 3 0 0 0 2
-1.1320287 0.30205536 0.79979962 3 0 0 0 2
-1.3104715 0.12024137 0.79609966 3 0 0 0 2
-1.1031356 0.89103818 0.79660338 3 0 0 0 2
-1.4942008 0.16391428 0.81085426 3 0 0 0 2
-1.1030142 0.85185635 0.81062454 3 0 0 0 2
-1.6345811 0.42778382 0.78959972 3 0 0 0 2
-1.4476202 0.5705179 0.79677904 3 0 0 0 2
-1.167834 0.50625026 0.77794737 3 0 0 0 2
-1.4536802 0.87966841 0.79829228 3 0 0 0 2
-1.7200114 0.82222438 0.8056038 3 0 0 0 2
-1.075083 -0.013845189 0.79926956 3 0 0 0 2
-1.5456532 0.48481724 0.79184693 3 0 0 0 2
-1.4467049 0.70285279 0.78856206 3 0 0 0 2
-1.8913361 0.40285522 0.82192749 3 0 0 0 2
-1.2354848 0.23036544 0.80582911 3 0 0 0 2
-1.6384766 0.013070526 0.79320049 3 0 0 0 2
-1.6323355 0.6062156 0.78598839 3 0 0 0 2
-1.4970239 0.25309721 0.80134255 3 0 0 0 2
-1.3703868 0.18626463 0.79002798 3 0 0 0 2
-1.1729695 0.76219994 0.79469502 3 0 0 0 2
-1.8459679 0.38914669 0.79611582 3 0 0 0 2
-1.4829412 0.76382136 0.7979399 3 0 0 0 2
-1.7711689 0.61273497 0.81469703 3 0 0 0 2
-1.7787849 0.83777344 0.79677141 3 0 0 0 2
-2.0208707 0.37794846 0.8083294 3 0 0 0 2
-1.1893145 0.15293354 0.80688959 3 0 0 0 2
-1.8976098 0.019806802 0.81612742 3 0 0 0 2
-1.0461214 0.43471831 0.78719491 3 0 0 0 2
-1.2009692 0.44949061 0.79056448 3 0 0 0 2
-1.0595083 0.88601702 0.79916334 3 0 0 0 2
-1.5115989 0.16818941 0.7931205 3 0 0 0 2
-1.5494976 0.096675657 0.62136769 4 0 0 0 2
-1.5355716 0.1194032 0.60256201 4 0 0 0 2
-1.1910814 0.78503174 0.61278051 4 0 0 0 2
-1.5483963 0.26024324 0.61551607 4 0 0 0 2
-1.0464721 0.23692922 0.62116772 4 0 0 0 2
-1.2500064 0.70481908 0.61337179 4 0 0 0 2
-1.0007408 0.70256644 0.6062203 4 0 0 0 2
-1.1594248 0.079978615 0.60284173 4 0 0 0 2
-1.8965651 0.041787818 0.61184859 4 0 0 0 2
-1.4788138 0.56618202 0.60567051 4 0 0 0 2
-1.5792594 -0.021660712 0.59975016 4 0 0 0 2
-1.0608007 0.34802178 0.60149711 4 0 0 0 2
-1.6120393 -0.14457366 0.60833925 4 0 0 0 2
-1.2208689 0.50318474 0.60606778 4 0 0 0 2
-1.4392476 0.2494597 0.61514693 4 0 0 0 2
-1.8151491 0.065868936 0.60583967 4 0 0 0 2
-1.3024111 0.45112509 0.60859555 4 0 0 0 2
-1.4844831 0.55693299 0.61671555 4 0 0 0 2
-1.6852458 0.65883708 0.63886052 4 0 0 0 2
-1.9353738 -0.14927447 0.59789389 4 0 0 0 2
-1.3092428 0.27568385 0.60518301 4 0 0 0 2
-1.4722944 0.52089852 0.62321645 4 0 0 0 2
-1.3029207 0.65332407 0.61176842 4 0 0 0 2
-1.7268041 0.015889443 0.61096728 4 0 0 0 2
-1.5606866 0.4869875 0.59768492 4 0 0 0 2
-1.6368692 0.47416064 0.61459738 4 0 0 0 2
-1.9586434 -0.032042321 0.6052568 4 0 0 0 2
-1.7641364 -0.096328013 0.6210109 4 0 0 0 2
-1.4877102 0.42031017 0.61566675 4 0 0 0 2
-0.99656093 0.31067249 0.59761697 4 0 0 0 2
-1.6465644 0.61443919 0.61400646 4 0 0 0 2
-1.2593714 0.04436079 0.61495179 4 0 0 0 2
-1.262507 0.14338678 0.60537928 4 0 0 0 2
-1.5517613 0.82654071 0.61463571 4 0 0 0 2
-1.0850866 0.81734872 0.59030682 4 0 0 0 2
-1.376449 0.36002016 0.61151809 4 0 0 0 2
-1.571103 0.17201936 0.59318954 4 0 0 0 2
-1.3582729 0.23835148 0.61435175 4 0 0 0 2
-1.460924 0.74474031 0.60876715 4 0 0 0 2
-1.7176338 -0.10714492 0.59560597 4 0 0 0 2
-1.8175151 0.61120915 0.76092643 5 0 0 0 2
-1.594587 0.70478004 0.7627486 5 0 0 0 2
-1.124874 0.61808693 0.76741475 5 0 0 0 2
-1.7357309 0.037582979 0.76255149 5 0 0 0 2
-1.1848011 0.25048548 0.7600913 5 0 0 0 2
-1.2106797 0.24560709 0.77449542 5 0 0 0 2
-0.98942935 0.0010701615 0.78479898 5 0 0 0 2
-0.87576914 0.84102011 0.79966539 5 0 0 0 2
-1.2091479 0.099508859 0.75972897 5 0 0 0 2
-0.93982577 0.18400139 0.77907246 5 0 0 0 2
-0.88509965 0.86044079 0.78607583 5 0 0 0 2
-0.90658671 0.34178177 0.79273731 5 0 0 0 2
-1.5287684 0.71973187 0.77479953 5 0 0 0 2
-1.5526122 0.046180803 0.75072289 5 0 0 0 2
-1.5211265 0.50344515 0.76662928 5 0 0 0 2
-1.1443135 0.40642047 0.7783131 5 0 0 0 2
-1.0313191 0.49816042 0.77753925 5 0 0 0 2
-1.0750532 0.93751633 0.79095227 5 0 0 0 2
-1.6484876 0.67752266 0.76499534 5 0 0 0 2
-1.1906816 0.031332809 0.75885952 5 0 0 0 2
-1.177119 0.70493788 0.77343571 5 0 0 0 2
-1.8639131 0.13934527 0.74626589 5 0 0 0 2
-1.0219563 0.72799182 0.77982163 5 0 0 0 2
-1.5421873 0.63884079 0.7549668 5 0 0 0 2
-1.8359662 0.43965361 0.75695765 5 0 0 0 2
-1.7328322 0.86525947 0.76811403 5 0 0 0 2
-1.4774214 0.56206948 0.7810505 5 0 0 0 2
-1.4708027 0.4411656 0.76113993 5 0 0 0 2
-1.4571319 0.96224469 0.78767222 5 0 0 0 2
-1.1158831 0.31747073 0.76771092 5 0 0 0 2
-1.1441015 0.45707762 0.76852018 5 0 0 0 2
-1.229338 0.70991355 0.77349877 5 0 0 0 2
-1.6501657 0.15567313 0.75261539 5 0 0 0 2
-1.2819098 0.45614082 0.80116194 5 0 0 0 2
-1.5767175 0.74707186 0.75475711 5 0 0 0 2
-1.5708905 0.31152692 0.74929619 5 0 0 0 2
-1.2786931 0.81594807 0.78686267 5 0 0 0 2
-1.0450851 0.17924994 0.78176433 5 0 0 0 2
-1.6106474 0.73118448 0.76865405 5 0 0 0 2
-1.1591144 -0.025188947 0.78185666 5 0 0 0 2
-1.7644343 0.74189937 0.6489048 6 0 0 0 2
-1.1163031 0.18072511 0.66287273 6 0 0 0 2
-1.876696 0.28993982 0.675071 6 0 0 0 2
-1.1219367 0.15632454 0.67635036 6 0 0 0 2
-1.6868013 0.10910375 0.66316849 6 0 0 0 2
-1.1731714 0.1134796 0.67638648 6 0 0 0 2
-1.7085861 0.14476442 0.66054642 6 0 0 0 2
-1.8480663 -0.095903464 0.65582013 6 0 0 0 2
-1.9144951 0.75939709 0.66426581 6 0 0 0 2
-1.2131766 0.37959698 0.65438735 6 0 0 0 2
-1.8573635 0.68905514 0.67479962 6 0 0 0 2
-1.6185464 0.39805901 0.64842606 6 0 0 0 2
-1.1200306 0.55285835 0.66817749 6 0 0 0 2
-1.2662913 -0.03622194 0.67022693 6 0 0 0 2
-1.3373493 0.8849079 0.65572357 6 0 0 0 2
-1.8970194 -0.060105715 0.66100317 6 0 0 0 2
-1.5666258 0.68933141 0.65212435 6 0 0 0 2
-1.3643925 -0.11044371 0.67442858 6 0 0 0 2
-1.3752173 0.13916384 0.67854774 6 0 0 0 2
-1.7035559 0.80655164 0.64423108 6 0 0 0 2
-1.1092161 0.8006922 0.66430998 6 0 0 0 2
-1.6673948 0.33740991 0.66089135 6 0 0 0 2
-1.9478697 0.81810927 0.62803334 6 0 0 0 2
-1.0137894 0.442801 0.67447513 6 0 0 0 2
-1.535521 0.17214978 0.66386843 6 0 0 0 2
-1.3816204 0.47894776 0.63807744 6 0 0 0 2
-1.8513148 -0.040590733 0.67401183 6 0 0 0 2
-1.3091068 0.84687042 0.64797586 6 0 0 0 2
-1.9551438 0.2016439 0.6605944 6 0 0 0 2
-1.4482585 0.20121925 0.67397213 6 0 0 0 2
-1.5385783 0.64469457 0.63365614 6 0 0 0 2
-1.0400752 0.24070813 0.67252505 6 0 0 0 2
-1.3750186 0.75555533 0.64265704 6 0 0 0 2
-1.1753739 0.30818155 0.67889947 6 0 0 0 2
-1.8917505 0.78802091 0.65466774 6 0 0 0 2
-1.2014567 0.74773252 0.66638684 6 0 0 0 2
-1.6119289 0.26270005 0.65243071 6 0 0 0 2
-1.8547478 0.28786036 0.67215443 6 0 0 0 2
-1.8264502 0.10664592 0.64816183 6 0 0 0 2
-1.8316827 0.63074195 0.65616131 6 0 0 0 2
-1.433099 0.40069735 0.69907606 7 0 0 0 2
-1.1492021 0.34091666 0.70713496 7 0 0 0 2
-1.141812 0.19477041 0.69701403 7 0 0 0 2
-1.5751092 0.13749878 0.70726806 7 0 0 0 2
-1.2874284 0.8262201 0.703071 7 0 0 0 2
-1.0860318 -0.10492903 0.69333059 7 0 0 0 2
-1.3311905 0.7429018 0.7086013 7 0 0 0 2
-1.5715889 0.096217215 0.70546192 7 0 0 0 2
-1.7806362 -0.092084058 0.72962767 7 0 0 0 2
-1.9603961 -0.013182781 0.71504629 7 0 0 0 2
-1.6657212 0.57102734 0.72878486 7 0 0 0 2
-1.3902769 -0.035594944 0.70843053 7 0 0 0 2
-1.5003556 0.64878005 0.71856916 7 0 0 0 2
-1.8861147 0.035113439 0.72175175 7 0 0 0 2
-1.8657373 0.45426005 0.69926816 7 0 0 0 2
-1.2096331 0.11993127 0.71010995 7 0 0 0 2
-1.6735209 0.34673166 0.7294305 7 0 0 0 2
-1.2833707 0.01356345 0.71198374 7 0 0 0 2
-1.9614689 0.280285 0.73005295 7 0 0 0 2
-1.3268822 0.028081598 0.70165384 7 0 0 0 2
-1.985516 0.34112132 0.70492971 7 0 0 0 2
-1.4591882 0.35219827 0.71617579 7 0 0 0 2
-1.7646028 0.041040916 0.71172905 7 0 0 0 2
-1.46579 0.45871478 0.73504114 7 0 0 0 2
-1.3853738 0.54999477 0.69309175 7 0 0 0 2
-1.8281032 -0.053838119 0.70765769 7 0 0 0 2
-1.4546063 -0.049530599 0.72319937 7 0 0 0 2
-2.0307624 -0.028183645 0.71746916 7 0 0 0 2
-2.0221863 0.065872222 0.70921379 7 0 0 0 2
-1.5227567 0.73846346 0.68631828 7 0 0 0 2
-1.0784664 0.83751661 0.7329976 7 0 0 0 2
-1.5647912 0.32598075 0.70938951 7 0 0 0 2
-1.9696628 0.15794423 0.71177679 7 0 0 0 2
-1.699247 0.33044979 0.70674753 7 0 0 0 2
-1.3742579 0.23318122 0.70804459 7 0 0 0 2
-2.0184946 0.13693179 0.71561009 7 0 0 0 2
-1.6582546 0.25122413 0.70622903 7 0 0 0 2
-1.0646837 -0.016996432 0.70638692 7 0 0 0 2
-1.6988482 0.16274723 0.70341533 7 0 0 0 2
-1.1143342 -0.024848124 0.70347446 7 0 0 0 2
-1.6311618 0.46766499 0.76241094 8 0 0 0 2
-1.6394221 0.93241775 0.7777034 8 0 0 0 2
-1.3897824 0.36392334 0.73817313 8 0 0 0 2
-1.3876427 0.46822053 0.76811838 8 0 0 0 2
-1.1854106 -0.03996465 0.75688505 8 0 0 0 2
-1.611142 0.8128612 0.76061785 8 0 0 0 2
-1.8497961 0.26593518 0.77684605 8 0 0 0 2
-1.3371949 0.14888147 0.75747126 8 0 0 0 2
-1.1004512 0.86913347 0.75978673 8 0 0 0 2
-1.0834965 0.061494362 0.72324854 8 0 0 0 2
-1.0825046 0.21754444 0.74848878 8 0 0 0 2
-1.9285171 0.63288766 0.76724184 8 0 0 0 2
-1.3502111 0.68505394 0.76206124 8 0 0 0 2
-1.2253785 0.85413557 0.74951178 8 0 0 0 2
-1.0318953 0.88104028 0.75442189 8 0 0 0 2
-1.1614429 0.20268579 0.74162579 8 0 0 0 2
-1.1344787 0.91359812 0.76525557 8 0 0 0 2
-1.0556054 0.70462769 0.75102937 8 0 0 0 2
-1.0071367 0.55739224 0.75251174 8 0 0 0 2
-1.4553183 0.14504048 0.75238293 8 0 0 0 2
-0.98236614 0.2834827 0.73505688 8 0 0 0 2
-1.3519446 0.93401611 0.77716553 8 0 0 0 2
-1.7699748 0.1564787 0.77922165 8 0 0 0 2
-1.9150552 0.83452833 0.78249103 8 0 0 0 2
-1.1914346 0.70187831 0.75944346 8 0 0 0 2
-1.5796146 0.16634622 0.76534617 8 0 0 0 2
-1.0100816 0.46551463 0.74509847 8 0 0 0 2
-1.8605148 0.0074803922 0.77464068 8 0 0 0 2
-1.8730298 0.82549298 0.76787806 8 0 0 0 2
-1.386348 0.36652139 0.74969232 8 0 0 0 2
-1.9260852 0.53083664 0.76995987 8 0 0 0 2
-1.8957443 0.043148264 0.7630257 8 0 0 0 2
-1.5953354 0.85594249 0.76944709 8 0 0 0 2
-1.2241578 0.41762942 0.76217067 8 0 0 0 2
-1.4712727 0.839324 0.75309211 8 0 0 0 2
-1.4324808 0.35742787 0.76937079 8 0 0 0 2
-1.6477811 0.022191778 0.76479888 8 0 0 0 2
-1.7752382 0.23676312 0.77456701 8 0 0 0 2
-1.9175293 0.12466229 0.78163624 8 0 0 0 2
-1.2160405 0.70913988 0.76926738 8 0 0 0 2
-1.8984174 0.57858455 0.89881194 9 0 0 0 2
-1.0965589 0.48017275 0.84120792 9 0 0 0 2
-1.7325822 0.5387457 0.87319851 9 0 0 0 2
-1.3235185 0.17516282 0.85116124 9 0 0 0 2
-1.3202274 0.61333889 0.86780679 9 0 0 0 2
-1.5033611 0.24375783 0.85250241 9 0 0 0 2
-1.3531382 0.64219165 0.85811174 9 0 0 0 2
-1.9375546 0.5691601 0.89060187 9 0 0 0 2
-1.2168328 0.31026193 0.8604762 9 0 0 0 2
-1.1604207 -0.11746102 0.85580164 9 0 0 0 2
-1.2675171 0.34249964 0.86849731 9 0 0 0 2
-0.94769603 0.077123016 0.83695483 9 0 0 0 2
-1.6051943 0.76786214 0.86719513 9 0 0 0 2
-1.8159635 0.20653696 0.8838585 9 0 0 0 2
-1.629094 0.072427236 0.85205269 9 0 0 0 2
-1.3322351 -0.18652157 0.86211926 9 0 0 0 2
-1.3616359 0.6155535 0.87875849 9 0 0 0 2
-1.191901 0.65954894 0.85883868 9 0 0 0 2
-1.5762948 0.20430523 0.85631657 9 0 0 0 2
-1.2843338 0.12098306 0.8367092 9 0 0 0 2
-1.4927055 0.55947632 0.87346828 9 0 0 0 2
-1.6567836 0.12443555 0.87226754 9 0 0 0 2
-1.325907 0.63627493 0.86349666 9 0 0 0 2
-1.1236333 0.62815219 0.82646674 9 0 0 0 2
-1.3472995 0.72846776 0.86497641 9 0 0 0 2
-1.6636597 0.15171042 0.87578976 9 0 0 0 2
-1.085849 0.34385896 0.85986865 9 0 0 0 2
-1.646716 0.69578534 0.86582911 9 0 0 0 2
-1.5592054 -0.11998453 0.86532176 9 0 0 0 2
-1.16715 0.52367318 0.85068339 9 0 0 0 2
-1.6924126 0.096150331 0.87259072 9 0 0 0 2
-1.3373501 0.27832377 0.86358804 9 0 0 0 2
-1.2107384 0.77125269 0.85425419 9 0 0 0 2
-0.99515676 0.48824784 0.85512829 9 0 0 0 2
-1.3182902 -0.065089241 0.85161185 9 0 0 0 2
-1.8870054 -0.10715712 0.87475842 9 0 0 0 2
-1.1240761 0.70966083 0.85315782 9 0 0 0 2
-1.0622653 0.70322669 0.85810733 9 0 0 0 2
-1.0718184 0.009789208 0.85515922 9 0 0 0 2
-1.0438244 0.54575074 0.85939556 9 0 0 0 2
-1.5373484 0.50012678 0.75758803 10 0 0 0 2
-1.1732509 0.74643612 0.78071725 10 0 0 0 2
-1.3802485 0.76585889 0.76443076 10 0 0 0 2
-1.1865743 0.35469463 0.77125192 10 0 0 0 2
-1.7001364 0.35513154 0.77796727 10 0 0 0 2
-1.3348045 0.16035186 0.75826013 10 0 0 0 2
-1.8734043 0.91283208 0.76182491 10 0 0 0 2
-2.0459661 0.015227636 0.75759655 10 0 0 0 2
-1.6588641 0.34317765 0.76103175 10 0 0 0 2
-1.5915822 0.86041605 0.762748 10 0 0 0 2
-1.3279325 0.68154752 0.78262186 10 0 0 0 2
-1.8930353 0.88406706 0.78166479 10 0 0 0 2
-1.9499366 0.4851943 0.78064978 10 0 0 0 2
-1.1910261 0.054517068 0.76838088 10 0 0 0 2
-1.1679982 0.10372002 0.77230889 10 0 0 0 2
-1.8978462 0.72988498 0.78478378 10 0 0 0 2
-1.8219919 0.50675398 0.78709167 10 0 0 0 2
-1.8762649 0.52125573 0.78150499 10 0 0 0 2
-1.7955334 0.74826819 0.75810391 10 0 0 0 2
-1.6646765 0.11321875 0.76417333 10 0 0 0 2
-1.5281686 0.65752929 0.78215986 10 0 0 0 2
-1.1675274 -0.008426073 0.75228727 10 0 0 0 2
-1.3639048 0.38036937 0.77066702 10 0 0 0 2
-1.5450684 0.73781967 0.75931191 10 0 0 0 2
-1.9927574 0.81273985 0.75667906 10 0 0 0 2
-1.7576058 0.37402228 0.76634592 10 0 0 0 2
-1.7511076 0.39981848 0.7654447 10 0 0 0 2
-1.6346301 0.46346074 0.77577841 10 0 0 0 2
-1.5989631 0.71498591 0.77793527 10 0 0 0 2
-1.5800209 0.12036477 0.76971626 10 0 0 0 2
-1.1479139 0.03802513 0.77442151 10 0 0 0 2
-1.2415528 0.35337117 0.76724559 10 0 0 0 2
-1.6366383 0.53628528 0.76456684 10 0 0 0 2
-1.774786 0.088617161 0.78162152 10 0 0 0 2
-1.420977 0.60521334 0.75842398 10 0 0 0 2
-1.9500549 0.42637959 0.75751138 10 0 0 0 2
-1.1253244 0.81903523 0.77367979 10 0 0 0 2
-1.8473549 0.63618666 0.76712614 10 0 0 0 2
-1.2309781 0.28558722 0.77804697 10 0 0 0 2
-1.8938565 0.47425991 0.76681983 10 0 0 0 2
-1.7976537 0.24169651 0.70035058 11 0 0 0 2
-1.3525131 0.52680242 0.71028656 11 0 0 0 2
-1.7005506 0.56954837 0.71489519 11 0 0 0 2
-1.8801923 0.20008339 0.66941899 11 0 0 0 2
-1.8789167 0.064865142 0.68059725 11 0 0 0 2
-1.1597013 0.31762514 0.73298872 11 0 0 0 2
-1.2420396 0.64622575 0.71510059 11 0 0 0 2
-1.8307722 0.63681734 0.69985873 11 0 0 0 2
-1.9574294 0.40679899 0.69189513 11 0 0 0 2
-1.216153 0.71826792 0.73064172 11 0 0 0 2
-1.8872294 0.0018740924 0.68235129 11 0 0 0 2
-1.9228868 0.21520922 0.68156326 11 0 0 0 2
-1.9200997 0.5510897 0.67484885 11 0 0 0 2
-1.4387088 0.89722991 0.70378953 11 0 0 0 2
-1.6402501 0.37331319 0.69040966 11 0 0 0 2
-1.2621199 0.28655112 0.72201282 11 0 0 0 2
-1.6429513 -0.025712529 0.69511557 11 0 0 0 2
-1.5949851 0.31218767 0.71283329 11 0 0 0 2
-1.3361547 0.19871195 0.70456803 11 0 0 0 2
-1.7249199 0.042612024 0.69643241 11 0 0 0 2
-1.1368691 0.61246645 0.73153239 11 0 0 0 2
-1.7018075 0.26958266 0.69741273 11 0 0 0 2
-1.4657663 0.76239479 0.7133795 11 0 0 0 2
-1.905388 0.4080855 0.69271046 11 0 0 0 2
-1.1025724 0.034798186 0.73315686 11 0 0 0 2
-1.5018952 0.30429235 0.69531745 11 0 0 0 2
-1.2579311 0.40231699 0.73024923 11 0 0 0 2
-1.4879354 0.61703748 0.7044425 11 0 0 0 2
-1.4982741 0.62294173 0.69257474 11 0 0 0 2
-1.6779016 0.38845515 0.70499784 11 0 0 0 2
-1.2286559 0.20658274 0.72738212 11 0 0 0 2
-1.417413 0.90093482 0.73162872 11 0 0 0 2
-1.5412093 0.94373167 0.72385305 11 0 0 0 2
-1.6560594 0.62357253 0.71463668 11 0 0 0 2
-1.9641566 0.62089878 0.67643261 11 0 0 0 2
-1.9084539 0.57551277 0.69325525 11 0 0 0 2
-1.0956715 0.26622909 0.71124804 11 0 0 0 2
-1.5939959 0.48368251 0.69452983 11 0 0 0 2
-1.8947879 0.24967586 0.67407727 11 0 0 0 2
-1.131552 0.36765471 0.7299189 11 0 0 0 2
-1.5517929 0.83328998 0.78642988 12 0 0 0 2
-1.8187259 0.47037297 0.81263059 12 0 0 0 2
-1.6556088 0.21923447 0.80547053 12 0 0 0 2
-1.0420561 0.72623783 0.76350397 12 0 0 0 2
-1.4018453 0.67075312 0.8006832 12 0 0 0 2
-1.6093582 0.57971865 0.78618801 12 0 0 0 2
-1.6191896 0.41952878 0.79972106 12 0 0 0 2
-1.2968689 0.25247627 0.78626275 12 0 0 0 2
-1.8977891 0.46936485 0.79016906 12 0 0 0 2
-1.3353561 0.77580774 0.78466898 12 0 0 0 2
-1.8725622 0.91214502 0.829243 12 0 0 0 2
-1.5050011 0.031635951 0.77875215 12 0 0 0 2
-1.1031649 0.75829905 0.77225184 12 0 0 0 2
-1.3228225 0.054441523 0.76086634 12 0 0 0 2
-2.0473869 0.030498689 0.7921294 12 0 0 0 2
-1.7179245 0.55686861 0.77948344 12 0 0 0 2
-1.4499276 0.88493824 0.77625251 12 0 0 0 2
-1.7763963 0.09656211 0.78828943 12 0 0 0 2
-1.085041 0.54549402 0.76090306 12 0 0 0 2
-1.7798969 0.59437829 0.79534072 12 0 0 0 2
-1.3928506 0.20013592 0.76766056 12 0 0 0 2
-1.6769304 0.9379459 0.77986914 12 0 0 0 2
-1.7062497 0.92822999 0.80534416 12 0 0 0 2
-1.5420849 0.89223135 0.80148995 12 0 0 0 2
-1.6667373 0.46536422 0.78395283 12 0 0 0 2
-1.3563225 0.47714931 0.76115364 12 0 0 0 2
-1.7446978 0.0774827 0.77887779 12 0 0 0 2
-1.7555414 0.87805748 0.81152618 12 0 0 0 2
-1.6287712 0.21507286 0.79307353 12 0 0 0 2
-1.3256243 0.15993319 0.78634721 12 0 0 0 2
-1.7891939 0.95338136 0.78908676 12 0 0 0 2
-1.2056463 0.28989482 0.78336406 12 0 0 0 2
-1.9506691 0.30270123 0.77624947 12 0 0 0 2
-1.7614068 0.70877659 0.79400152 12 0 0 0 2
-1.2972957 0.031255588 0.76749635 12 0 0 0 2
-2.0180571 0.64848208 0.82031339 12 0 0 0 2
-1.5959119 -0.0076092286 0.78299707 12 0 0 0 2
-1.5922735 0.3913756 0.79406029 12 0 0 0 2
-1.1068621 0.53762805 0.76221532 12 0 0 0 2
-1.5104856 0.93984556 0.7970559 12 0 0 0 2
-1.4968272 0.012294139 0.80502534 13 0 0 0 2
-0.95401788 0.1781286 0.77465177 13 0 0 0 2
-1.6105386 0.73963088 0.81054533 13 0 0 0 2
-1.4922385 0.019623134 0.80187136 13 0 0 0 2
-1.820839 0.11665504 0.78539962 13 0 0 0 2
-1.435807 0.77323884 0.79960322 13 0 0 0 2
-1.1695547 0.37576893 0.78230733 13 0 0 0 2
-1.3235387 -0.040570252 0.79027605 13 0 0 0 2
-1.2668202 0.21223696 0.77424848 13 0 0 0 2
-1.6582618 0.46017334 0.79190052 13 0 0 0 2
-1.8353077 -0.20095813 0.8154946 13 0 0 0 2
-1.4533503 0.23425193 0.77766222 13 0 0 0 2
-1.6585357 0.69057655 0.80099189 13 0 0 0 2
-1.6009411 -0.04643764 0.80179852 13 0 0 0 2
-1.3729857 0.72624665 0.78459382 13 0 0 0 2
-1.3744746 -0.08118093 0.78903127 13 0 0 0 2
-1.4898207 0.018100375 0.81219172 13 0 0 0 2
-1.5399878 0.43039349 0.79068154 13 0 0 0 2
-1.7071757 0.74934405 0.78505129 13 0 0 0 2
-1.4735222 -0.19288328 0.78480041 13 0 0 0 2
-1.860764 0.32686377 0.81166828 13 0 0 0 2
-0.92814034 -0.17302954 0.75269157 13 0 0 0 2
-1.8412082 -0.029791728 0.79371279 13 0 0 0 2
-1.4409088 0.42140582 0.79173559 13 0 0 0 2
-1.2661998 -0.17818816 0.77785748 13 0 0 0 2
-1.400004 -0.18557481 0.78724545 13 0 0 0 2
-1.0748081 0.39953104 0.77044934 13 0 0 0 2
-0.99440134 0.6381799 0.77688515 13 0 0 0 2
-1.4752946 0.031936988 0.78899711 13 0 0 0 2
-1.5338423 0.039929885 0.77964103 13 0 0 0 2
-1.3709323 0.75588638 0.77139449 13 0 0 0 2
-1.5012581 0.12909703 0.80295902 13 0 0 0 2
-1.4307276 -0.17976388 0.81493294 13 0 0 0 2
-0.94825774 0.57641488 0.75908548 13 0 0 0 2
-1.2223026 -0.073962279 0.76343763 13 0 0 0 2
-1.8501445 -0.085196786 0.79179245 13 0 0 0 2
-1.020334 0.015677046 0.77295238 13 0 0 0 2
-1.6201459 0.71491563 0.79577136 13 0 0 0 2
-0.94745314 -0.010220513 0.76992488 13 0 0 0 2
-1.8045185 -0.20794086 0.80776876 13 0 0 0 2
-1.3320585 0.86508441 0.66865498 14 0 0 0 2
-1.1801795 0.89183831 0.66264927 14 0 0 0 2
-1.9483669 0.88844484 0.66679949 14 0 0 0 2
-1.2397965 0.19933343 0.66442859 14 0 0 0 2
-1.7012248 -0.0234567 0.67383283 14 0 0 0 2
-1.830351 0.47078204 0.65652317 14 0 0 0 2
-1.6678038 0.82124513 0.65820706 14 0 0 0 2
-1.9139715 0.46762696 0.65872359 14 0 0 0 2
-1.0159265 0.87793481 0.66527998 14 0 0 0 2
-1.9726484 -0.017806385 0.67334354 14 0 0 0 2
-1.0840114 0.78846717 0.65426224 14 0 0 0 2
-1.6284709 0.16605185 0.66953057 14 0 0 0 2
-1.7595406 0.22816807 0.6525377 14 0 0 0 2
-1.1383979 0.31781474 0.66921347 14 0 0 0 2
-1.9781071 0.28318974 0.67751968 14 0 0 0 2
-1.7677224 0.18234584 0.65864748 14 0 0 0 2
-1.5542096 0.78851306 0.66510731 14 0 0 0 2
-1.3568723 0.61491108 0.66401124 14 0 0 0 2
-1.5059725 0.2674436 0.65397948 14 0 0 0 2
-1.4633706 0.71536952 0.65619129 14 0 0 0 2
-1.9397482 0.18812214 0.67570436 14 0 0 0 2
-1.2590991 0.54415321 0.66964871 14 0 0 0 2
-1.5433682 0.18713884 0.67752856 14 0 0 0 2
-1.4580293 0.75197154 0.67320955 14 0 0 0 2
-1.4155139 0.16451032 0.6585381 14 0 0 0 2
-1.3342277 0.13908118 0.65534925 14 0 0 0 2
-1.7008827 0.62996769 0.64770913 14 0 0 0 2
-1.6191816 0.41072613 0.65799892 14 0 0 0 2
-1.045042 0.13569184 0.66929203 14 0 0 0 2
-1.0900536 0.46576586 0.68102217 14 0 0 0 2
-1.9638972 0.50191218 0.65701544 14 0 0 0 2
-1.915105 0.48957106 0.68025857 14 0 0 0 2
-1.3756734 0.67042661 0.65765864 14 0 0 0 2
-1.2840564 0.82973546 0.66622174 14 0 0 0 2
-1.1779597 0.23476633 0.65855038 14 0 0 0 2
-1.9372792 0.14239106 0.65781224 14 0 0 0 2
-1.9616054 0.86939323 0.68161112 14 0 0 0 2
-1.2181765 0.86517644 0.67278832 14 0 0 0 2
-1.1314827 0.81005758 0.66570586 14 0 0 0 2
-1.563558 0.63478804 0.67040634 14 0 0 0 2
-1.284793 0.15481879 0.68331742 15 0 0 0 2
-1.3148249 -0.14597781 0.69601655 15 0 0 0 2
-1.8395349 0.07326404 0.69691938 15 0 0 0 2
-2.1103153 0.58878082 0.70277339 15 0 0 0 2
-1.6657964 0.599388 0.70690167 15 0 0 0 2
-1.7459558 0.12411226 0.70643884 15 0 0 0 2
-1.7393837 0.080945462 0.70331228 15 0 0 0 2
-2.0995419 0.68364453 0.69375569 15 0 0 0 2
-1.2507721 0.25547165 0.71720856 15 0 0 0 2
-2.0116739 0.40278009 0.68090099 15 0 0 0 2
-1.8694654 -0.0089139435 0.70316547 15 0 0 0 2
-1.5603206 0.42752156 0.70287961 15 0 0 0 2
-1.4928246 0.61968803 0.7113148 15 0 0 0 2
-2.0079186 0.79974842 0.71415949 15 0 0 0 2
-1.6612378 -0.09650372 0.70428002 15 0 0 0 2
-1.1455396 0.51909012 0.70940465 15 0 0 0 2
-1.6855246 -0.064037323 0.70219952 15 0 0 0 2
-1.9937992 0.29083821 0.68396252 15 0 0 0 2
-1.6364555 0.21057615 0.68941462 15 0 0 0 2
-1.3779448 -0.13535349 0.68735045 15 0 0 0 2
-1.9039353 0.41314009 0.70591056 15 0 0 0 2
-1.7539449 0.65508908 0.70722693 15 0 0 0 2
-1.4244187 0.64208907 0.70553732 15 0 0 0 2
-1.4862778 0.66563499 0.72039837 15 0 0 0 2
-1.5391973 -0.092327498 0.70631504 15 0 0 0 2
-2.0363925 0.42963201 0.6882627 15 0 0 0 2
-1.1303414 0.77175975 0.70334691 15 0 0 0 2
-1.49722 -0.11342419 0.69835889 15 0 0 0 2
-2.075346 0.21057615 0.71101916 15 0 0 0 2
-1.5851665 0.17639613 0.72579461 15 0 0 0 2
-1.5274293 0.67526019 0.71003991 15 0 0 0 2
-1.5908679 0.017571062 0.68761528 15 0 0 0 2
-1.1723614 -0.095476657 0.70600915 15 0 0 0 2
-1.7507386 0.27285948 0.71138883 15 0 0 0 2
-1.4808146 0.76859605 0.70378184 15 0 0 0 2
-1.8452034 0.44764447 0.69754863 15 0 0 0 2
-1.9214509 0.070631765 0.70376498 15 0 0 0 2
-1.8658549 0.25181368 0.70828599 15 0 0 0 2
-1.6387814 -0.064187683 0.6894576 15 0 0 0 2
-1.733188 0.59783584 0.69370604 15 0 0 0 2
-1.3234135 0.97138506 0.74432451 16 0 0 0 2
-1.4239037 0.94275111 0.74800164 16 0 0 0 2
-1.5685902 0.32401285 0.75492352 16 0 0 0 2
-1.4889039 0.46003428 0.75373858 16 0 0 0 2
-1.737215 0.66886544 0.75967264 16 0 0 0 2
-0.98276591 0.31255302 0.73783952 16 0 0 0 2
-1.0179713 0.065967895 0.77463537 16 0 0 0 2
-1.6387256 0.59437847 0.75289768 16 0 0 0 2
-1.4564878 0.37352589 0.75838417 16 0 0 0 2
-1.1700521 0.89247608 0.72975487 16 0 0 0 2
-1.7233539 0.89404494 0.73973596 16 0 0 0 2
-1.7866684 0.51693797 0.76263309 16 0 0 0 2
-1.8792204 0.14579278 0.76719046 16 0 0 0 2
-1.7290449 0.96738386 0.76350957 16 0 0 0 2
-1.7299783 0.12568122 0.77373183 16 0 0 0 2
-1.7553202 0.19977057 0.77860057 16 0 0 0 2
-1.3434278 1.0191879 0.73322141 16 0 0 0 2
-1.6932402 0.26419088 0.76999325 16 0 0 0 2
-1.7756648 0.34588146 0.76062226 16 0 0 0 2
-1.9578226 0.74785435 0.76518416 16 0 0 0 2
-1.1686504 0.828637 0.73707575 16 0 0 0 2
-1.2731541 0.10655872 0.75990766 16 0 0 0 2
-1.3354987 0.10908414 0.76907372 16 0 0 0 2
-1.4805392 0.084916808 0.75977808 16 0 0 0 2
-1.0612535 0.51728326 0.76392514 16 0 0 0 2
-1.5181882 0.39366153 0.75435007 16 0 0 0 2
-1.47487 0.82284462 0.77426422 16 0 0 0 2
-1.2929057 0.35938862 0.76120085 16 0 0 0 2
-1.2711004 0.72836828 0.72908294 16 0 0 0 2
-1.5281494 0.89024144 0.73309064 16 0 0 0 2
-1.9026344 0.72993159 0.75590909 16 0 0 0 2
-1.4254245 0.16350907 0.75007218 16 0 0 0 2
-1.8676051 0.73734564 0.75218982 16 0 0 0 2
-1.861477 0.13070613 0.77264261 16 0 0 0 2
-1.8341814 0.66384935 0.76054108 16 0 0 0 2
-1.0603607 1.0259888 0.75002122 16 0 0 0 2
-1.8454124 0.40145898 0.77612567 16 0 0 0 2
-1.3873813 0.47838226 0.75976187 16 0 0 0 2
-1.0201672 0.39412174 0.76623541 16 0 0 0 2
-1.6001023 0.17509839 0.77616251 16 0 0 0 2
-1.7521663 0.24896912 0.72801137 17 0 0 0 2
-1.6807834 0.17594776 0.73509198 17 0 0 0 2
-1.0400001 0.0053099841 0.70935899 17 0 0 0 2
-1.2335747 0.20498286 0.73748112 17 0 0 0 2
-1.9639425 0.52719295 0.72479314 17 0 0 0 2
-1.6399219 0.6580292 0.71551639 17 0 0 0 2
-1.457639 0.060284443 0.75894123 17 0 0 0 2
-1.3356042 0.20387819 0.73393184 17 0 0 0 2
-1.4756148 0.076999538 0.75123847 17 0 0 0 2
-1.8518769 0.6669063 0.72787553 17 0 0 0 2
-1.3350837 0.66442299 0.71795881 17 0 0 0 2
-1.6200116 0.28648242 0.73356843 17 0 0 0 2
-1.6852293 0.054025643 0.75487739 17 0 0 0 2
-1.8163134 0.25817433 0.73519307 17 0 0 0 2
-1.9225523 0.64249247 0.71487212 17 0 0 0 2
-1.5801934 0.78762907 0.71885228 17 0 0 0 2
-1.8978658 0.72546506 0.7202701 17 0 0 0 2
-1.2903751 0.78440201 0.71068919 17 0 0 0 2
-1.1125066 0.27612999 0.73011214 17 0 0 0 2
-1.4977369 0.6118589 0.73801136 17 0 0 0 2
-1.2144127 0.66575831 0.7291705 17 0 0 0 2
-1.9952253 0.6222558 0.71972007 17 0 0 0 2
-1.3069923 -0.11298187 0.7557531 17 0 0 0 2
-1.0085313 0.081455797 0.74464518 17 0 0 0 2
-1.8307595 0.42437246 0.72268409 17 0 0 0 2
-1.5867708 -0.12219687 0.72961551 17 0 0 0 2
-1.3376776 0.13928491 0.73599768 17 0 0 0 2
-1.5952985 0.23708388 0.73645127 17 0 0 0 2
-1.4470023 0.037305474 0.74455464 17 0 0 0 2
-1.6197734 0.30584469 0.71668547 17 0 0 0 2
-1.5362149 0.2816329 0.75213379 17 0 0 0 2
-1.0356277 0.47225592 0.71143389 17 0 0 0 2
-1.500598 0.13058522 0.73192251 17 0 0 0 2
-1.8390237 0.37742096 0.72227252 17 0 0 0 2
-1.7543675 -0.080242619 0.75614166 17 0 0 0 2
-1.3483391 0.35043812 0.71722627 17 0 0 0 2
-1.2600781 0.55866563 0.72381991 17 0 0 0 2
-1.5417219 0.52386254 0.71079141 17 0 0 0 2
-1.1961138 0.51454675 0.72602642 17 0 0 0 2
-1.7976753 -0.01352198 0.74434108 17 0 0 0 2
-1.5333295 0.24627957 0.73092139 18 0 0 0 2
-1.6312189 0.075829536 0.72020692 18 0 0 0 2
-1.8550614 0.67181063 0.70019883 18 0 0 0 2
-1.6275409 -0.12136132 0.73916566 18 0 0 0 2
-1.2883412 0.71722347 0.6965481 18 0 0 0 2
-1.2872398 0.14399908 0.73613667 18 0 0 0 2
-1.8946486 0.14087534 0.71633941 18 0 0 0 2
-1.991334 0.74339253 0.70520055 18 0 0 0 2
-1.3477501 0.40048501 0.69596684 18 0 0 0 2
-1.9232405 0.32296869 0.71227145 18 0 0 0 2
-1.9932089 0.12821019 0.71914226 18 0 0 0 2
-1.2676433 0.010356778 0.73732173 18 0 0 0 2
-1.3605338 0.82805383 0.70954323 18 0 0 0 2
-1.6966164 0.099194169 0.71943921 18 0 0 0 2
-1.9707576 0.82669568 0.71206337 18 0 0 0 2
-1.144014 -0.042261064 0.75057441 18 0 0 0 2
-1.5031676 0.0065520816 0.72597533 18 0 0 0 2
-1.195024 0.75874555 0.72107434 18 0 0 0 2
-1.8813438 0.58402604 0.70977753 18 0 0 0 2
-1.3843082 0.73537743 0.72362876 18 0 0 0 2
-1.6154987 0.75775111 0.69696331 18 0 0 0 2
-1.5497569 0.57477427 0.72927624 18 0 0 0 2
-1.8646472 -0.10915513 0.70718807 18 0 0 0 2
-1.1152455 0.66104656 0.73756742 18 0 0 0 2
-1.4944127 0.60599071 0.71755362 18 0 0 0 2
-1.3926651 0.76252031 0.71886617 18 0 0 0 2
-1.5488958 0.72354686 0.71478182 18 0 0 0 2
-1.7635791 0.64647317 0.73019809 18 0 0 0 2
-1.6712703 0.23409519 0.72235012 18 0 0 0 2
-1.347751 0.2416313 0.74015915 18 0 0 0 2
-1.569061 0.068654262 0.7211737 18 0 0 0 2
-1.4584204 0.1976756 0.72002995 18 0 0 0 2
-1.7437348 0.30792862 0.73895431 18 0 0 0 2
-1.178956 0.13771711 0.73074496 18 0 0 0 2
-1.5329247 0.0033266565 0.7186057 18 0 0 0 2
-1.122429 -0.051142767 0.74969047 18 0 0 0 2
-1.4942473 0.51902664 0.72533333 18 0 0 0 2
-1.9199579 0.14227723 0.71733028 18 0 0 0 2
-1.9070549 0.16761549 0.70856559 18 0 0 0 2
-1.2752239 0.63699728 0.72676677 18 0 0 0 2
-1.6591836 0.10253021 0.67344123 19 0 0 0 2
-1.8099788 0.51364481 0.66726196 19 0 0 0 2
-1.8741184 0.829813 0.66499156 19 0 0 0 2
-1.4588403 0.23338804 0.68636024 19 0 0 0 2
-1.6325521 0.12876396 0.67937297 19 0 0 0 2
-1.8234211 0.36427042 0.66751468 19 0 0 0 2
-1.2392746 0.29236662 0.6916644 19 0 0 0 2
-1.3175565 0.65447432 0.67021018 19 0 0 0 2
-1.5899351 0.35403988 0.67702484 19 0 0 0 2
-1.6042854 0.29410222 0.66867292 19 0 0 0 2
-1.580487 0.67726237 0.69046348 19 0 0 0 2
-1.179933 0.60747552 0.67971724 19 0 0 0 2
-1.4546783 0.42463681 0.67718416 19 0 0 0 2
-1.9679563 -0.088926993 0.66319561 19 0 0 0 2
-1.5592901 0.067983851 0.67466187 19 0 0 0 2
-1.6114917 -0.061371412 0.68738133 19 0 0 0 2
-1.3243837 0.58598375 0.67610139 19 0 0 0 2
-1.8906872 0.84987921 0.66558641 19 0 0 0 2
-1.3555436 0.27131072 0.69444716 19 0 0 0 2
-1.6222621 -0.032231212 0.67503166 19 0 0 0 2
-1.5014966 0.82246 0.67168409 19 0 0 0 2
-1.768043 0.092822067 0.68696809 19 0 0 0 2
-1.3801335 -0.076882713 0.66960305 19 0 0 0 2
-1.2048229 0.10620666 0.68183506 19 0 0 0 2
-1.346067 0.56345475 0.66593206 19 0 0 0 2
-1.3866632 0.75512588 0.68378931 19 0 0 0 2
-1.9787966 0.062830314 0.6738655 19 0 0 0 2
-1.3094876 0.84212124 0.68308538 19 0 0 0 2
-1.4125662 0.2268462 0.68179619 19 0 0 0 2
-1.3775519 0.26556212 0.67945659 19 0 0 0 2
-1.2466639 0.033725936 0.67809379 19 0 0 0 2
-1.8177042 0.39062732 0.6681416 19 0 0 0 2
-1.3917516 0.63636148 0.67557144 19 0 0 0 2
-1.2033165 0.82837319 0.68964398 19 0 0 0 2
-1.1954387 -0.019038336 0.6877386 19 0 0 0 2
-1.3866525 0.83515263 0.6823498 19 0 0 0 2
-1.5247478 0.88893574 0.66864181 19 0 0 0 2
-1.8561796 0.69315392 0.67058074 19 0 0 0 2
-1.8339503 -0.070338853 0.67740941 19 0 0 0 2
-1.4287341 0.71884817 0.6530894 19 0 0 0 2
1.8359909 1.2364361 -0.59999245 0 0 0 0 3
1.5939982 1.5634586 -0.427867 0 0 0 0 3
2.0396898 2.0084913 -0.80491287 0 0 0 0 3
1.8724452 1.5957644 -0.6287179 0 0 0 0 3
2.0842195 1.8369083 -0.79139894 0 0 0 0 3
1.7625303 1.8674939 -0.57798767 0 0 0 0 3
1.7078075 1.5096155 -0.51844686 0 0 0 0 3
1.8891705 1.6719369 -0.65506804 0 0 0 0 3
1.9246653 1.1582291 -0.62235457 0 0 0 0 3
2.1997221 1.4778268 -0.87018728 0 0 0 0 3
1.9949236 1.1864959 -0.69632667 0 0 0 0 3
2.134481 1.2637748 -0.80004895 0 0 0 0 3
2.1113162 1.7066038 -0.79459828 0 0 0 0 3
2.2060642 1.8828952 -0.89278442 0 0 0 0 3
1.9566705 1.1341373 -0.65208322 0 0 0 0 3
2.2515078 1.2233014 -0.85944557 0 0 0 0 3
2.1822112 1.9403843 -0.88386768 0 0 0 0 3
2.1732068 1.5197963 -0.83381176 0 0 0 0 3
2.1410177 0.98486608 -0.76894671 0 0 0 0 3
1.9074551 1.6654334 -0.67626917 0 0 0 0 3
2.3105044 1.6592536 -0.94264001 0 0 0 0 3
2.1184468 1.2781936 -0.78471875 0 0 0 0 3
1.8263856 1.9171741 -0.6093868 0 0 0 0 3
1.9616942 1.0725704 -0.64237815 0 0 0 0 3
2.3930268 1.5681435 -0.99013424 0 0 0 0 3
2.4213393 1.4325256 -0.98744899 0 0 0 0 3
1.7333297 1.6532835 -0.55335474 0 0 0 0 3
2.0212796 1.1535577 -0.70537597 0 0 0 0 3
1.4437877 1.6270022 -0.32222915 0 0 0 0 3
2.0922954 1.9463352 -0.80981737 0 0 0 0 3
1.6478266 1.7910713 -0.50500858 0 0 0 0 3
1.992298 0.9326911 -0.67048091 0 0 0 0 3
2.3143418 1.7026039 -0.93818957 0 0 0 0 3
2.2008896 1.1507809 -0.82242548 0 0 0 0 3
2.1440744 1.3775096 -0.79899269 0 0 0 0 3
2.251785 1.5429178 -0.90369684 0 0 0 0 3
1.8828616 1.547098 -0.62549835 0 0 0 0 3
2.2722964 1.5304135 -0.90833849 0 0 0 0 3
1.6896002 1.1944875 -0.45829067 0 0 0 0 3
1.8642939 0.95955151 -0.57271808 0 0 0 0 3
1.7611587 1.6762061 -0.33414537 1 0 0 0 3
1.9089448 1.3023034 -0.41594824 1 0 0 0 3
2.113368 1.4346856 -0.58413386 1 0 0 0 3
2.2254536 1.395038 -0.66028684 1 0 0 0 3
1.7988482 1.7168732 -0.36017466 1 0 0 0 3
1.9541591 1.0974104 -0.44067046 1 0 0 0 3
2.373662 1.2638781 -0.74247181 1 0 0 0 3
1.7916461 1.0230427 -0.3393786 1 0 0 0 3
1.9099586 1.4786679 -0.4356164 1 0 0 0 3
2.2936656 1.4591057 -0.70062631 1 0 0 0 3
1.7688658 1.793949 -0.37127942 1 0 0 0 3
2.2793512 1.5226194 -0.7007668 1 0 0 0 3
1.9013921 1.6003475 -0.44044259 1 0 0 0 3
2.0866077 1.7443341 -0.58670408 1 0 0 0 3
2.0281088 1.1099725 -0.49988917 1 0 0 0 3
2.5116668 1.405158 -0.85282874 1 0 0 0 3
1.9796679 1.5337632 -0.48529357 1 0 0 0 3
2.1149042 1.8480133 -0.59726495 1 0 0 0 3
2.1531444 1.5916474 -0.59059727 1 0 0 0 3
2.2057462 1.9390889 -0.6799764 1 0 0 0 3
2.0073681 1.2514662 -0.48257354 1 0 0 0 3
2.0261545 1.0234437 -0.52412188 1 0 0 0 3
2.40361 1.5473872 -0.7881887 1 0 0 0 3
1.6731331 1.5029098 -0.2697244 1 0 0 0 3
2.0416455 1.4922076 -0.52747643 1 0 0 0 3
1.9848342 1.7250849 -0.50636423 1 0 0 0 3
2.2487426 1.8855767 -0.7036227 1 0 0 0 3
2.2379372 1.8969021 -0.68691295 1 0 0 0 3
2.3259258 1.1825707 -0.71538413 1 0 0 0 3
2.1250527 1.1022384 -0.5605728 1 0 0 0 3
2.1295025 1.7537739 -0.61731571 1 0 0 0 3
2.0801029 1.2329159 -0.54918468 1 0 0 0 3
2.0099998 0.94991332 -0.4761633 1 0 0 0 3
2.2416322 1.4557061 -0.68890065 1 0 0 0 3
2.159096 1.3649476 -0.61452407 1 0 0 0 3
1.7530713 1.2157359 -0.31401011 1 0 0 0 3
2.2198579 2.0230615 -0.67340064 1 0 0 0 3
2.0223727 1.0498276 -0.48514664 1 0 0 0 3
2.4699752 1.3928607 -0.82083803 1 0 0 0 3
2.175199 1.5658929 -0.61280549 1 0 0 0 3
2.0953081 1.6570991 -0.67123055 2 0 0 0 3
1.9952718 1.316167 -0.55676877 2 0 0 0 3
1.520382 1.600337 -0.23309718 2 0 0 0 3
2.0542753 1.4157424 -0.62027395 2 0 0 0 3
2.2768154 1.6577736 -0.78605044 2 0 0 0 3
2.1358397 2.1328392 -0.73392081 2 0 0 0 3
2.2708998 1.1737747 -0.71253735 2 0 0 0 3
1.9008797 1.0258514 -0.48057723 2 0 0 0 3
1.5963063 1.451898 -0.28620672 2 0 0 0 3
2.4342709 1.2567545 -0.87468761 2 0 0 0 3
2.0373557 2.1013768 -0.66742009 2 0 0 0 3
2.0491884 1.030713 -0.57888329 2 0 0 0 3
1.7929407 1.8552649 -0.46210504 2 0 0 0 3
1.9733694 1.2500675 -0.55003101 2 0 0 0 3
1.6261588 1.7256331 -0.3273001 2 0 0 0 3
1.9754853 0.93229568 -0.51932287 2 0 0 0 3
2.001631 2.0638015 -0.62864065 2 0 0 0 3
2.2688348 1.6908972 -0.81045449 2 0 0 0 3
2.0662565 1.3345408 -0.61055219 2 0 0 0 3
2.0908549 1.3254671 -0.62928236 2 0 0 0 3
2.0638902 1.0995431 -0.59296018 2 0 0 0 3
1.7075133 1.4435025 -0.37198499 2 0 0 0 3
1.9912375 1.0054915 -0.53248245 2 0 0 0 3
2.3020911 1.3189487 -0.7762394 2 0 0 0 3
2.178628 1.2736099 -0.68915552 2 0 0 0 3
2.1639915 1.587858 -0.71018815 2 0 0 0 3
1.8681982 1.3407691 -0.47730458 2 0 0 0 3
1.9001807 1.7138619 -0.50779277 2 0 0 0 3
1.6964406 1.5334886 -0.35106289 2 0 0 0 3
2.1928122 1.1624919 -0.70316404 2 0 0 0 3
2.2298791 1.9204686 -0.80002701 2 0 0 0 3
2.0644939 1.8156567 -0.68099952 2 0 0 0 3
1.7281103 1.332101 -0.38810986 2 0 0 0 3
1.9619052 1.0700542 -0.52095973 2 0 0 0 3
2.0851243 1.43255 -0.62645131 2 0 0 0 3
1.8081547 1.3601537 -0.40901852 2 0 0 0 3
1.5987287 1.5019392 -0.30897236 2 0 0 0 3
2.0360844 1.5245714 -0.60187739 2 0 0 0 3
2.112112 1.0738587 -0.62943441 2 0 0 0 3
2.0024421 1.1888587 -0.56235695 2 0 0 0 3
1.8880473 1.7093813 -0.69588435 3 0 0 0 3
2.1622827 1.7788233 -0.90019506 3 0 0 0 3
1.860718 1.0368286 -0.62357074 3 0 0 0 3
2.2198439 1.3821297 -0.9050824 3 0 0 0 3
2.1287665 1.4636261 -0.83955806 3 0 0 0 3
1.826825 0.92217928 -0.58375901 3 0 0 0 3
2.2169831 1.177552 -0.8771919 3 0 0 0 3
2.1171548 1.1215948 -0.82067156 3 0 0 0 3
1.8931319 1.8761907 -0.690099 3 0 0 0 3
1.6987199 1.3911417 -0.48277086 3 0 0 0 3
2.0169141 0.90753967 -0.71552074 3 0 0 0 3
1.4703393 1.6415077 -0.36497259 3 0 0 0 3
2.0775304 1.6214727 -0.82144427 3 0 0 0 3
2.1802762 1.5645612 -0.89652061 3 0 0 0 3
2.1653848 1.8326111 -0.8966499 3 0 0 0 3
1.9542469 1.7713037 -0.75157762 3 0 0 0 3
1.5417056 1.3373494 -0.37928489 3 0 0 0 3
1.5693811 1.2724463 -0.42499459 3 0 0 0 3
1.9813471 0.98776078 -0.69565648 3 0 0 0 3
1.8117142 1.5322946 -0.6057418 3 0 0 0 3
1.98967 1.1431631 -0.73593241 3 0 0 0 3
1.6201482 1.6487169 -0.44992715 3 0 0 0 3
1.8102155 1.376578 -0.58346492 3 0 0 0 3
2.4626224 1.2648983 -1.0864303 3 0 0 0 3
1.5663583 1.6760162 -0.44675124 3 0 0 0 3
1.9855943 1.3430582 -0.7108807 3 0 0 0 3
2.123131 1.2776886 -0.83025646 3 0 0 0 3
1.6579211 1.4610915 -0.50433356 3 0 0 0 3
1.6574895 1.1278163 -0.44872901 3 0 0 0 3
1.4776202 1.6047097 -0.33258826 3 0 0 0 3
1.6910645 1.7248535 -0.50981957 3 0 0 0 3
1.7776202 1.6511856 -0.59194481 3 0 0 0 3
1.7185676 1.5369195 -0.53334498 3 0 0 0 3
2.429956 1.2335519 -1.0561585 3 0 0 0 3
2.206917 1.2392435 -0.90149182 3 0 0 0 3
2.0253525 1.1719728 -0.76361001 3 0 0 0 3
1.7362483 1.4261272 -0.53521925 3 0 0 0 3
2.1436732 1.2527382 -0.85204077 3 0 0 0 3
1.9845954 1.6653924 -0.76092184 3 0 0 0 3
1.5524215 1.6069385 -0.39063948 3 0 0 0 3
1.7811882 1.1350852 -0.65285188 4 0 0 0 3
1.6697228 1.2414136 -0.55818117 4 0 0 0 3
1.9403241 1.723062 -0.79103726 4 0 0 0 3
1.8177024 1.3250525 -0.68384641 4 0 0 0 3
1.7105495 1.0736459 -0.5929625 4 0 0 0 3
2.0505435 1.786207 -0.88917941 4 0 0 0 3
2.2913468 1.2842582 -1.041126 4 0 0 0 3
2.0852339 1.7790995 -0.90202177 4 0 0 0 3
1.8541386 1.0676281 -0.72379178 4 0 0 0 3
2.1905913 1.1815138 -0.94223273 4 0 0 0 3
2.2878911 1.0185021 -1.0299118 4 0 0 0 3
1.7473302 1.5328599 -0.64492452 4 0 0 0 3
1.8682144 0.76723963 -0.68454796 4 0 0 0 3
2.1530888 1.7369053 -0.95875525 4 0 0 0 3
2.1663985 1.3874264 -0.95942593 4 0 0 0 3
1.8328979 1.5027313 -0.71564293 4 0 0 0 3
2.3855686 1.2766343 -1.1113877 4 0 0 0 3
1.9135526 0.8557902 -0.75037473 4 0 0 0 3
1.9282241 1.5873073 -0.78389633 4 0 0 0 3
1.7322676 1.6280071 -0.62956893 4 0 0 0 3
1.6564481 1.3653154 -0.58169681 4 0 0 0 3
2.1880887 1.7782801 -0.99453503 4 0 0 0 3
2.074394 1.2965202 -0.88588804 4 0 0 0 3
1.5389374 1.4404449 -0.51569325 4 0 0 0 3
1.9460479 0.67852026 -0.75443995 4 0 0 0 3
1.7825881 1.2240088 -0.65677297 4 0 0 0 3
2.2623756 1.5876813 -1.0405272 4 0 0 0 3
2.4901187 1.237534 -1.1802493 4 0 0 0 3
2.2418239 1.2908005 -0.99314368 4 0 0 0 3
2.354372 1.0873201 -1.062871 4 0 0 0 3
1.752122 1.2361572 -0.64505965 4 0 0 0 3
2.2149372 1.6272144 -1.0082266 4 0 0 0 3
1.8550779 1.3915149 -0.71436858 4 0 0 0 3
2.4300542 1.296226 -1.1645315 4 0 0 0 3
2.1373103 1.8802197 -0.97955042 4 0 0 0 3
1.749157 0.9768306 -0.62694776 4 0 0 0 3
1.8586785 1.1476355 -0.71198463 4 0 0 0 3
2.1655948 1.1577172 -0.94886678 4 0 0 0 3
2.1605754 1.0936077 -0.93543744 4 0 0 0 3
1.6834412 1.3697145 -0.60364372 4 0 0 0 3
2.3542147 1.1003317 -0.63445282 5 0 0 0 3
1.9889998 1.5596375 -0.36180329 5 0 0 0 3
2.4541519 1.0249857 -0.71757942 5 0 0 0 3
2.1385999 1.4391656 -0.48126179 5 0 0 0 3
2.453378 1.2466422 -0.6978268 5 0 0 0 3
2.2713873 0.95482177 -0.57899189 5 0 0 0 3
1.9116091 1.6626464 -0.32405427 5 0 0 0 3
2.4872088 1.3938203 -0.71942115 5 0 0 0 3
2.0409431 1.1146891 -0.41924417 5 0 0 0 3
1.9860277 1.595612 -0.39081579 5 0 0 0 3
2.1563954 0.84622115 -0.50883061 5 0 0 0 3
2.3506424 1.8875512 -0.62461799 5 0 0 0 3
1.8688736 1.2831085 -0.29400146 5 0 0 0 3
2.2860389 1.8042457 -0.60324097 5 0 0 0 3
2.2775471 1.8805526 -0.57872319 5 0 0 0 3
2.4117985 1.5459384 -0.68753868 5 0 0 0 3
2.4788802 1.7562678 -0.71622705 5 0 0 0 3
1.9255331 1.4001226 -0.36388463 5 0 0 0 3
2.3557782 1.3843625 -0.63663727 5 0 0 0 3
1.7927718 1.5361184 -0.2480842 5 0 0 0 3
2.570091 1.5733528 -0.79504657 5 0 0 0 3
2.6963372 1.2547832 -0.86588693 5 0 0 0 3
2.6548316 1.4351424 -0.8436051 5 0 0 0 3
2.2551637 1.0556536 -0.56366557 5 0 0 0 3
2.6151636 1.3481082 -0.80186576 5 0 0 0 3
2.4975398 1.5029401 -0.74354589 5 0 0 0 3
2.0751507 1.3257171 -0.45663196 5 0 0 0 3
1.9280844 1.2065716 -0.34477317 5 0 0 0 3
1.7819808 1.5758898 -0.23857507 5 0 0 0 3
2.0518529 1.0477526 -0.41748106 5 0 0 0 3
2.2473512 1.3410592 -0.55957443 5 0 0 0 3
2.0572259 1.3465631 -0.41127864 5 0 0 0 3
2.0937014 1.4632555 -0.45500273 5 0 0 0 3
2.3071299 1.3938103 -0.63544887 5 0 0 0 3
2.4782231 1.3350044 -0.73270005 5 0 0 0 3
2.5492013 1.6251245 -0.75279683 5 0 0 0 3
2.1053102 1.2452743 -0.47713342 5 0 0 0 3
1.8646721 1.4387853 -0.30047077 5 0 0 0 3
1.8540341 1.6815921 -0.30616245 5 0 0 0 3
2.1866972 1.249329 -0.51337409 5 0 0 0 3
2.2686353 1.016907 -0.8791362 6 0 0 0 3
1.646449 1.3920648 -0.45071688 6 0 0 0 3
2.4841254 1.3960338 -1.0603843 6 0 0 0 3
2.2593188 1.8378974 -0.96873063 6 0 0 0 3
2.1964817 1.1614562 -0.82789481 6 0 0 0 3
2.1094263 0.97205162 -0.76733905 6 0 0 0 3
2.0690722 1.297991 -0.76489854 6 0 0 0 3
2.4381351 1.195071 -0.99782181 6 0 0 0 3
2.1472328 1.1598644 -0.80888581 6 0 0 0 3
2.3135571 1.1269895 -0.92426473 6 0 0 0 3
2.2893441 1.4848522 -0.92224056 6 0 0 0 3
1.8907664 1.6732543 -0.66537827 6 0 0 0 3
1.847138 1.5580927 -0.60979289 6 0 0 0 3
1.8992255 1.0563549 -0.61285573 6 0 0 0 3
1.9793448 0.92698509 -0.67066532 6 0 0 0 3
1.8176225 1.620216 -0.61907744 6 0 0 0 3
1.7889532 1.0427388 -0.52226257 6 0 0 0 3
1.9756905 1.6581514 -0.71212149 6 0 0 0 3
2.086365 1.9356235 -0.83397174 6 0 0 0 3
2.2369862 1.1643982 -0.86876637 6 0 0 0 3
1.7547522 1.4666114 -0.540878 6 0 0 0 3
2.1080337 1.727267 -0.81145889 6 0 0 0 3
2.4019117 1.488256 -1.0180097 6 0 0 0 3
1.8103462 1.0780822 -0.55192459 6 0 0 0 3
2.2970045 0.94900066 -0.8784923 6 0 0 0 3
1.6911142 1.5544246 -0.51411676 6 0 0 0 3
1.7638425 1.1456044 -0.51783222 6 0 0 0 3
2.2664444 1.4451747 -0.93429226 6 0 0 0 3
1.9774717 1.266933 -0.67895687 6 0 0 0 3
1.897154 1.1696374 -0.62569547 6 0 0 0 3
1.6885507 1.3403944 -0.49817863 6 0 0 0 3
2.214005 1.2790105 -0.84972626 6 0 0 0 3
2.2897782 1.6435381 -0.94248891 6 0 0 0 3
1.9829504 1.7856979 -0.73683494 6 0 0 0 3
2.009551 0.95063609 -0.67181933 6 0 0 0 3
2.0210884 1.0297037 -0.69399339 6 0 0 0 3
1.8687785 0.9699806 -0.59890634 6 0 0 0 3
2.0910726 0.85228962 -0.72477084 6 0 0 0 3
2.035763 1.1148295 -0.69298148 6 0 0 0 3
2.0560219 1.5411685 -0.76220739 6 0 0 0 3
2.2971988 1.6295871 -0.99097711 7 0 0 0 3
1.9652835 1.6066587 -0.74947649 7 0 0 0 3
2.0863287 1.0758083 -0.8142302 7 0 0 0 3
2.0199883 0.9615947 -0.73486578 7 0 0 0 3
2.5421467 1.1406686 -1.1748224 7 0 0 0 3
1.8966466 1.3661567 -0.66684967 7 0 0 0 3
1.9345196 0.94219929 -0.68280631 7 0 0 0 3
2.3273494 1.4965607 -1.0308018 7 0 0 0 3
1.8108475 0.99982011 -0.5940358 7 0 0 0 3
1.6456168 1.1862996 -0.47748899 7 0 0 0 3
1.9342825 1.7678121 -0.72969735 7 0 0 0 3
2.2043247 1.878311 -0.92814922 7 0 0 0 3
1.7823416 1.1915572 -0.57961303 7 0 0 0 3
1.9538856 1.3976395 -0.72824472 7 0 0 0 3
1.7260805 1.4412295 -0.55756068 7 0 0 0 3
2.12626 1.7657777 -0.85730809 7 0 0 0 3
1.9287615 1.5901384 -0.73286301 7 0 0 0 3
1.8618586 1.4765267 -0.65170532 7 0 0 0 3
2.1330347 1.2854401 -0.85417944 7 0 0 0 3
1.9373027 0.70538825 -0.6771363 7 0 0 0 3
1.8220543 1.7451525 -0.63052982 7 0 0 0 3
1.960897 1.6266552 -0.73785549 7 0 0 0 3
2.0222962 1.678982 -0.78875494 7 0 0 0 3
2.1190851 1.5211411 -0.84439498 7 0 0 0 3
2.0720062 1.4264048 -0.81790334 7 0 0 0 3
1.7206874 1.2361279 -0.54725665 7 0 0 0 3
1.8814814 0.97145659 -0.66406238 7 0 0 0 3
1.8001994 1.0566047 -0.59897351 7 0 0 0 3
1.8679271 1.2661997 -0.64776409 7 0 0 0 3
2.3800235 1.4212627 -1.031022 7 0 0 0 3
1.8403169 1.1433839 -0.61204517 7 0 0 0 3
1.9299586 0.73200399 -0.6562258 7 0 0 0 3
1.8996948 0.90281069 -0.66625243 7 0 0 0 3
2.1805677 0.98174024 -0.87910783 7 0 0 0 3
2.3281844 1.0886586 -0.99336833 7 0 0 0 3
1.9490942 1.4644549 -0.72918552 7 0 0 0 3
1.7364337 1.3274416 -0.56005436 7 0 0 0 3
2.0996079 1.6362014 -0.82765263 7 0 0 0 3
1.7717099 0.95702195 -0.56126195 7 0 0 0 3
2.3872929 1.3178817 -1.0489026 7 0 0 0 3
1.6976086 1.347527 -0.50470072 8 0 0 0 3
1.996587 1.0560822 -0.72142321 8 0 0 0 3
1.611604 1.3690221 -0.45200261 8 0 0 0 3
2.4128962 1.3131859 -1.0511034 8 0 0 0 3
2.1278546 1.1470256 -0.80581915 8 0 0 0 3
1.7183529 1.154326 -0.52549404 8 0 0 0 3
2.1527808 1.555993 -0.88711292 8 0 0 0 3
1.8095906 1.8309381 -0.62654537 8 0 0 0 3
2.0948799 1.4964414 -0.82213116 8 0 0 0 3
2.0410457 1.0011946 -0.75338328 8 0 0 0 3
2.1446857 1.4372723 -0.86845613 8 0 0 0 3
1.6351161 1.6731379 -0.47571576 8 0 0 0 3
2.0123003 1.157618 -0.72892576 8 0 0 0 3
2.0235174 1.1618843 -0.76331037 8 0 0 0 3
1.6623821 1.6650187 -0.49794373 8 0 0 0 3
1.9770455 1.327816 -0.71572948 8 0 0 0 3
1.8576483 1.4873167 -0.6425333 8 0 0 0 3
2.3585954 1.1626792 -0.99625546 8 0 0 0 3
2.3764625 1.5541593 -1.0584617 8 0 0 0 3
2.1802127 1.8402821 -0.91025543 8 0 0 0 3
2.0176938 0.88890493 -0.75116324 8 0 0 0 3
2.3888719 1.1196611 -1.0246549 8 0 0 0 3
2.0950747 0.96655637 -0.79676175 8 0 0 0 3
1.9845903 1.3521909 -0.75902653 8 0 0 0 3
2.0758262 1.2266992 -0.80435467 8 0 0 0 3
2.2360415 1.9526948 -0.95264816 8 0 0 0 3
1.8722656 1.6052799 -0.67726612 8 0 0 0 3
1.7495129 1.4742439 -0.57978386 8 0 0 0 3
2.1031353 1.3386567 -0.83527952 8 0 0 0 3
2.4416118 1.3860918 -1.0863465 8 0 0 0 3
2.1567852 1.1546131 -0.86442935 8 0 0 0 3
2.2300134 1.72075 -0.93153113 8 0 0 0 3
1.9196953 0.9747563 -0.66114867 8 0 0 0 3
1.7704362 1.7110955 -0.57527453 8 0 0 0 3
2.2126784 1.4571559 -0.90355504 8 0 0 0 3
2.1624389 1.5717778 -0.88270324 8 0 0 0 3
1.7560769 1.2338965 -0.54816383 8 0 0 0 3
1.9018751 1.7827953 -0.67546415 8 0 0 0 3
2.3595436 1.2017901 -1.0290648 8 0 0 0 3
2.1186821 1.5539328 -0.83743078 8 0 0 0 3
1.7563049 1.2241871 -0.41097307 9 0 0 0 3
2.220957 1.5557516 -0.77895588 9 0 0 0 3
1.7812136 1.4236658 -0.47763082 9 0 0 0 3
2.3331957 1.3829441 -0.87341344 9 0 0 0 3
2.0735459 1.2680197 -0.68648976 9 0 0 0 3
2.3406203 1.1887555 -0.86985594 9 0 0 0 3
1.779242 1.4687366 -0.45996928 9 0 0 0 3
1.9574778 1.0314717 -0.57955813 9 0 0 0 3
1.8105477 0.92465407 -0.43259254 9 0 0 0 3
1.9435101 1.5402464 -0.57335562 9 0 0 0 3
1.9222531 1.0776589 -0.5340479 9 0 0 0 3
1.9972705 0.75259179 -0.57913625 9 0 0 0 3
2.0675693 1.7521132 -0.67987448 9 0 0 0 3
2.1769311 1.971892 -0.79439032 9 0 0 0 3
1.9040431 0.88768589 -0.50796765 9 0 0 0 3
2.3484244 1.5056911 -0.89957786 9 0 0 0 3
1.9810317 1.3708041 -0.6101048 9 0 0 0 3
2.0473685 1.1252605 -0.64759815 9 0 0 0 3
1.7644473 1.0344281 -0.39869472 9 0 0 0 3
2.0040543 1.3954673 -0.59955555 9 0 0 0 3
2.1790733 1.1544681 -0.7354849 9 0 0 0 3
1.774598 1.7021717 -0.45403808 9 0 0 0 3
2.2577274 1.7789811 -0.84059113 9 0 0 0 3
2.4494371 1.1123637 -0.95855355 9 0 0 0 3
1.7682396 1.6422116 -0.4482424 9 0 0 0 3
2.1848207 1.8775702 -0.75772548 9 0 0 0 3
2.3854091 1.1822759 -0.90546089 9 0 0 0 3
2.0690963 1.1187341 -0.64374125 9 0 0 0 3
1.7319641 1.6213667 -0.43518874 9 0 0 0 3
2.492419 1.3180355 -0.98904836 9 0 0 0 3
1.7628912 1.7025131 -0.46526641 9 0 0 0 3
1.7029108 1.5865299 -0.38694739 9 0 0 0 3
1.8766689 1.3470178 -0.49720433 9 0 0 0 3
1.8440124 1.4235244 -0.49278155 9 0 0 0 3
1.7111473 1.2058009 -0.3691825 9 0 0 0 3
1.8400209 0.87320179 -0.45962647 9 0 0 0 3
1.9391567 1.0299712 -0.55312073 9 0 0 0 3
2.3042629 1.5808405 -0.84792507 9 0 0 0 3
2.0492036 1.8714216 -0.66818565 9 0 0 0 3
1.9914811 0.7252214 -0.55742753 9 0 0 0 3
1.5727885 1.5583619 -0.33665025 10 0 0 0 3
1.8938391 1.5090151 -0.58462608 10 0 0 0 3
1.7936755 0.87193239 -0.49288604 10 0 0 0 3
2.3089869 1.2951301 -0.88066083 10 0 0 0 3
1.5192095 1.5987616 -0.33089405 10 0 0 0 3
1.7031792 1.2281739 -0.42954504 10 0 0 0 3
2.2384522 1.5738714 -0.83603352 10 0 0 0 3
2.3641887 1.4036914 -0.94395739 10 0 0 0 3
2.0804927 1.4397871 -0.72307384 10 0 0 0 3
1.5091319 1.4522601 -0.31623483 10 0 0 0 3
2.3753262 1.2172477 -0.92361039 10 0 0 0 3
1.7423762 1.7488993 -0.494093 10 0 0 0 3
2.0416672 0.93215454 -0.65676552 10 0 0 0 3
2.1454837 0.92538869 -0.74203759 10 0 0 0 3
2.0366902 1.4087573 -0.69010991 10 0 0 0 3
2.1907165 1.8961076 -0.81866533 10 0 0 0 3
1.947157 1.0999279 -0.60536051 10 0 0 0 3
2.2513514 1.2551887 -0.80707711 10 0 0 0 3
1.8908974 1.6742115 -0.58840531 10 0 0 0 3
1.8100352 1.0796151 -0.51166594 10 0 0 0 3
1.780686 1.4101381 -0.49125957 10 0 0 0 3
2.0979669 1.3486561 -0.71256196 10 0 0 0 3
2.1054263 2.0291779 -0.752792 10 0 0 0 3
1.603773 1.5221689 -0.39437532 10 0 0 0 3
1.9257343 1.542316 -0.59769797 10 0 0 0 3
1.859386 0.86598885 -0.5282073 10 0 0 0 3
2.3563168 1.3540568 -0.93637687 10 0 0 0 3
1.774732 1.3816526 -0.50703573 10 0 0 0 3
1.7107642 1.7385646 -0.47419474 10 0 0 0 3
1.8315003 1.3823035 -0.53220558 10 0 0 0 3
2.1927898 1.8706917 -0.81499034 10 0 0 0 3
1.564622 1.3546574 -0.33392754 10 0 0 0 3
1.9491148 1.6747313 -0.65132105 10 0 0 0 3
1.6772012 1.4370136 -0.43033311 10 0 0 0 3
1.7257993 1.4324297 -0.45332959 10 0 0 0 3
1.6928837 1.2782092 -0.44644907 10 0 0 0 3
1.5612077 1.4334317 -0.34134853 10 0 0 0 3
2.0003343 1.5491612 -0.66715717 10 0 0 0 3
1.8481529 1.2735089 -0.52378964 10 0 0 0 3
2.2112558 1.1150172 -0.80048609 10 0 0 0 3
2.2377453 1.019232 -0.66019124 11 0 0 0 3
2.0124977 1.7376516 -0.55373204 11 0 0 0 3
1.537951 1.6005599 -0.21251054 11 0 0 0 3
1.7545327 1.1164435 -0.35533765 11 0 0 0 3
2.3441334 1.4277943 -0.73047751 11 0 0 0 3
2.0231202 0.96592671 -0.50307196 11 0 0 0 3
2.0629992 1.9458236 -0.58545166 11 0 0 0 3
2.0285587 0.87409478 -0.50330341 11 0 0 0 3
2.5622818 1.2251549 -0.8886472 11 0 0 0 3
2.2179432 1.2822672 -0.64459789 11 0 0 0 3
2.4606614 1.24756 -0.82579786 11 0 0 0 3
1.8281053 1.4744012 -0.40141106 11 0 0 0 3
1.9863746 0.80941701 -0.46922511 11 0 0 0 3
2.113436 1.4414108 -0.61676854 11 0 0 0 3
2.3090315 1.0562243 -0.69929785 11 0 0 0 3
1.9481527 1.5217793 -0.48757669 11 0 0 0 3
2.0500553 1.0598774 -0.54034346 11 0 0 0 3
2.4610524 1.3286797 -0.81725353 11 0 0 0 3
1.8584539 1.5777448 -0.4055146 11 0 0 0 3
1.6916612 1.6834764 -0.32648578 11 0 0 0 3
1.6002444 1.5098259 -0.23746917 11 0 0 0 3
2.3845768 1.1841903 -0.77582097 11 0 0 0 3
2.135808 1.4174 -0.60826725 11 0 0 0 3
2.1682122 1.5405868 -0.63113749 11 0 0 0 3
1.7704904 1.2760123 -0.34786537 11 0 0 0 3
2.1942213 1.7084553 -0.65119243 11 0 0 0 3
1.9069719 1.3585802 -0.46525776 11 0 0 0 3
1.7205033 1.3499924 -0.33282375 11 0 0 0 3
2.0447919 1.7754831 -0.55113798 11 0 0 0 3
2.2454674 1.7336984 -0.69473916 11 0 0 0 3
2.1390309 0.95050621 -0.60002393 11 0 0 0 3
2.5793586 1.2716703 -0.89766765 11 0 0 0 3
1.9804466 0.89674479 -0.47736982 11 0 0 0 3
1.8054678 1.5801715 -0.39161727 11 0 0 0 3
1.7119952 1.1718481 -0.3046279 11 0 0 0 3
1.6128347 1.5797217 -0.26084089 11 0 0 0 3
2.3799996 1.1132236 -0.7381736 11 0 0 0 3
2.4945245 1.1940111 -0.84166712 11 0 0 0 3
2.4126904 1.2880346 -0.79923642 11 0 0 0 3
2.0477135 1.0697681 -0.52773589 11 0 0 0 3
1.7700814 1.2960283 -0.62847668 12 0 0 0 3
2.040839 1.8590728 -0.89400142 12 0 0 0 3
2.2954624 1.48362 -1.0851827 12 0 0 0 3
1.6333152 1.2193607 -0.53546715 12 0 0 0 3
1.6885824 1.462322 -0.59484863 12 0 0 0 3
1.9051874 1.8385011 -0.77417237 12 0 0 0 3
2.1406119 1.6981919 -0.92263204 12 0 0 0 3
1.8724688 1.6975684 -0.73488688 12 0 0 0 3
2.4059312 1.2621002 -1.1597307 12 0 0 0 3
1.8088782 0.8291356 -0.66063094 12 0 0 0 3
1.6094029 1.4481045 -0.52121282 12 0 0 0 3
2.2714987 1.3883247 -1.0473135 12 0 0 0 3
1.7804811 1.1841666 -0.67729819 12 0 0 0 3
2.1946812 1.6615839 -0.98582095 12 0 0 0 3
2.0774326 1.9481341 -0.91749913 12 0 0 0 3
1.9667274 0.86652035 -0.76971519 12 0 0 0 3
1.5556206 1.2700484 -0.48298126 12 0 0 0 3
1.8953506 1.064624 -0.74755991 12 0 0 0 3
2.0257695 2.0267723 -0.87224108 12 0 0 0 3
1.5150368 1.3936329 -0.47189298 12 0 0 0 3
1.7378566 1.5530107 -0.63209796 12 0 0 0 3
2.164319 1.6562659 -0.99263465 12 0 0 0 3
2.2212877 1.4149778 -1.0321419 12 0 0 0 3
2.0999944 1.0321485 -0.8977564 12 0 0 0 3
2.4226017 1.3122895 -1.1702791 12 0 0 0 3
1.9901477 1.9821056 -0.86975038 12 0 0 0 3
1.7645077 1.6223265 -0.6711446 12 0 0 0 3
1.6812198 1.4212817 -0.584997 12 0 0 0 3
1.6307749 1.5157676 -0.55014062 12 0 0 0 3
2.2289336 1.4634335 -1.0097229 12 0 0 0 3
1.984176 1.4189478 -0.82117343 12 0 0 0 3
2.3229296 1.2868054 -1.0976793 12 0 0 0 3
2.0923307 1.6783201 -0.92891634 12 0 0 0 3
1.916837 1.1316754 -0.76309162 12 0 0 0 3
1.7420046 1.1526486 -0.62618393 12 0 0 0 3
1.9443793 1.5181344 -0.78090709 12 0 0 0 3
2.0063319 1.5457995 -0.83780921 12 0 0 0 3
1.6662157 1.0863026 -0.57329112 12 0 0 0 3
1.8388654 0.94045675 -0.67478389 12 0 0 0 3
1.7934439 1.7045124 -0.67747885 12 0 0 0 3
2.1373169 1.3129553 -0.93905646 13 0 0 0 3
1.765831 1.0530425 -0.6244275 13 0 0 0 3
2.0941501 2.0282691 -0.97830296 13 0 0 0 3
1.9005078 1.4874018 -0.79451346 13 0 0 0 3
1.8427426 1.9166516 -0.75285035 13 0 0 0 3
1.6685337 1.6818254 -0.62441283 13 0 0 0 3
1.9959202 1.8839037 -0.89517725 13 0 0 0 3
2.2339518 1.7727381 -1.094955 13 0 0 0 3
1.6260651 1.6389073 -0.55035746 13 0 0 0 3
1.9906453 2.0089386 -0.91291171 13 0 0 0 3
2.1347027 1.8332088 -1.0241055 13 0 0 0 3
1.8026139 1.305672 -0.68493134 13 0 0 0 3
1.9757178 1.6474912 -0.85053205 13 0 0 0 3
2.3938639 1.3169587 -1.1832857 13 0 0 0 3
1.8786219 0.88522589 -0.70629632 13 0 0 0 3
2.1347303 1.2125826 -0.95862615 13 0 0 0 3
1.6152285 1.5210416 -0.54384267 13 0 0 0 3
1.6678526 1.3714666 -0.59419823 13 0 0 0 3
2.0098667 1.0435547 -0.82721436 13 0 0 0 3
1.4979002 1.629101 -0.47566026 13 0 0 0 3
1.7675607 1.0690445 -0.62181497 13 0 0 0 3
1.5728554 1.4226729 -0.51620936 13 0 0 0 3
2.0709317 1.3491998 -0.90555781 13 0 0 0 3
2.1072021 1.7817221 -1.0012823 13 0 0 0 3
1.5599042 1.5522834 -0.5037756 13 0 0 0 3
1.6521069 1.3870713 -0.56234932 13 0 0 0 3
2.0267549 1.4314395 -0.88419139 13 0 0 0 3
1.7421232 1.739095 -0.68033803 13 0 0 0 3
2.0581844 1.3777958 -0.88135535 13 0 0 0 3
2.0997965 1.0968443 -0.93194842 13 0 0 0 3
2.3423495 1.3926631 -1.1248766 13 0 0 0 3
2.0221436 1.7163984 -0.90559494 13 0 0 0 3
1.7632807 1.441439 -0.63325751 13 0 0 0 3
2.035809 0.97830522 -0.84199393 13 0 0 0 3
1.8576825 1.8609798 -0.79232639 13 0 0 0 3
2.2347164 1.7157727 -1.0931073 13 0 0 0 3
2.1061611 1.7709278 -0.98936319 13 0 0 0 3
1.5462822 1.5291338 -0.48083261 13 0 0 0 3
2.0733097 1.0337273 -0.85888201 13 0 0 0 3
1.6974822 1.1017759 -0.59245324 13 0 0 0 3
2.0217466 0.88844961 -0.73696697 14 0 0 0 3
1.8222319 1.2530876 -0.65256357 14 0 0 0 3
2.0221677 1.3211275 -0.79711848 14 0 0 0 3
2.1237435 1.4636985 -0.90059543 14 0 0 0 3
1.6785812 1.732897 -0.57662034 14 0 0 0 3
1.9383242 1.8539834 -0.76800215 14 0 0 0 3
1.5508183 1.6415418 -0.47221145 14 0 0 0 3
2.3229635 1.203858 -1.0122842 14 0 0 0 3
1.9122456 1.4309202 -0.7268948 14 0 0 0 3
2.2219672 1.4485997 -0.95963383 14 0 0 0 3
1.6306348 1.7355151 -0.50396639 14 0 0 0 3
2.2425172 1.4404298 -0.95026642 14 0 0 0 3
2.3303487 1.5265945 -1.0289758 14 0 0 0 3
2.2350693 1.0435538 -0.93583274 14 0 0 0 3
1.6869605 1.2547421 -0.5549916 14 0 0 0 3
1.7116927 1.2348573 -0.56704873 14 0 0 0 3
2.2056105 1.1764585 -0.91607404 14 0 0 0 3
2.0521884 1.9949145 -0.84754342 14 0 0 0 3
2.0854163 1.4690241 -0.84995103 14 0 0 0 3
2.0999668 0.9897095 -0.81758666 14 0 0 0 3
2.2418044 1.3727591 -0.96285009 14 0 0 0 3
1.9433374 1.9258447 -0.78451836 14 0 0 0 3
1.7723584 1.1241442 -0.60526717 14 0 0 0 3
2.0418448 1.6527741 -0.81828243 14 0 0 0 3
1.6757065 1.3485838 -0.55481672 14 0 0 0 3
2.2291505 1.653132 -0.97483575 14 0 0 0 3
2.0514505 1.0792283 -0.81480932 14 0 0 0 3
2.2684102 1.3687608 -0.98429084 14 0 0 0 3
2.1282985 1.5934807 -0.89020497 14 0 0 0 3
1.9299847 1.1995007 -0.73772818 14 0 0 0 3
2.057328 1.4385825 -0.83893603 14 0 0 0 3
2.0466514 1.5531306 -0.81969911 14 0 0 0 3
2.0428402 1.037756 -0.79198718 14 0 0 0 3
2.2483094 1.3798845 -0.97051835 14 0 0 0 3
2.0946424 1.3900343 -0.86163104 14 0 0 0 3
2.2302072 1.7258739 -0.96111411 14 0 0 0 3
1.7867128 1.7824965 -0.64833331 14 0 0 0 3
2.0875108 1.0526717 -0.83865768 14 0 0 0 3
1.9328599 1.1048678 -0.71605414 14 0 0 0 3
2.3073204 1.1603045 -1.0093927 14 0 0 0 3
2.2667794 1.3707899 -1.0121875 15 0 0 0 3
1.936494 1.8731016 -0.80195129 15 0 0 0 3
1.6644183 1.796205 -0.61412674 15 0 0 0 3
1.7075514 1.0611886 -0.58571178 15 0 0 0 3
2.0330718 1.8880559 -0.87126803 15 0 0 0 3
1.6728479 1.2816076 -0.53954959 15 0 0 0 3
1.505354 1.5334063 -0.44666624 15 0 0 0 3
1.8066159 1.7988707 -0.67701054 15 0 0 0 3
1.8068582 1.0229261 -0.65249962 15 0 0 0 3
1.8313825 1.0307674 -0.65156978 15 0 0 0 3
2.2607369 1.5250391 -1.0240788 15 0 0 0 3
1.4306868 1.4977056 -0.40870756 15 0 0 0 3
1.7650634 1.6755352 -0.65409982 15 0 0 0 3
1.6869951 1.4005992 -0.5859111 15 0 0 0 3
2.0511551 1.4861244 -0.84423983 15 0 0 0 3
1.9900737 1.7478099 -0.82705903 15 0 0 0 3
1.5642161 1.4779584 -0.48290467 15 0 0 0 3
1.7177384 1.1567446 -0.58303761 15 0 0 0 3
2.3093674 1.236202 -1.0108993 15 0 0 0 3
1.6618795 1.6493362 -0.60854787 15 0 0 0 3
2.0435746 1.8875238 -0.88500077 15 0 0 0 3
2.2078581 1.7176468 -0.98496896 15 0 0 0 3
2.3379056 1.2833484 -1.0617807 15 0 0 0 3
2.2178309 1.5150076 -0.97545856 15 0 0 0 3
1.80598 1.1601648 -0.65520191 15 0 0 0 3
2.0814044 1.9313662 -0.91271377 15 0 0 0 3
2.2401352 1.4889519 -0.98969847 15 0 0 0 3
1.8793325 1.4645237 -0.7043047 15 0 0 0 3
1.911983 1.9398615 -0.7892108 15 0 0 0 3
1.3409117 1.57438 -0.35652456 15 0 0 0 3
2.2767997 1.2024318 -1.0091884 15 0 0 0 3
1.695652 1.3175998 -0.56550372 15 0 0 0 3
1.7318968 0.92482477 -0.57718003 15 0 0 0 3
1.9871519 1.6059599 -0.80816102 15 0 0 0 3
2.3932765 1.3024724 -1.0914445 15 0 0 0 3
1.7413983 1.2966865 -0.60075057 15 0 0 0 3
1.8177292 1.2747272 -0.6689325 15 0 0 0 3
2.096812 1.6201499 -0.90605587 15 0 0 0 3
1.6645226 1.6453501 -0.58146256 15 0 0 0 3
2.0023451 1.6926821 -0.82931429 15 0 0 0 3
1.7553016 1.8378594 -0.57735002 16 0 0 0 3
2.0693798 1.3571843 -0.78247011 16 0 0 0 3
2.404227 1.3520083 -1.058181 16 0 0 0 3
2.0563135 1.7345463 -0.80331135 16 0 0 0 3
2.0800674 1.1616033 -0.77984041 16 0 0 0 3
1.65001 1.7188283 -0.51715529 16 0 0 0 3
1.7402273 1.6892244 -0.55525178 16 0 0 0 3
2.1277514 1.0376784 -0.79657918 16 0 0 0 3
1.8186514 1.2375162 -0.5815146 16 0 0 0 3
1.5137564 1.7096392 -0.38930202 16 0 0 0 3
2.389735 1.424301 -1.0357349 16 0 0 0 3
1.960179 1.5267751 -0.72055721 16 0 0 0 3
1.9222381 1.7566644 -0.70062125 16 0 0 0 3
2.2581744 1.9174639 -0.97673786 16 0 0 0 3
2.3513308 1.2521337 -1.003196 16 0 0 0 3
1.5361158 1.7070085 -0.39840633 16 0 0 0 3
1.943745 1.8610982 -0.6979441 16 0 0 0 3
2.2336075 1.5046675 -0.90599918 16 0 0 0 3
1.7864956 1.6332492 -0.57083911 16 0 0 0 3
1.7247844 1.6220969 -0.54511303 16 0 0 0 3
2.2527761 1.1956214 -0.91227537 16 0 0 0 3
2.1054587 2.0841141 -0.87679666 16 0 0 0 3
2.5510662 1.3536365 -1.1313748 16 0 0 0 3
2.2736411 1.9431672 -0.99339938 16 0 0 0 3
2.45891 1.4217708 -1.0696547 16 0 0 0 3
1.7113385 1.3106979 -0.51827288 16 0 0 0 3
2.2859993 1.2998213 -0.93702233 16 0 0 0 3
1.9945971 1.2040281 -0.71661985 16 0 0 0 3
2.2499819 1.9769726 -0.99070907 16 0 0 0 3
1.7894446 1.2051157 -0.54159731 16 0 0 0 3
2.0697412 2.0787239 -0.83542114 16 0 0 0 3
1.9530656 1.4864792 -0.7159735 16 0 0 0 3
2.1446133 1.0245442 -0.80741215 16 0 0 0 3
2.2420025 1.6523604 -0.95071578 16 0 0 0 3
2.3372121 1.7905246 -1.0222605 16 0 0 0 3
2.1261983 1.4291805 -0.85528547 16 0 0 0 3
2.1403093 1.7235414 -0.88893795 16 0 0 0 3
2.099179 1.3946934 -0.80297393 16 0 0 0 3
1.8516545 1.5769104 -0.62877345 16 0 0 0 3
2.0932589 1.9712379 -0.86359632 16 0 0 0 3
1.6743369 1.0950068 -0.48814127 17 0 0 0 3
1.9327621 1.6770903 -0.74839807 17 0 0 0 3
1.7901641 1.4054043 -0.61381572 17 0 0 0 3
2.2635753 0.9994666 -0.93177617 17 0 0 0 3
2.2304969 1.6986827 -0.9553175 17 0 0 0 3
2.0988455 1.7918286 -0.90710145 17 0 0 0 3
1.9007221 1.139864 -0.64512748 17 0 0 0 3
1.909264 1.6550407 -0.73920161 17 0 0 0 3
1.7251978 1.5915904 -0.59042758 17 0 0 0 3
2.3317292 1.1896867 -0.99735993 17 0 0 0 3
1.9831567 0.77047551 -0.68900335 17 0 0 0 3
2.2578285 1.2453147 -0.94449049 17 0 0 0 3
2.3539822 1.5067794 -1.0577966 17 0 0 0 3
1.6220547 1.424332 -0.50346416 17 0 0 0 3
2.141608 1.1589942 -0.8371349 17 0 0 0 3
2.2357621 1.4442096 -0.95648152 17 0 0 0 3
2.2511945 1.1836865 -0.94391268 17 0 0 0 3
1.7564107 1.0238112 -0.54795957 17 0 0 0 3
2.4645841 1.141147 -1.1245035 17 0 0 0 3
1.7370155 1.6386306 -0.60831368 17 0 0 0 3
2.2127612 1.1476434 -0.89465606 17 0 0 0 3
2.2041368 1.1643418 -0.89756238 17 0 0 0 3
1.7574855 1.0260828 -0.54807055 17 0 0 0 3
2.1662147 1.2514311 -0.88469017 17 0 0 0 3
2.1994853 0.87134522 -0.85524917 17 0 0 0 3
1.751892 1.3347594 -0.60012764 17 0 0 0 3
2.0577784 1.5923622 -0.83085835 17 0 0 0 3
2.1445713 1.7751445 -0.93967813 17 0 0 0 3
2.0056775 0.91649687 -0.72515595 17 0 0 0 3
1.6643369 1.2390431 -0.51025528 17 0 0 0 3
2.1638689 1.3970033 -0.87867308 17 0 0 0 3
2.0599167 1.8012397 -0.84283078 17 0 0 0 3
1.9701427 1.7732874 -0.78927511 17 0 0 0 3
1.9402871 1.2127565 -0.70615143 17 0 0 0 3
2.0520272 1.5374974 -0.80598104 17 0 0 0 3
1.8027278 1.4188001 -0.6480512 17 0 0 0 3
2.4355335 1.2185296 -1.096326 17 0 0 0 3
2.1632721 1.764187 -0.93815565 17 0 0 0 3
1.8727303 0.71339071 -0.60903281 17 0 0 0 3
2.0966032 0.99779546 -0.80081844 17 0 0 0 3
1.7518911 1.7151768 -0.56823343 18 0 0 0 3
1.9843552 1.0793371 -0.65150666 18 0 0 0 3
2.224453 1.1416839 -0.83880228 18 0 0 0 3
1.8843579 0.94732946 -0.55621874 18 0 0 0 3
2.2795761 1.2114234 -0.88077515 18 0 0 0 3
1.7630224 0.88000959 -0.49980095 18 0 0 0 3
1.7462227 1.4361186 -0.52376968 18 0 0 0 3
2.2981703 1.2002946 -0.88908148 18 0 0 0 3
1.7985476 1.0214348 -0.55559993 18 0 0 0 3
1.8966494 1.4505724 -0.64025187 18 0 0 0 3
1.7867527 1.6008027 -0.55512601 18 0 0 0 3
1.8267616 1.1264043 -0.54905373 18 0 0 0 3
1.9939259 1.8686433 -0.73260152 18 0 0 0 3
1.843794 0.79544109 -0.51808161 18 0 0 0 3
2.2979851 1.6486375 -0.92791599 18 0 0 0 3
1.9252281 1.6364993 -0.68261778 18 0 0 0 3
1.9244711 1.7312659 -0.67724198 18 0 0 0 3
1.9650893 1.0400722 -0.63130701 18 0 0 0 3
1.5864398 1.4664257 -0.42632866 18 0 0 0 3
2.0609462 0.98578161 -0.71863759 18 0 0 0 3
2.3502824 1.4140877 -0.94428408 18 0 0 0 3
1.9284171 1.1069496 -0.59672445 18 0 0 0 3
1.7110983 1.2836994 -0.50583351 18 0 0 0 3
2.3753545 1.1970868 -0.94402289 18 0 0 0 3
1.671448 1.4566549 -0.49888128 18 0 0 0 3
2.0646 1.7310638 -0.77671546 18 0 0 0 3
1.7616705 1.6056095 -0.55434287 18 0 0 0 3
1.9858758 1.1503251 -0.66533899 18 0 0 0 3
2.0883121 1.5338383 -0.78033572 18 0 0 0 3
1.893092 1.451424 -0.63447225 18 0 0 0 3
2.1334639 1.2703608 -0.78286326 18 0 0 0 3
1.8124233 1.7253132 -0.5883919 18 0 0 0 3
1.5402792 1.7094829 -0.39742178 18 0 0 0 3
1.6319224 1.4163281 -0.45604259 18 0 0 0 3
2.3927882 1.2491275 -0.96955532 18 0 0 0 3
1.9784517 0.87465578 -0.62979615 18 0 0 0 3
1.774158 1.2634863 -0.51882488 18 0 0 0 3
1.5500175 1.5925044 -0.42690688 18 0 0 0 3
1.6854155 1.5207481 -0.50669706 18 0 0 0 3
2.1889968 1.3032366 -0.82494462 18 0 0 0 3
2.2138753 1.6180749 -0.94522482 19 0 0 0 3
1.8628402 1.2842287 -0.65720874 19 0 0 0 3
1.9851205 1.446443 -0.72800547 19 0 0 0 3
2.1756623 1.093564 -0.85538405 19 0 0 0 3
1.8983912 1.2730761 -0.69562614 19 0 0 0 3
1.7760662 1.7639407 -0.63361919 19 0 0 0 3
1.8372471 1.4536684 -0.6388337 19 0 0 0 3
1.4715292 1.5136311 -0.38928172 19 0 0 0 3
2.476913 1.2156361 -1.0790768 19 0 0 0 3
2.0170362 0.88663685 -0.74101073 19 0 0 0 3
2.2565753 1.2704117 -0.93588489 19 0 0 0 3
2.0797787 1.8226862 -0.85495216 19 0 0 0 3
2.1206677 0.93352002 -0.82427001 19 0 0 0 3
1.9581563 1.5445048 -0.73003352 19 0 0 0 3
1.8123233 1.0086015 -0.60567874 19 0 0 0 3
1.9999233 0.96426052 -0.72988391 19 0 0 0 3
1.8521479 1.7897329 -0.67751628 19 0 0 0 3
1.8907087 1.408025 -0.69994825 19 0 0 0 3
1.852024 0.77691084 -0.59873652 19 0 0 0 3
2.2948477 1.5599107 -0.95827943 19 0 0 0 3
1.9622599 1.730049 -0.75409335 19 0 0 0 3
1.7397691 0.91857082 -0.54751915 19 0 0 0 3
1.9706635 1.9116145 -0.76874685 19 0 0 0 3
2.0769072 1.4119977 -0.80862027 19 0 0 0 3
1.8200898 1.0917147 -0.60925013 19 0 0 0 3
2.2151396 1.3330429 -0.92696232 19 0 0 0 3
1.6615222 1.3997575 -0.53424662 19 0 0 0 3
1.7444588 1.2613674 -0.54896808 19 0 0 0 3
2.1518877 1.4035461 -0.87136543 19 0 0 0 3
1.8826052 1.5906435 -0.68202072 19 0 0 0 3
1.9478563 0.85976189 -0.68116415 19 0 0 0 3
1.5172657 1.3439614 -0.41799957 19 0 0 0 3
1.8860223 1.5760943 -0.70636624 19 0 0 0 3
1.6866897 1.7255229 -0.56422436 19 0 0 0 3
1.9970825 1.8217393 -0.77160108 19 0 0 0 3
1.9734361 1.2269214 -0.70884603 19 0 0 0 3
2.1257236 1.4260914 -0.83176053 19 0 0 0 3
2.0097759 1.2051409 -0.75687599 19 0 0 0 3
2.1794813 1.4557413 -0.8858214 19 0 0 0 3
1.7670969 1.7208505 -0.60892481 19 0 0 0 3
0.93180257 -0.90221626 1.4599088 0 0 0 0 4
1.0916338 -0.91572177 0.86144531 0 0 0 0 4
1.1654799 -1.5920777 1.0622255 0 0 0 0 4
1.0848681 -1.4882692 1.2574711 0 0 0 0 4
1.0994337 -1.1452138 0.95341218 0 0 0 0 4
1.0341402 -0.92836839 1.0733511 0 0 0 0 4
1.0299343 -1.5557305 1.5751101 0 0 0 0 4
1.0468657 -1.502133 1.5856414 0 0 0 0 4
1.0084435 -1.1591263 1.2917603 0 0 0 0 4
1.1391376 -1.0434968 0.75879991 0 0 0 0 4
1.0468415 -1.111773 1.0893447 0 0 0 0 4
1.0942106 -1.0236723 0.92630184 0 0 0 0 4
0.91766816 -1.0219121 1.7229545 0 0 0 0 4
0.96973222 -1.2126572 1.6085248 0 0 0 0 4
1.1582044 -1.5553321 1.0453976 0 0 0 0 4
1.0927838 -1.2094743 1.0912913 0 0 0 0 4
0.9830237 -0.86906248 1.3204736 0 0 0 0 4
0.957142 -1.0401647 1.5017979 0 0 0 0 4
0.98683721 -1.0699692 1.4720821 0 0 0 0 4
1.080196 -1.6336557 1.4225746 0 0 0 0 4
0.90118742 -1.1104014 1.8190442 0 0 0 0 4
0.91162747 -0.94401979 1.5793824 0 0 0 0 4
1.120172 -1.234758 0.91019481 0 0 0 0 4
1.1259557 -1.4472374 1.0840162 0 0 0 0 4
1.0949662 -1.3935802 1.1721507 0 0 0 0 4
0.99091494 -1.0894767 1.398919 0 0 0 0 4
0.99358642 -0.62176573 1.0695028 0 0 0 0 4
0.91806841 -1.1253213 1.6948217 0 0 0 0 4
1.0463248 -1.0572209 1.2086709 0 0 0 0 4
1.1102772 -1.3655214 1.1403091 0 0 0 0 4
1.1921102 -1.3309293 0.81058413 0 0 0 0 4
1.1331117 -1.4050564 1.051006 0 0 0 0 4
0.95987278 -0.68491352 1.2156278 0 0 0 0 4
1.0923884 -1.4860435 1.1907474 0 0 0 0 4
1.0960965 -0.90638721 0.91776395 0 0 0 0 4
0.98483396 -1.1365389 1.5071938 0 0 0 0 4
1.0046358 -0.57427472 1.0484527 0 0 0 0 4
1.1768014 -1.8005819 1.2187175 0 0 0 0 4
0.95043188 -0.71901643 1.2517587 0 0 0 0 4
1.1065742 -0.91882145 0.86958158 0 0 0 0 4
1.0136734 -1.2976899 1.4129742 1 0 0 0 4
0.92394423 -1.1503599 1.7501503 1 0 0 0 4
0.98255509 -1.4661486 1.7232929 1 0 0 0 4
0.96056747 -1.1893244 1.5602814 1 0 0 0 4
0.8963685 -1.3541903 1.880736 1 0 0 0 4
1.1131489 -1.3182315 1.0503629 1 0 0 0 4
1.0709778 -1.6066481 1.4197906 1 0 0 0 4
0.88904685 -1.1939306 1.8156314 1 0 0 0 4
0.86917251 -1.2303753 1.9166747 1 0 0 0 4
0.99345446 -0.94846213 1.3025521 1 0 0 0 4
1.1411213 -1.3923774 0.98775923 1 0 0 0 4
0.95873433 -1.0668854 1.3827022 1 0 0 0 4
1.0093201 -1.2725672 1.3760511 1 0 0 0 4
0.97294158 -1.4708194 1.6890432 1 0 0 0 4
0.96065915 -0.79602087 1.3372611 1 0 0 0 4
1.1292465 -1.5492772 1.0695177 1 0 0 0 4
1.1196805 -1.3299909 1.0248445 1 0 0 0 4
0.87781459 -1.0401921 1.7935436 1 0 0 0 4
1.0683136 -1.6681911 1.3004261 1 0 0 0 4
1.0306929 -0.86559337 1.0686905 1 0 0 0 4
1.0566155 -1.1457258 1.097451 1 0 0 0 4
1.0410191 -1.7798754 1.5074273 1 0 0 0 4
0.88344443 -1.0223606 1.8142811 1 0 0 0 4
1.0289941 -1.5872849 1.4389929 1 0 0 0 4
1.1762142 -1.3956823 0.77464336 1 0 0 0 4
1.0049049 -0.82985735 1.1952662 1 0 0 0 4
1.0408818 -1.1182054 1.1755868 1 0 0 0 4
0.96994245 -1.4487976 1.6667957 1 0 0 0 4
0.980636 -1.3982815 1.5681294 1 0 0 0 4
1.0068468 -1.319913 1.4930617 1 0 0 0 4
0.99165267 -0.85037285 1.1714143 1 0 0 0 4
1.0372219 -0.88283241 1.1087548 1 0 0 0 4
1.0152168 -1.5042114 1.4946166 1 0 0 0 4
0.91244513 -1.1124409 1.6964574 1 0 0 0 4
1.0916872 -1.5685238 1.2631269 1 0 0 0 4
0.86863756 -1.1031884 1.8926041 1 0 0 0 4
1.0056814 -1.6106129 1.6384938 1 0 0 0 4
1.0356814 -1.2404997 1.219704 1 0 0 0 4
1.0161116 -1.1728965 1.2357914 1 0 0 0 4
0.93927199 -1.1810957 1.5625056 1 0 0 0 4
1.2600181 -1.3336977 0.66950315 2 0 0 0 4
1.0836828 -0.97275108 1.1644874 2 0 0 0 4
1.1263868 -0.87226307 0.94214368 2 0 0 0 4
1.1923997 -1.6206272 1.1845839 2 0 0 0 4
1.1738752 -1.1421876 0.84394985 2 0 0 0 4
1.2040806 -1.3538145 0.94448388 2 0 0 0 4
1.0011184 -1.0866252 1.4970369 2 0 0 0 4
0.95245665 -1.1452397 1.8173839 2 0 0 0 4
1.0848136 -1.4573429 1.4898859 2 0 0 0 4
1.2044415 -1.5632432 1.1193395 2 0 0 0 4
0.92896503 -1.0859196 1.8868937 2 0 0 0 4
1.0810986 -0.98147982 1.1464642 2 0 0 0 4
1.0372928 -1.4784647 1.6295582 2 0 0 0 4
1.0708054 -1.4714835 1.555513 2 0 0 0 4
1.0374076 -0.75380951 1.1298106 2 0 0 0 4
1.1688308 -1.5442625 1.2077646 2 0 0 0 4
1.007363 -1.1966044 1.4895356 2 0 0 0 4
1.0293658 -0.71083796 1.1679913 2 0 0 0 4
1.183198 -1.2046393 0.85769391 2 0 0 0 4
1.1356316 -1.6690911 1.4558607 2 0 0 0 4
1.1646219 -1.7092789 1.249078 2 0 0 0 4
1.1256386 -1.071064 0.99471545 2 0 0 0 4
1.0467358 -1.4351703 1.6131079 2 0 0 0 4
1.1382874 -1.3741359 1.03743 2 0 0 0 4
0.99488223 -0.94477892 1.5280793 2 0 0 0 4
1.0306424 -0.750323 1.1846604 2 0 0 0 4
0.91296226 -0.84411353 1.6579821 2 0 0 0 4
1.1379725 -1.1634167 1.0318493 2 0 0 0 4
1.158583 -1.2494886 0.95937204 2 0 0 0 4
1.0105684 -1.1777356 1.6371386 2 0 0 0 4
0.99637371 -1.1749313 1.6422654 2 0 0 0 4
1.156286 -1.5014265 1.1535776 2 0 0 0 4
1.2042476 -1.3848538 0.93013418 2 0 0 0 4
1.2427573 -1.3237411 0.73408431 2 0 0 0 4
1.1695852 -1.3062918 0.96105027 2 0 0 0 4
1.0717325 -0.81804198 1.0631546 2 0 0 0 4
1.1152455 -1.4837297 1.3280727 2 0 0 0 4
1.1305457 -1.1964278 1.1234814 2 0 0 0 4
1.0832731 -1.490597 1.4717078 2 0 0 0 4
1.0730553 -0.69679534 1.0593926 2 0 0 0 4
1.0528541 -1.1870918 0.99338931 3 0 0 0 4
0.97691566 -1.269522 1.4152609 3 0 0 0 4
1.0420682 -1.7171744 1.2762511 3 0 0 0 4
1.039796 -1.0578065 0.88025552 3 0 0 0 4
1.105984 -1.4908937 0.84745282 3 0 0 0 4
0.99412584 -0.95700264 1.1539259 3 0 0 0 4
1.0297023 -1.3743173 1.1867194 3 0 0 0 4
1.1176033 -1.2666595 0.6965456 3 0 0 0 4
1.0780405 -1.3985102 0.96446627 3 0 0 0 4
1.0201979 -1.3319813 1.1434482 3 0 0 0 4
0.9568134 -0.65202445 1.0637921 3 0 0 0 4
0.8619318 -0.98234934 1.7493186 3 0 0 0 4
0.87197131 -0.98038465 1.5834154 3 0 0 0 4
0.86272681 -0.94029987 1.7243383 3 0 0 0 4
1.0551451 -1.8555547 1.4367707 3 0 0 0 4
0.88118094 -1.140409 1.6854424 3 0 0 0 4
1.0558168 -1.6998316 1.2576243 3 0 0 0 4
1.0588365 -1.7783369 1.3327117 3 0 0 0 4
0.97755396 -1.523093 1.5798316 3 0 0 0 4
0.93192154 -1.4586453 1.7034435 3 0 0 0 4
1.0545976 -1.3626324 1.0389171 3 0 0 0 4
0.99008054 -1.1033747 1.0599864 3 0 0 0 4
1.0374465 -1.3746057 1.1745806 3 0 0 0 4
1.0395371 -1.6928868 1.3091735 3 0 0 0 4
0.91663212 -0.92851722 1.3564087 3 0 0 0 4
1.0631915 -1.0935494 0.78822523 3 0 0 0 4
0.9832592 -1.7238487 1.536783 3 0 0 0 4
1.0000243 -1.2687042 1.3344131 3 0 0 0 4
1.0258111 -0.92684376 0.88431758 3 0 0 0 4
1.0936452 -1.637869 1.0423336 3 0 0 0 4
0.98736626 -1.2043694 1.2183306 3 0 0 0 4
1.011806 -1.7468058 1.5423011 3 0 0 0 4
1.0312982 -1.4970032 1.1636133 3 0 0 0 4
0.99157816 -1.570513 1.4619359 3 0 0 0 4
0.95908356 -0.85781926 1.2035476 3 0 0 0 4
0.96076131 -1.4776701 1.5807189 3 0 0 0 4
1.0958874 -1.3370727 0.85329878 3 0 0 0 4
0.87925947 -1.1893891 1.6975551 3 0 0 0 4
0.97805834 -1.4417547 1.4913396 3 0 0 0 4
1.0706903 -1.1720285 0.90420043 3 0 0 0 4
1.0550843 -1.8575199 1.2909548 4 0 0 0 4
1.1123425 -1.4326833 0.75263953 4 0 0 0 4
1.0364116 -1.2828808 0.96710742 4 0 0 0 4
0.94798321 -1.1831495 1.3698534 4 0 0 0 4
1.0472084 -1.0817099 0.90463412 4 0 0 0 4
0.8922025 -1.013203 1.4915797 4 0 0 0 4
0.9142223 -1.2437817 1.5207087 4 0 0 0 4
1.0879817 -1.26639 0.75579387 4 0 0 0 4
0.95888895 -1.221332 1.3043213 4 0 0 0 4
1.0385745 -1.1318095 0.92032254 4 0 0 0 4
1.1247156 -1.6886085 0.80113077 4 0 0 0 4
0.94805568 -1.3342195 1.3325086 4 0 0 0 4
1.0231091 -1.0143301 0.78881729 4 0 0 0 4
0.89282215 -1.2165682 1.5421084 4 0 0 0 4
1.0383955 -1.1769494 0.96306497 4 0 0 0 4
0.94115674 -1.257195 1.4251794 4 0 0 0 4
1.1241853 -1.333001 0.59770125 4 0 0 0 4
1.1767793 -1.4260734 0.51418686 4 0 0 0 4
0.97666538 -0.77313709 0.98256022 4 0 0 0 4
0.97480774 -1.1605693 1.2507858 4 0 0 0 4
0.98982173 -1.2522805 1.2524028 4 0 0 0 4
1.0368302 -1.4726338 1.0787069 4 0 0 0 4
1.0332975 -1.4716552 1.1147552 4 0 0 0 4
0.91084749 -1.0106192 1.347344 4 0 0 0 4
1.0765887 -1.6413556 1.1217902 4 0 0 0 4
1.1201153 -1.3408829 0.65946162 4 0 0 0 4
1.0672394 -1.6576253 0.93666321 4 0 0 0 4
0.89980698 -1.1485964 1.6136087 4 0 0 0 4
0.961173 -1.2801249 1.332364 4 0 0 0 4
1.0313823 -0.93000412 0.79113424 4 0 0 0 4
1.0085423 -0.95006025 0.94823205 4 0 0 0 4
1.0205849 -1.4320052 1.1647049 4 0 0 0 4
1.0181724 -0.93816817 0.91649163 4 0 0 0 4
1.1455448 -1.3906722 0.63925356 4 0 0 0 4
0.95385748 -0.75986999 1.04498 4 0 0 0 4
1.1401279 -1.4763042 0.55940068 4 0 0 0 4
1.0018044 -1.4974756 1.2421464 4 0 0 0 4
0.9863891 -1.2091775 1.1570641 4 0 0 0 4
1.0765792 -1.0952488 0.65689558 4 0 0 0 4
1.058731 -1.6577404 1.1366162 4 0 0 0 4
1.0919886 -1.4256446 1.2820648 5 0 0 0 4
1.0847822 -0.78455359 1.0772581 5 0 0 0 4
1.0965878 -1.2508727 1.1313103 5 0 0 0 4
1.1749425 -1.4273024 0.88063693 5 0 0 0 4
1.0529931 -0.81553102 1.2214096 5 0 0 0 4
1.1079236 -1.4766392 1.1790355 5 0 0 0 4
1.1379745 -1.3556268 1.0349874 5 0 0 0 4
1.0589359 -0.85662198 1.1324977 5 0 0 0 4
1.1521395 -1.1710496 0.94910622 5 0 0 0 4
1.2184346 -1.4919063 0.80798274 5 0 0 0 4
0.98200911 -1.0582025 1.6019922 5 0 0 0 4
1.0809664 -1.7229013 1.4505517 5 0 0 0 4
1.0021304 -1.3194262 1.567613 5 0 0 0 4
1.0810574 -0.99486572 1.1758389 5 0 0 0 4
1.0251211 -1.2271515 1.4685242 5 0 0 0 4
0.94875419 -1.1504637 1.7315575 5 0 0 0 4
1.0305532 -0.77202249 1.2269957 5 0 0 0 4
1.0507457 -1.3861179 1.3680859 5 0 0 0 4
1.0823048 -1.0227686 1.1056632 5 0 0 0 4
1.2030187 -1.5099351 0.86592883 5 0 0 0 4
0.96254736 -1.4127827 1.7590683 5 0 0 0 4
1.0438184 -0.85249811 1.1958834 5 0 0 0 4
1.093685 -1.7667731 1.4329271 5 0 0 0 4
1.161011 -1.4191216 1.0456811 5 0 0 0 4
1.1350119 -1.5428793 1.2078291 5 0 0 0 4
1.2051371 -1.313094 0.71701646 5 0 0 0 4
1.1876991 -1.2371583 0.82007116 5 0 0 0 4
1.082166 -1.7617964 1.4585537 5 0 0 0 4
1.1155359 -1.3722214 1.1518767 5 0 0 0 4
1.0619514 -1.3466918 1.3834227 5 0 0 0 4
1.1732196 -1.1339233 0.86597502 5 0 0 0 4
1.1219207 -1.1222547 1.0956335 5 0 0 0 4
0.91732299 -1.1824089 1.8508269 5 0 0 0 4
1.0626259 -1.1602583 1.2655889 5 0 0 0 4
1.0092946 -1.2661005 1.5200806 5 0 0 0 4
1.0180136 -1.009088 1.4279892 5 0 0 0 4
1.1631182 -1.6437773 1.051108 5 0 0 0 4
1.0277566 -0.83516502 1.2887346 5 0 0 0 4
1.062505 -1.4132628 1.3485646 5 0 0 0 4
1.0004406 -1.0635878 1.3916588 5 0 0 0 4
0.92789626 -0.92573208 1.4889493 6 0 0 0 4
1.124931 -1.8202088 1.3651983 6 0 0 0 4
1.1347299 -1.199136 0.83303493 6 0 0 0 4
0.88878572 -1.0622405 1.8080953 6 0 0 0 4
1.1216393 -1.2309217 0.84831846 6 0 0 0 4
0.92318279 -1.1843283 1.799868 6 0 0 0 4
0.8880232 -0.99327779 1.7486956 6 0 0 0 4
1.0565101 -0.87014139 0.92726254 6 0 0 0 4
0.98495394 -0.95328236 1.3042215 6 0 0 0 4
1.1488755 -1.1958692 0.73748946 6 0 0 0 4
1.1326278 -1.4769508 1.0144634 6 0 0 0 4
1.0856421 -1.2219498 1.0755033 6 0 0 0 4
1.1859996 -1.6167628 0.94074327 6 0 0 0 4
1.0065466 -1.0073453 1.2676524 6 0 0 0 4
1.1432225 -1.6279169 1.0712395 6 0 0 0 4
1.026347 -1.4731352 1.495361 6 0 0 0 4
0.99242038 -1.2018529 1.4521848 6 0 0 0 4
1.0388138 -0.85948867 1.0736588 6 0 0 0 4
1.0959799 -1.2095037 0.96569008 6 0 0 0 4
0.92403203 -0.80327702 1.4278456 6 0 0 0 4
0.99454933 -1.3245319 1.510999 6 0 0 0 4
1.0314595 -1.4883102 1.4433203 6 0 0 0 4
1.0559125 -1.395768 1.2279661 6 0 0 0 4
1.1198779 -1.4522823 1.0873479 6 0 0 0 4
1.0037955 -1.3613814 1.4738024 6 0 0 0 4
1.1235832 -1.5946088 1.177348 6 0 0 0 4
1.0551521 -1.0961835 1.1673801 6 0 0 0 4
0.91872823 -0.95623004 1.5425978 6 0 0 0 4
1.1073922 -1.7688079 1.330044 6 0 0 0 4
0.97427553 -1.1821132 1.5110327 6 0 0 0 4
1.0124921 -1.3901929 1.4740179 6 0 0 0 4
1.0491449 -1.3952663 1.2984481 6 0 0 0 4
1.1215488 -1.6337732 1.174432 6 0 0 0 4
0.9705627 -1.1206214 1.5636061 6 0 0 0 4
1.0148014 -1.2421072 1.3708421 6 0 0 0 4
1.0765311 -1.8153614 1.4737681 6 0 0 0 4
0.93640399 -1.2298548 1.7344097 6 0 0 0 4
1.001392 -1.2504898 1.4722422 6 0 0 0 4
1.0402615 -1.1273923 1.1623325 6 0 0 0 4
0.99037302 -1.1726956 1.4429253 6 0 0 0 4
0.90740919 -0.80118877 1.1532732 7 0 0 0 4
0.90401423 -0.79958236 1.2409177 7 0 0 0 4
1.0206016 -1.5035458 0.90370816 7 0 0 0 4
1.0578233 -1.2265302 0.71403909 7 0 0 0 4
0.99577051 -1.1837015 0.95232075 7 0 0 0 4
0.87552673 -1.0591902 1.3525026 7 0 0 0 4
0.96405327 -1.679523 1.3499254 7 0 0 0 4
0.89751357 -0.93761045 1.2539696 7 0 0 0 4
1.0407953 -1.610563 0.9579379 7 0 0 0 4
0.83529848 -1.1200069 1.6331443 7 0 0 0 4
1.0846425 -1.4397017 0.70221806 7 0 0 0 4
0.86608112 -1.312914 1.6312212 7 0 0 0 4
1.0136199 -1.7696739 1.1676695 7 0 0 0 4
0.86742407 -1.3838143 1.6946979 7 0 0 0 4
0.99240774 -1.2399309 0.91985548 7 0 0 0 4
1.003655 -1.4921012 1.0259395 7 0 0 0 4
0.98893034 -1.3634735 1.091701 7 0 0 0 4
0.92067724 -0.74971455 1.0895262 7 0 0 0 4
0.87613499 -1.3208823 1.5293978 7 0 0 0 4
0.98107177 -1.7645854 1.2569131 7 0 0 0 4
0.97171038 -1.7739638 1.2698275 7 0 0 0 4
0.89670777 -0.98711038 1.3279073 7 0 0 0 4
0.9385131 -1.492278 1.3012462 7 0 0 0 4
0.95498514 -1.2033983 1.0861235 7 0 0 0 4
0.95635188 -1.7294062 1.4362127 7 0 0 0 4
1.0351086 -1.3814166 0.88352418 7 0 0 0 4
0.94540107 -0.72026867 1.0419102 7 0 0 0 4
0.90648848 -1.6164746 1.5359976 7 0 0 0 4
0.91447419 -1.3535398 1.339143 7 0 0 0 4
0.97366482 -1.1620837 1.0612334 7 0 0 0 4
0.91279501 -1.1719369 1.319532 7 0 0 0 4
0.96077394 -1.2475872 1.1760211 7 0 0 0 4
1.0280682 -1.1698637 0.78008956 7 0 0 0 4
1.0397723 -1.486151 0.91913176 7 0 0 0 4
0.93363684 -1.2290723 1.2644768 7 0 0 0 4
0.88580775 -0.80356944 1.2440975 7 0 0 0 4
1.0021137 -1.8867328 1.2765847 7 0 0 0 4
0.81867617 -1.1945359 1.7433404 7 0 0 0 4
1.042182 -1.4350381 0.81164277 7 0 0 0 4
0.89290273 -1.385211 1.4544621 7 0 0 0 4
0.97262746 -0.9512831 1.4637532 8 0 0 0 4
0.98648089 -1.1934958 1.4813101 8 0 0 0 4
0.92362928 -1.1717023 1.6053656 8 0 0 0 4
1.045221 -1.4117106 1.2928969 8 0 0 0 4
1.0104024 -1.2281743 1.380689 8 0 0 0 4
1.038242 -1.3961908 1.2673399 8 0 0 0 4
1.008219 -1.4196637 1.5451663 8 0 0 0 4
1.1318735 -1.5304872 0.9127813 8 0 0 0 4
1.0273731 -0.81318647 1.1004697 8 0 0 0 4
1.029969 -0.69352651 0.98646557 8 0 0 0 4
1.1094015 -1.092882 0.78799343 8 0 0 0 4
1.0604483 -1.5616084 1.3570483 8 0 0 0 4
0.9648543 -1.1903306 1.6260505 8 0 0 0 4
1.0481206 -0.9278574 0.96464932 8 0 0 0 4
1.1326097 -1.2671236 0.74244463 8 0 0 0 4
0.9831869 -1.1932176 1.5750597 8 0 0 0 4
0.99338025 -1.0665135 1.4004823 8 0 0 0 4
1.1315244 -1.3023926 0.66020691 8 0 0 0 4
1.0906402 -1.7827153 1.3691416 8 0 0 0 4
1.0343363 -0.7848236 0.94722509 8 0 0 0 4
1.0278491 -0.8210057 0.99775076 8 0 0 0 4
0.97490925 -1.1901196 1.5840008 8 0 0 0 4
0.96035135 -0.99488962 1.4803201 8 0 0 0 4
1.026711 -0.885764 1.1025416 8 0 0 0 4
0.94190848 -0.9269715 1.5761877 8 0 0 0 4
1.1123476 -1.2668942 0.95387602 8 0 0 0 4
1.0787777 -0.90438992 0.81090993 8 0 0 0 4
1.0307767 -1.1809905 1.0977333 8 0 0 0 4
1.0839955 -1.4946785 1.2880356 8 0 0 0 4
1.1884481 -1.3410767 0.56811756 8 0 0 0 4
0.99088609 -1.2094884 1.4570702 8 0 0 0 4
1.1549157 -1.552994 0.89799774 8 0 0 0 4
1.0098742 -0.92471927 1.2079984 8 0 0 0 4
1.0905836 -1.5369419 1.1882435 8 0 0 0 4
1.0771178 -1.0660187 0.80892485 8 0 0 0 4
1.0985618 -1.7228105 1.2991592 8 0 0 0 4
0.96084303 -0.8480922 1.4271299 8 0 0 0 4
1.0260259 -1.305246 1.3535041 8 0 0 0 4
1.0238668 -1.4730543 1.4253223 8 0 0 0 4
1.1478393 -1.5582191 0.82313627 8 0 0 0 4
0.9937399 -1.1991199 1.7122716 9 0 0 0 4
1.1728646 -1.3047519 0.99839044 9 0 0 0 4
1.054338 -0.89649355 1.2067242 9 0 0 0 4
1.1760106 -1.6338677 1.2279119 9 0 0 0 4
0.95726144 -1.145895 1.8808393 9 0 0 0 4
1.0673686 -1.396858 1.4924427 9 0 0 0 4
1.1542788 -1.1149772 0.91117495 9 0 0 0 4
1.2213163 -1.5525893 0.92036563 9 0 0 0 4
1.1522298 -1.539115 1.1161444 9 0 0 0 4
1.1914711 -1.5125419 0.96356642 9 0 0 0 4
1.1533493 -1.3752533 1.1389216 9 0 0 0 4
1.1525494 -1.9284108 1.4533333 9 0 0 0 4
1.060289 -1.4529831 1.6458913 9 0 0 0 4
1.048707 -1.1676806 1.5334239 9 0 0 0 4
1.013539 -1.317456 1.7462637 9 0 0 0 4
1.140486 -1.8350106 1.503227 9 0 0 0 4
1.0453798 -1.5162464 1.7573363 9 0 0 0 4
1.1588891 -1.3617284 1.0220566 9 0 0 0 4
0.98929602 -1.2237672 1.7608399 9 0 0 0 4
1.002538 -1.2384335 1.708919 9 0 0 0 4
1.2093366 -1.4846714 0.82922632 9 0 0 0 4
1.047519 -0.9567939 1.390662 9 0 0 0 4
1.1912787 -1.730991 1.1714216 9 0 0 0 4
0.97274065 -1.2316054 1.9136565 9 0 0 0 4
1.0382284 -1.1697718 1.5145214 9 0 0 0 4
1.1437845 -1.8607694 1.4010012 9 0 0 0 4
1.1708452 -1.4709672 1.0678024 9 0 0 0 4
0.99238545 -1.0691952 1.7353806 9 0 0 0 4
1.2292902 -1.4974227 0.78430462 9 0 0 0 4
1.0181415 -1.0080703 1.4189442 9 0 0 0 4
1.2143713 -1.3935105 0.8189317 9 0 0 0 4
1.1302428 -1.3590858 1.0746264 9 0 0 0 4
0.96304524 -1.0295171 1.7240986 9 0 0 0 4
1.0541536 -1.5174291 1.6422757 9 0 0 0 4
0.96837342 -1.121209 1.8062636 9 0 0 0 4
1.165078 -1.1910508 0.83015519 9 0 0 0 4
1.0083201 -0.93738425 1.4858809 9 0 0 0 4
1.0233253 -1.2909305 1.6415528 9 0 0 0 4
1.1016613 -1.0940688 1.0977432 9 0 0 0 4
0.99857175 -1.3037498 1.6933727 9 0 0 0 4
0.93127835 -1.6867809 1.4268117 10 0 0 0 4
0.94189888 -0.91682881 0.975564 10 0 0 0 4
1.0144343 -1.4089254 0.92779094 10 0 0 0 4
0.99861932 -1.1549602 0.82496005 10 0 0 0 4
0.95441163 -1.4992764 1.1853672 10 0 0 0 4
0.86418045 -0.74831516 1.2557606 10 0 0 0 4
0.88275015 -0.61405188 1.104468 10 0 0 0 4
0.87830448 -1.2207265 1.3628761 10 0 0 0 4
0.89281213 -1.1328597 1.2587967 10 0 0 0 4
0.81235892 -1.279791 1.6911001 10 0 0 0 4
1.0231467 -1.3407031 0.8388198 10 0 0 0 4
0.9150123 -0.76831639 0.99988657 10 0 0 0 4
0.85708457 -1.1585497 1.5268011 10 0 0 0 4
0.97660804 -1.3608799 1.0690622 10 0 0 0 4
0.96973175 -1.6316733 1.1276712 10 0 0 0 4
0.78918332 -1.1755114 1.806343 10 0 0 0 4
0.86139017 -0.76703787 1.2630156 10 0 0 0 4
0.97755033 -1.3467916 1.0449104 10 0 0 0 4
0.97015315 -1.4592903 1.1557403 10 0 0 0 4
0.93197948 -1.7894422 1.4003094 10 0 0 0 4
0.8047213 -0.86787546 1.4552209 10 0 0 0 4
0.8961001 -1.4328067 1.4272828 10 0 0 0 4
1.0315835 -1.3706114 0.87120771 10 0 0 0 4
0.91326892 -0.94943094 1.0106398 10 0 0 0 4
0.91042376 -0.95390826 1.1423981 10 0 0 0 4
0.81112754 -0.84139884 1.4546903 10 0 0 0 4
0.93701988 -1.7903072 1.4835531 10 0 0 0 4
0.85129893 -1.2882423 1.6445786 10 0 0 0 4
1.0212225 -1.3510572 0.81279564 10 0 0 0 4
1.0552504 -1.3486967 0.70819724 10 0 0 0 4
0.92929894 -0.9817667 1.0458347 10 0 0 0 4
0.92252547 -1.6990824 1.4152051 10 0 0 0 4
0.77844149 -1.2311389 1.7436841 10 0 0 0 4
0.78582603 -1.0505594 1.7343652 10 0 0 0 4
0.80000859 -1.1996666 1.7792612 10 0 0 0 4
0.94755042 -1.4645724 1.1205978 10 0 0 0 4
0.98418099 -1.643696 1.1447432 10 0 0 0 4
0.90290934 -1.1861203 1.2515098 10 0 0 0 4
0.85807419 -1.0458751 1.3505518 10 0 0 0 4
0.85254985 -0.88528848 1.3378376 10 0 0 0 4
0.83255464 -0.76773888 1.4188961 11 0 0 0 4
0.87257582 -0.90296829 1.3060079 11 0 0 0 4
0.96005255 -0.9681595 1.0152248 11 0 0 0 4
0.85522521 -1.3955196 1.6320308 11 0 0 0 4
0.86074561 -0.66967744 1.279357 11 0 0 0 4
1.0593777 -1.3381337 0.8455745 11 0 0 0 4
0.87440205 -1.3417718 1.5927336 11 0 0 0 4
0.98942375 -1.3780041 1.1187222 11 0 0 0 4
0.88456583 -1.4610128 1.5753605 11 0 0 0 4
1.0171456 -1.3758799 1.086187 11 0 0 0 4
0.94726872 -1.0566908 1.1975619 11 0 0 0 4
0.79560363 -1.1603706 1.7372169 11 0 0 0 4
0.91661453 -0.65836573 1.106282 11 0 0 0 4
0.96966463 -1.3760767 1.2591381 11 0 0 0 4
0.83185315 -1.3261423 1.6214541 11 0 0 0 4
0.87295479 -1.0208248 1.3488514 11 0 0 0 4
1.0921183 -1.4090707 0.78619385 11 0 0 0 4
1.010044 -1.2886124 1.0463407 11 0 0 0 4
1.0020413 -0.98944151 0.90162683 11 0 0 0 4
0.83120394 -0.87859011 1.4897217 11 0 0 0 4
0.89080161 -0.90663975 1.2849011 11 0 0 0 4
0.96948808 -1.1398363 1.0545356 11 0 0 0 4
0.83394915 -1.4048005 1.7485807 11 0 0 0 4
1.0743729 -1.343738 0.82923245 11 0 0 0 4
1.0370208 -1.2805767 0.95877099 11 0 0 0 4
0.89679343 -0.96637082 1.3263371 11 0 0 0 4
0.86255151 -0.76227462 1.263988 11 0 0 0 4
0.96610904 -0.93932962 0.99335164 11 0 0 0 4
1.0575606 -1.5430939 1.0428203 11 0 0 0 4
0.8900857 -1.2688802 1.4585621 11 0 0 0 4
0.95055825 -0.8459307 1.0102273 11 0 0 0 4
0.90529591 -0.79099149 1.1098546 11 0 0 0 4
1.0032434 -1.6466868 1.2737663 11 0 0 0 4
0.93741488 -1.8272129 1.4803092 11 0 0 0 4
0.92214978 -1.2506875 1.3236995 11 0 0 0 4
0.86546725 -1.44575 1.6154265 11 0 0 0 4
0.79587477 -0.95244437 1.6197031 11 0 0 0 4
0.94596636 -0.90402335 1.1241266 11 0 0 0 4
0.91938853 -1.6219186 1.5125238 11 0 0 0 4
0.99266875 -1.2186731 1.0356616 11 0 0 0 4
1.0041548 -1.7192985 1.1343036 12 0 0 0 4
1.0019606 -1.3320982 0.86141598 12 0 0 0 4
0.97468615 -1.8851216 1.3105881 12 0 0 0 4
0.94901937 -1.3216261 1.1195356 12 0 0 0 4
0.95181167 -1.7021217 1.3425407 12 0 0 0 4
0.94718373 -1.3309404 1.1262046 12 0 0 0 4
1.0423819 -1.3849332 0.66917241 12 0 0 0 4
0.90216082 -0.68857259 1.1433649 12 0 0 0 4
0.92405343 -0.80974126 1.0194458 12 0 0 0 4
0.93831366 -1.5926131 1.3037381 12 0 0 0 4
0.83452445 -1.2021513 1.6442106 12 0 0 0 4
0.9973731 -0.96461791 0.77139759 12 0 0 0 4
1.0303228 -1.5718291 0.8874743 12 0 0 0 4
1.0258093 -1.4935967 0.88782859 12 0 0 0 4
0.97095817 -1.8198774 1.3694974 12 0 0 0 4
0.99800658 -1.506014 0.92504042 12 0 0 0 4
0.85219461 -0.92847979 1.458662 12 0 0 0 4
0.96305025 -1.1301287 0.97004551 12 0 0 0 4
1.0402015 -1.3331879 0.66169196 12 0 0 0 4
0.84373218 -1.0950893 1.6455749 12 0 0 0 4
0.91072029 -1.2933716 1.3192716 12 0 0 0 4
0.93935293 -1.3019758 1.0848482 12 0 0 0 4
0.96727848 -1.6799009 1.2664752 12 0 0 0 4
0.96849215 -1.6576329 1.2923155 12 0 0 0 4
0.95982939 -1.5146209 1.2766563 12 0 0 0 4
0.8762241 -1.2290324 1.5381753 12 0 0 0 4
0.92008656 -1.330595 1.3449776 12 0 0 0 4
0.91054761 -0.86841607 1.1580617 12 0 0 0 4
0.92264909 -1.0936116 1.1718612 12 0 0 0 4
1.0120432 -1.6366075 1.0291858 12 0 0 0 4
0.88580287 -1.4716054 1.4902844 12 0 0 0 4
0.87213892 -0.7937206 1.3403058 12 0 0 0 4
0.99323702 -1.465073 1.0476106 12 0 0 0 4
1.025648 -1.313264 0.65604395 12 0 0 0 4
0.97774911 -1.9264164 1.3385947 12 0 0 0 4
0.9159252 -1.3315238 1.2471555 12 0 0 0 4
0.84320772 -0.87427276 1.4508382 12 0 0 0 4
1.0282776 -1.3475462 0.70829016 12 0 0 0 4
0.93312836 -1.4017371 1.327974 12 0 0 0 4
1.005217 -1.1229252 0.68728864 12 0 0 0 4
1.1318765 -1.0693574 1.1924081 13 0 0 0 4
1.185469 -1.5514511 1.3762518 13 0 0 0 4
1.1635538 -1.4699186 1.374959 13 0 0 0 4
1.1815172 -1.1948839 0.95794803 13 0 0 0 4
1.1542623 -0.90970093 0.98270816 13 0 0 0 4
1.2723858 -1.6748927 1.090763 13 0 0 0 4
1.1143144 -0.93267363 1.2742656 13 0 0 0 4
1.2183509 -1.6420462 1.3544439 13 0 0 0 4
1.1761726 -1.2211183 1.18943 13 0 0 0 4
1.1059659 -0.68666792 0.99170554 13 0 0 0 4
1.276459 -1.335086 0.72859097 13 0 0 0 4
1.15344 -1.0945375 1.1513711 13 0 0 0 4
1.1340847 -1.4408157 1.5981121 13 0 0 0 4
1.1909297 -1.4363254 1.3471112 13 0 0 0 4
1.2210407 -1.5587119 1.2573967 13 0 0 0 4
1.0629452 -1.097828 1.7191195 13 0 0 0 4
1.1785699 -1.4599217 1.2936689 13 0 0 0 4
1.2368791 -1.5291079 1.0841551 13 0 0 0 4
1.2610339 -1.5157863 0.95262903 13 0 0 0 4
1.297344 -1.6864626 0.92772782 13 0 0 0 4
1.2574803 -1.5336096 1.0462583 13 0 0 0 4
1.0980548 -1.1661605 1.5093848 13 0 0 0 4
1.1758634 -1.3602581 1.1832485 13 0 0 0 4
1.088136 -1.0989565 1.5491602 13 0 0 0 4
1.2930266 -1.6997575 0.95900238 13 0 0 0 4
1.2575904 -1.2018729 0.67779207 13 0 0 0 4
1.1472125 -0.95892376 1.0840068 13 0 0 0 4
1.2640892 -1.4591612 0.93564564 13 0 0 0 4
1.1817356 -1.1963555 1.1385729 13 0 0 0 4
1.1474175 -1.3551881 1.5816526 13 0 0 0 4
1.1373422 -1.3610677 1.5496659 13 0 0 0 4
1.2755517 -1.4416782 0.70536309 13 0 0 0 4
1.195285 -1.3216724 1.1742474 13 0 0 0 4
1.2908403 -1.480877 0.78468978 13 0 0 0 4
1.25664 -1.3577583 0.76747137 13 0 0 0 4
1.0918328 -1.041386 1.4569974 13 0 0 0 4
1.1173116 -0.84677976 1.183833 13 0 0 0 4
1.1666572 -1.5504198 1.5263551 13 0 0 0 4
1.1896921 -1.5237094 1.3577523 13 0 0 0 4
1.0809071 -0.82299477 1.2832249 13 0 0 0 4
0.94404888 -0.98169214 1.395599 14 0 0 0 4
1.0582498 -1.123948 0.94670576 14 0 0 0 4
1.0429195 -1.4007775 1.2550107 14 0 0 0 4
0.9752993 -0.90328735 1.1489385 14 0 0 0 4
1.0033925 -0.95756936 1.081351 14 0 0 0 4
1.1455474 -1.2261773 0.60422933 14 0 0 0 4
1.0013809 -1.1105233 1.2218072 14 0 0 0 4
1.0082325 -1.5657821 1.4521697 14 0 0 0 4
1.1473982 -1.4004309 0.79806554 14 0 0 0 4
0.8717289 -1.0931844 1.7920482 14 0 0 0 4
1.0764537 -1.3402878 1.0422251 14 0 0 0 4
1.0842193 -1.1972893 0.90564561 14 0 0 0 4
0.96873188 -1.1157976 1.3356005 14 0 0 0 4
1.1193296 -1.5653445 0.96408206 14 0 0 0 4
0.93703717 -1.1167501 1.550292 14 0 0 0 4
1.1176076 -1.7813033 1.1858009 14 0 0 0 4
0.88466358 -1.1457062 1.6720176 14 0 0 0 4
1.0616963 -1.7170181 1.3773861 14 0 0 0 4
1.1707399 -1.3526787 0.63287753 14 0 0 0 4
1.0802741 -1.2725772 0.96170288 14 0 0 0 4
1.0549966 -1.4240417 1.1812525 14 0 0 0 4
0.96605408 -1.3021618 1.5547506 14 0 0 0 4
0.94624573 -0.68603951 1.1802584 14 0 0 0 4
0.88978291 -1.0584047 1.7015424 14 0 0 0 4
1.1385081 -1.474685 0.82930505 14 0 0 0 4
1.0060459 -1.085065 1.1653732 14 0 0 0 4
1.0855079 -1.6279169 1.0995036 14 0 0 0 4
0.95116299 -1.0181133 1.3910797 14 0 0 0 4
1.0936126 -1.5900745 1.1335684 14 0 0 0 4
1.0207492 -1.0969307 1.1163464 14 0 0 0 4
1.0010378 -1.2678211 1.3402046 14 0 0 0 4
1.044412 -1.4037831 1.1667924 14 0 0 0 4
0.94027919 -1.26639 1.5192273 14 0 0 0 4
1.1043327 -1.0873026 0.69760454 14 0 0 0 4
1.1302497 -1.2830708 0.79734188 14 0 0 0 4
0.98377234 -0.81741047 1.1014726 14 0 0 0 4
0.94878942 -0.92878741 1.3422889 14 0 0 0 4
0.99310416 -1.1307032 1.2247623 14 0 0 0 4
1.1090171 -1.4135544 0.89969426 14 0 0 0 4
0.98574775 -1.004945 1.2269045 14 0 0 0 4
0.92482829 -1.3056551 1.2923944 15 0 0 0 4
0.87531215 -0.78517997 1.1872387 15 0 0 0 4
0.87120312 -0.85094666 1.1853044 15 0 0 0 4
0.83462924 -1.0545348 1.5109069 15 0 0 0 4
1.1009469 -1.3633889 0.56478626 15 0 0 0 4
0.94106686 -1.2781748 1.2467334 15 0 0 0 4
0.99818188 -1.6096886 1.1868734 15 0 0 0 4
0.96168172 -0.91590595 0.94178164 15 0 0 0 4
0.89213032 -1.0331758 1.363099 15 0 0 0 4
1.0126859 -1.3013622 1.0075805 15 0 0 0 4
1.027745 -1.2780676 0.89725769 15 0 0 0 4
1.0205476 -1.3146111 0.8982771 15 0 0 0 4
1.0852257 -1.42602 0.71245313 15 0 0 0 4
0.9136188 -1.1168662 1.2685422 15 0 0 0 4
0.8251254 -1.3257005 1.7172619 15 0 0 0 4
0.83411622 -0.71092039 1.2181113 15 0 0 0 4
0.89695239 -0.64430523 0.99601012 15 0 0 0 4
0.87917131 -1.1208999 1.3805752 15 0 0 0 4
0.94074303 -0.88478935 0.99641109 15 0 0 0 4
0.90572852 -1.3875338 1.4040099 15 0 0 0 4
1.0009928 -1.598115 1.2073789 15 0 0 0 4
0.87409967 -1.2680709 1.5878353 15 0 0 0 4
0.89221925 -0.6498934 1.0004321 15 0 0 0 4
0.99430579 -1.1218609 0.82070071 15 0 0 0 4
0.92003179 -1.3924723 1.4162638 15 0 0 0 4
0.88505459 -1.1090159 1.3340944 15 0 0 0 4
0.78034449 -1.0339878 1.7426919 15 0 0 0 4
0.93527085 -1.161608 1.1331227 15 0 0 0 4
1.0467471 -1.7510324 1.0776976 15 0 0 0 4
0.93859613 -1.2010467 1.1546761 15 0 0 0 4
1.0008568 -1.3041534 1.0174557 15 0 0 0 4
0.97128868 -1.6652548 1.3278722 15 0 0 0 4
0.86417168 -1.3945285 1.6937299 15 0 0 0 4
0.94552022 -1.2812363 1.2330024 15 0 0 0 4
0.8629964 -0.89661932 1.3449661 15 0 0 0 4
0.98161954 -1.3477111 1.109098 15 0 0 0 4
0.83639079 -0.98107666 1.4377265 15 0 0 0 4
1.0108947 -1.6548911 1.1956966 15 0 0 0 4
0.97943246 -1.1379951 0.94913495 15 0 0 0 4
0.93642092 -1.1104748 1.1818757 15 0 0 0 4
1.0123074 -1.3433723 1.5858375 16 0 0 0 4
0.98940724 -0.75584596 1.3455182 16 0 0 0 4
1.1036588 -1.5043813 1.4143649 16 0 0 0 4
1.1167144 -1.0020827 0.89260435 16 0 0 0 4
1.1172838 -1.16848 1.0355881 16 0 0 0 4
1.1698328 -1.2582099 0.84401876 16 0 0 0 4
1.2256767 -1.2623827 0.62266368 16 0 0 0 4
1.1252241 -1.0630201 0.94781321 16 0 0 0 4
1.2093936 -1.2591466 0.6607157 16 0 0 0 4
1.0169696 -0.98408234 1.4519073 16 0 0 0 4
1.11566 -1.0242834 0.93760943 16 0 0 0 4
1.0604985 -1.1675174 1.2355012 16 0 0 0 4
1.127266 -1.3619218 1.2385287 16 0 0 0 4
0.99581599 -1.0070918 1.4945405 16 0 0 0 4
1.000168 -1.1240466 1.5874298 16 0 0 0 4
1.0278807 -0.85590243 1.2186105 16 0 0 0 4
0.95429659 -1.1066591 1.7914321 16 0 0 0 4
1.0566226 -1.2096193 1.4793892 16 0 0 0 4
1.0547719 -1.3642483 1.5521481 16 0 0 0 4
1.0567976 -0.75209951 0.99684376 16 0 0 0 4
1.0272796 -1.1645702 1.4647799 16 0 0 0 4
0.97375166 -0.88494229 1.5571594 16 0 0 0 4
1.0305036 -0.92724979 1.3025428 16 0 0 0 4
1.0410745 -0.88261992 1.2254144 16 0 0 0 4
1.1877493 -1.3133067 0.73077613 16 0 0 0 4
1.1029649 -1.0160754 0.98370075 16 0 0 0 4
1.0877281 -1.1379141 1.1858559 16 0 0 0 4
1.033657 -1.0642617 1.3697623 16 0 0 0 4
1.0930713 -1.57187 1.4492331 16 0 0 0 4
1.1146548 -1.0857443 1.0210288 16 0 0 0 4
1.0199133 -1.1118344 1.5282722 16 0 0 0 4
1.1912781 -1.4007877 0.88487136 16 0 0 0 4
1.0781906 -0.98200101 1.1256562 16 0 0 0 4
1.1782588 -1.4145064 0.93243873 16 0 0 0 4
0.9994033 -1.1798025 1.6060101 16 0 0 0 4
1.1272893 -1.4042161 1.2508004 16 0 0 0 4
1.1324258 -1.6012429 1.3440746 16 0 0 0 4
1.159095 -1.567026 1.1599841 16 0 0 0 4
1.1131341 -1.735184 1.4506515 16 0 0 0 4
1.1054553 -1.0154808 1.0273069 16 0 0 0 4
1.1066489 -1.5010455 1.0327467 17 0 0 0 4
1.0143362 -1.2234609 1.3447859 17 0 0 0 4
0.97573632 -1.3191377 1.5792071 17 0 0 0 4
1.0233407 -1.1098057 1.1297623 17 0 0 0 4
1.1045936 -1.8071301 1.3204354 17 0 0 0 4
1.0213221 -1.0136014 1.1435504 17 0 0 0 4
1.1089225 -1.2491935 0.93744862 17 0 0 0 4
1.0595372 -1.0681528 0.94146436 17 0 0 0 4
1.0497266 -1.4948133 1.3465965 17 0 0 0 4
1.0194068 -1.6241004 1.6523249 17 0 0 0 4
1.0170239 -0.79921699 1.0475615 17 0 0 0 4
0.92837644 -0.98510695 1.4791797 17 0 0 0 4
0.92041034 -0.91509169 1.5079477 17 0 0 0 4
0.98146534 -1.1328087 1.3395832 17 0 0 0 4
1.0188267 -1.1964216 1.323048 17 0 0 0 4
1.1118907 -1.7680551 1.1986114 17 0 0 0 4
1.0471988 -1.029663 1.0612482 17 0 0 0 4
1.0073731 -0.92424434 1.1377796 17 0 0 0 4
0.95576322 -1.1096376 1.5564245 17 0 0 0 4
0.89820009 -1.0113593 1.7970343 17 0 0 0 4
1.074811 -1.3300736 1.0758516 17 0 0 0 4
1.0061282 -1.1960447 1.2783853 17 0 0 0 4
0.97558415 -0.76445687 1.148151 17 0 0 0 4
1.0859461 -1.2323858 1.005672 17 0 0 0 4
1.0351815 -1.0220965 1.0768912 17 0 0 0 4
0.92505699 -1.3225094 1.7860434 17 0 0 0 4
1.0205564 -0.99653113 1.0922134 17 0 0 0 4
1.1102742 -1.6560585 1.194647 17 0 0 0 4
0.94967848 -0.68634748 1.1838528 17 0 0 0 4
1.0611728 -1.4669607 1.2534167 17 0 0 0 4
0.93154168 -0.97237134 1.5245675 17 0 0 0 4
1.0666546 -1.6099873 1.3388849 17 0 0 0 4
1.0639634 -1.6993246 1.3558353 17 0 0 0 4
0.99546665 -1.1801467 1.329064 17 0 0 0 4
0.98469001 -1.2166009 1.4277219 17 0 0 0 4
0.94733918 -0.73691779 1.226387 17 0 0 0 4
1.0743835 -1.1129004 0.9694947 17 0 0 0 4
1.0165482 -1.3897176 1.3531326 17 0 0 0 4
1.127223 -1.3157663 0.87154222 17 0 0 0 4
1.1296629 -1.2980512 0.8239643 17 0 0 0 4
0.78848791 -1.0834583 1.820317 18 0 0 0 4
0.91872352 -1.0678371 1.2507936 18 0 0 0 4
0.83671731 -0.75855833 1.4375253 18 0 0 0 4
0.91715229 -1.2880996 1.4195418 18 0 0 0 4
0.98767358 -1.2872564 1.1885858 18 0 0 0 4
0.97435361 -1.3356193 1.2400492 18 0 0 0 4
0.81490123 -0.96024156 1.6415027 18 0 0 0 4
0.91453576 -1.3170321 1.5073907 18 0 0 0 4
0.92506361 -1.4537833 1.4645827 18 0 0 0 4
0.86971635 -1.0695612 1.5564988 18 0 0 0 4
1.0853916 -1.304231 0.75949967 18 0 0 0 4
0.97974837 -1.500903 1.2919441 18 0 0 0 4
1.0009959 -1.3124168 1.1279985 18 0 0 0 4
0.89069051 -1.3453672 1.5610731 18 0 0 0 4
1.0780736 -1.6364287 1.0441413 18 0 0 0 4
1.0244057 -1.5909482 1.2994691 18 0 0 0 4
0.93239558 -1.2325815 1.3674537 18 0 0 0 4
1.0907212 -1.4609368 0.84889603 18 0 0 0 4
0.86799258 -0.80274862 1.3307999 18 0 0 0 4
0.87902421 -0.98884183 1.4457524 18 0 0 0 4
1.0068008 -1.1901946 1.0829039 18 0 0 0 4
0.88622034 -1.3863989 1.6550479 18 0 0 0 4
0.98792285 -1.6391265 1.4563823 18 0 0 0 4
1.0655011 -1.3871126 0.9921388 18 0 0 0 4
1.008209 -1.4957874 1.1902897 18 0 0 0 4
0.9677822 -1.7315611 1.4806422 18 0 0 0 4
0.95655936 -1.6497259 1.5417331 18 0 0 0 4
0.96024871 -0.96614796 1.030566 18 0 0 0 4
0.93807787 -0.87100536 1.1464453 18 0 0 0 4
0.92101043 -1.1697007 1.3561401 18 0 0 0 4
0.90677607 -1.1393909 1.3753072 18 0 0 0 4
0.87738299 -1.3003997 1.7399149 18 0 0 0 4
0.82260197 -0.83388627 1.5044656 18 0 0 0 4
0.81738859 -0.98441356 1.6115555 18 0 0 0 4
1.0262794 -1.4654683 1.0065453 18 0 0 0 4
0.99088222 -1.4093684 1.201362 18 0 0 0 4
0.98535901 -1.3011861 1.2482898 18 0 0 0 4
0.82622212 -0.85762876 1.4830967 18 0 0 0 4
0.90176648 -1.1218667 1.4149263 18 0 0 0 4
0.9989987 -1.1322896 0.98675954 18 0 0 0 4
0.93309158 -1.7880714 1.4016114 19 0 0 0 4
1.0374538 -1.2897032 0.71340001 19 0 0 0 4
0.92746729 -0.92830968 0.97913516 19 0 0 0 4
0.91554344 -1.1164048 1.107199 19 0 0 0 4
1.0281883 -1.3322041 0.8121053 19 0 0 0 4
0.95342171 -1.6182725 1.1864333 19 0 0 0 4
0.9380278 -1.1773009 1.0822841 19 0 0 0 4
1.0042238 -1.4597381 0.93959731 19 0 0 0 4
0.94652373 -1.3198111 1.1190146 19 0 0 0 4
0.96938843 -1.6944799 1.2603434 19 0 0 0 4
0.96331531 -1.3219613 1.0191333 19 0 0 0 4
0.88597357 -1.0974627 1.1894096 19 0 0 0 4
0.98229539 -1.5094168 0.989995 19 0 0 0 4
0.9713704 -1.5596579 1.0918438 19 0 0 0 4
0.86338192 -1.5057021 1.5046033 19 0 0 0 4
0.91892141 -1.7346928 1.37963 19 0 0 0 4
0.95391762 -1.5982419 1.2037046 19 0 0 0 4
0.85423511 -1.3906575 1.4578069 19 0 0 0 4
0.96445018 -1.4397342 1.0435556 19 0 0 0 4
1.0212884 -1.6717659 0.98044479 19 0 0 0 4
1.0401267 -1.4498973 0.7043671 19 0 0 0 4
0.95412582 -1.6735255 1.3117189 19 0 0 0 4
0.77563369 -1.1707926 1.7276435 19 0 0 0 4
0.81515032 -1.404366 1.7010465 19 0 0 0 4
0.97542113 -1.3990605 0.96117997 19 0 0 0 4
0.90626019 -1.6904935 1.4896635 19 0 0 0 4
1.0081517 -1.6007441 0.99062598 19 0 0 0 4
0.76175171 -1.1617336 1.8458471 19 0 0 0 4
0.8620593 -1.1063936 1.3109015 19 0 0 0 4
1.0243565 -1.2814001 0.74958432 19 0 0 0 4
0.951437 -1.4143778 1.1537097 19 0 0 0 4
0.86529177 -1.2919999 1.4776505 19 0 0 0 4
0.97956574 -1.2644699 0.84786671 19 0 0 0 4
0.95093632 -1.3769113 1.1947989 19 0 0 0 4
0.88016057 -1.5745243 1.5247549 19 0 0 0 4
1.0080482 -1.3119905 0.86762452 19 0 0 0 4
0.9575839 -1.3780553 1.0476763 19 0 0 0 4
0.85316098 -0.93839985 1.2735379 19 0 0 0 4
0.82928497 -1.0176989 1.3990895 19 0 0 0 4
0.96904087 -1.0547791 0.81734443 19 0 0 0 4
0.23350996 1.8771279 1.2316264 0 0 0 0 5
0.3594588 1.9587882 1.3285884 0 0 0 0 5
0.80618072 2.1446373 1.0889225 0 0 0 0 5
-0.015201827 1.6286408 0.806916 0 0 0 0 5
0.077602319 1.7785543 1.140776 0 0 0 0 5
-0.18510816 1.6394968 1.2288265 0 0 0 0 5
0.46049893 1.7955757 0.61238843 0 0 0 0 5
0.52297872 1.9428536 0.89513612 0 0 0 0 5
0.39077467 1.9436868 1.2088128 0 0 0 0 5
0.45600414 1.9879386 1.1801615 0 0 0 0 5
-0.2173695 1.5027144 0.85702878 0 0 0 0 5
0.54984027 1.9202861 0.82072365 0 0 0 0 5
0.18128861 1.8019793 1.1042036 0 0 0 0 5
0.41126943 1.8665861 0.83136034 0 0 0 0 5
0.50392103 1.8774815 0.67658216 0 0 0 0 5
-0.018234815 1.7670462 1.3743845 0 0 0 0 5
0.60439497 2.0780854 1.213268 0 0 0 0 5
0.12014008 1.769398 1.0949827 0 0 0 0 5
0.12844498 1.8962877 1.5292312 0 0 0 0 5
0.32221603 1.9496869 1.2927269 0 0 0 0 5
-0.24374524 1.5491977 1.0109273 0 0 0 0 5
0.69169629 2.0624409 1.0182545 0 0 0 0 5
0.084174298 1.622826 0.60422713 0 0 0 0 5
0.21952915 1.9078387 1.3852831 0 0 0 0 5
0.1523404 1.7576861 0.93505001 0 0 0 0 5
0.4255814 1.9762371 1.1855651 0 0 0 0 5
0.20792107 1.7408582 0.8577916 0 0 0 0 5
0.5830031 1.9839522 0.91320902 0 0 0 0 5
0.54187936 1.9070462 0.74469858 0 0 0 0 5
-0.043323446 1.7158468 1.1848757 0 0 0 0 5
0.17877157 1.9159377 1.5278543 0 0 0 0 5
0.77611685 2.136261 1.0818009 0 0 0 0 5
-0.16728307 1.6072952 1.1498067 0 0 0 0 5
0.42395663 1.8483056 0.8897239 0 0 0 0 5
0.20237461 1.8320446 1.1632719 0 0 0 0 5
-0.0015578144 1.6427953 0.97685164 0 0 0 0 5
0.46769589 1.9399755 0.96187985 0 0 0 0 5
0.10194954 1.7004865 0.87177366 0 0 0 0 5
0.21016611 1.6514366 0.4514907 0 0 0 0 5
0.52750134 1.984105 1.00164 0 0 0 0 5
-0.031463824 1.606092 0.96179402 1 0 0 0 5
0.073329844 1.7313037 1.2810634 1 0 0 0 5
0.37077907 1.7535914 0.73216927 1 0 0 0 5
-0.00077213929 1.5933868 0.86051089 1 0 0 0 5
0.4222495 1.730312 0.63068014 1 0 0 0 5
-0.24712402 1.54693 1.1203794 1 0 0 0 5
0.81520951 2.1078336 1.1907784 1 0 0 0 5
0.23774455 1.9047214 1.5879452 1 0 0 0 5
0.21826403 1.6703081 0.80080801 1 0 0 0 5
0.43605638 1.8662399 1.0617481 1 0 0 0 5
0.090599939 1.6642168 0.94179142 1 0 0 0 5
0.55566978 2.034451 1.4455291 1 0 0 0 5
0.35912973 1.9333086 1.4551532 1 0 0 0 5
0.12913094 1.8809935 1.7198665 1 0 0 0 5
-0.028746488 1.6267898 1.0583326 1 0 0 0 5
0.58238709 2.0536699 1.4533166 1 0 0 0 5
-0.20030519 1.5407234 1.1141143 1 0 0 0 5
0.49015635 1.9716619 1.3102764 1 0 0 0 5
0.10579997 1.8392783 1.6235425 1 0 0 0 5
-0.16709985 1.5410019 0.98026699 1 0 0 0 5
0.55966055 1.9092919 1.01109 1 0 0 0 5
0.19339019 1.7990266 1.1851422 1 0 0 0 5
0.56801248 1.8561596 0.83770967 1 0 0 0 5
0.54104328 1.8688265 0.92364126 1 0 0 0 5
0.33591771 1.7899384 0.94253778 1 0 0 0 5
0.098077223 1.7507671 1.237945 1 0 0 0 5
0.5700773 2.0248768 1.3829474 1 0 0 0 5
0.22806506 1.8716449 1.4797049 1 0 0 0 5
0.72199023 2.001976 1.0671084 1 0 0 0 5
0.66022098 1.936251 0.90723115 1 0 0 0 5
0.24610549 1.7045356 0.87652189 1 0 0 0 5
0.61741912 1.9678066 1.1350281 1 0 0 0 5
0.27407247 1.9462141 1.6331474 1 0 0 0 5
-0.2156976 1.5860467 1.2186949 1 0 0 0 5
0.26080415 1.7531011 0.92388296 1 0 0 0 5
-0.16581859 1.5495452 1.0571507 1 0 0 0 5
0.23759091 1.8080431 1.2362013 1 0 0 0 5
0.02048672 1.760151 1.4302068 1 0 0 0 5
0.33572683 1.8736347 1.2573606 1 0 0 0 5
0.54985005 1.8458567 0.74121445 1 0 0 0 5
0.69232416 2.042264 0.94173384 2 0 0 0 5
0.27170706 1.7589101 0.77796006 2 0 0 0 5
-0.051395152 1.7731985 1.4413464 2 0 0 0 5
0.5091204 1.9299294 0.802338 2 0 0 0 5
0.14988862 1.9477601 1.6116549 2 0 0 0 5
-0.027241297 1.6292943 0.79583007 2 0 0 0 5
0.35027897 1.7207611 0.47708789 2 0 0 0 5
0.27271706 1.892001 1.216043 2 0 0 0 5
-0.10922482 1.6866895 1.2508737 2 0 0 0 5
0.45719257 2.0476952 1.5136629 2 0 0 0 5
-0.014799945 1.6979277 1.1032841 2 0 0 0 5
0.30744314 1.9324025 1.2751663 2 0 0 0 5
0.19341387 1.7938247 0.9872213 2 0 0 0 5
0.27954003 1.7237529 0.59696203 2 0 0 0 5
-0.074427865 1.7174133 1.2682663 2 0 0 0 5
0.23363745 1.7629775 0.87017781 2 0 0 0 5
-0.31163806 1.5071375 1.0688199 2 0 0 0 5
0.072978929 1.7915567 1.3002594 2 0 0 0 5
0.34759408 1.8197485 0.83500224 2 0 0 0 5
-0.1062873 1.7587502 1.4423586 2 0 0 0 5
0.18294099 1.7632396 0.92316723 2 0 0 0 5
-0.10096332 1.5809114 0.85282195 2 0 0 0 5
0.45836687 1.9586205 0.97166204 2 0 0 0 5
0.14091118 1.8059577 1.1765934 2 0 0 0 5
-0.025763063 1.6806585 1.1050159 2 0 0 0 5
0.62692791 2.1081014 1.2910534 2 0 0 0 5
0.28727219 1.9875402 1.5186586 2 0 0 0 5
0.22253935 1.856231 1.1749629 2 0 0 0 5
0.074436821 1.8125612 1.3571812 2 0 0 0 5
0.60151529 2.0281425 1.0005634 2 0 0 0 5
0.15475056 1.8047159 1.1083931 2 0 0 0 5
-0.23703791 1.5832623 1.1035972 2 0 0 0 5
0.3723923 1.9670092 1.3555697 2 0 0 0 5
0.59055996 1.9389962 0.7894122 2 0 0 0 5
0.54840332 1.9760404 0.92129731 2 0 0 0 5
0.34758174 1.7327904 0.51722735 2 0 0 0 5
0.41478172 1.8609796 0.78251004 2 0 0 0 5
0.012139016 1.8227428 1.443903 2 0 0 0 5
0.12173265 1.6774573 0.76568478 2 0 0 0 5
0.15618339 1.872007 1.3054954 2 0 0 0 5
-0.21339193 1.6097921 1.1248485 3 0 0 0 5
-0.012913303 1.652586 0.85710722 3 0 0 0 5
0.70759368 2.0285647 0.9274019 3 0 0 0 5
0.45524555 1.9901572 1.205987 3 0 0 0 5
0.11833182 1.7134701 0.90868795 3 0 0 0 5
0.51379669 2.054837 1.3806939 3 0 0 0 5
0.28740793 1.9826227 1.5699359 3 0 0 0 5
0.23658985 1.927804 1.3900199 3 0 0 0 5
0.13780294 1.8608462 1.3773859 3 0 0 0 5
0.10752632 1.8409681 1.4084203 3 0 0 0 5
0.0012641507 1.6296999 0.77263325 3 0 0 0 5
0.18551028 1.9448161 1.5572811 3 0 0 0 5
-0.2182662 1.5863665 0.97181761 3 0 0 0 5
0.51434094 1.8969142 0.71624619 3 0 0 0 5
0.18168521 1.9169617 1.4235462 3 0 0 0 5
-0.0062467381 1.8028742 1.4351349 3 0 0 0 5
0.48080212 2.0557415 1.3690085 3 0 0 0 5
-0.098886132 1.7112259 1.3021816 3 0 0 0 5
0.336036 2.0046182 1.5087787 3 0 0 0 5
0.55314434 1.8953691 0.70387053 3 0 0 0 5
0.078014322 1.7554165 1.0613096 3 0 0 0 5
0.47812217 2.0221756 1.3068944 3 0 0 0 5
0.53515196 1.9358789 0.80767965 3 0 0 0 5
-0.12594332 1.6087135 0.94956946 3 0 0 0 5
0.021358917 1.876424 1.5427356 3 0 0 0 5
-0.015608881 1.7399509 1.2406703 3 0 0 0 5
0.57719243 2.0982139 1.2822508 3 0 0 0 5
0.33354896 1.9294549 1.233211 3 0 0 0 5
-0.19679905 1.5527215 0.95535839 3 0 0 0 5
-0.09950047 1.5863254 0.82282495 3 0 0 0 5
0.0082719605 1.7759387 1.319512 3 0 0 0 5
-0.33510688 1.5234569 1.0250192 3 0 0 0 5
0.37907147 1.8082064 0.64049739 3 0 0 0 5
-0.053947948 1.6085303 0.86815709 3 0 0 0 5
-0.0038200226 1.7163663 1.1106811 3 0 0 0 5
0.15547748 1.6674803 0.68366051 3 0 0 0 5
0.23043133 1.8349714 1.0819706 3 0 0 0 5
-0.12765129 1.6410769 1.0499437 3 0 0 0 5
-0.017734306 1.6450665 0.82884663 3 0 0 0 5
0.24991895 1.6957117 0.52379936 3 0 0 0 5
0.331238 1.6433523 0.4441413 4 0 0 0 5
0.52833033 1.8917791 1.1095132 4 0 0 0 5
0.17246211 1.6744404 0.97475582 4 0 0 0 5
0.53563982 1.9005473 0.99673545 4 0 0 0 5
0.49075612 1.8766501 1.0229186 4 0 0 0 5
0.59084153 1.8636849 0.883744 4 0 0 0 5
0.52108759 1.8977851 1.1339166 4 0 0 0 5
0.59244174 1.823458 0.64896011 4 0 0 0 5
0.89298499 2.0400047 0.95965588 4 0 0 0 5
0.41634762 1.8065723 0.97212303 4 0 0 0 5
0.093961664 1.6976565 1.1540178 4 0 0 0 5
0.28324735 1.7099278 0.80196023 4 0 0 0 5
0.62079173 1.8718133 0.79973364 4 0 0 0 5
0.42673901 1.8757163 1.1613063 4 0 0 0 5
0.63179541 1.9464927 1.0702417 4 0 0 0 5
0.24885741 1.6575499 0.76652908 4 0 0 0 5
0.21078955 1.5974883 0.53658962 4 0 0 0 5
0.11097372 1.603685 0.78679293 4 0 0 0 5
0.31800541 1.6393473 0.55964386 4 0 0 0 5
0.50735027 1.753038 0.63707626 4 0 0 0 5
0.41047919 1.7781616 0.8294937 4 0 0 0 5
0.3243117 1.8584647 1.3397796 4 0 0 0 5
0.052485511 1.6439716 1.1134092 4 0 0 0 5
0.30634868 1.7931477 1.1244681 4 0 0 0 5
0.61901987 1.7781775 0.45618528 4 0 0 0 5
0.13331385 1.7643017 1.3563033 4 0 0 0 5
0.070796221 1.6303158 0.91267926 4 0 0 0 5
0.40536204 1.7945228 0.90699911 4 0 0 0 5
0.30345818 1.8066676 1.2201833 4 0 0 0 5
0.45610902 1.7474905 0.67000973 4 0 0 0 5
0.41995028 1.769109 0.79466331 4 0 0 0 5
0.44624293 1.6792637 0.42176461 4 0 0 0 5
0.040104166 1.5041001 0.5527066 4 0 0 0 5
0.46897042 1.694447 0.47025687 4 0 0 0 5
0.47625136 1.7411621 0.5967465 4 0 0 0 5
0.040826719 1.547577 0.68030721 4 0 0 0 5
0.22742639 1.7405522 1.182343 4 0 0 0 5
0.19202207 1.6785475 0.84316808 4 0 0 0 5
0.69247526 1.9739522 1.022258 4 0 0 0 5
0.82667309 2.0086756 0.92974126 4 0 0 0 5
0.43834382 1.8441168 1.2298772 5 0 0 0 5
0.61036491 1.7498782 0.57373834 5 0 0 0 5
0.58476621 1.8987505 1.2099113 5 0 0 0 5
0.59927815 1.9273419 1.3268644 5 0 0 0 5
0.2406133 1.8041363 1.4050225 5 0 0 0 5
0.74665987 1.9747224 1.2268031 5 0 0 0 5
0.85521901 1.9791268 1.0207354 5 0 0 0 5
0.6857816 1.8704077 0.95657992 5 0 0 0 5
0.39028478 1.875003 1.4321332 5 0 0 0 5
0.73660064 1.9853122 1.2821163 5 0 0 0 5
0.58034527 1.863681 1.1019706 5 0 0 0 5
0.68544215 1.8152852 0.68435395 5 0 0 0 5
0.82092667 2.0604594 1.3949517 5 0 0 0 5
-0.041775074 1.6091413 1.1054534 5 0 0 0 5
0.71286726 1.8237664 0.65759283 5 0 0 0 5
0.30041033 1.7607913 1.1661241 5 0 0 0 5
0.47116196 1.7262179 0.69932741 5 0 0 0 5
0.1117305 1.7141067 1.2904879 5 0 0 0 5
0.66995442 1.9675651 1.3029205 5 0 0 0 5
0.15366186 1.6722475 1.0727925 5 0 0 0 5
0.17740324 1.6587871 1.0125135 5 0 0 0 5
0.22670123 1.6501178 0.91066039 5 0 0 0 5
0.63883275 1.9633943 1.3397359 5 0 0 0 5
0.24265853 1.8302212 1.5373092 5 0 0 0 5
0.27307409 1.8197633 1.4915148 5 0 0 0 5
0.57635725 1.7336614 0.55471039 5 0 0 0 5
0.83053136 1.9849613 1.0699068 5 0 0 0 5
0.65739584 1.9803796 1.3643634 5 0 0 0 5
0.075917467 1.6826032 1.2975413 5 0 0 0 5
0.87861961 1.9700608 0.96759993 5 0 0 0 5
0.20373969 1.8104305 1.5716968 5 0 0 0 5
0.39934859 1.9288809 1.6839832 5 0 0 0 5
0.21325459 1.7327226 1.1601616 5 0 0 0 5
0.04760246 1.6047808 1.0639204 5 0 0 0 5
0.13085076 1.620635 0.93684208 5 0 0 0 5
0.52494228 1.8769673 1.2446814 5 0 0 0 5
0.60462022 1.9257268 1.205668 5 0 0 0 5
0.28808987 1.9322956 1.7780439 5 0 0 0 5
0.229036 1.601566 0.7711308 5 0 0 0 5
0.64178234 1.8468721 0.82468045 5 0 0 0 5
0.32316217 1.7497582 0.62828821 6 0 0 0 5
0.24868692 1.9098644 1.2835878 6 0 0 0 5
0.31111217 1.721457 0.61569381 6 0 0 0 5
0.28303587 1.6396163 0.41239542 6 0 0 0 5
0.2811881 1.6759719 0.54396623 6 0 0 0 5
0.19367319 1.7794312 0.9278785 6 0 0 0 5
0.19444185 1.7523515 0.9028194 6 0 0 0 5
0.78297997 2.02356 0.85395473 6 0 0 0 5
0.31164891 1.9546286 1.3218532 6 0 0 0 5
-0.1490425 1.5367141 0.74526072 6 0 0 0 5
0.71195233 2.0226641 0.92523402 6 0 0 0 5
-0.22227541 1.546513 0.92643952 6 0 0 0 5
0.026955793 1.7104748 1.0348539 6 0 0 0 5
0.49645901 1.818658 0.66098452 6 0 0 0 5
0.47122288 1.8922242 0.91445833 6 0 0 0 5
0.68062961 2.0691769 1.0819882 6 0 0 0 5
0.40781194 1.9098244 1.0856667 6 0 0 0 5
0.31917784 1.9897321 1.4209638 6 0 0 0 5
0.56653303 1.9625862 0.98733526 6 0 0 0 5
0.34370661 1.693048 0.55852735 6 0 0 0 5
0.053675123 1.6406245 0.72090447 6 0 0 0 5
0.35550395 1.8717557 0.98091364 6 0 0 0 5
0.20364749 1.6881695 0.66654176 6 0 0 0 5
0.39073864 1.7136467 0.47281718 6 0 0 0 5
0.52644151 1.8473836 0.63046211 6 0 0 0 5
0.090409897 1.7914007 1.1689018 6 0 0 0 5
0.53361499 1.9760435 1.0481241 6 0 0 0 5
0.56659877 1.8269635 0.52053952 6 0 0 0 5
0.40264508 1.9703163 1.2220137 6 0 0 0 5
0.14423649 1.7012277 0.87656069 6 0 0 0 5
0.45474491 1.8075713 0.69988626 6 0 0 0 5
0.35527927 1.7641518 0.6623075 6 0 0 0 5
-0.065636694 1.5535541 0.68554002 6 0 0 0 5
0.53832901 1.9380796 0.98784924 6 0 0 0 5
0.44536346 1.9554219 1.2076707 6 0 0 0 5
-0.12270294 1.5962539 0.94373852 6 0 0 0 5
0.33451319 1.9001257 1.1097727 6 0 0 0 5
0.85114402 2.102612 0.89395529 6 0 0 0 5
0.26236486 1.8909776 1.3553886 6 0 0 0 5
0.46359336 1.9553961 1.0600462 6 0 0 0 5
0.28929365 1.8343006 1.2067385 7 0 0 0 5
0.47709358 1.7593343 0.65363389 7 0 0 0 5
0.29321814 1.7120351 0.82858759 7 0 0 0 5
0.59858155 1.9806447 1.2706728 7 0 0 0 5
0.30289868 1.7733953 1.0357621 7 0 0 0 5
-0.03753351 1.6424347 1.1637141 7 0 0 0 5
-0.060725138 1.6545734 1.2294272 7 0 0 0 5
0.12436438 1.5950212 0.68625361 7 0 0 0 5
0.26244366 1.766629 1.0093873 7 0 0 0 5
0.49913135 1.8662366 1.034018 7 0 0 0 5
0.36004031 1.8254166 1.1165719 7 0 0 0 5
0.22179179 1.7123531 0.94484836 7 0 0 0 5
0.12792644 1.6483803 0.88270885 7 0 0 0 5
0.046675697 1.6754128 1.1348046 7 0 0 0 5
0.16008548 1.5737181 0.57311976 7 0 0 0 5
-0.16876715 1.5255016 0.92170197 7 0 0 0 5
0.65784848 2.0213027 1.252647 7 0 0 0 5
-0.16871104 1.5807394 1.1217705 7 0 0 0 5
0.60363358 1.8887229 0.90663671 7 0 0 0 5
0.36828732 1.7523865 0.87956327 7 0 0 0 5
0.42364958 1.8509272 1.0336946 7 0 0 0 5
0.80061084 2.0061145 0.97011387 7 0 0 0 5
-0.065802142 1.6195718 1.1184161 7 0 0 0 5
0.72772467 1.9335431 0.89954072 7 0 0 0 5
0.051424209 1.6745424 1.0691491 7 0 0 0 5
-0.068139948 1.5879847 1.0627005 7 0 0 0 5
0.63537395 1.964045 1.1213367 7 0 0 0 5
0.49112666 1.9314293 1.3533407 7 0 0 0 5
0.77333546 1.9434104 0.86109006 7 0 0 0 5
0.37217459 1.8002901 1.0462345 7 0 0 0 5
0.49326104 1.7271122 0.60817164 7 0 0 0 5
0.37386069 1.7610279 0.88713157 7 0 0 0 5
0.57462758 1.9792591 1.3284076 7 0 0 0 5
0.53700268 1.8918908 1.0588399 7 0 0 0 5
0.54715961 1.959223 1.2487667 7 0 0 0 5
-0.19293568 1.499868 1.0282693 7 0 0 0 5
0.12251101 1.7215489 1.1672945 7 0 0 0 5
0.69004059 1.9207113 0.88919222 7 0 0 0 5
0.4375324 1.8385664 1.0883323 7 0 0 0 5
0.24801682 1.7040977 0.83565968 7 0 0 0 5
0.18234493 1.7574567 0.95075899 8 0 0 0 5
-0.23841241 1.5520797 0.99548554 8 0 0 0 5
-0.10256953 1.6363051 1.0967808 8 0 0 0 5
-0.0063286163 1.6315746 0.86221063 8 0 0 0 5
0.33371922 1.8966336 1.2429129 8 0 0 0 5
0.81845903 2.053179 0.95916152 8 0 0 0 5
0.065816991 1.7482839 1.2050109 8 0 0 0 5
0.33711243 1.9431728 1.4488074 8 0 0 0 5
0.26840448 1.8092028 0.98058885 8 0 0 0 5
0.44977555 1.7603213 0.41485259 8 0 0 0 5
0.069132231 1.6542691 0.78308654 8 0 0 0 5
-0.077487595 1.6396917 0.99135607 8 0 0 0 5
0.22081366 1.9205613 1.5453402 8 0 0 0 5
0.27273941 1.8833457 1.3258103 8 0 0 0 5
-0.17427397 1.5657872 0.9378708 8 0 0 0 5
0.53641087 1.8935969 0.74078894 8 0 0 0 5
0.26935354 1.8296999 1.057163 8 0 0 0 5
0.19809708 1.7096587 0.74748439 8 0 0 0 5
0.43952841 1.7637718 0.4925032 8 0 0 0 5
0.40825221 1.7361809 0.43568486 8 0 0 0 5
0.33508262 1.8368814 0.96665138 8 0 0 0 5
0.70057082 2.0005498 0.94683045 8 0 0 0 5
0.52189589 1.8643364 0.65002716 8 0 0 0 5
0.3476713 1.9883728 1.5817493 8 0 0 0 5
0.69964176 1.9693894 0.76549393 8 0 0 0 5
0.25667465 1.7415819 0.70326781 8 0 0 0 5
-0.081530735 1.5846916 0.86892682 8 0 0 0 5
0.65940869 2.0500994 1.2051667 8 0 0 0 5
0.033144634 1.6716884 0.94727218 8 0 0 0 5
0.48220581 1.9233322 1.100908 8 0 0 0 5
0.26369801 1.7771131 0.93424898 8 0 0 0 5
0.067955025 1.7123922 1.0943029 8 0 0 0 5
0.39047858 1.9294599 1.2640383 8 0 0 0 5
0.28119618 1.7614957 0.75736886 8 0 0 0 5
0.36668867 1.9627439 1.5175556 8 0 0 0 5
0.42881233 1.9575846 1.3071288 8 0 0 0 5
0.32201684 1.910146 1.2151016 8 0 0 0 5
0.74901873 2.0956631 1.2561822 8 0 0 0 5
0.32761958 1.7784524 0.80887175 8 0 0 0 5
0.38414112 1.972823 1.4877808 8 0 0 0 5
0.34555694 1.7326839 1.111644 9 0 0 0 5
0.38449144 1.6893313 0.86109537 9 0 0 0 5
0.714719 1.9153249 1.0576066 9 0 0 0 5
0.075941585 1.5471498 0.90048295 9 0 0 0 5
0.15923473 1.5600138 0.93882918 9 0 0 0 5
0.78207982 1.967092 1.1302034 9 0 0 0 5
-0.062114675 1.5007503 1.0998558 9 0 0 0 5
0.72363389 1.9823761 1.3142883 9 0 0 0 5
-0.078991555 1.4622129 0.92922246 9 0 0 0 5
-0.013747438 1.4861826 0.88409835 9 0 0 0 5
0.53382134 1.6785116 0.5362227 9 0 0 0 5
0.51822519 1.6568605 0.51473343 9 0 0 0 5
0.35219112 1.7862606 1.3249899 9 0 0 0 5
0.15823582 1.5531616 0.74610442 9 0 0 0 5
-0.0084178727 1.5259529 1.1004415 9 0 0 0 5
0.056229878 1.5338433 0.9437325 9 0 0 0 5
0.37280166 1.7286845 1.0593565 9 0 0 0 5
0.43542236 1.7634856 1.0964284 9 0 0 0 5
0.34538576 1.660012 0.87581885 9 0 0 0 5
0.10298605 1.6935433 1.4868764 9 0 0 0 5
0.0074573625 1.4970201 0.95611912 9 0 0 0 5
-0.041896787 1.5532731 1.2194414 9 0 0 0 5
-0.094142802 1.4656322 1.1151714 9 0 0 0 5
0.15554214 1.6688229 1.2843517 9 0 0 0 5
0.72848201 1.9801248 1.3183039 9 0 0 0 5
0.082237765 1.6880302 1.4913698 9 0 0 0 5
0.43146521 1.8739156 1.4673058 9 0 0 0 5
0.39589694 1.6760292 0.8095718 9 0 0 0 5
0.50345659 1.8523036 1.338899 9 0 0 0 5
0.12289463 1.5615649 0.91957986 9 0 0 0 5
0.47863257 1.8944383 1.5118927 9 0 0 0 5
0.074580915 1.6691443 1.45041 9 0 0 0 5
0.36526263 1.6223367 0.6828984 9 0 0 0 5
0.090367302 1.5894014 1.1499325 9 0 0 0 5
0.20823777 1.7091178 1.3480034 9 0 0 0 5
0.13557248 1.5427207 0.83908522 9 0 0 0 5
0.22208208 1.5546309 0.67967319 9 0 0 0 5
0.29514709 1.7759311 1.4490486 9 0 0 0 5
-0.064215243 1.5160227 1.2228026 9 0 0 0 5
0.2932319 1.6512179 0.99855995 9 0 0 0 5
-0.35452771 1.4833879 1.0077178 10 0 0 0 5
0.1810253 1.7979014 1.1427313 10 0 0 0 5
0.12816966 1.8287371 1.3442535 10 0 0 0 5
0.30679598 1.8940841 1.2655777 10 0 0 0 5
-0.0214146 1.6412451 0.92679119 10 0 0 0 5
0.70148796 2.0841541 1.2749568 10 0 0 0 5
0.69280016 2.0115333 1.0115147 10 0 0 0 5
-0.085460976 1.6279479 1.0043396 10 0 0 0 5
0.58811885 2.0148244 1.2010874 10 0 0 0 5
-0.011253308 1.7288389 1.1744493 10 0 0 0 5
0.15054384 1.7738219 1.0375766 10 0 0 0 5
0.55686969 1.9761999 1.1341113 10 0 0 0 5
-0.27459908 1.5769086 1.0599028 10 0 0 0 5
0.51480609 2.0370727 1.3982123 10 0 0 0 5
0.40605298 1.7955105 0.71843147 10 0 0 0 5
0.11540622 1.924197 1.7303973 10 0 0 0 5
-0.040698182 1.6493607 0.90064186 10 0 0 0 5
0.80882931 2.10955 1.1702647 10 0 0 0 5
0.032964464 1.863489 1.5686535 10 0 0 0 5
-0.0082937302 1.7154155 1.1329658 10 0 0 0 5
0.23501717 1.8439879 1.1823964 10 0 0 0 5
0.25476247 1.9477836 1.5819389 10 0 0 0 5
-0.071706258 1.694746 1.2625902 10 0 0 0 5
0.25292471 1.7767627 0.92125118 10 0 0 0 5
0.28603834 1.9811759 1.5329392 10 0 0 0 5
0.27817523 1.7428957 0.69540489 10 0 0 0 5
0.34025493 1.7804103 0.76286793 10 0 0 0 5
0.2535215 1.6549517 0.53648078 10 0 0 0 5
0.53062934 2.0299909 1.2640322 10 0 0 0 5
0.16969213 1.9162451 1.6229446 10 0 0 0 5
0.026601551 1.7728028 1.2930874 10 0 0 0 5
0.0035442435 1.7070591 1.1306648 10 0 0 0 5
0.10355358 1.6713011 0.79542214 10 0 0 0 5
-0.24385071 1.5919071 1.1343868 10 0 0 0 5
-0.10655492 1.5695049 0.85960096 10 0 0 0 5
0.13834532 1.8873245 1.5296395 10 0 0 0 5
0.41612789 1.8466187 0.90334493 10 0 0 0 5
0.49811396 2.0272589 1.3945469 10 0 0 0 5
-0.040814079 1.7833438 1.4678961 10 0 0 0 5
0.31070966 1.9398144 1.3970959 10 0 0 0 5
0.41604003 1.7615242 0.46107206 11 0 0 0 5
0.068255872 1.7088946 0.93345511 11 0 0 0 5
0.41433355 1.8712395 0.84212947 11 0 0 0 5
0.1745382 1.8377653 1.1511616 11 0 0 0 5
0.3967663 1.8600835 0.88104081 11 0 0 0 5
0.56400985 1.9659334 0.90329313 11 0 0 0 5
0.42408982 1.8285682 0.6438024 11 0 0 0 5
0.63003576 2.0138958 0.98224843 11 0 0 0 5
0.22632231 1.7387357 0.69634372 11 0 0 0 5
0.75088215 2.1070046 1.1037995 11 0 0 0 5
-0.09230423 1.6879064 1.0610939 11 0 0 0 5
0.67190558 2.0750475 1.1581511 11 0 0 0 5
0.18415499 1.909501 1.4491879 11 0 0 0 5
0.69701684 2.1050732 1.2660469 11 0 0 0 5
0.12332875 1.775822 1.0079188 11 0 0 0 5
0.23534898 1.9379885 1.3695123 11 0 0 0 5
0.53552479 2.0037608 1.121613 11 0 0 0 5
-0.07950753 1.7067728 1.1002597 11 0 0 0 5
0.26390499 1.7257606 0.61421162 11 0 0 0 5
0.28134981 1.7240785 0.57317382 11 0 0 0 5
0.64374024 2.0317931 1.1270862 11 0 0 0 5
0.15667731 1.73975 0.87418342 11 0 0 0 5
0.72736394 2.1237268 1.2353574 11 0 0 0 5
0.44616812 1.8790323 0.94012254 11 0 0 0 5
0.37686926 1.9291301 1.1911961 11 0 0 0 5
0.54877961 1.9093422 0.76235497 11 0 0 0 5
0.30594698 1.9331771 1.2917681 11 0 0 0 5
0.24192569 1.776806 0.83268338 11 0 0 0 5
0.65870261 2.0140419 0.94588512 11 0 0 0 5
0.01591447 1.6740865 0.94570661 11 0 0 0 5
0.44782421 2.0338259 1.3743752 11 0 0 0 5
-0.037694156 1.7430147 1.2376442 11 0 0 0 5
0.34274426 1.862909 0.99660504 11 0 0 0 5
0.18429153 1.967212 1.5912069 11 0 0 0 5
0.012001258 1.6658854 0.87987912 11 0 0 0 5
0.18556397 1.8666559 1.2859253 11 0 0 0 5
0.22608072 1.7801192 0.93830067 11 0 0 0 5
-0.11220817 1.7579886 1.3601294 11 0 0 0 5
0.79324889 2.1491909 1.2283882 11 0 0 0 5
0.15832937 1.6914971 0.73130941 11 0 0 0 5
-0.18043351 1.6143346 1.0786818 12 0 0 0 5
0.52623874 1.9675719 1.11571 12 0 0 0 5
0.46548578 1.8440777 0.63789696 12 0 0 0 5
-0.21211985 1.5913401 1.090283 12 0 0 0 5
-0.01909107 1.7600209 1.3135333 12 0 0 0 5
0.17403781 1.8594071 1.354671 12 0 0 0 5
0.52785283 1.9041064 0.85939437 12 0 0 0 5
0.60068327 1.9468136 0.85348988 12 0 0 0 5
0.31602317 1.852887 0.90277004 12 0 0 0 5
0.083795339 1.6797646 0.77895093 12 0 0 0 5
0.29911217 1.7263001 0.53345823 12 0 0 0 5
0.38795024 1.7705604 0.60640633 12 0 0 0 5
0.76032209 2.1164544 1.1957669 12 0 0 0 5
0.50077343 2.0085168 1.2949533 12 0 0 0 5
0.13651146 1.6644633 0.61603689 12 0 0 0 5
0.63103157 2.0855119 1.3090433 12 0 0 0 5
0.45498291 1.8520274 0.75684828 12 0 0 0 5
0.7016049 1.9824852 0.74547035 12 0 0 0 5
0.22542432 1.7525371 0.76384217 12 0 0 0 5
0.49945229 1.8320173 0.64676583 12 0 0 0 5
0.50754875 1.9118233 0.93653971 12 0 0 0 5
-0.070126757 1.6651366 1.0217613 12 0 0 0 5
0.018605998 1.6438922 0.88341171 12 0 0 0 5
0.61306894 2.0357049 1.182048 12 0 0 0 5
0.50771171 1.8261628 0.52184701 12 0 0 0 5
0.1990453 1.7500136 0.81727976 12 0 0 0 5
0.04225108 1.7915004 1.3310949 12 0 0 0 5
0.44482657 1.990734 1.3639519 12 0 0 0 5
-0.043837607 1.7525836 1.329752 12 0 0 0 5
0.25841126 1.7234937 0.60823566 12 0 0 0 5
0.17838162 1.7242826 0.73960906 12 0 0 0 5
0.5057916 1.8403095 0.57670778 12 0 0 0 5
0.55424839 1.9666536 1.1617823 12 0 0 0 5
-0.22502752 1.5706619 0.98295182 12 0 0 0 5
0.061369609 1.821088 1.3581656 12 0 0 0 5
0.079965606 1.8543704 1.5200303 12 0 0 0 5
-0.017616784 1.7804192 1.3282799 12 0 0 0 5
0.63384408 2.05092 1.1503246 12 0 0 0 5
0.50850236 1.8523504 0.70780492 12 0 0 0 5
0.79994947 2.0517609 0.91315597 12 0 0 0 5
0.67229962 2.0131767 1.1004483 13 0 0 0 5
0.29403049 1.8682219 1.4306096 13 0 0 0 5
0.21495697 1.7432305 1.1583993 13 0 0 0 5
0.61008602 2.0034084 1.2870395 13 0 0 0 5
0.40517387 1.8983533 1.2755226 13 0 0 0 5
0.30673355 1.8668324 1.415396 13 0 0 0 5
-0.10385153 1.5181522 0.90346795 13 0 0 0 5
0.24531209 1.7502124 1.0362213 13 0 0 0 5
0.23558809 1.8819944 1.6074296 13 0 0 0 5
0.48851165 1.8091638 0.76478249 13 0 0 0 5
0.80672991 2.0757017 1.0611721 13 0 0 0 5
0.80583513 2.085279 1.1097338 13 0 0 0 5
0.25810739 1.8223408 1.3985757 13 0 0 0 5
0.42201418 1.7162588 0.56900591 13 0 0 0 5
0.038706712 1.6004088 0.93361568 13 0 0 0 5
0.33657074 1.8731041 1.3296689 13 0 0 0 5
0.52814603 1.7661728 0.49172762 13 0 0 0 5
0.11947785 1.68613 1.1199274 13 0 0 0 5
0.50735533 1.8197258 0.6921792 13 0 0 0 5
0.10608198 1.5533941 0.62109667 13 0 0 0 5
0.13843937 1.6687238 0.98719645 13 0 0 0 5
0.29422867 1.7333106 0.89791679 13 0 0 0 5
0.68817466 1.9261588 0.81393969 13 0 0 0 5
0.44261029 1.874467 1.1435128 13 0 0 0 5
0.040213257 1.5380282 0.76347739 13 0 0 0 5
0.37613094 1.8728782 1.3168118 13 0 0 0 5
-0.11253357 1.538901 1.0302122 13 0 0 0 5
0.22891031 1.7434303 1.098563 13 0 0 0 5
0.44555816 1.8761822 1.1056029 13 0 0 0 5
0.17273135 1.7278219 1.1336507 13 0 0 0 5
0.28841028 1.8473756 1.3563534 13 0 0 0 5
0.32980752 1.7133919 0.76324624 13 0 0 0 5
-0.086278819 1.4858924 0.86372679 13 0 0 0 5
0.10334506 1.6325043 0.90088683 13 0 0 0 5
-0.066989243 1.6184649 1.2230532 13 0 0 0 5
0.34037453 1.7893744 1.0540653 13 0 0 0 5
-0.1693947 1.5234886 1.0855227 13 0 0 0 5
0.27556837 1.6106056 0.49619544 13 0 0 0 5
0.12332354 1.7110616 1.3165358 13 0 0 0 5
0.0073433248 1.5413978 0.70867747 13 0 0 0 5
0.40068486 1.9986171 1.2558399 14 0 0 0 5
-0.193984 1.5974654 0.88992512 14 0 0 0 5
0.40786734 1.8752316 0.80103958 14 0 0 0 5
0.47368246 1.9069216 0.73560625 14 0 0 0 5
0.50129068 2.0456645 1.2562985 14 0 0 0 5
0.038967147 1.7246425 0.90677381 14 0 0 0 5
0.49990866 1.9434092 0.837098 14 0 0 0 5
0.1601679 1.7997477 0.95640951 14 0 0 0 5
0.79416531 2.1640568 1.0406305 14 0 0 0 5
0.15650973 1.7407106 0.68702751 14 0 0 0 5
0.17871289 1.9290868 1.4146821 14 0 0 0 5
0.21238662 1.9308178 1.3262576 14 0 0 0 5
0.19913787 1.7536741 0.73750383 14 0 0 0 5
0.51798397 1.8674678 0.51600283 14 0 0 0 5
0.25757331 1.7362233 0.54166156 14 0 0 0 5
0.20524287 1.6785675 0.44691348 14 0 0 0 5
0.095758744 1.8650509 1.432085 14 0 0 0 5
0.18034452 1.8603894 1.1535952 14 0 0 0 5
0.30919454 1.9598076 1.2015178 14 0 0 0 5
0.24270914 1.7267175 0.53660351 14 0 0 0 5
0.57499683 1.9379088 0.67071766 14 0 0 0 5
0.37761053 1.8049216 0.50394779 14 0 0 0 5
0.16471212 1.9290071 1.4563385 14 0 0 0 5
0.2584435 1.8281609 0.89019328 14 0 0 0 5
0.32616693 1.7570977 0.53817922 14 0 0 0 5
0.098096423 1.8608359 1.2833811 14 0 0 0 5
0.16897725 1.9256996 1.4377421 14 0 0 0 5
0.10433152 1.7977891 1.0364814 14 0 0 0 5
0.10397587 1.6799827 0.71064305 14 0 0 0 5
0.18980169 1.769039 0.87056828 14 0 0 0 5
0.40316993 1.9666824 1.1608533 14 0 0 0 5
0.19710381 1.7506604 0.74498796 14 0 0 0 5
-0.21500108 1.5908203 0.96509939 14 0 0 0 5
0.42133057 2.0072198 1.2369629 14 0 0 0 5
0.29638028 1.7233503 0.46554106 14 0 0 0 5
0.17382367 1.7340032 0.74601728 14 0 0 0 5
0.081384741 1.7150285 0.84770203 14 0 0 0 5
0.58432651 1.9857268 0.87914175 14 0 0 0 5
0.19493745 1.8917788 1.3144884 14 0 0 0 5
0.32976195 1.9402382 1.1019106 14 0 0 0 5
0.42773658 1.978357 1.1347274 15 0 0 0 5
-0.2536003 1.6459526 1.1866568 15 0 0 0 5
0.16164894 1.6288073 0.43289387 15 0 0 0 5
-0.055471826 1.6697835 1.0496196 15 0 0 0 5
0.17620809 1.843485 1.1555222 15 0 0 0 5
0.091302648 1.641086 0.66273832 15 0 0 0 5
0.075731918 1.6289178 0.52613741 15 0 0 0 5
0.16806032 1.6453285 0.45009783 15 0 0 0 5
0.53839117 1.994629 1.0038558 15 0 0 0 5
-0.032825544 1.8117262 1.4288443 15 0 0 0 5
0.31375316 1.7388549 0.48658112 15 0 0 0 5
-0.17857917 1.568017 0.85798395 15 0 0 0 5
0.38321713 1.8901538 0.89360678 15 0 0 0 5
-0.0074268156 1.612479 0.67326957 15 0 0 0 5
0.14003448 1.7922038 0.97571307 15 0 0 0 5
0.4773528 2.0340981 1.2383667 15 0 0 0 5
-0.21756227 1.6609744 1.2439229 15 0 0 0 5
0.68040252 2.0602386 0.97572011 15 0 0 0 5
0.23720138 1.9626004 1.4910172 15 0 0 0 5
0.21985851 1.8637152 1.1580046 15 0 0 0 5
0.41095307 1.9342175 0.96550822 15 0 0 0 5
-0.025787609 1.8033999 1.4580277 15 0 0 0 5
0.088481002 1.6453553 0.59299231 15 0 0 0 5
0.57297701 1.9718206 0.7927143 15 0 0 0 5
0.076398976 1.6610503 0.73442876 15 0 0 0 5
0.21321985 1.868674 1.1478864 15 0 0 0 5
-0.072763428 1.7804852 1.4219208 15 0 0 0 5
0.19398335 1.8398341 1.0626862 15 0 0 0 5
0.09880022 1.7050427 0.71294743 15 0 0 0 5
-0.097826168 1.5645338 0.74670929 15 0 0 0 5
0.11936633 1.8375798 1.2333095 15 0 0 0 5
0.079686262 1.7295045 0.94880474 15 0 0 0 5
0.089779519 1.7567905 1.0378736 15 0 0 0 5
0.39640012 2.0102296 1.3256001 15 0 0 0 5
-0.26525638 1.5450456 0.91859174 15 0 0 0 5
-0.10910302 1.5999465 0.89058471 15 0 0 0 5
0.64392281 2.0540652 0.92540187 15 0 0 0 5
0.38050079 1.8269032 0.74059618 15 0 0 0 5
-0.24525614 1.5634626 0.93682289 15 0 0 0 5
0.50596595 1.9268166 0.87397999 15 0 0 0 5
0.36280701 1.8370041 0.4777686 16 0 0 0 5
-0.227889 1.6318914 0.92102468 16 0 0 0 5
0.35721651 2.0819647 1.2987578 16 0 0 0 5
0.63679767 2.137661 1.0230634 16 0 0 0 5
0.39235312 1.8779098 0.55931163 16 0 0 0 5
0.36762646 2.0922122 1.271106 16 0 0 0 5
0.55164659 1.9232366 0.47841546 16 0 0 0 5
0.54597408 1.9869014 0.63348365 16 0 0 0 5
0.43017906 2.0554941 1.062771 16 0 0 0 5
0.44744754 1.8834299 0.5296874 16 0 0 0 5
0.20063812 1.7958671 0.61948246 16 0 0 0 5
0.19712271 1.9170517 1.0055701 16 0 0 0 5
0.13170154 1.8988293 1.0974624 16 0 0 0 5
0.70413971 2.099247 0.73587906 16 0 0 0 5
-0.043217 1.8511131 1.2191318 16 0 0 0 5
0.59758836 2.0556476 0.7622658 16 0 0 0 5
0.38880837 2.0730863 1.2435672 16 0 0 0 5
-0.024984002 1.7464739 0.89587849 16 0 0 0 5
-0.15931845 1.6995058 0.92956173 16 0 0 0 5
-0.025823636 1.8356138 1.2102438 16 0 0 0 5
0.49636588 2.0696757 1.0597136 16 0 0 0 5
0.72610748 2.1891806 1.0859541 16 0 0 0 5
0.33249611 1.9412127 0.86423945 16 0 0 0 5
0.42916632 2.0534155 1.0927453 16 0 0 0 5
0.29219198 1.990019 1.113073 16 0 0 0 5
0.51073897 1.9647835 0.62527603 16 0 0 0 5
0.34132576 1.9928772 0.9995119 16 0 0 0 5
0.27471584 2.1183691 1.5548307 16 0 0 0 5
0.65269327 2.114512 0.89570063 16 0 0 0 5
0.090225041 2.0018191 1.4526118 16 0 0 0 5
0.31795675 2.0039515 1.1426675 16 0 0 0 5
0.30447596 1.7901604 0.47624934 16 0 0 0 5
0.16347927 1.8905852 0.97399735 16 0 0 0 5
0.34466836 2.1475339 1.5453552 16 0 0 0 5
0.18528149 1.8044364 0.61137712 16 0 0 0 5
0.12400331 1.9322098 1.2110316 16 0 0 0 5
0.45275286 1.9104322 0.62493712 16 0 0 0 5
0.19779766 2.0329561 1.4624815 16 0 0 0 5
0.11705161 2.01354 1.4939864 16 0 0 0 5
0.36877123 1.8047743 0.3990396 16 0 0 0 5
0.47937036 1.9968398 1.3547399 17 0 0 0 5
0.57192659 1.9260875 0.98799151 17 0 0 0 5
0.50858587 1.8044333 0.66771096 17 0 0 0 5
0.38110527 1.9019781 1.1549643 17 0 0 0 5
0.39098367 1.9253104 1.2540958 17 0 0 0 5
-0.12547225 1.5295203 0.83561426 17 0 0 0 5
-0.16817094 1.5345889 0.93891281 17 0 0 0 5
0.59337252 1.8325841 0.61232072 17 0 0 0 5
0.12338199 1.5747374 0.58672291 17 0 0 0 5
0.46555382 1.7014915 0.41976473 17 0 0 0 5
-0.10537751 1.5037707 0.7498768 17 0 0 0 5
0.26757452 1.8589332 1.2884684 17 0 0 0 5
0.10063782 1.770004 1.2698743 17 0 0 0 5
0.12670448 1.816654 1.3048204 17 0 0 0 5
0.26421013 1.6492654 0.624973 17 0 0 0 5
0.27184638 1.9146203 1.4171094 17 0 0 0 5
0.63302088 1.8894597 0.73108602 17 0 0 0 5
0.13473825 1.8733178 1.5635663 17 0 0 0 5
0.4385325 1.7057948 0.49542898 17 0 0 0 5
0.58274508 1.9418751 1.00449 17 0 0 0 5
-0.091703914 1.5409276 0.88321483 17 0 0 0 5
0.02205598 1.7104436 1.190285 17 0 0 0 5
0.039945666 1.6984141 1.1105615 17 0 0 0 5
0.18594821 1.9057118 1.5357453 17 0 0 0 5
0.13537107 1.644255 0.78102106 17 0 0 0 5
0.86824465 2.1164248 0.99540073 17 0 0 0 5
0.42581469 1.7589338 0.67043269 17 0 0 0 5
0.19781184 1.5932928 0.57522386 17 0 0 0 5
0.53862733 1.7700208 0.52839077 17 0 0 0 5
0.83764631 2.0721946 0.95302933 17 0 0 0 5
0.19715226 1.8709639 1.440246 17 0 0 0 5
0.38062873 1.6700413 0.46414843 17 0 0 0 5
0.049667738 1.7477968 1.2725139 17 0 0 0 5
0.31105003 1.8169395 1.1185465 17 0 0 0 5
0.43202788 1.7701358 0.67218196 17 0 0 0 5
0.24210784 1.8100492 1.1459577 17 0 0 0 5
0.30896571 1.7813945 0.91962051 17 0 0 0 5
0.88992983 2.1150603 0.96925718 17 0 0 0 5
0.35548866 1.8140172 0.95052624 17 0 0 0 5
0.11435775 1.6937953 0.99390173 17 0 0 0 5
0.66012543 2.0970829 1.082695 18 0 0 0 5
-0.20823222 1.5811948 0.90966547 18 0 0 0 5
0.23849274 1.7983385 0.77246821 18 0 0 0 5
0.65810335 2.106777 1.0635326 18 0 0 0 5
0.12958157 1.8308915 1.1360552 18 0 0 0 5
-0.24913053 1.6323164 1.1896129 18 0 0 0 5
0.17097215 1.8246565 1.0835453 18 0 0 0 5
-0.059284911 1.7281466 1.1376438 18 0 0 0 5
0.015928755 1.6839279 0.85680383 18 0 0 0 5
0.16669753 1.6663163 0.54049361 18 0 0 0 5
0.68102455 2.1351292 1.1656827 18 0 0 0 5
-0.065145001 1.6666722 0.94664973 18 0 0 0 5
0.36373383 1.9780774 1.204309 18 0 0 0 5
-0.28882903 1.5104723 0.87740421 18 0 0 0 5
0.14242701 1.8851326 1.2615973 18 0 0 0 5
0.32553279 1.8989397 1.0227118 18 0 0 0 5
0.19104601 1.8241833 0.97600853 18 0 0 0 5
0.21482559 1.9271348 1.3047788 18 0 0 0 5
0.045524735 1.8979168 1.4607203 18 0 0 0 5
0.41150293 2.0355389 1.2702078 18 0 0 0 5
-0.061708089 1.6918608 1.0540229 18 0 0 0 5
0.2770271 1.8561367 0.93422294 18 0 0 0 5
-0.2681641 1.5172127 0.82918787 18 0 0 0 5
-0.031960968 1.8046814 1.3265467 18 0 0 0 5
0.61638862 2.0211194 0.86165816 18 0 0 0 5
0.58545035 2.0737278 1.1424841 18 0 0 0 5
0.55390388 2.0591764 1.1257281 18 0 0 0 5
-0.024190981 1.6986676 0.92206776 18 0 0 0 5
-0.00061685004 1.815271 1.2938745 18 0 0 0 5
0.00018761518 1.9048159 1.5639945 18 0 0 0 5
0.4907814 2.0183015 1.1395828 18 0 0 0 5
0.36055195 1.9964775 1.2566756 18 0 0 0 5
0.37094763 2.0300395 1.3517262 18 0 0 0 5
-0.12005935 1.5836161 0.76906782 18 0 0 0 5
0.41392237 1.8217331 0.57833117 18 0 0 0 5
0.39741522 1.8895261 0.89699656 18 0 0 0 5
-0.36033678 1.5252336 0.95502901 18 0 0 0 5
0.18950348 1.9149911 1.2813628 18 0 0 0 5
0.27941102 1.7163076 0.46706289 18 0 0 0 5
0.045554928 1.9485688 1.6510295 18 0 0 0 5
0.35160989 1.9217024 1.172364 19 0 0 0 5
0.26147425 1.8738197 1.1324959 19 0 0 0 5
0.1303636 1.6464924 0.60436118 19 0 0 0 5
0.031276289 1.587811 0.57320195 19 0 0 0 5
0.16976896 1.919845 1.4127187 19 0 0 0 5
0.75319296 2.126246 1.0964545 19 0 0 0 5
0.41739571 1.8744432 0.87799484 19 0 0 0 5
0.71529138 2.0609841 1.1294407 19 0 0 0 5
-0.27068573 1.5568808 0.92575753 19 0 0 0 5
0.52745897 1.9432507 0.86274743 19 0 0 0 5
0.52880901 1.9874144 1.0576334 19 0 0 0 5
-0.015379398 1.62292 0.7327742 19 0 0 0 5
0.50484526 1.8182709 0.55038249 19 0 0 0 5
-0.070112281 1.7379043 1.2611029 19 0 0 0 5
-0.0036889196 1.6682773 0.89334625 19 0 0 0 5
0.67903233 2.0974741 1.1654954 19 0 0 0 5
0.22708301 1.7065438 0.58177716 19 0 0 0 5
0.1280155 1.9267269 1.586804 19 0 0 0 5
0.27577794 1.6733699 0.38614726 19 0 0 0 5
-0.0473083 1.7785058 1.3677722 19 0 0 0 5
0.64800268 1.9668901 0.73125225 19 0 0 0 5
0.24966653 1.8080261 0.89514714 19 0 0 0 5
0.29658592 1.9744996 1.35659 19 0 0 0 5
0.6712361 1.9643421 0.76910502 19 0 0 0 5
0.07605055 1.8569955 1.2936716 19 0 0 0 5
0.68891984 2.0006719 0.87106872 19 0 0 0 5
0.69543463 2.0209808 0.8523882 19 0 0 0 5
0.18491498 1.9684122 1.5284986 19 0 0 0 5
0.69272435 2.0159883 0.89487487 19 0 0 0 5
0.71625793 2.0072927 0.84031993 19 0 0 0 5
0.46325409 1.9253899 0.8879984 19 0 0 0 5
0.20067962 1.8818523 1.2385288 19 0 0 0 5
0.16637065 1.9396561 1.5750252 19 0 0 0 5
0.43675628 1.8821785 0.8554734 19 0 0 0 5
-0.16442698 1.5537709 0.76976079 19 0 0 0 5
0.38190621 1.7915788 0.60399228 19 0 0 0 5
0.40084136 1.8661513 0.89889783 19 0 0 0 5
0.32654458 1.9105908 1.1403631 19 0 0 0 5
0.50183481 1.9648582 1.0186173 19 0 0 0 5
0.18868127 1.8755147 1.2287359 19 0 0 0 5
1.2495716 1.0377469 -1.6445724 0 0 0 0 6
1.6920649 1.4517685 -1.7669441 0 0 0 0 6
1.8083786 1.1372651 -1.4652337 0 0 0 0 6
1.9343218 1.5554804 -1.7188373 0 0 0 0 6
1.4017444 1.2814885 -1.7452104 0 0 0 0 6
1.9214197 1.2766719 -1.4983174 0 0 0 0 6
1.8003482 1.6461122 -1.8538569 0 0 0 0 6
1.297563 1.5382843 -1.9649969 0 0 0 0 6
1.3661101 1.0236334 -1.5613555 0 0 0 0 6
1.8928615 1.4091437 -1.6312046 0 0 0 0 6
1.2062938 1.0743666 -1.6570431 0 0 0 0 6
1.2091076 1.5171937 -1.9953129 0 0 0 0 6
1.4870356 1.7266337 -2.0276051 0 0 0 0 6
1.4501327 1.4295707 -1.8215103 0 0 0 0 6
1.2338011 0.9810223 -1.5927833 0 0 0 0 6
1.9649298 1.0833695 -1.3440671 0 0 0 0 6
1.4417822 1.6210512 -1.9928564 0 0 0 0 6
1.8817151 1.604488 -1.7782708 0 0 0 0 6
1.664757 1.0291706 -1.4347392 0 0 0 0 6
1.1440432 1.0995452 -1.7014025 0 0 0 0 6
1.7580655 1.1570872 -1.5152574 0 0 0 0 6
1.5770698 1.5173019 -1.8290836 0 0 0 0 6
1.5289029 1.4989855 -1.8356093 0 0 0 0 6
1.8353926 1.0040948 -1.3437835 0 0 0 0 6
1.5927767 1.365953 -1.7294478 0 0 0 0 6
1.2877812 1.5627893 -2.0034223 0 0 0 0 6
1.6631558 1.0896608 -1.500181 0 0 0 0 6
1.8539249 1.0817807 -1.3979937 0 0 0 0 6
1.6294706 1.412251 -1.7651523 0 0 0 0 6
1.6528401 1.1658341 -1.5550734 0 0 0 0 6
1.3018538 1.2239851 -1.7418512 0 0 0 0 6
1.8658855 1.6580999 -1.843209 0 0 0 0 6
1.752283 1.7621456 -1.9575509 0 0 0 0 6
1.7931088 1.6243862 -1.8539944 0 0 0 0 6
2.0068781 1.4105941 -1.6075523 0 0 0 0 6
1.6845555 1.2695696 -1.6177683 0 0 0 0 6
1.3283184 1.6562406 -2.0494306 0 0 0 0 6
1.2375752 1.3701046 -1.8869764 0 0 0 0 6
1.6261289 1.7376072 -1.9858737 0 0 0 0 6
1.2729377 1.0067602 -1.5858721 0 0 0 0 6
1.8656473 0.90029806 -1.142581 1 0 0 0 6
1.5445796 0.99819684 -1.346579 1 0 0 0 6
1.8900893 1.3927717 -1.5219109 1 0 0 0 6
1.9878129 1.4104593 -1.4706569 1 0 0 0 6
2.1154783 1.6902727 -1.6626087 1 0 0 0 6
1.9726412 1.106738 -1.2598428 1 0 0 0 6
1.9868768 1.5118151 -1.5683534 1 0 0 0 6
1.9300842 1.3011687 -1.4469541 1 0 0 0 6
1.8644468 1.5272676 -1.634004 1 0 0 0 6
2.0008767 1.30922 -1.4054046 1 0 0 0 6
1.9057415 1.3181674 -1.4738477 1 0 0 0 6
1.9847534 1.4009303 -1.4836106 1 0 0 0 6
2.0741889 1.6448327 -1.6173698 1 0 0 0 6
1.4248862 0.907695 -1.3287066 1 0 0 0 6
1.9691213 1.281015 -1.4020752 1 0 0 0 6
2.108134 1.5598048 -1.5626231 1 0 0 0 6
1.5855817 1.7326258 -1.8618306 1 0 0 0 6
1.5627587 1.5323228 -1.7531259 1 0 0 0 6
1.4357302 1.0492994 -1.417475 1 0 0 0 6
1.7061667 1.0858988 -1.3282973 1 0 0 0 6
2.1333129 1.6530195 -1.6339556 1 0 0 0 6
1.6363592 1.5498192 -1.752017 1 0 0 0 6
2.0124688 1.6251105 -1.6445239 1 0 0 0 6
1.6974119 0.98692167 -1.2874579 1 0 0 0 6
1.5341707 1.4184828 -1.6742542 1 0 0 0 6
1.7936963 1.5499922 -1.6694062 1 0 0 0 6
1.4793786 0.97418535 -1.3412964 1 0 0 0 6
1.5597944 1.7125875 -1.8686767 1 0 0 0 6
1.8526928 1.0922278 -1.3083402 1 0 0 0 6
1.7521063 1.1567429 -1.391892 1 0 0 0 6
2.0972536 1.2439294 -1.3250028 1 0 0 0 6
1.3884474 1.414567 -1.735024 1 0 0 0 6
1.7537837 1.7021288 -1.7917527 1 0 0 0 6
1.4360693 1.3262334 -1.6381825 1 0 0 0 6
1.4893799 0.92201418 -1.3190633 1 0 0 0 6
1.7644387 1.0151649 -1.2609855 1 0 0 0 6
1.4084986 1.360988 -1.6544424 1 0 0 0 6
1.5437088 1.710711 -1.8943372 1 0 0 0 6
1.9148196 0.97403097 -1.1953386 1 0 0 0 6
2.1062541 1.4361031 -1.4766628 1 0 0 0 6
1.7343377 1.5709947 -1.6697371 2 0 0 0 6
1.6550395 1.1240624 -1.3474957 2 0 0 0 6
1.8885522 1.084882 -1.2405379 2 0 0 0 6
2.1085432 1.7085353 -1.6282957 2 0 0 0 6
2.0500488 1.7130439 -1.6470253 2 0 0 0 6
1.696588 1.8161384 -1.8463876 2 0 0 0 6
1.6143905 1.1301188 -1.3998642 2 0 0 0 6
1.6528822 1.0503205 -1.3432121 2 0 0 0 6
1.2982342 1.1715548 -1.5344931 2 0 0 0 6
1.4937844 1.3914866 -1.6403527 2 0 0 0 6
1.5593051 1.2657223 -1.5066597 2 0 0 0 6
1.9353783 1.3566197 -1.4274948 2 0 0 0 6
1.3239003 1.7854322 -1.9839547 2 0 0 0 6
1.4374502 1.5960013 -1.795104 2 0 0 0 6
1.7644136 1.2385072 -1.4287319 2 0 0 0 6
2.0270536 1.3748189 -1.4033915 2 0 0 0 6
2.0298884 1.5260136 -1.496437 2 0 0 0 6
1.4787539 1.7455887 -1.8826157 2 0 0 0 6
1.1995701 1.2716436 -1.6646482 2 0 0 0 6
1.9779645 1.0448821 -1.1819993 2 0 0 0 6
1.1820771 1.061457 -1.4955876 2 0 0 0 6
1.5578623 1.6943734 -1.8197368 2 0 0 0 6
1.6437358 1.4169077 -1.5916156 2 0 0 0 6
1.831471 1.0777324 -1.2607114 2 0 0 0 6
1.5264391 1.4147109 -1.6295103 2 0 0 0 6
1.1823736 1.5180017 -1.8508416 2 0 0 0 6
1.5249801 1.4520822 -1.6657647 2 0 0 0 6
2.0109961 1.4847028 -1.4810218 2 0 0 0 6
1.90839 1.5721269 -1.5739521 2 0 0 0 6
1.8673861 1.2903777 -1.4286616 2 0 0 0 6
1.6738205 1.3649687 -1.5323215 2 0 0 0 6
1.081441 1.0179315 -1.5023627 2 0 0 0 6
1.2970212 1.5081097 -1.8063288 2 0 0 0 6
1.6308522 1.7722005 -1.8253629 2 0 0 0 6
1.9076197 1.7327696 -1.704641 2 0 0 0 6
1.1959853 1.3128505 -1.6837896 2 0 0 0 6
1.8405784 1.2119751 -1.3488848 2 0 0 0 6
1.7376214 1.2711002 -1.447252 2 0 0 0 6
1.4970057 1.5609713 -1.7420292 2 0 0 0 6
1.355786 1.3187647 -1.6199142 2 0 0 0 6
1.7972703 1.6286129 -1.8152903 3 0 0 0 6
1.7348512 1.6530089 -1.8988975 3 0 0 0 6
1.5693506 1.6260244 -1.9388702 3 0 0 0 6
1.7304014 1.4491618 -1.734329 3 0 0 0 6
1.6952111 0.95913917 -1.358783 3 0 0 0 6
1.8344314 0.997361 -1.3363538 3 0 0 0 6
1.8987111 1.6019266 -1.778946 3 0 0 0 6
1.9566541 1.5489976 -1.7172825 3 0 0 0 6
1.701893 0.93971139 -1.3491319 3 0 0 0 6
1.2865008 1.6489087 -2.0482953 3 0 0 0 6
1.3557148 1.1184984 -1.5996535 3 0 0 0 6
1.6946841 1.6211412 -1.8814698 3 0 0 0 6
1.752015 1.1892512 -1.521409 3 0 0 0 6
1.6650795 1.2464737 -1.6127636 3 0 0 0 6
1.2178731 1.0756093 -1.6170621 3 0 0 0 6
1.2416763 0.98722398 -1.5367429 3 0 0 0 6
1.8770462 1.4125077 -1.6590255 3 0 0 0 6
1.5975323 0.97194445 -1.4092969 3 0 0 0 6
1.4303479 1.2226408 -1.6483176 3 0 0 0 6
1.9159952 1.3243047 -1.5683851 3 0 0 0 6
1.7689687 1.6791412 -1.8984314 3 0 0 0 6
1.772032 1.2194412 -1.5341601 3 0 0 0 6
1.9127066 1.6355264 -1.8031714 3 0 0 0 6
1.1124978 1.38045 -1.8908495 3 0 0 0 6
1.907234 1.4802029 -1.7088139 3 0 0 0 6
1.8679856 0.97802895 -1.3168743 3 0 0 0 6
1.1139988 1.5294058 -1.9864337 3 0 0 0 6
1.4898376 1.600296 -1.9426358 3 0 0 0 6
1.21986 1.0471071 -1.5990429 3 0 0 0 6
1.6987959 1.6404898 -1.8706089 3 0 0 0 6
1.500481 1.1879369 -1.5930212 3 0 0 0 6
1.2714267 1.351671 -1.8088793 3 0 0 0 6
1.3537198 0.92920727 -1.4478391 3 0 0 0 6
1.7055074 1.2862344 -1.6096294 3 0 0 0 6
1.2206323 1.1703395 -1.687997 3 0 0 0 6
1.7363112 1.0771461 -1.4462693 3 0 0 0 6
1.7489467 0.92873126 -1.3171535 3 0 0 0 6
1.5205979 1.3536152 -1.7219893 3 0 0 0 6
1.5491574 1.6659796 -1.9406822 3 0 0 0 6
1.1211215 1.2041869 -1.7474275 3 0 0 0 6
1.6985636 1.5545735 -2.0527205 4 0 0 0 6
1.3687239 1.2799529 -1.9640807 4 0 0 0 6
1.7717779 1.0421648 -1.6555433 4 0 0 0 6
2.1294382 1.4859166 -1.8778524 4 0 0 0 6
1.6594564 1.6025108 -2.1180112 4 0 0 0 6
1.4537946 1.3316028 -1.9556656 4 0 0 0 6
1.9357368 1.4613856 -1.9035757 4 0 0 0 6
1.423694 1.1939121 -1.8798316 4 0 0 0 6
1.2895087 0.86356723 -1.6805929 4 0 0 0 6
1.575791 1.0138837 -1.6958808 4 0 0 0 6
2.05899 1.6065925 -1.9869915 4 0 0 0 6
1.1241271 1.1659868 -1.9557353 4 0 0 0 6
1.7474382 1.3152876 -1.8694644 4 0 0 0 6
2.0095191 1.1371251 -1.6326303 4 0 0 0 6
1.1816581 1.2636313 -2.0076883 4 0 0 0 6
1.7307526 1.3056618 -1.8689709 4 0 0 0 6
1.47278 1.551505 -2.1478465 4 0 0 0 6
1.6202209 1.0742944 -1.7370454 4 0 0 0 6
1.9503124 0.92522043 -1.5232204 4 0 0 0 6
2.0949202 1.4402952 -1.8431023 4 0 0 0 6
1.9333533 1.5648081 -1.9860818 4 0 0 0 6
1.8070003 0.93261701 -1.5643997 4 0 0 0 6
1.436341 1.3671075 -2.0220139 4 0 0 0 6
1.8248318 1.5887306 -2.0588312 4 0 0 0 6
1.4313843 1.0604702 -1.776139 4 0 0 0 6
1.2300348 1.0969261 -1.8765393 4 0 0 0 6
1.7873888 1.4738551 -1.9790506 4 0 0 0 6
1.9992973 1.4303167 -1.8846676 4 0 0 0 6
1.9499629 1.6100377 -2.0177388 4 0 0 0 6
1.9775558 1.4622453 -1.9193786 4 0 0 0 6
1.6574209 0.87843972 -1.5824564 4 0 0 0 6
1.891232 1.4601476 -1.9249696 4 0 0 0 6
1.5583854 1.3055618 -1.9502624 4 0 0 0 6
1.4573715 1.0198416 -1.746428 4 0 0 0 6
1.6527776 1.0302621 -1.6707352 4 0 0 0 6
1.3197615 0.82974261 -1.6455086 4 0 0 0 6
1.6703086 1.2393987 -1.8214898 4 0 0 0 6
1.9560297 1.5796828 -1.9946606 4 0 0 0 6
1.4354062 1.6352535 -2.2290475 4 0 0 0 6
1.2824259 0.83318293 -1.6554538 4 0 0 0 6
1.5271723 1.1850743 -1.5530492 5 0 0 0 6
1.6593817 1.2186813 -1.5500814 5 0 0 0 6
1.4174606 1.1538274 -1.5965248 5 0 0 0 6
2.0772035 1.1953546 -1.3641087 5 0 0 0 6
1.4465271 1.4994704 -1.8418359 5 0 0 0 6
1.350824 1.2941626 -1.6955885 5 0 0 0 6
1.5710155 1.1502779 -1.5033641 5 0 0 0 6
1.617455 1.5373951 -1.81567 5 0 0 0 6
1.4492387 1.1844009 -1.6009017 5 0 0 0 6
1.4139985 1.1426944 -1.5679861 5 0 0 0 6
1.328015 1.1086574 -1.5572073 5 0 0 0 6
1.9515054 1.0829481 -1.3266691 5 0 0 0 6
1.9376966 1.190106 -1.4289256 5 0 0 0 6
2.0278432 1.6082882 -1.6936322 5 0 0 0 6
2.034591 0.97808933 -1.2235528 5 0 0 0 6
1.3089427 1.0951586 -1.5929042 5 0 0 0 6
1.7310909 1.7133105 -1.8909581 5 0 0 0 6
1.9672617 1.6750084 -1.7515618 5 0 0 0 6
2.0021684 1.5840864 -1.7019467 5 0 0 0 6
2.1856627 1.6153872 -1.670717 5 0 0 0 6
2.308578 1.6210227 -1.6132462 5 0 0 0 6
1.838452 1.3952364 -1.6057452 5 0 0 0 6
1.4887993 1.6660159 -1.9471279 5 0 0 0 6
1.8773534 1.3183202 -1.5003493 5 0 0 0 6
1.5680298 1.2762215 -1.6374698 5 0 0 0 6
2.2308824 1.3421382 -1.4466763 5 0 0 0 6
2.0619471 1.2144611 -1.3999106 5 0 0 0 6
1.492161 1.6464411 -1.9076116 5 0 0 0 6
1.8527142 1.6543614 -1.8127816 5 0 0 0 6
2.1452453 1.4823948 -1.5518194 5 0 0 0 6
2.1204097 1.2124341 -1.3755064 5 0 0 0 6
1.4657779 1.2147495 -1.6237415 5 0 0 0 6
2.1284018 1.235329 -1.4186283 5 0 0 0 6
1.9454609 1.6780466 -1.7793993 5 0 0 0 6
1.3742164 1.354254 -1.7381231 5 0 0 0 6
1.3675668 1.2493469 -1.6714993 5 0 0 0 6
1.4836999 1.1456757 -1.5572568 5 0 0 0 6
1.7246722 1.6706672 -1.8566667 5 0 0 0 6
1.7745029 1.0228232 -1.3466717 5 0 0 0 6
1.5392203 1.0289909 -1.4666861 5 0 0 0 6
1.5196047 1.5953872 -2.0948789 6 0 0 0 6
1.1870915 0.97428769 -1.725476 6 0 0 0 6
1.4712256 1.3181343 -1.9007416 6 0 0 0 6
1.892053 1.4051297 -1.7937331 6 0 0 0 6
2.1586812 1.6206664 -1.8829246 6 0 0 0 6
1.7684093 1.3043985 -1.7759863 6 0 0 0 6
1.8143566 1.4349663 -1.8577449 6 0 0 0 6
1.2961159 1.0333587 -1.7317706 6 0 0 0 6
1.4214445 1.5151446 -2.0663683 6 0 0 0 6
1.426353 1.5919185 -2.1423023 6 0 0 0 6
1.6216538 1.1464969 -1.6946815 6 0 0 0 6
1.8344252 1.6336186 -2.0089219 6 0 0 0 6
1.5753225 1.2615753 -1.8138747 6 0 0 0 6
1.3272429 1.0284028 -1.7035335 6 0 0 0 6
1.3398852 1.5793226 -2.1638997 6 0 0 0 6
1.6434577 1.1127061 -1.6668024 6 0 0 0 6
1.2509407 0.87505311 -1.6129503 6 0 0 0 6
1.5961789 0.99215347 -1.5976926 6 0 0 0 6
1.5153725 1.3973029 -1.9756818 6 0 0 0 6
1.2430711 1.3859508 -2.0424304 6 0 0 0 6
1.6409136 1.5126469 -1.9953707 6 0 0 0 6
2.1013751 1.4755797 -1.783237 6 0 0 0 6
1.4858927 0.98625284 -1.6249653 6 0 0 0 6
1.4224687 1.2516447 -1.846336 6 0 0 0 6
1.3953071 1.3123137 -1.9172316 6 0 0 0 6
1.2284329 1.0414329 -1.7813482 6 0 0 0 6
1.4250729 1.0986208 -1.7472451 6 0 0 0 6
1.6248103 0.85461944 -1.4680443 6 0 0 0 6
1.3169848 1.1786295 -1.8598177 6 0 0 0 6
1.4482601 1.291345 -1.8975729 6 0 0 0 6
1.8426801 1.6245546 -2.0109041 6 0 0 0 6
1.6735972 1.599898 -2.0402966 6 0 0 0 6
1.253819 1.278932 -1.9452336 6 0 0 0 6
1.5568749 1.550419 -2.0748959 6 0 0 0 6
1.923539 1.5804591 -1.9145063 6 0 0 0 6
1.4379246 1.0568525 -1.686646 6 0 0 0 6
1.5955548 1.078108 -1.6854155 6 0 0 0 6
1.5184863 1.1091805 -1.7299889 6 0 0 0 6
1.5664449 1.0624775 -1.6710802 6 0 0 0 6
2.0446973 1.3866752 -1.7522405 6 0 0 0 6
1.7903141 0.90485322 -1.4316163 7 0 0 0 6
1.2810982 0.86585546 -1.5757891 7 0 0 0 6
1.8328035 0.90832275 -1.4292728 7 0 0 0 6
1.5008147 1.6308976 -2.088969 7 0 0 0 6
2.0345557 1.3432834 -1.71324 7 0 0 0 6
1.6413738 1.4492906 -1.9058011 7 0 0 0 6
2.0323625 1.2161945 -1.5738221 7 0 0 0 6
1.202745 0.92408121 -1.6541594 7 0 0 0 6
1.1561869 1.0032328 -1.7250805 7 0 0 0 6
1.2405555 0.98252034 -1.6804225 7 0 0 0 6
1.1175324 1.1938993 -1.8611718 7 0 0 0 6
1.7743958 1.5556227 -1.9485223 7 0 0 0 6
1.5033723 1.335574 -1.8793917 7 0 0 0 6
1.1940991 0.95671284 -1.7029088 7 0 0 0 6
1.836571 0.98859578 -1.4929922 7 0 0 0 6
1.501747 1.1144392 -1.6864275 7 0 0 0 6
1.3545806 1.1513495 -1.7508324 7 0 0 0 6
1.5897411 1.5014498 -1.9702929 7 0 0 0 6
1.4899845 1.6233863 -2.0741677 7 0 0 0 6
1.3411994 1.2355675 -1.8114436 7 0 0 0 6
1.4780273 1.0845269 -1.6860024 7 0 0 0 6
2.0383196 1.5055634 -1.8326403 7 0 0 0 6
1.7284718 1.4210416 -1.8398422 7 0 0 0 6
1.2302773 1.202654 -1.8519305 7 0 0 0 6
1.3003752 1.3840009 -1.9688715 7 0 0 0 6
2.1215971 1.5732388 -1.8369031 7 0 0 0 6
1.0581344 0.8529892 -1.6667391 7 0 0 0 6
1.5723008 1.2046891 -1.7411511 7 0 0 0 6
1.8257545 1.4881217 -1.8743274 7 0 0 0 6
1.076194 1.0824994 -1.7982213 7 0 0 0 6
1.1088014 0.92424017 -1.689075 7 0 0 0 6
1.2931998 1.0866758 -1.7351117 7 0 0 0 6
1.3703196 1.4924051 -2.01265 7 0 0 0 6
1.6018294 1.0157917 -1.6032472 7 0 0 0 6
1.1467705 1.3138373 -1.9400206 7 0 0 0 6
1.4414471 1.5131677 -2.0135405 7 0 0 0 6
1.2709918 1.2068247 -1.8426354 7 0 0 0 6
1.3843431 1.26169 -1.8548816 7 0 0 0 6
1.3535985 1.3185403 -1.9107724 7 0 0 0 6
1.2678686 1.4018173 -2.000432 7 0 0 0 6
2.0706217 1.573462 -1.771583 8 0 0 0 6
1.4105403 1.2525966 -1.7759807 8 0 0 0 6
1.7028708 1.4238043 -1.7889745 8 0 0 0 6
1.5345576 1.3354098 -1.7545037 8 0 0 0 6
1.397096 1.1495737 -1.6743459 8 0 0 0 6
1.6541433 1.5945628 -1.9187657 8 0 0 0 6
1.4530747 1.7558141 -2.1048098 8 0 0 0 6
1.2192935 1.4601986 -1.9343138 8 0 0 0 6
1.872768 1.3888655 -1.6755136 8 0 0 0 6
1.3444135 1.3989595 -1.8723922 8 0 0 0 6
1.3316839 1.3147212 -1.8193874 8 0 0 0 6
1.2945989 1.684779 -2.097049 8 0 0 0 6
1.9370465 1.213477 -1.5616943 8 0 0 0 6
1.1072669 0.97077429 -1.6365445 8 0 0 0 6
1.8793502 1.2302825 -1.5761645 8 0 0 0 6
1.5011667 1.2195289 -1.6796024 8 0 0 0 6
1.4415803 1.4519159 -1.8907126 8 0 0 0 6
1.8754929 1.391994 -1.6783153 8 0 0 0 6
1.8097254 1.5506643 -1.8694948 8 0 0 0 6
1.4165522 1.2079412 -1.6939414 8 0 0 0 6
1.1677283 1.2035307 -1.7834461 8 0 0 0 6
1.1686432 1.1216933 -1.7243047 8 0 0 0 6
2.008173 1.4061415 -1.6774529 8 0 0 0 6
1.6446322 1.7164739 -2.0105155 8 0 0 0 6
1.4160661 1.1879684 -1.6834487 8 0 0 0 6
1.2369806 1.5184131 -1.9815199 8 0 0 0 6
1.9534761 1.2126905 -1.5287378 8 0 0 0 6
1.094928 1.2189299 -1.8247198 8 0 0 0 6
1.3699718 1.2827307 -1.7700928 8 0 0 0 6
1.5045699 1.0390915 -1.5309505 8 0 0 0 6
1.3800615 1.489801 -1.9421312 8 0 0 0 6
1.3204658 1.731146 -2.1234157 8 0 0 0 6
1.4947217 1.5681831 -1.9385482 8 0 0 0 6
1.3288696 1.3708471 -1.8335682 8 0 0 0 6
1.894218 1.4250299 -1.6940327 8 0 0 0 6
1.5184933 1.6841156 -2.0308573 8 0 0 0 6
1.2421651 1.1169149 -1.7070366 8 0 0 0 6
1.5538234 1.4553214 -1.863462 8 0 0 0 6
1.2796692 1.057317 -1.654547 8 0 0 0 6
1.2288269 1.0480177 -1.6179067 8 0 0 0 6
1.4555167 1.6498982 -1.9742044 9 0 0 0 6
1.6354604 0.97535896 -1.4333836 9 0 0 0 6
1.4771526 1.3584967 -1.7748519 9 0 0 0 6
1.1960123 0.93291837 -1.561604 9 0 0 0 6
2.037379 1.5274581 -1.7212652 9 0 0 0 6
1.2178103 0.95143658 -1.5685549 9 0 0 0 6
1.3388417 1.0845722 -1.6212537 9 0 0 0 6
1.227566 1.2634635 -1.8098416 9 0 0 0 6
1.7735231 1.4856329 -1.7691586 9 0 0 0 6
1.9436322 1.6190696 -1.8178735 9 0 0 0 6
1.3477827 0.92663085 -1.5000712 9 0 0 0 6
2.0402839 1.4444054 -1.6351937 9 0 0 0 6
1.3865788 1.1692672 -1.6635295 9 0 0 0 6
1.5258017 1.1374617 -1.5990607 9 0 0 0 6
1.321548 0.95675266 -1.5497187 9 0 0 0 6
1.3347991 0.87198716 -1.4433216 9 0 0 0 6
1.283632 1.5115185 -1.9399848 9 0 0 0 6
1.1884905 1.4269825 -1.9173168 9 0 0 0 6
1.8612722 0.92265129 -1.3230932 9 0 0 0 6
1.9250965 0.93044394 -1.3244148 9 0 0 0 6
1.9577502 1.5633533 -1.7626381 9 0 0 0 6
1.5669866 1.5176684 -1.876523 9 0 0 0 6
1.3694924 0.83525485 -1.4337746 9 0 0 0 6
1.8238989 1.3209465 -1.6284921 9 0 0 0 6
1.5709535 1.6043388 -1.9230696 9 0 0 0 6
1.3857158 1.11674 -1.6393123 9 0 0 0 6
1.8084847 1.2982091 -1.6297683 9 0 0 0 6
1.2500877 1.1790572 -1.699489 9 0 0 0 6
1.6155757 1.4710606 -1.8027782 9 0 0 0 6
2.1439486 1.605004 -1.7129421 9 0 0 0 6
1.6719012 1.4494203 -1.7815856 9 0 0 0 6
1.5123259 1.0186708 -1.5108407 9 0 0 0 6
1.3348202 1.4245231 -1.8622824 9 0 0 0 6
1.5399561 1.2491499 -1.666761 9 0 0 0 6
1.6473485 0.83208823 -1.3248597 9 0 0 0 6
2.0326788 1.1041796 -1.3956002 9 0 0 0 6
1.339223 1.1136204 -1.6374848 9 0 0 0 6
2.0941002 1.3050245 -1.5217228 9 0 0 0 6
1.7639405 1.5072827 -1.775998 9 0 0 0 6
1.185401 1.1643947 -1.7252469 9 0 0 0 6
1.8858913 1.3283452 -1.5696363 10 0 0 0 6
1.7410539 0.88151252 -1.2421372 10 0 0 0 6
1.4475421 1.4662328 -1.8118737 10 0 0 0 6
1.7203424 1.0623238 -1.430671 10 0 0 0 6
1.6319282 1.4707826 -1.749862 10 0 0 0 6
1.1035906 1.1676085 -1.6949019 10 0 0 0 6
1.318154 1.622674 -1.9584641 10 0 0 0 6
1.4191058 0.99548894 -1.471692 10 0 0 0 6
1.8859459 1.1656821 -1.4367934 10 0 0 0 6
1.3399528 1.3383214 -1.7703289 10 0 0 0 6
1.6030519 0.88814092 -1.3205718 10 0 0 0 6
1.3495148 1.2492851 -1.6980153 10 0 0 0 6
1.9133241 1.5865235 -1.737622 10 0 0 0 6
1.1911956 1.2470942 -1.7658595 10 0 0 0 6
1.5282559 1.4718412 -1.8101945 10 0 0 0 6
1.4931169 1.3777297 -1.7154149 10 0 0 0 6
1.8051341 0.8721348 -1.254813 10 0 0 0 6
1.1924113 1.0971472 -1.5999985 10 0 0 0 6
1.7326043 1.2668896 -1.5804965 10 0 0 0 6
1.3538004 1.2483751 -1.6899848 10 0 0 0 6
1.6228813 1.4434735 -1.7425663 10 0 0 0 6
1.3126904 1.1866891 -1.6647325 10 0 0 0 6
1.7572151 1.4480828 -1.6975046 10 0 0 0 6
1.6684669 1.6649672 -1.8930006 10 0 0 0 6
1.2008593 1.0893101 -1.5940235 10 0 0 0 6
1.4897667 1.3155135 -1.682623 10 0 0 0 6
1.7152766 1.5433964 -1.7803608 10 0 0 0 6
1.4545255 1.5609343 -1.8952146 10 0 0 0 6
1.9352727 1.31082 -1.5341547 10 0 0 0 6
1.85798 0.94332093 -1.2753445 10 0 0 0 6
1.6854233 1.618929 -1.8701938 10 0 0 0 6
1.3582213 0.93054289 -1.4360988 10 0 0 0 6
1.6629454 1.4916782 -1.7643322 10 0 0 0 6
1.8281007 0.97870809 -1.3373468 10 0 0 0 6
1.8318115 1.4532009 -1.6787547 10 0 0 0 6
1.8699687 1.6531872 -1.7834076 10 0 0 0 6
1.3335277 1.6524004 -2.0073564 10 0 0 0 6
1.8989003 1.0712262 -1.3736604 10 0 0 0 6
1.4100342 0.93841493 -1.4196311 10 0 0 0 6
1.5029013 1.505529 -1.8534249 10 0 0 0 6
1.6298887 1.1753398 -1.4568303 11 0 0 0 6
1.7481064 1.1006835 -1.3710259 11 0 0 0 6
1.9178846 1.5511507 -1.6258841 11 0 0 0 6
2.0848067 1.2673005 -1.3373904 11 0 0 0 6
1.3523103 1.430948 -1.7587533 11 0 0 0 6
1.8599849 1.4447261 -1.5548667 11 0 0 0 6
2.1452556 1.6683035 -1.6285679 11 0 0 0 6
1.9090323 1.6937661 -1.7334613 11 0 0 0 6
1.4536968 1.2780023 -1.5842534 11 0 0 0 6
1.4826862 1.5320203 -1.7845714 11 0 0 0 6
1.3995588 1.2181635 -1.5983514 11 0 0 0 6
1.8791972 1.6094844 -1.6708772 11 0 0 0 6
2.1810524 1.5966415 -1.5700203 11 0 0 0 6
2.1563077 1.4919904 -1.4987068 11 0 0 0 6
1.2866501 1.0067652 -1.4620447 11 0 0 0 6
1.3529367 1.1242534 -1.5202605 11 0 0 0 6
1.5949019 1.2321105 -1.5166167 11 0 0 0 6
1.81556 1.5669483 -1.6698062 11 0 0 0 6
1.5874467 0.98213869 -1.3120294 11 0 0 0 6
1.2330564 1.228321 -1.642571 11 0 0 0 6
1.4723086 1.4749852 -1.7315657 11 0 0 0 6
1.4110683 1.0511792 -1.439754 11 0 0 0 6
1.1738551 0.99257308 -1.5010804 11 0 0 0 6
1.9277942 1.7350634 -1.7780697 11 0 0 0 6
1.3660913 1.251724 -1.6289978 11 0 0 0 6
1.486335 1.4018824 -1.6956857 11 0 0 0 6
1.6823761 1.3112891 -1.5202579 11 0 0 0 6
1.2931445 1.1707298 -1.5895394 11 0 0 0 6
2.0823693 1.7063015 -1.6712617 11 0 0 0 6
1.2246261 1.3651241 -1.7600555 11 0 0 0 6
1.423745 1.6209277 -1.8727897 11 0 0 0 6
1.519201 1.049638 -1.4240773 11 0 0 0 6
1.6479002 0.98858881 -1.3009962 11 0 0 0 6
1.5236365 1.1069964 -1.4407523 11 0 0 0 6
1.7107706 1.5670075 -1.7213196 11 0 0 0 6
1.3686638 1.5490707 -1.8499517 11 0 0 0 6
1.5820224 1.3810176 -1.6154165 11 0 0 0 6
1.9077113 1.6354352 -1.6998322 11 0 0 0 6
2.1075459 1.4825156 -1.5020053 11 0 0 0 6
1.595737 1.422683 -1.6641083 11 0 0 0 6
1.0849243 1.375087 -1.9062123 12 0 0 0 6
1.4577385 1.2644591 -1.7441115 12 0 0 0 6
1.5262215 1.6433445 -1.9795545 12 0 0 0 6
1.6575592 1.4957622 -1.8455071 12 0 0 0 6
1.3682315 0.93894094 -1.5291348 12 0 0 0 6
1.8065788 0.93268037 -1.3855559 12 0 0 0 6
1.5212922 1.5010178 -1.8967602 12 0 0 0 6
1.3626825 1.2388461 -1.7280779 12 0 0 0 6
1.3420328 1.0413743 -1.6236746 12 0 0 0 6
1.7879504 1.4655348 -1.8005953 12 0 0 0 6
1.1666478 1.6577828 -2.1293666 12 0 0 0 6
1.409802 1.2818495 -1.7609291 12 0 0 0 6
1.3859231 1.4212387 -1.8560308 12 0 0 0 6
1.9158239 1.2348723 -1.5854918 12 0 0 0 6
1.8906507 1.3783115 -1.6977355 12 0 0 0 6
1.4219832 1.7037902 -2.0606024 12 0 0 0 6
1.697811 1.0594393 -1.5050341 12 0 0 0 6
1.4994111 1.2885232 -1.748217 12 0 0 0 6
1.3805398 1.1545249 -1.6672643 12 0 0 0 6
1.2849463 1.364958 -1.8605845 12 0 0 0 6
1.8961263 1.263813 -1.6068386 12 0 0 0 6
1.1233882 0.99806452 -1.6377281 12 0 0 0 6
1.1142251 1.0239353 -1.6264807 12 0 0 0 6
1.5045346 1.2413056 -1.7162083 12 0 0 0 6
1.4133734 1.5080811 -1.921555 12 0 0 0 6
1.1224626 1.3897092 -1.9436668 12 0 0 0 6
1.2519497 1.7006168 -2.1354935 12 0 0 0 6
1.9865044 1.3835286 -1.6938123 12 0 0 0 6
1.9203545 1.4280635 -1.707589 12 0 0 0 6
1.8621808 1.0773491 -1.4827425 12 0 0 0 6
1.5219988 0.9541496 -1.4934843 12 0 0 0 6
1.171327 1.7140403 -2.1688197 12 0 0 0 6
1.1152136 1.5394793 -2.0398388 12 0 0 0 6
1.2650256 1.0986794 -1.6805227 12 0 0 0 6
1.1486287 1.1997098 -1.7756162 12 0 0 0 6
1.3670552 1.4588445 -1.9206361 12 0 0 0 6
1.2993106 0.92971885 -1.5526918 12 0 0 0 6
1.284348 1.0360061 -1.6266572 12 0 0 0 6
1.0578818 1.4298481 -1.9919977 12 0 0 0 6
1.6901667 1.6856523 -1.9830275 12 0 0 0 6
1.4525625 0.90501583 -1.5496665 13 0 0 0 6
1.114333 1.1063856 -1.8057426 13 0 0 0 6
1.430041 1.1004109 -1.6965491 13 0 0 0 6
1.1819885 1.519753 -2.0738864 13 0 0 0 6
1.400206 1.0487664 -1.6724395 13 0 0 0 6
1.8356884 1.0861807 -1.5574409 13 0 0 0 6
1.8447024 1.1474247 -1.6028701 13 0 0 0 6
1.7215269 1.1535516 -1.6408703 13 0 0 0 6
1.9183125 1.2284038 -1.6068283 13 0 0 0 6
1.5936173 1.6605062 -2.0662203 13 0 0 0 6
1.0486085 1.0736938 -1.8000641 13 0 0 0 6
1.9776949 1.3530365 -1.697315 13 0 0 0 6
1.3152426 1.4385521 -1.9751745 13 0 0 0 6
1.9191335 1.321117 -1.6942711 13 0 0 0 6
1.8712695 1.5042021 -1.8448097 13 0 0 0 6
1.9655942 1.3869814 -1.7449621 13 0 0 0 6
1.0951706 1.0136083 -1.7221621 13 0 0 0 6
1.1516147 1.1798074 -1.8395675 13 0 0 0 6
1.6369979 1.0165712 -1.589522 13 0 0 0 6
1.7424306 1.1414779 -1.6278272 13 0 0 0 6
1.703208 1.05819 -1.5659777 13 0 0 0 6
1.7478911 0.97839332 -1.5043058 13 0 0 0 6
1.0594183 0.95238155 -1.6809267 13 0 0 0 6
1.8756651 1.5072879 -1.8515656 13 0 0 0 6
1.3343906 1.0529613 -1.7022929 13 0 0 0 6
1.4456563 1.0585858 -1.6551323 13 0 0 0 6
1.9251264 1.5786827 -1.9099915 13 0 0 0 6
1.1434815 1.0731241 -1.7669519 13 0 0 0 6
1.2415636 1.1665797 -1.7952296 13 0 0 0 6
1.4613335 1.5159254 -1.9607823 13 0 0 0 6
1.1576089 0.95715845 -1.679917 13 0 0 0 6
1.9419655 1.2794776 -1.6659324 13 0 0 0 6
1.1674484 1.0565118 -1.7479628 13 0 0 0 6
2.0289505 1.6854868 -1.9288454 13 0 0 0 6
1.1895137 1.6651713 -2.1751523 13 0 0 0 6
1.7037811 1.6136832 -1.9915855 13 0 0 0 6
1.9821023 1.7103167 -1.9692346 13 0 0 0 6
0.99922675 0.91329765 -1.7172028 13 0 0 0 6
1.2862117 1.0330784 -1.6941162 13 0 0 0 6
1.7421598 1.6582904 -2.0043261 13 0 0 0 6
1.4180818 1.1603905 -1.7108339 14 0 0 0 6
1.088141 1.0340222 -1.7262311 14 0 0 0 6
1.5899757 1.017923 -1.5369743 14 0 0 0 6
1.1328018 0.99544412 -1.7002631 14 0 0 0 6
1.6454924 1.4846728 -1.8686193 14 0 0 0 6
1.576038 1.1083764 -1.6000816 14 0 0 0 6
1.6061175 1.1967492 -1.658767 14 0 0 0 6
1.9922445 1.2148299 -1.5438011 14 0 0 0 6
1.5693578 1.3506194 -1.8020352 14 0 0 0 6
2.0317795 1.6846906 -1.9009001 14 0 0 0 6
1.2572063 1.2279656 -1.7903826 14 0 0 0 6
1.5397396 1.1220288 -1.6455921 14 0 0 0 6
1.9666078 1.4717968 -1.766293 14 0 0 0 6
1.2205151 0.95469356 -1.6256098 14 0 0 0 6
2.0252311 1.4728488 -1.7531601 14 0 0 0 6
1.7437633 1.2586849 -1.6679019 14 0 0 0 6
1.8167244 1.661437 -1.9452046 14 0 0 0 6
1.4408325 1.5769449 -2.0261683 14 0 0 0 6
1.9260123 1.026298 -1.4233943 14 0 0 0 6
1.5983014 1.6776148 -2.0454838 14 0 0 0 6
1.7998244 1.0895138 -1.533221 14 0 0 0 6
1.065102 1.0938553 -1.795903 14 0 0 0 6
1.1073321 1.2813141 -1.9143202 14 0 0 0 6
1.9758427 1.4636755 -1.7437228 14 0 0 0 6
1.7833894 1.1983732 -1.601878 14 0 0 0 6
1.4965446 1.2102706 -1.7364324 14 0 0 0 6
1.7096242 0.93920231 -1.4410053 14 0 0 0 6
1.2801403 0.98493409 -1.6528326 14 0 0 0 6
1.9763625 1.1791143 -1.5255755 14 0 0 0 6
1.5990652 1.5840665 -1.9799732 14 0 0 0 6
1.1773014 1.1834117 -1.8252865 14 0 0 0 6
1.3186246 1.0964535 -1.6849875 14 0 0 0 6
1.3054284 1.7054914 -2.157583 14 0 0 0 6
1.819111 1.5813644 -1.8925759 14 0 0 0 6
1.7510215 1.4181285 -1.7965882 14 0 0 0 6
1.5685712 1.0522499 -1.5914158 14 0 0 0 6
1.8303307 1.73333 -2.0030437 14 0 0 0 6
1.1946633 1.0085038 -1.6606534 14 0 0 0 6
1.3152572 1.4832343 -1.9939607 14 0 0 0 6
1.2845515 0.94949359 -1.6097842 14 0 0 0 6
1.727136 1.177071 -1.5146917 15 0 0 0 6
1.6727743 0.93723422 -1.375298 15 0 0 0 6
1.2282915 0.91122949 -1.5338184 15 0 0 0 6
1.0039811 1.2175466 -1.7983544 15 0 0 0 6
1.6227039 1.6415855 -1.9218676 15 0 0 0 6
1.3275372 1.2906243 -1.760339 15 0 0 0 6
1.7993218 1.5713938 -1.8111334 15 0 0 0 6
1.6669257 1.2093035 -1.5790995 15 0 0 0 6
1.5140524 1.0764917 -1.5059985 15 0 0 0 6
1.3202575 1.1954129 -1.6842679 15 0 0 0 6
1.3515569 0.93889666 -1.4856097 15 0 0 0 6
1.5388016 1.7314779 -2.0011599 15 0 0 0 6
1.1504278 0.97326261 -1.5705366 15 0 0 0 6
1.4976691 1.1894541 -1.6257581 15 0 0 0 6
1.2089155 1.4220579 -1.9020469 15 0 0 0 6
1.0596241 1.4419056 -1.9609187 15 0 0 0 6
1.6026268 0.99190211 -1.4354632 15 0 0 0 6
1.2198505 1.2340248 -1.7579774 15 0 0 0 6
1.1152663 1.0944654 -1.6935232 15 0 0 0 6
1.4471856 1.3046703 -1.7504582 15 0 0 0 6
1.4190421 1.6188102 -1.9682893 15 0 0 0 6
1.7316668 0.90802151 -1.3247381 15 0 0 0 6
1.88464 1.5444694 -1.7552276 15 0 0 0 6
1.4238075 0.99863237 -1.497847 15 0 0 0 6
1.1778481 1.1937846 -1.7405933 15 0 0 0 6
1.0173923 1.1686162 -1.8010725 15 0 0 0 6
1.9117357 1.3458345 -1.5784341 15 0 0 0 6
1.202839 1.2944416 -1.80367 15 0 0 0 6
1.7599618 1.2829264 -1.5691355 15 0 0 0 6
1.4462742 1.429325 -1.8328906 15 0 0 0 6
1.3619845 1.231901 -1.7029326 15 0 0 0 6
1.2374179 1.3930731 -1.8767219 15 0 0 0 6
1.4929729 1.3372967 -1.7332782 15 0 0 0 6
1.1956782 1.3003107 -1.8219594 15 0 0 0 6
1.6237925 1.3776997 -1.7234337 15 0 0 0 6
1.4240428 1.5840086 -1.9635538 15 0 0 0 6
1.205947 1.7032626 -2.1401241 15 0 0 0 6
1.209896 1.476843 -1.9619683 15 0 0 0 6
1.1659034 1.1378332 -1.7224997 15 0 0 0 6
1.8114415 1.2279549 -1.5085952 15 0 0 0 6
1.3568151 1.5711807 -2.0021057 16 0 0 0 6
1.9160196 1.2379907 -1.5463666 16 0 0 0 6
2.1096256 1.6641945 -1.8247035 16 0 0 0 6
1.9381968 1.7611505 -1.9388244 16 0 0 0 6
1.8320618 1.2128943 -1.5449336 16 0 0 0 6
1.069998 1.0218669 -1.6595364 16 0 0 0 6
1.9051048 0.99964833 -1.3663409 16 0 0 0 6
1.7617396 1.3336681 -1.6653768 16 0 0 0 6
1.2714179 1.5798942 -2.0191877 16 0 0 0 6
1.2459934 1.3080995 -1.8036329 16 0 0 0 6
1.4418542 1.6075547 -2.003607 16 0 0 0 6
1.5959728 1.1864866 -1.5820388 16 0 0 0 6
1.9360386 1.2192611 -1.5302749 16 0 0 0 6
2.0839248 1.6449881 -1.8234895 16 0 0 0 6
1.1403123 1.1377715 -1.6987289 16 0 0 0 6
1.9347649 1.099136 -1.441836 16 0 0 0 6
1.6744118 1.7047806 -1.9849778 16 0 0 0 6
2.026294 1.2264671 -1.4943799 16 0 0 0 6
1.1065218 1.1569043 -1.7742839 16 0 0 0 6
1.6592153 1.4384632 -1.7922664 16 0 0 0 6
1.6229074 1.198663 -1.6277717 16 0 0 0 6
2.0324409 1.666056 -1.8302975 16 0 0 0 6
1.5115038 1.2266668 -1.6680267 16 0 0 0 6
2.0305753 1.2981949 -1.532071 16 0 0 0 6
1.5278474 1.2999438 -1.717564 16 0 0 0 6
1.9477793 1.0626051 -1.3723689 16 0 0 0 6
1.3800822 1.6601456 -2.0457985 16 0 0 0 6
1.3316163 1.5326163 -1.9948462 16 0 0 0 6
1.5925683 1.2999188 -1.704511 16 0 0 0 6
1.2162809 1.6361505 -2.1109095 16 0 0 0 6
1.9673885 1.734365 -1.8935435 16 0 0 0 6
1.7292684 1.6098506 -1.9074916 16 0 0 0 6
1.4760425 1.6088806 -1.9853255 16 0 0 0 6
1.7466626 1.6288741 -1.8951787 16 0 0 0 6
1.1221764 1.3095235 -1.8802285 16 0 0 0 6
1.3932813 1.2459347 -1.7053504 16 0 0 0 6
1.7563833 1.3436007 -1.6680233 16 0 0 0 6
1.106721 1.1223093 -1.7078346 16 0 0 0 6
1.7247927 1.6554981 -1.9491702 16 0 0 0 6
1.7290258 1.4819143 -1.7730743 16 0 0 0 6
1.7621921 1.4764522 -1.9315032 17 0 0 0 6
1.2987105 1.3509718 -2.0303938 17 0 0 0 6
1.2148589 0.88300598 -1.6525685 17 0 0 0 6
1.8490108 1.3169942 -1.8097484 17 0 0 0 6
1.8395607 1.0421375 -1.5928586 17 0 0 0 6
1.7478846 1.1806251 -1.7144718 17 0 0 0 6
1.4408622 1.1677384 -1.8196452 17 0 0 0 6
1.3081012 0.8056128 -1.5630296 17 0 0 0 6
1.1801348 0.95380342 -1.7431852 17 0 0 0 6
2.0427251 1.2078123 -1.6243047 17 0 0 0 6
1.37924 1.0021303 -1.7113684 17 0 0 0 6
1.065082 0.92105901 -1.7653148 17 0 0 0 6
1.1208484 1.0653687 -1.8432728 17 0 0 0 6
2.0713704 1.4464682 -1.8021408 17 0 0 0 6
1.6894175 1.5148184 -2.005549 17 0 0 0 6
1.467512 0.97301185 -1.6392175 17 0 0 0 6
1.9100496 1.1206928 -1.6235367 17 0 0 0 6
1.1967053 0.93201166 -1.7248574 17 0 0 0 6
1.768947 1.0780023 -1.6303499 17 0 0 0 6
1.5089712 1.4423409 -1.9985559 17 0 0 0 6
1.7935163 0.9439556 -1.50655 17 0 0 0 6
1.4831439 0.90006453 -1.5646832 17 0 0 0 6
2.0508165 1.5371293 -1.8886948 17 0 0 0 6
1.817638 0.93743581 -1.5037127 17 0 0 0 6
1.4493822 0.80697316 -1.4873453 17 0 0 0 6
1.9165387 1.547769 -1.9583623 17 0 0 0 6
1.9745322 0.98790205 -1.4803871 17 0 0 0 6
1.6716721 1.1976293 -1.762107 17 0 0 0 6
1.1780345 0.96721178 -1.7708917 17 0 0 0 6
1.3595539 1.3747284 -2.0239358 17 0 0 0 6
1.8740579 1.1121422 -1.6184595 17 0 0 0 6
2.1062179 1.4087099 -1.7773849 17 0 0 0 6
1.4505749 1.4584914 -2.0493553 17 0 0 0 6
1.7274762 1.5364364 -1.9951094 17 0 0 0 6
1.4440975 0.91912204 -1.5925857 17 0 0 0 6
1.8301954 1.2208418 -1.6743382 17 0 0 0 6
1.1535023 0.9217487 -1.7286158 17 0 0 0 6
1.4833877 1.4247527 -1.9993631 17 0 0 0 6
1.3075207 1.5638747 -2.197439 17 0 0 0 6
1.1582767 1.2299023 -1.9468802 17 0 0 0 6
1.2191001 1.0149374 -1.5805343 18 0 0 0 6
1.2460551 1.1769116 -1.6891994 18 0 0 0 6
1.5186638 1.5805441 -1.8798227 18 0 0 0 6
1.1383213 1.1511717 -1.7027187 18 0 0 0 6
1.118477 1.0435519 -1.6320945 18 0 0 0 6
1.7894998 1.058087 -1.3721149 18 0 0 0 6
1.7094816 1.2849979 -1.5964109 18 0 0 0 6
1.8604369 1.3983202 -1.6088486 18 0 0 0 6
2.0372269 1.3821737 -1.5387305 18 0 0 0 6
1.4943904 1.1082454 -1.5428499 18 0 0 0 6
1.6884533 1.4896882 -1.7577444 18 0 0 0 6
1.0965365 1.0622157 -1.6474175 18 0 0 0 6
1.5427989 1.3882542 -1.7512885 18 0 0 0 6
1.7522041 1.1531309 -1.4822663 18 0 0 0 6
1.8856429 1.0482804 -1.3554362 18 0 0 0 6
1.9077309 1.5132803 -1.6991179 18 0 0 0 6
1.1295731 0.90378368 -1.5391538 18 0 0 0 6
1.4382198 1.696891 -2.0301688 18 0 0 0 6
1.7970681 1.402594 -1.6671877 18 0 0 0 6
1.8763374 0.95655185 -1.2919732 18 0 0 0 6
1.3780447 1.567364 -1.9081583 18 0 0 0 6
1.8424675 1.1360161 -1.4205184 18 0 0 0 6
1.5816725 1.2077228 -1.5602794 18 0 0 0 6
1.1256685 1.023303 -1.6102115 18 0 0 0 6
1.2141974 1.5310534 -1.9768523 18 0 0 0 6
1.8301758 1.5292044 -1.7490141 18 0 0 0 6
1.8606433 1.4372257 -1.6310095 18 0 0 0 6
1.3304086 1.648133 -2.0259898 18 0 0 0 6
1.6979299 0.94324738 -1.3425221 18 0 0 0 6
1.0880829 1.1992012 -1.7551396 18 0 0 0 6
1.2645285 1.0629439 -1.5829734 18 0 0 0 6
1.230425 1.0215665 -1.6050078 18 0 0 0 6
1.0532768 1.0635885 -1.6868672 18 0 0 0 6
1.6174227 1.5876694 -1.8515861 18 0 0 0 6
1.0414829 0.96553445 -1.6273867 18 0 0 0 6
1.1058328 1.2556907 -1.821493 18 0 0 0 6
1.4317315 1.4450788 -1.8189054 18 0 0 0 6
1.3115544 1.2185727 -1.6822685 18 0 0 0 6
1.4636009 1.0967818 -1.551546 18 0 0 0 6
1.5071837 0.90869087 -1.3818438 18 0 0 0 6
1.574388 1.5527152 -1.9811763 19 0 0 0 6
1.5732781 0.93091756 -1.5014544 19 0 0 0 6
2.0116966 1.4461834 -1.6936257 19 0 0 0 6
1.780943 1.5025805 -1.8781506 19 0 0 0 6
1.4988548 1.0150187 -1.5646483 19 0 0 0 6
1.4492074 1.1829261 -1.7155279 19 0 0 0 6
1.4115634 1.0593082 -1.6237134 19 0 0 0 6
1.1091154 1.2075464 -1.8758731 19 0 0 0 6
1.8982254 0.95439088 -1.3864564 19 0 0 0 6
1.5031244 1.1625305 -1.6819844 19 0 0 0 6
1.7052361 0.98781466 -1.4846178 19 0 0 0 6
1.3421302 1.3938482 -1.8977065 19 0 0 0 6
1.4742477 1.1978008 -1.7173693 19 0 0 0 6
1.5766883 1.2894462 -1.7693164 19 0 0 0 6
1.4820797 1.1779225 -1.7063521 19 0 0 0 6
1.6183056 1.3518515 -1.7657926 19 0 0 0 6
1.9856993 1.3650129 -1.670244 19 0 0 0 6
1.5756928 0.93346024 -1.4790826 19 0 0 0 6
1.1820009 1.129622 -1.7605608 19 0 0 0 6
1.7386683 1.3148223 -1.715093 19 0 0 0 6
1.9352114 1.5269682 -1.776597 19 0 0 0 6
1.8918912 1.6122321 -1.8976445 19 0 0 0 6
1.3569124 1.4541681 -1.9665066 19 0 0 0 6
1.8289374 1.3146067 -1.6781636 19 0 0 0 6
1.7781962 1.4770212 -1.8183111 19 0 0 0 6
1.5748309 1.2127018 -1.7038345 19 0 0 0 6
1.8767418 1.2489046 -1.6244396 19 0 0 0 6
1.3117701 1.0374309 -1.6609961 19 0 0 0 6
1.6956252 1.5036764 -1.9042517 19 0 0 0 6
1.3927084 1.2196485 -1.7723929 19 0 0 0 6
1.5196501 0.89480323 -1.4580272 19 0 0 0 6
1.3510013 1.2138482 -1.7828026 19 0 0 0 6
1.6448157 0.92868829 -1.43463 19 0 0 0 6
1.4250655 0.97255212 -1.5568278 19 0 0 0 6
1.2386798 1.2376058 -1.8212051 19 0 0 0 6
1.2965152 1.0936664 -1.6791213 19 0 0 0 6
1.4590397 1.578692 -2.0329223 19 0 0 0 6
1.9530948 1.4809879 -1.762657 19 0 0 0 6
2.0050137 1.5467359 -1.7894418 19 0 0 0 6
1.6787269 1.3613466 -1.7814265 19 0 0 0 6
-1.7466502 -1.7020068 1.1478728 0 0 0 0 7
-1.9915323 -1.9006306 2.1487336 0 0 0 0 7
-1.9214786 -1.581746 1.9576761 0 0 0 0 7
-1.9869423 -1.8604984 2.1947925 0 0 0 0 7
-1.9893336 -2.2731769 1.8264363 0 0 0 0 7
-1.7445403 -1.7000754 1.1388354 0 0 0 0 7
-1.8600345 -1.3965451 1.8872665 0 0 0 0 7
-1.868289 -1.3052194 1.9465427 0 0 0 0 7
-2.0184939 -2.2321758 1.9157413 0 0 0 0 7
-2.0104914 -2.0930235 2.1049275 0 0 0 0 7
-2.0133564 -2.0514553 2.1989458 0 0 0 0 7
-1.7699324 -1.4124187 1.4198128 0 0 0 0 7
-1.8836312 -2.0282233 1.547438 0 0 0 0 7
-2.0200129 -2.084795 2.0446351 0 0 0 0 7
-1.9273032 -1.7096018 1.9487542 0 0 0 0 7
-1.9517462 -1.6584448 2.2127409 0 0 0 0 7
-1.9612575 -1.8789476 1.9597088 0 0 0 0 7
-1.9543635 -1.760576 2.1144743 0 0 0 0 7
-1.9367867 -2.1707242 1.6386361 0 0 0 0 7
-1.7954121 -1.7293164 1.1830349 0 0 0 0 7
-1.9418964 -1.7667475 1.9538417 0 0 0 0 7
-2.0078113 -1.83523 2.2294087 0 0 0 0 7
-1.8957732 -1.4067421 2.0386057 0 0 0 0 7
-1.9235774 -1.7556567 1.791068 0 0 0 0 7
-1.9901986 -1.7440959 2.268851 0 0 0 0 7
-1.8199415 -1.1823771 1.8733504 0 0 0 0 7
-1.9066159 -1.6028712 1.9883701 0 0 0 0 7
-1.866286 -1.4476153 1.9043547 0 0 0 0 7
-1.828703 -1.9288145 1.3783982 0 0 0 0 7
-1.9232639 -1.5238414 2.1284683 0 0 0 0 7
-1.9800848 -2.440763 1.6002934 0 0 0 0 7
-1.9517622 -2.022994 1.8774569 0 0 0 0 7
-1.8696613 -1.5030048 1.8299118 0 0 0 0 7
-1.9510899 -1.8085074 2.0250766 0 0 0 0 7
-1.9002293 -1.4602976 1.9720364 0 0 0 0 7
-2.0048926 -2.1159353 2.0468462 0 0 0 0 7
-1.9788004 -2.2499549 1.777885 0 0 0 0 7
-1.7881907 -1.7247885 1.1927094 0 0 0 0 7
-1.9741094 -2.0480647 1.9912114 0 0 0 0 7
-1.7987098 -1.7707294 1.2828078 0 0 0 0 7
-2.0380273 -1.7341264 2.1744361 1 0 0 0 7
-2.0834565 -1.657949 2.4593477 1 0 0 0 7
-2.0630977 -2.3081694 1.7141036 1 0 0 0 7
-2.0788743 -2.3006291 1.8104274 1 0 0 0 7
-1.8809626 -1.1914376 1.9097738 1 0 0 0 7
-2.0987329 -1.7948806 2.4611406 1 0 0 0 7
-2.0179303 -1.7797668 2.0321581 1 0 0 0 7
-2.0754204 -2.2968888 1.7522072 1 0 0 0 7
-1.8817407 -1.096889 2.0363884 1 0 0 0 7
-1.8939993 -1.185408 2.0248969 1 0 0 0 7
-1.852589 -1.312408 1.6528542 1 0 0 0 7
-1.8655709 -1.6157105 1.4622864 1 0 0 0 7
-1.8920062 -1.3838896 1.7743164 1 0 0 0 7
-2.0119381 -1.9849795 1.7879457 1 0 0 0 7
-1.9082075 -1.7968091 1.4903316 1 0 0 0 7
-2.0383174 -2.0199876 1.9199306 1 0 0 0 7
-1.9705926 -1.3587958 2.2403886 1 0 0 0 7
-1.9717008 -1.4018515 2.0521996 1 0 0 0 7
-2.0681114 -2.3005991 1.779568 1 0 0 0 7
-2.0139167 -1.6766186 2.0925417 1 0 0 0 7
-1.8601261 -1.1990319 1.7708173 1 0 0 0 7
-2.0800452 -2.0874636 2.0799303 1 0 0 0 7
-1.9053771 -1.6560982 1.5171827 1 0 0 0 7
-2.0259089 -1.9209547 1.941149 1 0 0 0 7
-1.9371514 -1.2776556 2.1542401 1 0 0 0 7
-2.0465591 -1.7352271 2.2173674 1 0 0 0 7
-2.0414271 -2.0198388 1.8831139 1 0 0 0 7
-1.9404184 -1.4184355 2.0301442 1 0 0 0 7
-2.0279617 -1.8609883 2.0205581 1 0 0 0 7
-1.9140294 -1.7843784 1.5978528 1 0 0 0 7
-1.8793147 -1.3777487 1.7216392 1 0 0 0 7
-1.912312 -1.409315 1.9027244 1 0 0 0 7
-1.897866 -1.7122976 1.4540941 1 0 0 0 7
-1.9387176 -1.2626935 2.1149473 1 0 0 0 7
-1.9975932 -2.0765047 1.5665768 1 0 0 0 7
-2.0717709 -2.2881107 1.8320398 1 0 0 0 7
-2.0730534 -2.0455666 2.0662751 1 0 0 0 7
-2.0420139 -2.1173472 1.8167557 1 0 0 0 7
-1.8718511 -1.4474905 1.7019037 1 0 0 0 7
-2.003474 -1.6748077 2.0509431 1 0 0 0 7
-1.7745967 -1.5460746 1.3438275 2 0 0 0 7
-1.9364718 -2.1785555 1.7181808 2 0 0 0 7
-1.9431462 -1.8684598 1.9994963 2 0 0 0 7
-1.9013674 -2.0697737 1.608569 2 0 0 0 7
-1.9250511 -1.6926496 2.1316159 2 0 0 0 7
-2.0049596 -1.8389385 2.3474689 2 0 0 0 7
-1.921609 -2.1144173 1.7274266 2 0 0 0 7
-1.7758144 -1.5301199 1.3913683 2 0 0 0 7
-1.8148303 -1.139146 1.8642547 2 0 0 0 7
-1.8022223 -1.4579037 1.5767361 2 0 0 0 7
-1.8203508 -1.3089386 1.8033073 2 0 0 0 7
-1.8977122 -1.7983359 1.8360841 2 0 0 0 7
-1.9032983 -2.1520789 1.578006 2 0 0 0 7
-1.8482713 -1.2639501 2.0277979 2 0 0 0 7
-1.8410792 -1.8521986 1.4707223 2 0 0 0 7
-1.9710701 -1.701913 2.2669234 2 0 0 0 7
-1.8918079 -1.6264719 1.9809462 2 0 0 0 7
-1.8499393 -1.4801621 1.7870921 2 0 0 0 7
-1.8816495 -1.77513 1.7397248 2 0 0 0 7
-1.9927435 -2.0219388 2.1454763 2 0 0 0 7
-1.8049331 -1.1376091 1.9456599 2 0 0 0 7
-1.8748425 -1.8505459 1.6234915 2 0 0 0 7
-1.8888179 -1.8806714 1.6961247 2 0 0 0 7
-1.9128402 -1.3958699 2.2522926 2 0 0 0 7
-1.9731079 -2.2353044 1.8362316 2 0 0 0 7
-1.9767536 -1.6915417 2.3396661 2 0 0 0 7
-1.8660996 -1.5820856 1.8429134 2 0 0 0 7
-2.0013392 -1.9529071 2.1696451 2 0 0 0 7
-1.8156598 -1.7620747 1.3497149 2 0 0 0 7
-1.8418132 -1.2585162 1.9481105 2 0 0 0 7
-1.9514407 -2.1032159 1.893932 2 0 0 0 7
-1.8867284 -1.9666189 1.6872158 2 0 0 0 7
-1.8822852 -1.8171647 1.8743625 2 0 0 0 7
-1.7777171 -1.7077146 1.3365389 2 0 0 0 7
-1.9385915 -1.5282387 2.3129323 2 0 0 0 7
-1.9842178 -1.9969516 2.0791037 2 0 0 0 7
-1.9174746 -1.6917175 1.9559642 2 0 0 0 7
-1.8176432 -1.7891115 1.4365158 2 0 0 0 7
-1.8277887 -1.6371905 1.6646357 2 0 0 0 7
-1.8342679 -1.1263732 2.0135713 2 0 0 0 7
-1.9056278 -1.4380748 1.7022107 3 0 0 0 7
-1.9468249 -1.4540722 1.9065369 3 0 0 0 7
-1.9249438 -1.5132568 1.7216183 3 0 0 0 7
-1.9224153 -1.579579 1.5537865 3 0 0 0 7
-2.007509 -1.5114144 2.3966384 3 0 0 0 7
-2.0425377 -1.9255373 1.965044 3 0 0 0 7
-2.0402253 -1.6585802 2.3959267 3 0 0 0 7
-1.9409646 -1.5804154 1.8505858 3 0 0 0 7
-2.0702486 -1.8370279 2.322933 3 0 0 0 7
-2.0514877 -2.1952808 1.7101293 3 0 0 0 7
-2.058949 -2.1755934 1.8061378 3 0 0 0 7
-1.9085629 -1.561584 1.6238422 3 0 0 0 7
-1.9181647 -1.1590651 2.0236206 3 0 0 0 7
-2.0528033 -2.0322843 1.9926251 3 0 0 0 7
-2.0316801 -1.909996 1.8266007 3 0 0 0 7
-1.9395531 -1.6656414 1.635766 3 0 0 0 7
-2.024323 -1.8657378 1.9967775 3 0 0 0 7
-2.0315619 -2.0315058 1.7521689 3 0 0 0 7
-2.0498569 -1.8515129 2.0639668 3 0 0 0 7
-2.039454 -2.0413063 1.7947066 3 0 0 0 7
-2.0756443 -2.2647352 1.830955 3 0 0 0 7
-1.9948733 -1.5239881 2.052053 3 0 0 0 7
-1.8787326 -1.2368854 1.8122268 3 0 0 0 7
-2.0374475 -1.9564104 1.9246393 3 0 0 0 7
-1.8829302 -1.21287 1.8475841 3 0 0 0 7
-1.9277401 -1.4027472 2.045939 3 0 0 0 7
-2.036567 -1.5429487 2.3565354 3 0 0 0 7
-1.9594719 -1.5470276 1.9177352 3 0 0 0 7
-2.073935 -1.7454392 2.4444461 3 0 0 0 7
-1.8609861 -1.1531876 1.8563657 3 0 0 0 7
-1.8711598 -1.4699883 1.4882053 3 0 0 0 7
-1.9287993 -1.5156635 1.7142464 3 0 0 0 7
-2.0636287 -2.2917814 1.8371021 3 0 0 0 7
-1.9785577 -1.5907544 1.9765295 3 0 0 0 7
-1.8647857 -1.1174582 1.8369696 3 0 0 0 7
-1.866347 -1.2867533 1.7592726 3 0 0 0 7
-1.9541553 -1.5167346 1.9548517 3 0 0 0 7
-1.9208221 -1.6570584 1.4996116 3 0 0 0 7
-1.8570522 -1.294506 1.717994 3 0 0 0 7
-1.8867719 -1.0151243 2.0838706 3 0 0 0 7
-2.0552702 -1.7825272 2.2586329 4 0 0 0 7
-1.9178201 -1.6984427 1.5729512 4 0 0 0 7
-1.8911117 -1.3791773 1.8600117 4 0 0 0 7
-1.8349864 -1.214254 1.6189866 4 0 0 0 7
-1.8851928 -1.3909805 1.7007754 4 0 0 0 7
-1.8458406 -1.4696273 1.463627 4 0 0 0 7
-1.9273039 -1.8135369 1.4042417 4 0 0 0 7
-1.8510524 -1.3317221 1.5995288 4 0 0 0 7
-1.9684463 -1.786185 1.5722824 4 0 0 0 7
-1.8367554 -1.434299 1.311313 4 0 0 0 7
-2.0182779 -2.04439 1.8181409 4 0 0 0 7
-1.9420829 -1.489677 1.9289913 4 0 0 0 7
-1.8466763 -1.4716886 1.3751986 4 0 0 0 7
-2.085989 -1.9610806 2.1151655 4 0 0 0 7
-2.0307271 -1.8120759 1.9269137 4 0 0 0 7
-1.9699969 -1.580851 2.0211065 4 0 0 0 7
-1.9735421 -1.6579367 1.9438174 4 0 0 0 7
-2.0121806 -1.908322 1.8349714 4 0 0 0 7
-1.976169 -1.6768911 1.9179637 4 0 0 0 7
-2.0349207 -1.8119805 2.159328 4 0 0 0 7
-1.8732609 -1.5634613 1.5014417 4 0 0 0 7
-2.0405588 -1.7912349 2.1394484 4 0 0 0 7
-2.0455186 -1.8227426 2.2057574 4 0 0 0 7
-1.8235484 -1.6281044 1.1210057 4 0 0 0 7
-1.9130015 -1.9608577 1.2654009 4 0 0 0 7
-2.0192688 -1.819322 2.1513205 4 0 0 0 7
-1.8223549 -1.3643059 1.384275 4 0 0 0 7
-1.8405921 -1.1936101 1.7532251 4 0 0 0 7
-1.8615768 -1.445594 1.6214622 4 0 0 0 7
-2.0606475 -1.9053079 1.9974457 4 0 0 0 7
-2.0616808 -2.3997698 1.5505623 4 0 0 0 7
-1.9441838 -1.5705878 1.8987912 4 0 0 0 7
-1.936777 -1.7678994 1.6020451 4 0 0 0 7
-1.878056 -1.7678843 1.1377025 4 0 0 0 7
-1.8634787 -1.4975327 1.5590305 4 0 0 0 7
-1.9218552 -1.5193995 1.8060515 4 0 0 0 7
-2.0339446 -2.1929479 1.7085936 4 0 0 0 7
-2.0224147 -1.990916 1.7451535 4 0 0 0 7
-1.8261133 -1.481745 1.2998693 4 0 0 0 7
-1.983705 -1.8567002 1.6505005 4 0 0 0 7
-1.9270636 -1.5046657 1.8776345 5 0 0 0 7
-1.9675039 -1.6588066 1.9276584 5 0 0 0 7
-1.9801137 -1.349193 2.2113485 5 0 0 0 7
-2.038482 -1.7672561 2.0379639 5 0 0 0 7
-2.070682 -1.6980572 2.3480823 5 0 0 0 7
-1.943424 -1.4344336 1.9795103 5 0 0 0 7
-2.021883 -1.877172 1.8590798 5 0 0 0 7
-1.9556855 -1.6031023 1.9078072 5 0 0 0 7
-1.8407279 -1.5249996 1.3589684 5 0 0 0 7
-1.8856739 -1.4409196 1.7781861 5 0 0 0 7
-1.9689988 -1.610375 1.8467313 5 0 0 0 7
-1.8515954 -1.1300614 1.9222633 5 0 0 0 7
-1.9984585 -1.8178374 1.789613 5 0 0 0 7
-2.0420055 -1.7653965 2.068423 5 0 0 0 7
-1.9185129 -1.8170725 1.3877205 5 0 0 0 7
-1.9792554 -1.9470644 1.5786077 5 0 0 0 7
-2.0499117 -1.6891317 2.1959214 5 0 0 0 7
-1.9898295 -1.5512584 2.1508718 5 0 0 0 7
-1.8667222 -1.3131284 1.8262624 5 0 0 0 7
-1.8040146 -0.99054933 1.9225191 5 0 0 0 7
-1.9939764 -1.8791921 1.7540331 5 0 0 0 7
-1.8927107 -1.5449655 1.7402421 5 0 0 0 7
-2.0242357 -2.1136076 1.6011043 5 0 0 0 7
-1.933519 -1.2495124 2.1578362 5 0 0 0 7
-2.0174527 -1.6911049 2.1279216 5 0 0 0 7
-2.1131201 -1.7448368 2.4230695 5 0 0 0 7
-2.0474882 -1.7956487 2.0729756 5 0 0 0 7
-2.0697155 -1.9079229 1.966954 5 0 0 0 7
-1.8625542 -1.6244203 1.3666235 5 0 0 0 7
-1.9187578 -1.2318915 2.1402345 5 0 0 0 7
-1.8117876 -1.1564814 1.8029721 5 0 0 0 7
-1.8328676 -1.5749555 1.4138575 5 0 0 0 7
-1.9377854 -1.4848993 1.9399086 5 0 0 0 7
-1.9348226 -1.8644208 1.4652317 5 0 0 0 7
-1.9173348 -1.4483893 1.8440951 5 0 0 0 7
-2.0638211 -1.9599363 1.9850625 5 0 0 0 7
-1.8645084 -1.5657421 1.5173534 5 0 0 0 7
-1.9990624 -1.6290342 2.0046387 5 0 0 0 7
-1.8093436 -1.5442562 1.2964244 5 0 0 0 7
-1.9281178 -1.8096029 1.5847486 5 0 0 0 7
-1.8665166 -1.5829796 1.4926876 6 0 0 0 7
-1.8640109 -1.5375931 1.43567 6 0 0 0 7
-1.8333746 -1.0879673 1.8184294 6 0 0 0 7
-1.8629806 -1.1594537 1.9000077 6 0 0 0 7
-2.0200336 -1.8742456 1.962239 6 0 0 0 7
-1.8764249 -1.3727314 1.7991472 6 0 0 0 7
-1.9205124 -1.919688 1.4605887 6 0 0 0 7
-1.9424493 -1.9832805 1.4875108 6 0 0 0 7
-1.9286772 -1.7743205 1.6941975 6 0 0 0 7
-2.058744 -1.7769693 2.2922931 6 0 0 0 7
-2.0146182 -1.5845109 2.3442926 6 0 0 0 7
-1.8031609 -1.5276712 1.3258559 6 0 0 0 7
-2.0353534 -1.6323062 2.2958107 6 0 0 0 7
-1.8545775 -1.2995969 1.799672 6 0 0 0 7
-1.9374492 -1.4824017 1.982457 6 0 0 0 7
-1.8345253 -1.2670263 1.769611 6 0 0 0 7
-2.0328934 -2.3065395 1.7054433 6 0 0 0 7
-1.8378952 -1.0493764 1.9169747 6 0 0 0 7
-2.0761862 -1.7925341 2.3552897 6 0 0 0 7
-1.9277011 -1.68608 1.7859139 6 0 0 0 7
-1.9093431 -1.7434096 1.5134212 6 0 0 0 7
-1.9995812 -1.6973615 2.242357 6 0 0 0 7
-2.0238154 -2.1328642 1.8334279 6 0 0 0 7
-1.8349756 -1.5688609 1.4078665 6 0 0 0 7
-2.0504951 -1.9592477 2.0873852 6 0 0 0 7
-1.9069322 -1.2377687 2.034708 6 0 0 0 7
-2.0056384 -2.1700647 1.5816401 6 0 0 0 7
-1.9153845 -1.7435602 1.6536233 6 0 0 0 7
-1.9057891 -1.1276144 2.0352466 6 0 0 0 7
-1.8474215 -1.3824534 1.6094147 6 0 0 0 7
-1.8117415 -1.2847722 1.5831618 6 0 0 0 7
-1.996154 -1.5179607 2.2393432 6 0 0 0 7
-1.8315318 -1.5561647 1.3626155 6 0 0 0 7
-1.8644545 -1.74972 1.2952982 6 0 0 0 7
-2.0063539 -1.8356912 1.9838111 6 0 0 0 7
-1.8646983 -1.4524256 1.6484901 6 0 0 0 7
-1.8055937 -1.2690101 1.5713553 6 0 0 0 7
-1.9101129 -1.2874697 1.9830348 6 0 0 0 7
-1.8203223 -0.9791382 1.9333249 6 0 0 0 7
-2.0038872 -1.6882206 2.1337872 6 0 0 0 7
-1.9620575 -1.2359898 2.0077901 7 0 0 0 7
-2.0424187 -1.8730798 1.7505194 7 0 0 0 7
-2.1229711 -1.9448832 2.0140233 7 0 0 0 7
-2.0627868 -1.5350956 2.2337892 7 0 0 0 7
-2.1045728 -2.133229 1.8210288 7 0 0 0 7
-2.1242244 -1.9749309 1.9731781 7 0 0 0 7
-2.1197934 -2.1535749 1.7961001 7 0 0 0 7
-2.0188978 -1.7642812 1.5791047 7 0 0 0 7
-1.9635786 -1.6544436 1.4724697 7 0 0 0 7
-1.8909951 -1.4382554 1.3098993 7 0 0 0 7
-2.1559689 -1.7807645 2.3625541 7 0 0 0 7
-2.1003699 -1.9016067 1.9322056 7 0 0 0 7
-1.9316603 -1.6610458 1.3165202 7 0 0 0 7
-1.9243881 -1.5816054 1.2978891 7 0 0 0 7
-2.0139492 -1.7048322 1.634984 7 0 0 0 7
-2.0587251 -1.9798163 1.5922259 7 0 0 0 7
-2.0600412 -1.4810787 2.2676463 7 0 0 0 7
-2.0545955 -1.6783396 2.0132728 7 0 0 0 7
-1.9532353 -1.6949147 1.3115562 7 0 0 0 7
-1.8968498 -1.5461981 1.2258236 7 0 0 0 7
-2.0863333 -2.0191121 1.7200055 7 0 0 0 7
-1.9949286 -1.5270203 1.8623216 7 0 0 0 7
-2.1196268 -2.1978712 1.716677 7 0 0 0 7
-2.0454357 -1.7960826 1.767853 7 0 0 0 7
-1.9453715 -1.4701356 1.6398637 7 0 0 0 7
-2.1512036 -1.9261765 2.2434187 7 0 0 0 7
-2.1586144 -1.9773583 2.1872892 7 0 0 0 7
-2.0890617 -1.8607543 1.9023274 7 0 0 0 7
-2.1334991 -1.8325309 2.1569178 7 0 0 0 7
-2.0892885 -1.7547505 1.9991199 7 0 0 0 7
-2.0724607 -1.934994 1.6403493 7 0 0 0 7
-2.1401722 -2.1186674 1.9291348 7 0 0 0 7
-1.9898132 -1.6496726 1.8415892 7 0 0 0 7
-1.9365538 -1.5776255 1.3109241 7 0 0 0 7
-1.8911144 -1.4026142 1.4165027 7 0 0 0 7
-1.9906076 -1.8130034 1.4726734 7 0 0 0 7
-2.1303861 -2.0441318 1.9665997 7 0 0 0 7
-2.0835698 -2.0640647 1.6954244 7 0 0 0 7
-2.0431085 -1.7960901 1.8023319 7 0 0 0 7
-2.1431544 -1.7271764 2.4461067 7 0 0 0 7
-1.8400053 -1.3687673 1.6927427 8 0 0 0 7
-1.8463027 -1.6342431 1.4240983 8 0 0 0 7
-2.0168889 -1.9492916 2.0994644 8 0 0 0 7
-1.8329153 -1.3683361 1.7398534 8 0 0 0 7
-1.9420568 -1.6401787 2.0919509 8 0 0 0 7
-2.0209703 -1.7772644 2.3195388 8 0 0 0 7
-1.9496362 -1.8295734 1.8597744 8 0 0 0 7
-1.8803709 -1.408824 1.8855368 8 0 0 0 7
-2.0189507 -1.8589765 2.142338 8 0 0 0 7
-2.0176942 -1.9447472 2.0292907 8 0 0 0 7
-1.813755 -1.2452332 1.7698063 8 0 0 0 7
-1.9606118 -1.8340799 1.9684774 8 0 0 0 7
-1.8310976 -1.6020578 1.3952655 8 0 0 0 7
-2.0013771 -1.8514906 2.0684278 8 0 0 0 7
-1.9532232 -1.7309092 1.9142859 8 0 0 0 7
-1.9463357 -1.5013326 2.3450706 8 0 0 0 7
-1.9934304 -1.8393021 2.1935732 8 0 0 0 7
-1.9853879 -1.6020418 2.3688169 8 0 0 0 7
-1.9045343 -1.9150245 1.4765387 8 0 0 0 7
-1.8169333 -1.2355611 1.726945 8 0 0 0 7
-1.965472 -1.8014222 2.0389111 8 0 0 0 7
-1.8909358 -1.5289253 1.9002495 8 0 0 0 7
-1.7919526 -1.3017232 1.4530503 8 0 0 0 7
-1.9615941 -1.9651959 1.8053895 8 0 0 0 7
-1.8411862 -1.418636 1.4335005 8 0 0 0 7
-1.9997963 -1.8328259 2.1417871 8 0 0 0 7
-1.9692618 -1.6394821 2.2619073 8 0 0 0 7
-1.8254656 -1.4674585 1.5057518 8 0 0 0 7
-1.908137 -1.8092971 1.7361695 8 0 0 0 7
-1.8840631 -1.6881323 1.5890635 8 0 0 0 7
-1.8872143 -1.6546779 1.655979 8 0 0 0 7
-1.9973882 -1.8253495 2.1054637 8 0 0 0 7
-1.8925686 -1.7092477 1.4039624 8 0 0 0 7
-2.0069954 -1.8953825 2.2800276 8 0 0 0 7
-2.0203631 -1.7695282 2.3696039 8 0 0 0 7
-1.8796954 -1.5804915 1.6691283 8 0 0 0 7
-1.85891 -1.6568009 1.5816778 8 0 0 0 7
-1.9950141 -2.0561657 1.8083231 8 0 0 0 7
-1.8399743 -1.5043381 1.5026684 8 0 0 0 7
-1.8603936 -1.6946981 1.4676943 8 0 0 0 7
-1.7955724 -1.4167813 1.981243 9 0 0 0 7
-1.8833439 -1.6539582 2.2620218 9 0 0 0 7
-1.7523243 -1.6365281 1.4686817 9 0 0 0 7
-1.7856438 -1.2469062 2.1693649 9 0 0 0 7
-1.7612509 -1.73579 1.4446683 9 0 0 0 7
-1.7933747 -1.4319906 2.0415666 9 0 0 0 7
-1.8286958 -1.4402672 2.1182094 9 0 0 0 7
-1.9048579 -2.1531446 1.7602886 9 0 0 0 7
-1.8188742 -1.4699159 2.0339494 9 0 0 0 7
-1.8994298 -2.1244576 1.8640395 9 0 0 0 7
-1.8140769 -1.6209068 1.8501209 9 0 0 0 7
-1.8667561 -1.700942 2.1130593 9 0 0 0 7
-1.8323019 -1.6780897 2.0083294 9 0 0 0 7
-1.8965975 -1.8599515 2.1347146 9 0 0 0 7
-1.762907 -1.7139286 1.4578387 9 0 0 0 7
-1.763718 -1.6628144 1.4893383 9 0 0 0 7
-1.9436553 -2.2743182 1.7858328 9 0 0 0 7
-1.9504504 -1.9480215 2.4256883 9 0 0 0 7
-1.7665848 -1.6236372 1.5449048 9 0 0 0 7
-1.8289682 -1.8050927 1.8537197 9 0 0 0 7
-1.7951376 -1.3671882 2.1359501 9 0 0 0 7
-1.8127004 -1.6723819 1.7266511 9 0 0 0 7
-1.9385116 -2.1690602 2.0073447 9 0 0 0 7
-1.9482784 -1.921665 2.4408207 9 0 0 0 7
-1.9531164 -2.3842132 1.9052562 9 0 0 0 7
-1.8159099 -1.3440847 2.1572506 9 0 0 0 7
-1.9167972 -1.8229655 2.2965655 9 0 0 0 7
-1.8472012 -1.9311112 1.737437 9 0 0 0 7
-1.8267622 -1.4189793 2.1810775 9 0 0 0 7
-1.9435922 -1.7896323 2.5230024 9 0 0 0 7
-1.9255137 -1.6895971 2.4792347 9 0 0 0 7
-1.779686 -1.6189015 1.5973231 9 0 0 0 7
-1.8623854 -1.7350529 2.0331593 9 0 0 0 7
-1.790053 -1.5228559 1.9309641 9 0 0 0 7
-1.7444612 -1.4782178 1.6504267 9 0 0 0 7
-1.7990978 -1.6453487 1.7181598 9 0 0 0 7
-1.870285 -1.5048754 2.3403854 9 0 0 0 7
-1.9465104 -2.1869345 2.0128698 9 0 0 0 7
-1.8688519 -2.083631 1.6291543 9 0 0 0 7
-1.8480035 -1.9172449 1.7135615 9 0 0 0 7
-2.1575625 -1.5669433 2.3950729 10 0 0 0 7
-2.0366597 -1.3073531 2.0275588 10 0 0 0 7
-1.9596156 -1.0197101 1.9496057 10 0 0 0 7
-2.0238345 -1.5174212 1.7225384 10 0 0 0 7
-2.1067264 -1.5229717 2.0978999 10 0 0 0 7
-2.2086043 -1.9908363 2.0993445 10 0 0 0 7
-1.9594716 -1.1891278 1.6742338 10 0 0 0 7
-2.0073843 -1.4926381 1.7247894 10 0 0 0 7
-2.1698301 -2.0523689 1.8578259 10 0 0 0 7
-2.0490177 -1.6135865 1.635566 10 0 0 0 7
-2.0276568 -1.1902372 2.0507262 10 0 0 0 7
-1.975471 -1.132961 2.0034356 10 0 0 0 7
-1.9822325 -1.3538419 1.701452 10 0 0 0 7
-2.1160085 -1.4391323 2.2868981 10 0 0 0 7
-1.999099 -1.7480595 1.5159419 10 0 0 0 7
-2.0821915 -1.9348315 1.584527 10 0 0 0 7
-2.0111566 -1.6790037 1.460339 10 0 0 0 7
-2.1094613 -1.8033321 1.8669529 10 0 0 0 7
-2.1410215 -1.8097607 1.9907306 10 0 0 0 7
-2.0571132 -1.7513371 1.5555233 10 0 0 0 7
-1.9486856 -1.546257 1.2463263 10 0 0 0 7
-1.9715731 -1.360023 1.6080155 10 0 0 0 7
-1.9873642 -1.6288396 1.3510084 10 0 0 0 7
-2.1475694 -1.7360585 2.0706296 10 0 0 0 7
-1.9956449 -1.1277454 1.9999799 10 0 0 0 7
-2.1379457 -1.6815166 2.125618 10 0 0 0 7
-2.0676303 -1.5733054 1.8752732 10 0 0 0 7
-2.1897135 -2.109082 1.8350996 10 0 0 0 7
-2.1014428 -1.554494 2.11638 10 0 0 0 7
-2.0754611 -1.76449 1.7274121 10 0 0 0 7
-2.1830134 -1.8336359 2.1415091 10 0 0 0 7
-2.030812 -1.5722007 1.6963359 10 0 0 0 7
-2.0578885 -1.5856614 1.7632238 10 0 0 0 7
-2.0462554 -1.6252356 1.6636709 10 0 0 0 7
-1.9672757 -0.95950842 2.0115652 10 0 0 0 7
-2.1336069 -1.7541258 1.9054568 10 0 0 0 7
-1.9737318 -1.3008771 1.7298931 10 0 0 0 7
-2.1088336 -1.9243807 1.6571192 10 0 0 0 7
-2.1965563 -1.7704452 2.369514 10 0 0 0 7
-2.1529977 -1.739733 2.1666143 10 0 0 0 7
-2.1673291 -1.8151888 1.9235822 11 0 0 0 7
-1.9875072 -1.6583672 1.3798786 11 0 0 0 7
-2.0080755 -1.4848144 1.6299157 11 0 0 0 7
-2.0421526 -1.5192792 1.7083503 11 0 0 0 7
-2.1021049 -1.9353533 1.5800673 11 0 0 0 7
-2.1517637 -1.6362087 2.0681579 11 0 0 0 7
-2.0542238 -1.714359 1.5545174 11 0 0 0 7
-1.9851708 -1.1077983 1.8122988 11 0 0 0 7
-2.0849049 -1.4222156 2.0530496 11 0 0 0 7
-2.1921344 -1.8009969 2.0882127 11 0 0 0 7
-1.965046 -0.97306144 1.8783538 11 0 0 0 7
-2.1339703 -1.7445848 1.9665751 11 0 0 0 7
-2.1667113 -1.7006886 2.0804009 11 0 0 0 7
-2.0415728 -1.7801765 1.4132285 11 0 0 0 7
-2.1077127 -1.9306372 1.5977446 11 0 0 0 7
-2.0050793 -1.1929771 1.8267624 11 0 0 0 7
-2.168323 -1.9850296 1.7919911 11 0 0 0 7
-2.0528021 -1.6222923 1.594118 11 0 0 0 7
-1.986825 -1.3844262 1.5926844 11 0 0 0 7
-2.1577287 -1.8527966 1.921245 11 0 0 0 7
-2.081774 -1.6454988 1.7122359 11 0 0 0 7
-2.0591578 -1.6608092 1.6657827 11 0 0 0 7
-1.9840648 -1.5045038 1.3820597 11 0 0 0 7
-2.0723951 -1.5488875 1.8765038 11 0 0 0 7
-1.9004219 -1.4744974 1.1094314 11 0 0 0 7
-2.1673198 -1.5500703 2.1919549 11 0 0 0 7
-2.1888123 -1.9181135 1.9748695 11 0 0 0 7
-2.1539285 -1.6914072 2.0280614 11 0 0 0 7
-1.9725193 -1.2379638 1.7387844 11 0 0 0 7
-2.1680965 -2.0327702 1.8244007 11 0 0 0 7
-2.0306947 -1.2747654 1.8708589 11 0 0 0 7
-2.18997 -1.6238494 2.2335272 11 0 0 0 7
-2.1800313 -1.9075954 1.8960326 11 0 0 0 7
-2.0067384 -1.1494458 1.9047517 11 0 0 0 7
-2.003346 -1.8233904 1.3060651 11 0 0 0 7
-2.0019085 -1.2228079 1.8079139 11 0 0 0 7
-1.9632946 -1.3536336 1.545019 11 0 0 0 7
-1.9823941 -1.6940181 1.2887748 11 0 0 0 7
-2.1895659 -1.8213137 2.0319374 11 0 0 0 7
-1.9640841 -1.3359034 1.5418549 11 0 0 0 7
-1.9548169 -1.2417338 1.9863621 12 0 0 0 7
-2.0611858 -1.7432739 1.9670104 12 0 0 0 7
-2.097121 -1.751949 2.2650621 12 0 0 0 7
-1.9993683 -1.3915625 1.9401895 12 0 0 0 7
-1.8976752 -0.99850035 2.0295148 12 0 0 0 7
-2.0878704 -1.8658507 1.8685768 12 0 0 0 7
-2.0699627 -1.9481306 1.6394365 12 0 0 0 7
-2.0774848 -1.844489 1.8942033 12 0 0 0 7
-1.9321152 -1.5568103 1.2896962 12 0 0 0 7
-1.991966 -1.7043598 1.5495955 12 0 0 0 7
-1.9991623 -1.4080316 2.0892348 12 0 0 0 7
-1.9554442 -1.4691874 1.6332163 12 0 0 0 7
-1.9017934 -0.96346259 2.0243218 12 0 0 0 7
-1.9246757 -1.2126424 1.866986 12 0 0 0 7
-2.0593071 -1.9164 1.6373926 12 0 0 0 7
-2.13556 -1.7208343 2.4919047 12 0 0 0 7
-2.0176959 -1.4603336 2.1155734 12 0 0 0 7
-1.953094 -1.345472 1.8563273 12 0 0 0 7
-2.077992 -1.8646315 1.9557196 12 0 0 0 7
-2.1042209 -1.8848686 2.0150135 12 0 0 0 7
-2.0589855 -1.4801431 2.3043232 12 0 0 0 7
-2.0858042 -1.676512 2.1763461 12 0 0 0 7
-1.9894257 -1.6558224 1.4356474 12 0 0 0 7
-2.009238 -1.5917265 1.8416923 12 0 0 0 7
-2.1505635 -2.0098653 2.0858295 12 0 0 0 7
-1.9543178 -1.546272 1.5166761 12 0 0 0 7
-1.9739614 -1.4645493 1.688798 12 0 0 0 7
-2.0378923 -1.8850017 1.6060433 12 0 0 0 7
-2.0302911 -1.807699 1.4557968 12 0 0 0 7
-2.1325343 -2.0685174 2.0253451 12 0 0 0 7
-2.0383587 -1.6679323 1.8868011 12 0 0 0 7
-2.1327815 -1.7055106 2.5355101 12 0 0 0 7
-1.9410846 -1.5398521 1.3947885 12 0 0 0 7
-1.9675162 -1.4550174 1.5944216 12 0 0 0 7
-2.0441742 -1.6258144 1.8537812 12 0 0 0 7
-2.1415937 -2.2000351 1.808651 12 0 0 0 7
-1.9040519 -1.2562613 1.6462885 12 0 0 0 7
-1.946178 -1.1541326 2.0114996 12 0 0 0 7
-2.1147971 -1.7959844 2.2160501 12 0 0 0 7
-2.0107012 -1.5575705 1.8951349 12 0 0 0 7
-1.6787318 -1.8774966 1.3991802 13 0 0 0 7
-1.7294186 -2.0463765 1.5290653 13 0 0 0 7
-1.7346739 -1.7499403 1.8825444 13 0 0 0 7
-1.7362738 -2.0873277 1.5191879 13 0 0 0 7
-1.8121183 -2.3530605 1.9022254 13 0 0 0 7
-1.7197104 -1.6344802 2.1182957 13 0 0 0 7
-1.7464842 -1.5155528 2.2654147 13 0 0 0 7
-1.6772108 -1.6338683 1.7233306 13 0 0 0 7
-1.6858447 -1.4441767 1.9733291 13 0 0 0 7
-1.8093249 -1.8881146 2.3088176 13 0 0 0 7
-1.7871374 -2.2704926 1.7323354 13 0 0 0 7
-1.7271616 -1.4723246 2.251646 13 0 0 0 7
-1.7386444 -1.6832563 1.9943113 13 0 0 0 7
-1.7584873 -2.1203625 1.6130016 13 0 0 0 7
-1.7304108 -1.5508027 2.1438122 13 0 0 0 7
-1.7773455 -2.0560238 1.8562995 13 0 0 0 7
-1.7656972 -1.9418691 1.9370176 13 0 0 0 7
-1.7859414 -2.1888251 1.8699547 13 0 0 0 7
-1.8067385 -1.8549674 2.4954603 13 0 0 0 7
-1.6607571 -1.2015616 2.0635407 13 0 0 0 7
-1.7926109 -1.794932 2.3874195 13 0 0 0 7
-1.8207934 -2.2217462 2.0853269 13 0 0 0 7
-1.7705094 -1.6869168 2.3764839 13 0 0 0 7
-1.7031921 -1.7099531 1.8599632 13 0 0 0 7
-1.7161653 -1.4569747 2.1504605 13 0 0 0 7
-1.6884803 -1.7020174 1.6397641 13 0 0 0 7
-1.6840211 -1.4225637 1.828245 13 0 0 0 7
-1.7563832 -2.0793893 1.8212423 13 0 0 0 7
-1.8099766 -2.3129847 1.9447659 13 0 0 0 7
-1.7668183 -1.6931051 2.3049421 13 0 0 0 7
-1.6879451 -1.316393 2.0247869 13 0 0 0 7
-1.7762468 -1.7647761 2.2958059 13 0 0 0 7
-1.6550554 -1.6176503 1.7318949 13 0 0 0 7
-1.7050978 -1.7790186 1.6781501 13 0 0 0 7
-1.7416482 -1.5800227 2.230994 13 0 0 0 7
-1.6865629 -1.436174 1.9854892 13 0 0 0 7
-1.6955411 -1.3898362 2.0470574 13 0 0 0 7
-1.7396559 -1.5719049 2.2593577 13 0 0 0 7
-1.7753448 -2.2381122 1.597658 13 0 0 0 7
-1.8247631 -2.0781808 2.2257731 13 0 0 0 7
-2.0146456 -2.1056244 1.766065 14 0 0 0 7
-1.9134998 -1.6918899 1.5704075 14 0 0 0 7
-1.8535954 -1.3798196 1.5424596 14 0 0 0 7
-1.8471886 -1.6799489 1.2057599 14 0 0 0 7
-2.0689704 -1.7997689 2.2972472 14 0 0 0 7
-1.799107 -1.5389304 1.1177894 14 0 0 0 7
-2.0347781 -2.3004909 1.6141957 14 0 0 0 7
-1.917033 -1.6790738 1.5796593 14 0 0 0 7
-1.9307857 -1.5613822 1.7049646 14 0 0 0 7
-2.042129 -1.8977587 2.1943409 14 0 0 0 7
-1.9666413 -1.9842159 1.5501373 14 0 0 0 7
-2.041785 -1.6901989 2.2817695 14 0 0 0 7
-2.0003152 -1.7678512 1.9399806 14 0 0 0 7
-1.9819261 -1.5125697 2.1344321 14 0 0 0 7
-1.8455465 -1.0785573 1.8658975 14 0 0 0 7
-1.9520955 -1.9856482 1.5201788 14 0 0 0 7
-1.982111 -1.5625672 2.1766999 14 0 0 0 7
-2.0530722 -1.9063838 2.0454304 14 0 0 0 7
-1.9484109 -1.7414479 1.6624776 14 0 0 0 7
-1.8133184 -1.3182732 1.4167694 14 0 0 0 7
-2.0413461 -1.8738019 2.1333632 14 0 0 0 7
-1.9219463 -1.63016 1.67723 14 0 0 0 7
-1.9860476 -1.699896 1.9949456 14 0 0 0 7
-1.9264095 -1.6763586 1.5952836 14 0 0 0 7
-2.0603898 -1.8918899 2.1913683 14 0 0 0 7
-1.9914593 -2.0841224 1.5396425 14 0 0 0 7
-2.0431495 -1.7054243 2.3128824 14 0 0 0 7
-2.0129764 -1.7593156 2.0877886 14 0 0 0 7
-1.992668 -1.9573123 1.6838822 14 0 0 0 7
-1.8432406 -1.1968614 1.6708874 14 0 0 0 7
-2.0472717 -2.2504363 1.716463 14 0 0 0 7
-1.8849391 -1.7619604 1.3454486 14 0 0 0 7
-1.9110328 -1.3978668 1.8911868 14 0 0 0 7
-1.9562184 -1.8530698 1.6495038 14 0 0 0 7
-1.9810798 -1.9073215 1.6391562 14 0 0 0 7
-2.0106478 -2.090502 1.6930246 14 0 0 0 7
-2.0582614 -1.8810686 2.1262424 14 0 0 0 7
-1.8280904 -1.0844684 1.7382812 14 0 0 0 7
-1.8493938 -1.5368081 1.3218477 14 0 0 0 7
-1.9251058 -1.7106652 1.5330648 14 0 0 0 7
-2.0342748 -2.0426702 1.5754995 15 0 0 0 7
-1.9322461 -1.1099545 1.9009752 15 0 0 0 7
-1.9221374 -1.3298875 1.6312106 15 0 0 0 7
-2.1125994 -2.2374282 1.8645266 15 0 0 0 7
-2.0118902 -1.808655 1.6366317 15 0 0 0 7
-1.9752409 -1.8078793 1.5175723 15 0 0 0 7
-2.0773306 -2.1188581 1.7946947 15 0 0 0 7
-2.0747924 -1.9894258 1.758007 15 0 0 0 7
-2.0092804 -2.0042698 1.5161233 15 0 0 0 7
-2.1081023 -1.9906985 1.9875175 15 0 0 0 7
-1.9116375 -1.4207985 1.6072173 15 0 0 0 7
-1.9795793 -1.7532591 1.5643225 15 0 0 0 7
-1.9467783 -1.8191667 1.3049101 15 0 0 0 7
-2.0563319 -1.7836196 2.0478547 15 0 0 0 7
-2.0543661 -2.1418016 1.5240196 15 0 0 0 7
-1.9466127 -1.3327019 1.9215099 15 0 0 0 7
-2.0117714 -1.7931736 1.7292155 15 0 0 0 7
-1.8887 -1.3290164 1.5690228 15 0 0 0 7
-2.0596378 -2.0447092 1.8420659 15 0 0 0 7
-2.0827107 -2.2193868 1.7548122 15 0 0 0 7
-2.0503199 -1.8902115 1.882288 15 0 0 0 7
-2.084738 -1.6178246 2.2600238 15 0 0 0 7
-1.8948046 -1.2885239 1.6277044 15 0 0 0 7
-2.1170216 -2.0603533 2.1221123 15 0 0 0 7
-2.0809469 -2.2581115 1.7226902 15 0 0 0 7
-1.9972588 -1.7502395 1.4607282 15 0 0 0 7
-1.9358654 -1.6578834 1.4820411 15 0 0 0 7
-2.1376159 -2.0648594 2.1564493 15 0 0 0 7
-2.0244312 -1.5384228 2.1358962 15 0 0 0 7
-1.9832721 -1.4660319 1.7939494 15 0 0 0 7
-2.1220124 -2.0335047 2.0768683 15 0 0 0 7
-2.0489275 -1.5626262 2.236341 15 0 0 0 7
-2.0158532 -1.4592888 2.1332724 15 0 0 0 7
-1.9989696 -2.0398457 1.382937 15 0 0 0 7
-2.0452821 -1.5832239 2.1415186 15 0 0 0 7
-1.9269773 -1.5487498 1.4804457 15 0 0 0 7
-1.878617 -1.6682601 1.1769122 15 0 0 0 7
-2.0947022 -2.1810296 1.7201482 15 0 0 0 7
-1.9343059 -1.7601228 1.3253554 15 0 0 0 7
-2.1486304 -1.8368183 2.3736749 15 0 0 0 7
-1.9246997 -1.431765 2.1852748 16 0 0 0 7
-2.0385761 -1.5768946 2.5145919 16 0 0 0 7
-1.8731169 -1.6052234 1.5139616 16 0 0 0 7
-1.9529084 -1.4417428 2.3312988 16 0 0 0 7
-1.9060923 -1.6962726 1.668105 16 0 0 0 7
-1.9393234 -1.621304 1.9611001 16 0 0 0 7
-1.8765283 -1.6270241 1.5607101 16 0 0 0 7
-1.8565905 -1.4714104 1.490852 16 0 0 0 7
-1.7739389 -1.1880735 1.5745952 16 0 0 0 7
-1.9271731 -1.2841318 2.2585249 16 0 0 0 7
-2.0168056 -1.6672612 2.3358531 16 0 0 0 7
-1.9327251 -1.3731412 2.1766038 16 0 0 0 7
-1.8487804 -0.95732963 2.1334195 16 0 0 0 7
-2.0049717 -1.864879 2.0943828 16 0 0 0 7
-1.8264867 -0.96121788 2.1235795 16 0 0 0 7
-2.0390601 -1.9587765 2.0656126 16 0 0 0 7
-1.875316 -1.209753 2.0891623 16 0 0 0 7
-1.8931495 -1.7208278 1.5902528 16 0 0 0 7
-1.9702079 -1.6351117 2.1677856 16 0 0 0 7
-1.9639742 -1.8861197 1.8553609 16 0 0 0 7
-1.9765747 -1.5103154 2.3698084 16 0 0 0 7
-1.9315978 -1.3521609 2.2108238 16 0 0 0 7
-1.854919 -1.1637685 1.9487679 16 0 0 0 7
-1.820641 -1.3563036 1.5788156 16 0 0 0 7
-1.9259946 -1.6906431 1.8987352 16 0 0 0 7
-1.9125896 -1.697466 1.7701733 16 0 0 0 7
-1.8678527 -1.4180428 1.8199731 16 0 0 0 7
-1.8476477 -1.0321134 2.1488936 16 0 0 0 7
-1.8287534 -1.0526267 2.0410533 16 0 0 0 7
-1.7734835 -1.0655096 1.6778129 16 0 0 0 7
-1.9549574 -1.9443333 1.758976 16 0 0 0 7
-1.824591 -1.0328097 1.9825355 16 0 0 0 7
-1.8255868 -1.2023681 1.8255417 16 0 0 0 7
-1.8000332 -1.4940467 1.3379651 16 0 0 0 7
-1.8188995 -1.2932485 1.6540101 16 0 0 0 7
-1.9448091 -1.4584261 2.2222967 16 0 0 0 7
-1.8864046 -1.5886945 1.6735661 16 0 0 0 7
-1.9381427 -1.7189476 1.8480527 16 0 0 0 7
-1.8949301 -1.7208538 1.72414 16 0 0 0 7
-1.9177186 -1.6502762 1.944826 16 0 0 0 7
-2.0507743 -1.8056147 2.4969416 17 0 0 0 7
-1.9426947 -1.7833375 1.7915341 17 0 0 0 7
-1.8688711 -1.7339545 1.438197 17 0 0 0 7
-1.8905894 -1.3697401 1.8914219 17 0 0 0 7
-1.9140885 -1.6017945 1.9021815 17 0 0 0 7
-2.0440323 -1.8908702 2.2188079 17 0 0 0 7
-2.0031884 -1.7523558 2.2504711 17 0 0 0 7
-1.9178632 -1.7294177 1.7777998 17 0 0 0 7
-1.9563116 -1.5436088 2.2202652 17 0 0 0 7
-1.8464711 -1.0396587 2.0420284 17 0 0 0 7
-2.0460079 -2.0005422 2.1403959 17 0 0 0 7
-1.9652761 -1.8057342 1.9294772 17 0 0 0 7
-1.9197389 -1.6334428 1.9544401 17 0 0 0 7
-1.9377884 -1.4601053 2.0830331 17 0 0 0 7
-2.0375922 -2.0105815 2.124902 17 0 0 0 7
-1.9065022 -1.606889 1.8391793 17 0 0 0 7
-1.9743565 -2.1832685 1.6537898 17 0 0 0 7
-2.0413659 -2.2832439 1.8472674 17 0 0 0 7
-2.0031757 -1.7190577 2.2071273 17 0 0 0 7
-2.020664 -2.2282789 1.8357629 17 0 0 0 7
-1.8962017 -1.8436764 1.5063248 17 0 0 0 7
-1.8943782 -1.5405442 1.8470972 17 0 0 0 7
-2.0425854 -1.7053084 2.4550567 17 0 0 0 7
-1.8775499 -1.5362977 1.7563565 17 0 0 0 7
-2.0457935 -1.6946075 2.4723248 17 0 0 0 7
-1.9064549 -1.8838216 1.4640495 17 0 0 0 7
-1.8993834 -1.3992236 2.1101415 17 0 0 0 7
-1.9439417 -1.74341 1.8629993 17 0 0 0 7
-2.0079098 -1.9315494 2.0399899 17 0 0 0 7
-1.8686942 -1.2034364 1.9778404 17 0 0 0 7
-1.8970969 -1.4795572 1.7784179 17 0 0 0 7
-1.8792663 -1.5417923 1.7092674 17 0 0 0 7
-1.8684925 -1.6273859 1.5245464 17 0 0 0 7
-1.9288458 -1.7670625 1.9232653 17 0 0 0 7
-1.9450674 -1.9737811 1.6917394 17 0 0 0 7
-2.0437884 -2.2195551 1.9114894 17 0 0 0 7
-1.9869128 -1.7695799 2.1075234 17 0 0 0 7
-1.8963054 -1.3436993 2.0740132 17 0 0 0 7
-1.9951018 -1.6069043 2.2557132 17 0 0 0 7
-1.8518944 -1.4174882 1.7424101 17 0 0 0 7
-2.0199122 -1.5716377 1.9007995 18 0 0 0 7
-2.0058868 -1.5159646 1.9121364 18 0 0 0 7
-2.1556551 -1.7346919 2.3100119 18 0 0 0 7
-1.9753555 -1.3748493 1.7988542 18 0 0 0 7
-2.03386 -1.3212162 2.148433 18 0 0 0 7
-1.9548258 -1.6857823 1.436033 18 0 0 0 7
-2.1252329 -1.6693418 2.3117385 18 0 0 0 7
-2.014497 -1.4618093 1.8946913 18 0 0 0 7
-2.085242 -1.7276891 2.0552969 18 0 0 0 7
-1.9427787 -1.3825179 1.5988399 18 0 0 0 7
-2.1463847 -2.0887544 1.959843 18 0 0 0 7
-2.1106024 -1.8150986 2.1764739 18 0 0 0 7
-1.9784856 -1.3102967 1.9298364 18 0 0 0 7
-1.9694459 -1.9236845 1.4050418 18 0 0 0 7
-2.1598568 -1.8379338 2.3369112 18 0 0 0 7
-1.9362209 -1.3091714 1.7267897 18 0 0 0 7
-2.0036633 -1.5898023 1.7759781 18 0 0 0 7
-2.0142014 -1.8778596 1.5436223 18 0 0 0 7
-2.0350409 -1.5780437 2.0036986 18 0 0 0 7
-2.0652974 -1.5051193 2.1288106 18 0 0 0 7
-2.034951 -1.4684222 1.9741598 18 0 0 0 7
-2.0243638 -2.041841 1.5146846 18 0 0 0 7
-1.9283292 -1.522312 1.5252023 18 0 0 0 7
-2.1680634 -1.8117615 2.3676918 18 0 0 0 7
-1.9774512 -1.5297066 1.7352976 18 0 0 0 7
-1.9457046 -1.2715977 1.8199947 18 0 0 0 7
-1.9330257 -1.4106271 1.6547475 18 0 0 0 7
-1.9652746 -1.5903682 1.616717 18 0 0 0 7
-1.9242365 -1.417996 1.4939249 18 0 0 0 7
-2.113812 -1.7654911 2.1511545 18 0 0 0 7
-2.1465263 -1.9514941 2.1253645 18 0 0 0 7
-1.9526139 -1.717005 1.3812653 18 0 0 0 7
-2.0208397 -1.7217276 1.6958462 18 0 0 0 7
-1.931121 -1.0603986 1.942124 18 0 0 0 7
-2.0696642 -1.65249 2.0639555 18 0 0 0 7
-2.1018641 -1.6230607 2.2381072 18 0 0 0 7
-2.0418346 -1.6447818 1.9531478 18 0 0 0 7
-2.1220441 -2.2907882 1.7740781 18 0 0 0 7
-1.9832486 -1.5063399 1.7413578 18 0 0 0 7
-1.974875 -1.6708225 1.6252352 18 0 0 0 7
-2.0043871 -1.0816702 1.9014456 19 0 0 0 7
-2.0508103 -1.4700012 1.8612454 19 0 0 0 7
-2.1871476 -1.8865837 2.0742722 19 0 0 0 7
-1.9848983 -1.2495997 1.787311 19 0 0 0 7
-2.0493155 -1.777022 1.3422174 19 0 0 0 7
-2.0058398 -1.6770437 1.305443 19 0 0 0 7
-2.0358095 -1.5525715 1.5898439 19 0 0 0 7
-2.1723931 -1.7505388 2.1919808 19 0 0 0 7
-2.0136001 -1.6820523 1.432449 19 0 0 0 7
-2.0405886 -1.6865155 1.5459241 19 0 0 0 7
-2.0400209 -1.702968 1.4886711 19 0 0 0 7
-2.0865746 -1.6825987 1.7631747 19 0 0 0 7
-2.1170259 -1.746757 1.8513404 19 0 0 0 7
-2.0919108 -1.9173855 1.5209374 19 0 0 0 7
-2.1389468 -2.0799685 1.6856343 19 0 0 0 7
-2.0677302 -1.7743609 1.637836 19 0 0 0 7
-2.2298541 -1.7862337 2.366647 19 0 0 0 7
-2.1098442 -1.5276139 2.1406286 19 0 0 0 7
-2.0108755 -1.5258114 1.5023137 19 0 0 0 7
-2.12747 -1.8877307 1.7385877 19 0 0 0 7
-2.1591134 -2.0115652 1.7282056 19 0 0 0 7
-2.056303 -1.4905357 1.847755 19 0 0 0 7
-2.0005386 -1.3572181 1.7558848 19 0 0 0 7
-2.1855013 -1.7122623 2.2992735 19 0 0 0 7
-1.9996604 -1.2388214 1.752269 19 0 0 0 7
-2.12012 -1.8714578 1.7918646 19 0 0 0 7
-1.9385622 -1.4826884 1.2221957 19 0 0 0 7
-2.0176184 -1.5712448 1.469941 19 0 0 0 7
-2.0764649 -1.719016 1.6839705 19 0 0 0 7
-1.9415622 -1.5304977 1.1194355 19 0 0 0 7
-2.1751902 -1.9854383 1.8835585 19 0 0 0 7
-2.1713064 -2.04317 1.7639931 19 0 0 0 7
-2.1841395 -2.0428669 1.8077937 19 0 0 0 7
-2.1237137 -1.9870912 1.6113795 19 0 0 0 7
-2.1476114 -2.005157 1.7623805 19 0 0 0 7
-2.0436285 -1.2412637 2.0281966 19 0 0 0 7
-2.0650215 -1.4943146 1.8553911 19 0 0 0 7
-2.0050981 -1.4648033 1.5068164 19 0 0 0 7
-1.9693571 -1.3395042 1.5238827 19 0 0 0 7
-2.1565342 -2.0723033 1.7289155 19 0 0 0 7
0.23169206 0.37456232 0.098614581 0 0 0 0 8
0.40138268 0.28884205 0.12200776 0 0 0 0 8
0.92912745 0.28290626 0.1237145 0 0 0 0 8
0.50726008 0.35460079 0.097306967 0 0 0 0 8
0.95280683 0.36075366 0.067115739 0 0 0 0 8
0.79849309 0.59931475 -0.017762877 0 0 0 0 8
0.97886163 0.38020641 0.062647 0 0 0 0 8
0.78859544 0.646465 -0.043675005 0 0 0 0 8
1.1208322 0.73983145 -0.066910297 0 0 0 0 8
1.0995533 0.92641824 -0.17221767 0 0 0 0 8
0.64394438 0.43994352 0.041764826 0 0 0 0 8
0.33807424 0.25605065 0.11828195 0 0 0 0 8
0.77928102 0.32585829 0.09072724 0 0 0 0 8
0.54578322 0.41808149 0.066466026 0 0 0 0 8
0.74156731 0.90372586 -0.13213123 0 0 0 0 8
0.27804169 0.18740648 0.17415532 0 0 0 0 8
0.59122294 0.46856818 0.035032313 0 0 0 0 8
0.91042209 0.85126132 -0.14177717 0 0 0 0 8
0.53166538 0.24496499 0.13084577 0 0 0 0 8
0.43970996 0.75945497 -0.081141606 0 0 0 0 8
0.78971905 0.19952472 0.15558283 0 0 0 0 8
0.48929986 0.63405478 -0.025825031 0 0 0 0 8
1.0942603 0.71124983 -0.072391152 0 0 0 0 8
1.0413178 0.026724707 0.24300359 0 0 0 0 8
0.28371525 0.65799981 -0.037878715 0 0 0 0 8
1.0554981 0.044029452 0.22043365 0 0 0 0 8
0.5709551 0.20446293 0.14870806 0 0 0 0 8
0.63559437 0.57056463 -0.0058739935 0 0 0 0 8
0.41544414 0.098421566 0.21328713 0 0 0 0 8
0.36181089 0.091016635 0.1996821 0 0 0 0 8
0.43939233 -0.035451733 0.25082326 0 0 0 0 8
0.54964381 0.23221125 0.1411272 0 0 0 0 8
1.0186846 0.70946211 -0.084368862 0 0 0 0 8
0.35197556 0.21788153 0.14599644 0 0 0 0 8
0.46235672 -0.0073137749 0.25558943 0 0 0 0 8
0.81998605 0.69292754 -0.058622364 0 0 0 0 8
0.35279414 0.19559985 0.16163909 0 0 0 0 8
0.46597812 0.56913185 0.0018866988 0 0 0 0 8
0.61195403 0.67776799 -0.038468219 0 0 0 0 8
1.0579184 0.6820969 -0.074721359 0 0 0 0 8
0.59807181 0.080040425 0.37349942 1 0 0 0 8
0.75985211 0.19890843 0.3380115 1 0 0 0 8
1.1516349 0.12992084 0.35810655 1 0 0 0 8
1.1316931 0.65007842 0.12139205 1 0 0 0 8
0.35276431 0.75911099 0.089679323 1 0 0 0 8
0.22055434 0.45254701 0.21730672 1 0 0 0 8
0.88406825 0.81579942 0.024239322 1 0 0 0 8
1.0237888 0.02191855 0.39412609 1 0 0 0 8
0.43149382 0.83603388 0.03001003 1 0 0 0 8
0.73485762 0.60622805 0.13459994 1 0 0 0 8
0.79450452 0.73540813 0.074667178 1 0 0 0 8
1.0805427 0.51243377 0.17996135 1 0 0 0 8
1.1875225 0.3462249 0.24671613 1 0 0 0 8
0.46603787 0.34611893 0.24289146 1 0 0 0 8
1.138678 0.063719213 0.39365935 1 0 0 0 8
0.83670908 0.84666789 0.034244131 1 0 0 0 8
1.2090542 0.061401911 0.39230964 1 0 0 0 8
0.4960303 0.30967182 0.27500337 1 0 0 0 8
1.1108234 0.50193453 0.17208566 1 0 0 0 8
0.63208961 0.39969859 0.23291345 1 0 0 0 8
0.45544314 0.76185107 0.069637522 1 0 0 0 8
1.0444711 0.11106796 0.35835189 1 0 0 0 8
1.1440709 0.80204564 0.038018201 1 0 0 0 8
1.0317718 0.53583491 0.17062964 1 0 0 0 8
0.41601938 0.45167279 0.22009608 1 0 0 0 8
0.27740839 0.10701022 0.3654694 1 0 0 0 8
0.20834516 0.82054549 0.061432652 1 0 0 0 8
1.006176 0.76048118 0.074613012 1 0 0 0 8
0.9703306 0.1118874 0.3569155 1 0 0 0 8
0.55053675 0.82526374 0.034664996 1 0 0 0 8
0.43125796 0.75514573 0.080909334 1 0 0 0 8
1.1705862 0.19266035 0.30485594 1 0 0 0 8
0.50468975 0.44385234 0.23010567 1 0 0 0 8
0.49995914 0.31911331 0.27716875 1 0 0 0 8
0.79819059 0.13455756 0.36346707 1 0 0 0 8
0.53122962 0.52532834 0.18251242 1 0 0 0 8
1.073827 0.47463259 0.20121726 1 0 0 0 8
0.88500154 0.3682726 0.23362353 1 0 0 0 8
0.72980613 0.03204013 0.41835442 1 0 0 0 8
0.78221005 0.82243031 0.039489083 1 0 0 0 8
0.20961612 0.47504559 0.17933281 2 0 0 0 8
0.86492491 0.76199466 0.060886845 2 0 0 0 8
0.84124279 0.92284876 -0.01843163 2 0 0 0 8
0.95725793 0.62696844 0.12575716 2 0 0 0 8
1.0726341 0.58390188 0.14421028 2 0 0 0 8
0.79178321 0.64452052 0.12746191 2 0 0 0 8
0.7536003 0.76080561 0.056442887 2 0 0 0 8
0.30332851 0.039451737 0.36059254 2 0 0 0 8
0.16701031 0.59777302 0.1450776 2 0 0 0 8
1.0489342 0.83383256 0.010859156 2 0 0 0 8
1.1881891 0.17780744 0.29409617 2 0 0 0 8
1.027045 0.84838521 0.0007087118 2 0 0 0 8
1.1456919 0.18159677 0.32142341 2 0 0 0 8
0.20053631 0.85114044 0.0029649667 2 0 0 0 8
0.61279219 0.89202464 0.0069718552 2 0 0 0 8
0.36070547 0.24088566 0.26706672 2 0 0 0 8
0.80679947 0.70616341 0.096537948 2 0 0 0 8
0.32577679 -0.014792398 0.40800196 2 0 0 0 8
0.77962989 0.44348252 0.18216018 2 0 0 0 8
0.31006023 0.67703116 0.098975748 2 0 0 0 8
0.70122236 0.31370404 0.24353404 2 0 0 0 8
0.90096903 0.8721959 0.011646626 2 0 0 0 8
0.72235155 0.38213658 0.22342253 2 0 0 0 8
0.92318016 0.4519859 0.19419149 2 0 0 0 8
0.56952339 0.30234098 0.26150149 2 0 0 0 8
0.83926058 0.47979003 0.16359413 2 0 0 0 8
0.89240247 0.61057794 0.11594225 2 0 0 0 8
0.40421188 0.40465024 0.21664123 2 0 0 0 8
0.47815195 0.19629745 0.32064059 2 0 0 0 8
0.5489673 0.70167696 0.10240993 2 0 0 0 8
1.0045015 0.92992848 -0.011237952 2 0 0 0 8
1.0575657 0.87556881 -0.0028013343 2 0 0 0 8
0.34683919 0.46901211 0.18607225 2 0 0 0 8
1.0886536 0.53884935 0.15215093 2 0 0 0 8
0.47534809 0.18223278 0.31179053 2 0 0 0 8
0.72710347 0.68723297 0.086156048 2 0 0 0 8
0.80408084 0.79720384 0.030182598 2 0 0 0 8
1.1331041 0.74381852 0.055682503 2 0 0 0 8
1.0136936 0.77358323 0.044896815 2 0 0 0 8
0.58757371 0.067110039 0.36824355 2 0 0 0 8
0.19623928 -0.0082937749 0.34920084 3 0 0 0 8
0.93581426 0.20436159 0.20273332 3 0 0 0 8
0.84068048 0.058219038 0.28062075 3 0 0 0 8
0.24582191 0.27634674 0.21450576 3 0 0 0 8
0.50600553 0.043827288 0.30776927 3 0 0 0 8
0.11043383 0.8162818 -0.042397264 3 0 0 0 8
0.75814843 0.45220882 0.095739022 3 0 0 0 8
0.9188261 0.3655856 0.14843811 3 0 0 0 8
0.36082295 0.27419084 0.19953661 3 0 0 0 8
0.9273091 0.19698738 0.21844214 3 0 0 0 8
0.55038291 0.62784553 0.02285051 3 0 0 0 8
0.7646147 0.40566602 0.12262991 3 0 0 0 8
0.57474178 0.60194796 0.038106471 3 0 0 0 8
0.37656748 0.42085519 0.14362496 3 0 0 0 8
0.32785678 0.45544386 0.13015728 3 0 0 0 8
0.76232624 0.68429697 -0.012136405 3 0 0 0 8
0.55379093 -0.022179633 0.31073907 3 0 0 0 8
0.93784821 0.28851092 0.17129056 3 0 0 0 8
0.75311875 0.76114893 -0.031476494 3 0 0 0 8
0.99185789 0.23209022 0.18782231 3 0 0 0 8
0.18263751 0.37774232 0.17798804 3 0 0 0 8
0.89363378 0.43646124 0.11205164 3 0 0 0 8
0.93984783 0.5062263 0.085292056 3 0 0 0 8
0.81283045 0.82792133 -0.071497962 3 0 0 0 8
0.13942254 0.65323716 0.058095895 3 0 0 0 8
0.25794941 0.43652055 0.14895348 3 0 0 0 8
0.44330207 0.030237326 0.32623082 3 0 0 0 8
0.52927524 0.12722324 0.2620666 3 0 0 0 8
0.75990701 0.27714881 0.19389506 3 0 0 0 8
0.28567317 0.43813011 0.13610481 3 0 0 0 8
0.9089933 0.62847263 0.015079737 3 0 0 0 8
0.73848963 0.279946 0.19883166 3 0 0 0 8
0.37914595 0.14300141 0.27333066 3 0 0 0 8
1.0964221 0.36074758 0.12885442 3 0 0 0 8
1.0894501 0.21577379 0.19065163 3 0 0 0 8
1.0467057 0.28092784 0.16626997 3 0 0 0 8
0.17954814 -0.032270461 0.3505545 3 0 0 0 8
0.62993503 0.25252846 0.18654515 3 0 0 0 8
0.53317094 0.52250409 0.1093643 3 0 0 0 8
0.20404309 0.39324975 0.14632803 3 0 0 0 8
0.60413551 0.04404917 0.093808845 4 0 0 0 8
0.63678879 0.38126427 -0.045053102 4 0 0 0 8
0.88170069 -0.068245932 0.13044745 4 0 0 0 8
0.80566913 0.62836844 -0.16960715 4 0 0 0 8
0.75038618 -0.0020666984 0.10187637 4 0 0 0 8
0.61648411 0.19084728 0.028844986 4 0 0 0 8
0.19313213 0.40735498 -0.030713445 4 0 0 0 8
0.37609982 -0.084886596 0.1696457 4 0 0 0 8
0.6255191 0.34135583 -0.056097236 4 0 0 0 8
0.51507074 0.68894774 -0.17707409 4 0 0 0 8
1.0659261 0.2083969 -0.024943912 4 0 0 0 8
0.32852089 0.37990502 -0.051422533 4 0 0 0 8
0.89171594 0.078672729 0.067564256 4 0 0 0 8
0.56546241 0.11818494 0.064328931 4 0 0 0 8
1.1791208 -0.056825563 0.094598994 4 0 0 0 8
0.4514305 0.23438364 0.012539967 4 0 0 0 8
0.51519263 -0.1079618 0.16413021 4 0 0 0 8
0.22359373 0.60383433 -0.12847884 4 0 0 0 8
0.90021068 0.53332478 -0.13877124 4 0 0 0 8
0.87627363 -0.036063138 0.095165297 4 0 0 0 8
0.28149956 0.60865629 -0.15503167 4 0 0 0 8
0.87338263 0.042094592 0.070456125 4 0 0 0 8
0.29773971 0.23518686 0.023905443 4 0 0 0 8
0.483778 0.41095173 -0.074208617 4 0 0 0 8
1.1464714 0.060218025 0.051366758 4 0 0 0 8
0.18948974 0.42360434 -0.056344531 4 0 0 0 8
0.83421171 0.46347529 -0.11665004 4 0 0 0 8
0.31134057 0.29838872 -0.0067288354 4 0 0 0 8
0.48562503 0.32333508 -0.033892684 4 0 0 0 8
1.1132559 0.79359919 -0.27080342 4 0 0 0 8
0.3595953 0.089321002 0.084360987 4 0 0 0 8
0.27699006 0.0014547473 0.12522595 4 0 0 0 8
0.7155056 0.57053864 -0.14862254 4 0 0 0 8
0.86910146 0.17190246 0.01969976 4 0 0 0 8
0.86152411 0.031721111 0.077019893 4 0 0 0 8
0.99988014 0.6051715 -0.17834333 4 0 0 0 8
1.1633414 0.048701793 0.05671683 4 0 0 0 8
0.87025374 0.69319391 -0.22342959 4 0 0 0 8
0.56162894 0.22751333 0.025725402 4 0 0 0 8
0.19599661 0.31174314 -0.011813893 4 0 0 0 8
1.1335604 0.33479762 0.22311372 5 0 0 0 8
1.282169 0.34522346 0.21856736 5 0 0 0 8
0.43602017 0.4604632 0.1838605 5 0 0 0 8
1.1016396 0.56359476 0.12249467 5 0 0 0 8
1.2394152 -3.6355708e-05 0.33709511 5 0 0 0 8
1.0851369 0.84398872 -0.00201601 5 0 0 0 8
0.83242697 0.43222824 0.19772355 5 0 0 0 8
1.0862788 0.39514017 0.20730905 5 0 0 0 8
0.57709616 0.12289689 0.33507395 5 0 0 0 8
1.0248362 0.33245561 0.23565182 5 0 0 0 8
0.68561357 0.62144351 0.12383638 5 0 0 0 8
1.214191 0.67377627 0.081767879 5 0 0 0 8
0.81461889 0.24421085 0.27311173 5 0 0 0 8
0.50141001 0.36527985 0.23610486 5 0 0 0 8
0.34008941 0.094026811 0.36519983 5 0 0 0 8
1.2802949 0.06670101 0.33940753 5 0 0 0 8
0.82097578 0.28405812 0.25113103 5 0 0 0 8
0.4801558 0.85259867 0.024817877 5 0 0 0 8
1.3096629 0.35273331 0.21203104 5 0 0 0 8
0.63804841 0.71253186 0.073256627 5 0 0 0 8
1.2557945 0.29773077 0.24172671 5 0 0 0 8
0.95242411 0.67112088 0.079782404 5 0 0 0 8
1.100273 0.030451566 0.34592766 5 0 0 0 8
0.96464181 0.28171164 0.25516832 5 0 0 0 8
0.36528763 0.57858247 0.13762221 5 0 0 0 8
1.225197 0.66637093 0.073056206 5 0 0 0 8
0.72628093 0.66112459 0.080765702 5 0 0 0 8
0.83061802 0.81722867 0.033582624 5 0 0 0 8
1.2654233 0.16683912 0.30118591 5 0 0 0 8
0.50959873 0.46142524 0.18483321 5 0 0 0 8
0.89427686 0.79732162 0.033640496 5 0 0 0 8
0.8258087 0.63093507 0.10963855 5 0 0 0 8
0.91458273 0.34097764 0.23037492 5 0 0 0 8
1.2384613 0.5700925 0.12113048 5 0 0 0 8
0.40377742 0.67795515 0.087033674 5 0 0 0 8
0.97776306 0.70434034 0.08182624 5 0 0 0 8
0.48107806 0.54063839 0.14632654 5 0 0 0 8
0.97647846 0.01667854 0.34802288 5 0 0 0 8
1.0015135 0.46620527 0.18006863 5 0 0 0 8
0.96558988 0.78600723 0.047209423 5 0 0 0 8
1.1403977 0.15015265 0.14215317 6 0 0 0 8
0.7020852 0.29352158 0.088828012 6 0 0 0 8
0.85151809 0.61938858 -0.070453435 6 0 0 0 8
0.99658072 0.63400805 -0.080981299 6 0 0 0 8
1.2126685 0.16418172 0.13096301 6 0 0 0 8
0.38481981 0.52578795 -0.0025463772 6 0 0 0 8
0.66093487 -0.036101669 0.2533465 6 0 0 0 8
1.0199453 0.39304957 0.037485022 6 0 0 0 8
0.41468298 0.82353884 -0.13765396 6 0 0 0 8
0.32773954 0.5419578 -0.03641836 6 0 0 0 8
0.59466136 0.78501761 -0.14672907 6 0 0 0 8
0.60038632 0.74006611 -0.11117169 6 0 0 0 8
1.1152197 0.86881256 -0.19477147 6 0 0 0 8
1.215462 0.23047951 0.11041817 6 0 0 0 8
0.81261224 0.36148587 0.051962424 6 0 0 0 8
0.55434543 0.35408169 0.075685263 6 0 0 0 8
0.83310395 0.76530951 -0.14285906 6 0 0 0 8
0.59252739 0.1886145 0.12940851 6 0 0 0 8
0.37972173 0.55411345 -0.015314785 6 0 0 0 8
0.91730344 0.22081758 0.12890789 6 0 0 0 8
0.63368535 0.64171368 -0.073832899 6 0 0 0 8
0.90936607 0.088527352 0.1748355 6 0 0 0 8
0.91061515 0.36323127 0.045593996 6 0 0 0 8
0.946841 0.20444545 0.1211142 6 0 0 0 8
0.64261508 0.76945114 -0.13422635 6 0 0 0 8
0.71633732 -0.04357956 0.24358448 6 0 0 0 8
0.49980885 0.67651856 -0.077168636 6 0 0 0 8
0.65339285 0.47351551 0.015369055 6 0 0 0 8
0.2955566 0.43321717 0.053949285 6 0 0 0 8
0.51843476 0.60853982 -0.062176421 6 0 0 0 8
0.64407182 0.22086267 0.12716793 6 0 0 0 8
0.79884577 0.74270076 -0.10021459 6 0 0 0 8
1.0623976 0.20908825 0.12296038 6 0 0 0 8
0.30067572 0.50465608 -0.0056783715 6 0 0 0 8
0.20827267 0.56453663 -0.012473824 6 0 0 0 8
0.52041531 0.73963404 -0.1204475 6 0 0 0 8
0.43028995 0.27797472 0.11443872 6 0 0 0 8
1.1419687 0.087824874 0.18545724 6 0 0 0 8
1.0739386 0.78171551 -0.16142054 6 0 0 0 8
1.0685135 0.31940863 0.080147445 6 0 0 0 8
1.0123396 0.65911531 -0.11666778 7 0 0 0 8
1.113834 0.66276747 -0.11678959 7 0 0 0 8
0.92358851 -0.0026725272 0.18217888 7 0 0 0 8
0.31231627 0.24945401 0.12234475 7 0 0 0 8
0.94931716 0.72323865 -0.13899659 7 0 0 0 8
1.0775257 0.10522435 0.12079869 7 0 0 0 8
0.69879651 0.5168407 -0.041387584 7 0 0 0 8
0.87722772 0.059866533 0.16093242 7 0 0 0 8
0.59116805 0.54414523 -0.044391837 7 0 0 0 8
0.99581635 0.21919648 0.09505789 7 0 0 0 8
0.85116047 0.5934878 -0.056322441 7 0 0 0 8
0.71310163 0.12543215 0.16688098 7 0 0 0 8
0.99317908 -0.056379437 0.20828322 7 0 0 0 8
0.33606756 0.71193612 -0.072555766 7 0 0 0 8
0.28824845 0.14806564 0.14602521 7 0 0 0 8
0.35949066 0.29097995 0.097757712 7 0 0 0 8
0.26379767 0.59786642 -0.026879577 7 0 0 0 8
0.63764679 0.26617688 0.0766792 7 0 0 0 8
1.1255912 0.20168306 0.068984143 7 0 0 0 8
0.71515954 0.71651489 -0.12512478 7 0 0 0 8
0.36827692 0.013054639 0.21025534 7 0 0 0 8
0.67280507 0.034654144 0.19920561 7 0 0 0 8
0.9784289 0.53442377 -0.042217378 7 0 0 0 8
0.96930373 0.49887666 -0.028618613 7 0 0 0 8
0.48714489 0.73529923 -0.1165254 7 0 0 0 8
0.44772467 0.19853418 0.12534378 7 0 0 0 8
0.96169353 0.13216068 0.12318144 7 0 0 0 8
0.50546545 0.24211687 0.11122894 7 0 0 0 8
0.73148221 0.63366127 -0.075364649 7 0 0 0 8
0.868797 0.44040692 -0.0086891567 7 0 0 0 8
0.38977337 0.64394271 -0.06254825 7 0 0 0 8
0.90751481 0.21850249 0.083787702 7 0 0 0 8
0.70371401 0.16017269 0.12894149 7 0 0 0 8
0.8167243 0.6048885 -0.076791421 7 0 0 0 8
0.75396752 0.0060875993 0.18775097 7 0 0 0 8
1.046746 0.43511221 -0.028021963 7 0 0 0 8
0.41254058 0.7279768 -0.10315368 7 0 0 0 8
0.16064686 0.31648788 0.1061283 7 0 0 0 8
0.16539083 0.21370572 0.13667102 7 0 0 0 8
1.020075 0.089878388 0.12764752 7 0 0 0 8
0.84759104 0.75229114 -0.096951365 8 0 0 0 8
0.29279259 0.198837 0.20415115 8 0 0 0 8
1.169408 0.12026159 0.15773997 8 0 0 0 8
0.41767374 0.14762196 0.1990059 8 0 0 0 8
1.20207 0.21860605 0.12594029 8 0 0 0 8
0.38797444 0.84487289 -0.086030327 8 0 0 0 8
0.82115096 0.37767181 0.080334947 8 0 0 0 8
0.54244316 0.57972461 0.014269183 8 0 0 0 8
0.98815459 0.053616632 0.22590782 8 0 0 0 8
1.0493309 0.34548542 0.07975702 8 0 0 0 8
0.73432946 0.45509714 0.06471692 8 0 0 0 8
0.96349853 0.40706423 0.042708077 8 0 0 0 8
1.0789467 0.39080966 0.05247445 8 0 0 0 8
0.57220268 0.19282003 0.17421454 8 0 0 0 8
0.68362886 0.72164655 -0.054618064 8 0 0 0 8
0.8159731 0.10234883 0.20062126 8 0 0 0 8
0.28615156 0.66156387 0.0012777246 8 0 0 0 8
0.24378106 0.86894643 -0.1063464 8 0 0 0 8
0.8547405 0.052490208 0.23096092 8 0 0 0 8
0.93747592 0.55597478 0.0042880471 8 0 0 0 8
0.76875573 0.66051966 -0.043890327 8 0 0 0 8
1.1931096 0.35976422 0.064550944 8 0 0 0 8
0.93003041 0.83432484 -0.1236015 8 0 0 0 8
0.61466974 0.62392598 0.0030644112 8 0 0 0 8
0.48677227 0.45078823 0.077747166 8 0 0 0 8
0.99824768 0.90716732 -0.16655535 8 0 0 0 8
1.0411874 0.083044469 0.19955298 8 0 0 0 8
1.0693454 0.78060633 -0.11533424 8 0 0 0 8
1.0192503 0.1809268 0.1406747 8 0 0 0 8
0.49765569 0.00060697662 0.26705974 8 0 0 0 8
0.34546003 0.019561566 0.2673718 8 0 0 0 8
0.94894892 0.47282994 0.028062675 8 0 0 0 8
0.48850584 0.4146097 0.083739609 8 0 0 0 8
1.0668846 0.59059739 -0.019746134 8 0 0 0 8
0.88342756 0.4165957 0.060974952 8 0 0 0 8
0.23028357 0.24530494 0.18345633 8 0 0 0 8
0.31392816 0.70537299 -0.020785101 8 0 0 0 8
0.91517889 0.67244369 -0.07626082 8 0 0 0 8
1.1588691 0.40776011 0.047615081 8 0 0 0 8
0.31944457 0.63824713 0.0088094315 8 0 0 0 8
0.87272179 0.021735622 0.28087097 9 0 0 0 8
0.97512287 0.09953852 0.25932512 9 0 0 0 8
1.0836399 0.62648535 0.012452993 9 0 0 0 8
0.49609253 -0.042187687 0.33016548 9 0 0 0 8
0.92408735 -0.074096136 0.34818086 9 0 0 0 8
1.1537629 0.39951411 0.09970361 9 0 0 0 8
0.96538317 0.3945936 0.12674433 9 0 0 0 8
0.93005234 0.078194052 0.26577747 9 0 0 0 8
0.73182523 0.033208344 0.30336118 9 0 0 0 8
0.78638148 0.15518701 0.26782086 9 0 0 0 8
1.0911732 -0.042446565 0.33596581 9 0 0 0 8
0.9435246 0.6826551 0.012889886 9 0 0 0 8
0.40345383 0.67716861 0.041549191 9 0 0 0 8
0.77292293 0.75597471 -0.019689601 9 0 0 0 8
0.84376484 0.67436844 0.014277381 9 0 0 0 8
0.33932626 0.462448 0.14722182 9 0 0 0 8
1.2026126 0.47786352 0.078268938 9 0 0 0 8
0.84216964 0.36602265 0.15563783 9 0 0 0 8
0.42547116 0.57223356 0.10723244 9 0 0 0 8
1.1769745 0.14100611 0.21787699 9 0 0 0 8
0.92604685 0.58929372 0.052170593 9 0 0 0 8
0.43069872 -0.0099343322 0.32044488 9 0 0 0 8
0.88568085 0.77467895 -0.013946449 9 0 0 0 8
0.8957662 0.31104049 0.16957782 9 0 0 0 8
1.0820184 0.70240086 -0.0042332569 9 0 0 0 8
0.49707916 0.65233254 0.044656713 9 0 0 0 8
1.0768268 0.22171126 0.19578291 9 0 0 0 8
1.117384 0.31927687 0.16693561 9 0 0 0 8
0.90707189 0.29653218 0.14879696 9 0 0 0 8
1.0954977 0.043294195 0.26823407 9 0 0 0 8
1.1539485 0.33715603 0.14299852 9 0 0 0 8
1.0767223 0.68783808 -0.011747289 9 0 0 0 8
0.74055475 0.63601261 0.020855093 9 0 0 0 8
0.66400415 0.49429503 0.10727286 9 0 0 0 8
0.44986019 0.60533309 0.062767603 9 0 0 0 8
0.6904729 -0.065724492 0.3685196 9 0 0 0 8
0.29254475 -0.015121649 0.34968764 9 0 0 0 8
1.0915896 0.4714106 0.10375833 9 0 0 0 8
0.39690727 0.301992 0.20722909 9 0 0 0 8
0.75850874 -0.07812126 0.37161347 9 0 0 0 8
0.8375352 0.83555233 -0.04629463 10 0 0 0 8
0.28352097 0.24258305 0.23240276 10 0 0 0 8
1.0241959 0.13859719 0.25211146 10 0 0 0 8
0.40827036 0.36781809 0.15468399 10 0 0 0 8
0.7289359 0.74022341 -0.0037563834 10 0 0 0 8
0.30272067 0.81451809 -0.018322552 10 0 0 0 8
1.003143 0.49744797 0.084673107 10 0 0 0 8
0.83843011 0.47956121 0.12343747 10 0 0 0 8
0.77479964 0.025711728 0.30188292 10 0 0 0 8
0.83916485 0.82773316 -0.047340304 10 0 0 0 8
0.9993059 0.073027872 0.26803982 10 0 0 0 8
0.88130718 0.71066338 -0.01018054 10 0 0 0 8
0.58863521 0.763394 -0.013198864 10 0 0 0 8
0.39633897 0.61660963 0.054989427 10 0 0 0 8
0.40264204 0.65706187 0.031683099 10 0 0 0 8
1.0407647 0.49872032 0.09244407 10 0 0 0 8
0.37806562 0.59730655 0.08186125 10 0 0 0 8
0.89154685 -0.012014317 0.32175368 10 0 0 0 8
0.46606526 0.63167197 0.037281837 10 0 0 0 8
0.43884635 0.49592057 0.11228529 10 0 0 0 8
0.96831626 0.52672786 0.089500785 10 0 0 0 8
0.14630358 0.26712561 0.24140656 10 0 0 0 8
0.5878107 0.64720011 0.046919059 10 0 0 0 8
0.76710474 0.37151477 0.16140427 10 0 0 0 8
0.12955365 0.51963222 0.10711382 10 0 0 0 8
1.0517845 0.37603033 0.13093488 10 0 0 0 8
0.65128839 0.29993764 0.19702925 10 0 0 0 8
0.77928942 0.66153264 0.021853497 10 0 0 0 8
1.0461931 0.43333822 0.11472639 10 0 0 0 8
0.21213716 0.77031696 0.016771235 10 0 0 0 8
0.57347196 0.37963286 0.16264243 10 0 0 0 8
0.68207932 -0.026446048 0.33074409 10 0 0 0 8
1.0895419 0.4404805 0.11332054 10 0 0 0 8
1.0282984 0.7807858 -0.019941559 10 0 0 0 8
1.0765567 0.67484051 -0.0026585655 10 0 0 0 8
0.63944733 0.81617051 -0.027862705 10 0 0 0 8
0.82491988 0.31443924 0.16338305 10 0 0 0 8
1.0009463 0.20301257 0.21446556 10 0 0 0 8
0.22144558 0.71915621 0.024237163 10 0 0 0 8
0.63806832 0.75270963 -0.014863037 10 0 0 0 8
0.51577258 0.051668324 0.33889002 11 0 0 0 8
0.23098233 0.4882116 0.15693565 11 0 0 0 8
0.19301911 0.70146304 0.064199463 11 0 0 0 8
0.64580965 0.76458585 0.043381963 11 0 0 0 8
1.0755072 0.79098022 0.027798137 11 0 0 0 8
0.16877988 0.3674095 0.206517 11 0 0 0 8
0.89044863 0.44590726 0.16335106 11 0 0 0 8
0.18693189 0.10022319 0.31561354 11 0 0 0 8
0.62243307 0.20870019 0.26560014 11 0 0 0 8
1.0513879 0.29132047 0.24008299 11 0 0 0 8
0.98287427 0.12674524 0.32516539 11 0 0 0 8
0.15988412 0.44241592 0.17960943 11 0 0 0 8
0.33483326 0.13487051 0.29842621 11 0 0 0 8
0.44858339 0.23049524 0.27109909 11 0 0 0 8
0.36951026 0.20667739 0.2729921 11 0 0 0 8
0.94541657 0.23143438 0.27308652 11 0 0 0 8
0.82752764 0.11689752 0.32310382 11 0 0 0 8
0.24437547 0.89613992 -0.028326742 11 0 0 0 8
1.1185992 0.28796998 0.241449 11 0 0 0 8
1.076526 0.34287879 0.21657798 11 0 0 0 8
0.19606966 0.39600715 0.18501158 11 0 0 0 8
0.3827213 0.55940127 0.12520345 11 0 0 0 8
0.97965205 0.31519705 0.22499128 11 0 0 0 8
0.94338918 0.75943631 0.046607722 11 0 0 0 8
0.50025052 0.2159315 0.2585814 11 0 0 0 8
1.1061723 0.92959905 -0.025139367 11 0 0 0 8
0.92794222 0.61126667 0.12608522 11 0 0 0 8
0.56542671 0.78837079 0.055824164 11 0 0 0 8
0.37878421 0.29113951 0.23843771 11 0 0 0 8
0.99334806 0.71595138 0.065743186 11 0 0 0 8
0.61214161 0.11086985 0.33390898 11 0 0 0 8
0.14533463 0.81727856 0.01961448 11 0 0 0 8
0.76915431 0.53647709 0.11981728 11 0 0 0 8
0.41115806 0.62428969 0.078023776 11 0 0 0 8
0.38267529 0.27991834 0.22630522 11 0 0 0 8
0.50548846 0.0508506 0.33057499 11 0 0 0 8
0.62438756 0.58413917 0.12964845 11 0 0 0 8
0.77791578 0.47458786 0.15907131 11 0 0 0 8
0.99930137 0.89479458 -0.0099343034 11 0 0 0 8
0.86865604 0.6303423 0.094645523 11 0 0 0 8
0.4856756 0.64559764 -0.034914363 12 0 0 0 8
0.32212409 0.16477948 0.19044213 12 0 0 0 8
0.23985864 0.50315881 0.048097774 12 0 0 0 8
0.90381527 0.20770966 0.1196921 12 0 0 0 8
0.87737 0.014013857 0.20257844 12 0 0 0 8
0.52930981 0.44739532 0.060157914 12 0 0 0 8
0.15900202 0.66034055 -0.0027318471 12 0 0 0 8
0.17855713 0.38376597 0.13299972 12 0 0 0 8
0.14409336 0.61338979 0.011981557 12 0 0 0 8
0.35597193 0.6734103 -0.0045358134 12 0 0 0 8
1.0878701 0.21977326 0.086887829 12 0 0 0 8
0.88702148 0.52322465 -0.0010936554 12 0 0 0 8
0.34263971 0.28052375 0.13895518 12 0 0 0 8
0.8495422 0.49813291 0.0092053497 12 0 0 0 8
1.0141803 0.53558981 -0.017828025 12 0 0 0 8
0.24636601 0.7893635 -0.049733534 12 0 0 0 8
1.0472581 0.34144503 0.049653091 12 0 0 0 8
0.71326512 0.84886479 -0.13872436 12 0 0 0 8
0.76414359 0.74343407 -0.089590959 12 0 0 0 8
0.83896929 0.063238055 0.19356193 12 0 0 0 8
0.79540896 0.77645677 -0.099484079 12 0 0 0 8
0.275529 0.036222097 0.26076028 12 0 0 0 8
0.65122789 0.5044924 0.011237402 12 0 0 0 8
0.55618167 0.81286693 -0.11083589 12 0 0 0 8
0.11129355 0.601785 0.019043928 12 0 0 0 8
0.27672929 0.05789803 0.25236806 12 0 0 0 8
0.28714156 0.44178975 0.073214769 12 0 0 0 8
0.95632493 0.60099447 -0.038556121 12 0 0 0 8
0.37117463 0.41418326 0.082348436 12 0 0 0 8
0.35140127 0.83520925 -0.11594008 12 0 0 0 8
0.8965854 0.88652986 -0.15654381 12 0 0 0 8
1.0469669 0.18941033 0.12489314 12 0 0 0 8
0.36772293 0.0027433215 0.2769506 12 0 0 0 8
0.157115 0.35293162 0.14244318 12 0 0 0 8
0.97964954 0.33856136 0.061188024 12 0 0 0 8
0.24762128 0.31678918 0.14381322 12 0 0 0 8
1.0314306 0.57333297 -0.048557337 12 0 0 0 8
0.31950063 0.74339384 -0.031019321 12 0 0 0 8
0.87319541 0.56782264 -0.038970426 12 0 0 0 8
0.81676263 0.752083 -0.090201236 12 0 0 0 8
0.77727383 0.64891487 -0.10177285 13 0 0 0 8
0.61027503 0.78764164 -0.14869544 13 0 0 0 8
0.41827726 0.22614615 0.12948939 13 0 0 0 8
0.96996123 0.81320786 -0.18778601 13 0 0 0 8
0.78341377 0.69333518 -0.11136284 13 0 0 0 8
1.2831481 0.0041132462 0.16698684 13 0 0 0 8
0.31235144 0.46819165 0.014289541 13 0 0 0 8
0.97349751 0.45503506 -0.028629739 13 0 0 0 8
0.48208156 0.015201611 0.23354781 13 0 0 0 8
0.9391458 0.20260499 0.090590782 13 0 0 0 8
1.0758414 0.017876107 0.17137115 13 0 0 0 8
0.79727334 0.56538039 -0.075896695 13 0 0 0 8
0.46891281 0.59302711 -0.056800816 13 0 0 0 8
0.59059256 0.61327809 -0.059785996 13 0 0 0 8
1.0061871 0.77630562 -0.18294215 13 0 0 0 8
0.72514457 0.70534146 -0.11413338 13 0 0 0 8
0.26921812 0.31962228 0.098122694 13 0 0 0 8
0.83913887 0.68215835 -0.11407942 13 0 0 0 8
0.4464303 -0.079335488 0.24262854 13 0 0 0 8
0.35578364 0.29656652 0.088312522 13 0 0 0 8
1.0715133 0.41954026 -0.0076018209 13 0 0 0 8
0.92504728 0.60357279 -0.095783815 13 0 0 0 8
0.96319067 0.27318448 0.047331229 13 0 0 0 8
1.0936445 0.23980594 0.06964229 13 0 0 0 8
0.92516029 0.66523796 -0.10251053 13 0 0 0 8
0.49291882 0.42820165 0.034204468 13 0 0 0 8
0.78620511 -0.021987805 0.20377985 13 0 0 0 8
0.98057401 -0.027013741 0.19318102 13 0 0 0 8
0.80244243 0.17885406 0.10206523 13 0 0 0 8
0.36891517 0.14995286 0.16474539 13 0 0 0 8
0.85716796 0.24882193 0.066288069 13 0 0 0 8
0.45522383 0.70037413 -0.094744325 13 0 0 0 8
0.48099926 0.53524715 -0.038410891 13 0 0 0 8
1.2028476 0.33245638 0.021901887 13 0 0 0 8
0.30668008 0.63563031 -0.048428241 13 0 0 0 8
0.74866092 0.17764802 0.098811567 13 0 0 0 8
0.32065958 0.54584002 -0.011638033 13 0 0 0 8
0.27324831 0.74501616 -0.093372032 13 0 0 0 8
1.1890664 0.38197294 -0.023953732 13 0 0 0 8
0.77564853 0.10270558 0.14249857 13 0 0 0 8
0.55942458 0.59713888 -0.049104039 14 0 0 0 8
0.5760271 0.62569261 -0.074483894 14 0 0 0 8
0.88241076 0.028592095 0.17993164 14 0 0 0 8
0.68106061 0.5565002 -0.055250581 14 0 0 0 8
0.75434226 0.68958789 -0.092671253 14 0 0 0 8
0.62097627 0.71470964 -0.10049277 14 0 0 0 8
0.61707306 0.75402963 -0.12275349 14 0 0 0 8
0.27531192 0.083880991 0.18872078 14 0 0 0 8
1.038004 0.32466108 0.052306909 14 0 0 0 8
0.29408345 0.13021608 0.17259514 14 0 0 0 8
0.25541258 0.73111618 -0.11544152 14 0 0 0 8
0.71055877 0.8010475 -0.15365788 14 0 0 0 8
0.79630488 0.39353004 0.031862509 14 0 0 0 8
1.1537422 0.42293566 0.0020655841 14 0 0 0 8
0.76940918 0.63548076 -0.084894344 14 0 0 0 8
0.60258335 0.30785534 0.073361829 14 0 0 0 8
0.2868228 0.70415103 -0.067321911 14 0 0 0 8
1.0136381 0.32556796 0.05935457 14 0 0 0 8
0.35567918 0.5174126 0.011323845 14 0 0 0 8
1.159526 0.42473733 0.0025541536 14 0 0 0 8
0.95779616 0.82250381 -0.15929219 14 0 0 0 8
0.89037925 0.82183921 -0.15482195 14 0 0 0 8
0.6276955 0.16826077 0.14709175 14 0 0 0 8
0.71691757 0.49829757 -0.0075986371 14 0 0 0 8
0.59625953 0.52878213 -0.010739934 14 0 0 0 8
1.1259257 0.41318646 0.0074843024 14 0 0 0 8
0.80926877 0.34252754 0.055752292 14 0 0 0 8
1.082069 0.43996811 0.0076290001 14 0 0 0 8
0.53735697 0.15382886 0.13949949 14 0 0 0 8
0.4003846 0.65803272 -0.080432363 14 0 0 0 8
0.96505547 0.20239863 0.11792783 14 0 0 0 8
0.32897866 0.46013317 0.016431812 14 0 0 0 8
0.79691792 0.80752766 -0.14801034 14 0 0 0 8
0.48484027 0.28000784 0.10472462 14 0 0 0 8
1.1695113 0.080664277 0.14175729 14 0 0 0 8
1.0110954 0.59900713 -0.062239155 14 0 0 0 8
0.22861284 0.36061072 0.071564727 14 0 0 0 8
0.29950276 0.16017744 0.16483985 14 0 0 0 8
0.98338366 0.38137612 0.032139152 14 0 0 0 8
0.48763457 0.66108602 -0.055554464 14 0 0 0 8
0.38149121 0.51885617 0.027046427 15 0 0 0 8
0.8781991 0.6470415 -0.059592813 15 0 0 0 8
0.31725287 0.67238408 -0.058132585 15 0 0 0 8
0.7985552 0.050019693 0.22039182 15 0 0 0 8
0.085747644 0.3844409 0.082696021 15 0 0 0 8
0.349774 0.3095139 0.11523215 15 0 0 0 8
0.77948403 0.46691981 0.030761981 15 0 0 0 8
0.60944575 0.71959001 -0.078042671 15 0 0 0 8
0.98161912 0.67426372 -0.078200564 15 0 0 0 8
0.93042666 0.43426314 0.021210019 15 0 0 0 8
1.0145245 0.1375452 0.15504645 15 0 0 0 8
0.13028061 0.40649414 0.055175893 15 0 0 0 8
0.74077958 0.15273584 0.15760505 15 0 0 0 8
0.71504635 0.75659406 -0.11089011 15 0 0 0 8
0.46435893 0.021811331 0.23693867 15 0 0 0 8
0.66883314 0.42389345 0.036845397 15 0 0 0 8
0.92275852 0.48199198 0.0015438825 15 0 0 0 8
0.21460012 0.12217544 0.19276826 15 0 0 0 8
0.15734985 0.060029015 0.23090608 15 0 0 0 8
0.50207061 0.70287448 -0.066467106 15 0 0 0 8
0.22732578 0.2840718 0.13219583 15 0 0 0 8
0.67786074 0.15817453 0.15460624 15 0 0 0 8
0.29936877 0.22064179 0.16218412 15 0 0 0 8
0.46629262 0.38719675 0.056331065 15 0 0 0 8
0.5054239 0.65497655 -0.054055203 15 0 0 0 8
0.80968487 0.62091041 -0.050532132 15 0 0 0 8
0.18108149 0.21619801 0.14217043 15 0 0 0 8
0.61441445 0.21130133 0.13102308 15 0 0 0 8
0.81922448 0.73230612 -0.087735169 15 0 0 0 8
0.62880599 0.17016606 0.17133534 15 0 0 0 8
0.98451161 0.14481235 0.16623825 15 0 0 0 8
1.0361432 0.065727621 0.19856794 15 0 0 0 8
0.51979405 0.36370227 0.076369353 15 0 0 0 8
0.51378858 0.010815714 0.23870125 15 0 0 0 8
0.89924693 0.59505618 -0.031100327 15 0 0 0 8
0.88909894 0.86659092 -0.14945936 15 0 0 0 8
0.21135604 0.83019173 -0.10185026 15 0 0 0 8
0.38426903 0.76636773 -0.11480168 15 0 0 0 8
0.09849149 0.56875283 0.0090365559 15 0 0 0 8
0.41581598 0.83296692 -0.12591374 15 0 0 0 8
0.96291327 0.71739715 -0.027332718 16 0 0 0 8
1.2271018 0.29280144 0.16319187 16 0 0 0 8
0.78639513 0.30815038 0.19925828 16 0 0 0 8
0.83124256 0.59891635 0.057644963 16 0 0 0 8
0.65914708 0.95821863 -0.11149583 16 0 0 0 8
1.0293062 0.60060436 0.046402846 16 0 0 0 8
0.9812516 0.56195062 0.065107428 16 0 0 0 8
1.0333066 0.40221012 0.16535002 16 0 0 0 8
0.64914292 0.79868925 -0.044080261 16 0 0 0 8
0.87249148 0.40988052 0.13253987 16 0 0 0 8
0.47157675 0.83199483 -0.053236552 16 0 0 0 8
1.0743588 0.20346041 0.20135905 16 0 0 0 8
0.25419441 0.80416292 -0.023331616 16 0 0 0 8
0.85951471 1.0053451 -0.15625808 16 0 0 0 8
0.90433663 0.14839441 0.2558347 16 0 0 0 8
0.60185516 0.94082856 -0.11158048 16 0 0 0 8
0.26897985 0.31324252 0.2134961 16 0 0 0 8
0.78905833 0.26626313 0.19340521 16 0 0 0 8
0.56761581 0.64686251 0.04637472 16 0 0 0 8
0.36424601 0.43020377 0.16557497 16 0 0 0 8
0.78702384 0.27153638 0.20579606 16 0 0 0 8
1.0083264 0.21534893 0.23643382 16 0 0 0 8
0.3700411 0.80623668 -0.018701918 16 0 0 0 8
0.71092033 0.58421654 0.036784019 16 0 0 0 8
0.90429562 0.40703791 0.14504118 16 0 0 0 8
0.48931864 0.88641328 -0.089245878 16 0 0 0 8
1.1119751 0.75335687 -0.030662322 16 0 0 0 8
0.78321719 1.0048211 -0.14547892 16 0 0 0 8
0.45435661 0.88197654 -0.040577244 16 0 0 0 8
0.34812674 0.47533554 0.12903978 16 0 0 0 8
0.7914806 0.83549768 -0.061151858 16 0 0 0 8
1.156351 0.94459689 -0.15326169 16 0 0 0 8
0.23899852 0.25725028 0.24898292 16 0 0 0 8
0.41559726 0.82971758 -0.056822557 16 0 0 0 8
0.49113956 0.65662545 0.027150314 16 0 0 0 8
0.88709176 0.37656325 0.13675626 16 0 0 0 8
0.80669296 0.30718696 0.17757623 16 0 0 0 8
1.1048331 0.8921423 -0.11173278 16 0 0 0 8
1.1398376 1.0116628 -0.18148041 16 0 0 0 8
0.29014203 0.58498508 0.061030664 16 0 0 0 8
0.51206839 0.67805964 -0.09488336 17 0 0 0 8
1.0205585 0.057522431 0.21095577 17 0 0 0 8
0.98896933 -0.024920227 0.2402757 17 0 0 0 8
0.69538015 0.20924862 0.11929377 17 0 0 0 8
0.61334085 0.41079733 0.034707297 17 0 0 0 8
0.40812129 0.14486384 0.16663978 17 0 0 0 8
0.5972203 0.43910411 0.029114615 17 0 0 0 8
0.23322646 0.3725262 0.065851457 17 0 0 0 8
0.58030331 0.33768979 0.071388185 17 0 0 0 8
0.39479664 0.27109963 0.12092894 17 0 0 0 8
0.19599773 0.43697089 0.040818546 17 0 0 0 8
0.74995005 0.47300589 0.014083824 17 0 0 0 8
0.34665287 -0.085502669 0.30204445 17 0 0 0 8
0.54697663 -0.076996915 0.30279675 17 0 0 0 8
0.93496442 0.04575472 0.20593934 17 0 0 0 8
0.83222151 0.81288642 -0.15594123 17 0 0 0 8
0.70127654 0.7036283 -0.11165939 17 0 0 0 8
0.85657042 0.02677116 0.20646042 17 0 0 0 8
1.1650547 0.3704944 0.043932021 17 0 0 0 8
0.42344311 0.28063455 0.12407923 17 0 0 0 8
0.55514514 0.31652084 0.084659725 17 0 0 0 8
0.58456707 0.050588198 0.2375811 17 0 0 0 8
0.58517462 0.023402797 0.23171932 17 0 0 0 8
1.0894079 0.29723719 0.055573761 17 0 0 0 8
0.14917357 0.58651233 -0.01054781 17 0 0 0 8
0.96219361 0.61264694 -0.078904688 17 0 0 0 8
0.83888268 0.073874295 0.18917558 17 0 0 0 8
0.53565419 -0.027644668 0.25035393 17 0 0 0 8
0.5406428 0.2321448 0.12927882 17 0 0 0 8
0.46565419 0.41176108 0.059084512 17 0 0 0 8
1.1966255 0.11171556 0.14912787 17 0 0 0 8
0.6143527 0.058969613 0.23660018 17 0 0 0 8
1.1394955 0.1691274 0.13106148 17 0 0 0 8
1.1902761 0.037632335 0.18564819 17 0 0 0 8
0.96023291 0.063548535 0.18447003 17 0 0 0 8
0.24179536 0.65311009 -0.02807823 17 0 0 0 8
0.40209275 -0.023669811 0.26486251 17 0 0 0 8
0.21137667 0.67045808 -0.055311959 17 0 0 0 8
0.72372544 0.47974181 0.0013845112 17 0 0 0 8
0.84704638 0.25512689 0.11970669 17 0 0 0 8
0.7693767 0.73663741 -0.022779897 18 0 0 0 8
1.0402632 0.10578897 0.2675001 18 0 0 0 8
0.26681247 0.046588093 0.30103472 18 0 0 0 8
0.18270244 0.52340966 0.08326254 18 0 0 0 8
0.83273691 0.74976218 -0.038079292 18 0 0 0 8
0.63580739 0.82661277 -0.065647565 18 0 0 0 8
0.23803756 0.12270758 0.26468095 18 0 0 0 8
0.80447298 0.0054479926 0.2972455 18 0 0 0 8
0.46452135 0.80780584 -0.046310518 18 0 0 0 8
1.0314631 0.91172206 -0.12875752 18 0 0 0 8
0.99978822 0.37645456 0.14253584 18 0 0 0 8
0.41364211 0.40232956 0.13826624 18 0 0 0 8
0.8161245 0.76079184 -0.036610145 18 0 0 0 8
1.0356177 0.015263338 0.29472506 18 0 0 0 8
0.3004975 0.48927754 0.088346176 18 0 0 0 8
0.66290921 0.7264322 -0.034591574 18 0 0 0 8
0.38935441 0.71493864 0.0081834327 18 0 0 0 8
0.17800951 0.34583819 0.150152 18 0 0 0 8
0.45255259 0.29031312 0.19035231 18 0 0 0 8
0.34199557 0.11651484 0.26450473 18 0 0 0 8
0.13964748 0.28051046 0.20750928 18 0 0 0 8
0.17274822 0.63215649 0.021931665 18 0 0 0 8
1.0413268 0.13189052 0.24644393 18 0 0 0 8
1.0506912 0.42464724 0.096268833 18 0 0 0 8
0.95312673 0.25861987 0.19093414 18 0 0 0 8
0.31232628 0.21126227 0.23424533 18 0 0 0 8
0.78860348 0.60836411 0.027499439 18 0 0 0 8
0.11067725 0.44204012 0.1210074 18 0 0 0 8
0.27590597 0.26950195 0.19361509 18 0 0 0 8
0.56256205 0.2253007 0.2126485 18 0 0 0 8
0.71244091 0.55747277 0.050274566 18 0 0 0 8
0.12744668 0.48762587 0.095921338 18 0 0 0 8
0.64992189 0.88102591 -0.089935288 18 0 0 0 8
0.72688162 0.10484555 0.26914793 18 0 0 0 8
0.21517013 0.48145196 0.10612871 18 0 0 0 8
0.9096328 0.29518223 0.16473073 18 0 0 0 8
1.1307064 0.12363275 0.24773799 18 0 0 0 8
1.0417594 0.76408094 -0.036134019 18 0 0 0 8
1.1084282 0.3011196 0.16397056 18 0 0 0 8
0.84041488 0.68943077 0.011957943 18 0 0 0 8
0.33244297 0.52911401 0.0080851698 19 0 0 0 8
0.82082379 0.42021352 0.052389305 19 0 0 0 8
0.42995811 0.7304889 -0.079791315 19 0 0 0 8
0.76668668 0.37920368 0.058608152 19 0 0 0 8
0.35434717 0.58723271 -0.011253213 19 0 0 0 8
0.40073687 0.79593569 -0.11437374 19 0 0 0 8
0.71451688 0.22471906 0.13070497 19 0 0 0 8
0.51476997 0.28477114 0.10040849 19 0 0 0 8
0.79579818 0.29984531 0.085347123 19 0 0 0 8
1.034987 0.50778395 0.018140219 19 0 0 0 8
0.93666917 0.53664327 -0.0029277506 19 0 0 0 8
0.60242474 0.3754307 0.073988833 19 0 0 0 8
0.41839361 0.47083727 0.043677036 19 0 0 0 8
0.91670996 0.26713169 0.12205096 19 0 0 0 8
0.17595066 -0.074182458 0.28278449 19 0 0 0 8
0.58525342 0.83168966 -0.13595492 19 0 0 0 8
0.57749683 0.094454333 0.21191628 19 0 0 0 8
0.74652565 0.7227354 -0.096926264 19 0 0 0 8
0.33365509 0.030725095 0.23556416 19 0 0 0 8
0.75231081 0.21298775 0.15070625 19 0 0 0 8
0.32809919 0.49667093 0.024247898 19 0 0 0 8
0.57200366 0.052130885 0.19727843 19 0 0 0 8
0.14071725 0.56513757 0.014348931 19 0 0 0 8
1.0223597 0.54010814 -0.034022722 19 0 0 0 8
0.92363954 0.65861493 -0.068155013 19 0 0 0 8
0.26853013 0.27233675 0.13478567 19 0 0 0 8
0.57179081 0.19899073 0.15658925 19 0 0 0 8
0.72509563 0.059362207 0.20444767 19 0 0 0 8
0.32233918 0.04671976 0.23731023 19 0 0 0 8
0.38252309 0.64511687 -0.036765527 19 0 0 0 8
0.7942279 0.43190956 0.032139808 19 0 0 0 8
0.66932464 0.49438554 0.010783632 19 0 0 0 8
0.26155043 0.48503596 0.041311529 19 0 0 0 8
0.56228799 0.1957414 0.15306424 19 0 0 0 8
0.86073941 0.58714533 -0.024675595 19 0 0 0 8
0.86970198 0.80452245 -0.13005781 19 0 0 0 8
0.30152789 0.37880865 0.075163096 19 0 0 0 8
0.23289463 0.64329785 -0.039808583 19 0 0 0 8
0.61279392 0.84700513 -0.1718704 19 0 0 0 8
0.25341377 0.15640438 0.21220149 19 0 0 0 8
-0.19839893 -0.77889156 -1.9049793 0 0 0 0 9
0.025860691 -0.75345421 -1.1185623 0 0 0 0 9
-0.14629693 -0.20979479 -1.3608381 0 0 0 0 9
-0.24238956 -0.57410699 -1.929565 0 0 0 0 9
-0.24756353 -0.50693709 -1.9132168 0 0 0 0 9
-0.053830072 -0.41838688 -1.1585494 0 0 0 0 9
-0.35018393 -0.0020416304 -1.932181 0 0 0 0 9
-0.0017589058 -0.58882242 -1.0925837 0 0 0 0 9
-0.22133648 -0.24440055 -1.6969882 0 0 0 0 9
-0.25674126 -0.018793279 -1.6312172 0 0 0 0 9
-0.1107454 -0.035640638 -1.1560508 0 0 0 0 9
-0.33521232 0.079362296 -1.8694471 0 0 0 0 9
-0.21478167 -0.63675946 -1.864437 0 0 0 0 9
-0.15828963 0.1784679 -1.1158721 0 0 0 0 9
-0.31745943 -0.032440122 -1.7782538 0 0 0 0 9
-0.29258496 -0.42998835 -1.9561938 0 0 0 0 9
-0.15062504 -0.40749949 -1.507344 0 0 0 0 9
-0.16993886 -0.28250635 -1.5122756 0 0 0 0 9
-0.20937012 0.038661461 -1.4373507 0 0 0 0 9
-0.18803461 -0.74399149 -1.827751 0 0 0 0 9
-0.079585731 -0.51201493 -1.4009482 0 0 0 0 9
-0.17768987 -0.68440169 -1.7790434 0 0 0 0 9
-0.2834267 -0.19580208 -1.7472951 0 0 0 0 9
-0.16808441 -0.10623847 -1.3832177 0 0 0 0 9
-0.23744603 -0.48027518 -1.8648815 0 0 0 0 9
-0.17119344 -0.29458758 -1.5579309 0 0 0 0 9
-0.0095131444 -0.56108969 -1.145547 0 0 0 0 9
-0.066896029 -0.55352861 -1.2914039 0 0 0 0 9
-0.21740223 -0.60567057 -1.8249911 0 0 0 0 9
-0.12442672 -0.31711468 -1.3254776 0 0 0 0 9
-0.17910899 -0.67349142 -1.7105615 0 0 0 0 9
-0.11824968 -0.34317169 -1.2946436 0 0 0 0 9
-0.014677731 -0.3678129 -1.0438068 0 0 0 0 9
-0.31318349 0.037565056 -1.7956754 0 0 0 0 9
-0.072571002 -0.64338553 -1.3895622 0 0 0 0 9
-0.060483918 -0.32198259 -1.1650965 0 0 0 0 9
-0.029409077 -0.31436017 -1.0532389 0 0 0 0 9
-0.18641007 0.0065717525 -1.442382 0 0 0 0 9
-0.26398152 -0.065440141 -1.6399062 0 0 0 0 9
0.010093469 -0.65088987 -1.1677302 0 0 0 0 9
-0.3154048 -0.089886442 -1.7813013 1 0 0 0 9
-0.19686291 -0.57246929 -1.5788294 1 0 0 0 9
-0.0068171518 -0.72989523 -1.071902 1 0 0 0 9
-0.086297542 -0.54701144 -1.2230136 1 0 0 0 9
-0.28343251 -0.022223748 -1.5852177 1 0 0 0 9
-0.021361616 -0.67497718 -1.0526534 1 0 0 0 9
0.00055266422 -0.51876277 -0.90082026 1 0 0 0 9
-0.25179687 -0.18893306 -1.5409675 1 0 0 0 9
-0.045869607 -0.33441487 -0.923823 1 0 0 0 9
-0.10013676 -0.79381621 -1.4857452 1 0 0 0 9
-0.087589219 -0.51688999 -1.1782467 1 0 0 0 9
-0.15887757 0.035626374 -1.0984105 1 0 0 0 9
-0.03019326 -0.40732473 -0.88695794 1 0 0 0 9
-0.1065274 -0.13748522 -1.0589167 1 0 0 0 9
-0.15915334 -0.41820982 -1.3816823 1 0 0 0 9
-0.31386107 -0.14846548 -1.7668952 1 0 0 0 9
-0.12033907 -0.48781636 -1.2865376 1 0 0 0 9
-0.08250311 -0.42604706 -1.1207809 1 0 0 0 9
-0.21165557 -0.12502871 -1.4091984 1 0 0 0 9
-0.20573027 -0.088636287 -1.3957858 1 0 0 0 9
-0.16855139 -0.30630913 -1.3334861 1 0 0 0 9
-0.31093314 -0.25689641 -1.8217468 1 0 0 0 9
-0.29251412 -0.021526055 -1.665803 1 0 0 0 9
-0.13073379 0.10658167 -0.93189764 1 0 0 0 9
-0.11768755 -0.48943409 -1.3271409 1 0 0 0 9
-0.023535142 -0.71812499 -1.0747241 1 0 0 0 9
-0.13947397 -0.8226276 -1.4700199 1 0 0 0 9
-0.23455964 -0.31596094 -1.6440935 1 0 0 0 9
-0.28706321 -0.15025231 -1.6983283 1 0 0 0 9
-0.14208643 -0.12193173 -1.1652364 1 0 0 0 9
-0.091502063 -0.090043865 -0.97034687 1 0 0 0 9
-0.23430125 -0.6962316 -1.7560493 1 0 0 0 9
-0.17971362 -0.21138567 -1.3795888 1 0 0 0 9
-0.2419996 -0.63775134 -1.7829117 1 0 0 0 9
-0.14910361 -0.38954037 -1.402727 1 0 0 0 9
-0.11992765 -0.44543418 -1.2209364 1 0 0 0 9
-0.10245763 -0.66489697 -1.3177729 1 0 0 0 9
-0.15777875 -0.43113464 -1.3960785 1 0 0 0 9
-0.15509199 -0.70058334 -1.5668919 1 0 0 0 9
-0.010695972 -0.52732593 -0.92066032 1 0 0 0 9
-0.19848186 -0.1606552 -1.3618647 2 0 0 0 9
-0.28687209 -0.20192902 -1.6986879 2 0 0 0 9
-0.13331361 -0.59745997 -1.5218822 2 0 0 0 9
-0.054793272 -0.43109941 -1.1500525 2 0 0 0 9
-0.19890118 -0.69579118 -1.7892278 2 0 0 0 9
-0.20582737 -0.56191057 -1.7614251 2 0 0 0 9
-0.19511867 -0.73232502 -1.7927059 2 0 0 0 9
-0.20015071 -0.36340088 -1.5208005 2 0 0 0 9
-0.20508488 0.13463339 -1.2856379 2 0 0 0 9
-0.30904809 0.17673624 -1.5353872 2 0 0 0 9
-0.27355561 -0.17125313 -1.6671983 2 0 0 0 9
-0.16614199 -0.45339796 -1.5089509 2 0 0 0 9
-0.15585288 0.05015086 -1.0430467 2 0 0 0 9
-0.14508405 -0.65197742 -1.5928565 2 0 0 0 9
-0.042787913 -0.69038421 -1.2907677 2 0 0 0 9
-0.21576962 -0.10244062 -1.4806455 2 0 0 0 9
-0.31566221 0.067497201 -1.6650014 2 0 0 0 9
0.069166131 -0.72033584 -0.93364716 2 0 0 0 9
-0.079865754 -0.55521911 -1.2863766 2 0 0 0 9
-0.078890353 -0.47327331 -1.2240516 2 0 0 0 9
-0.1855851 -0.80004209 -1.7874919 2 0 0 0 9
-0.32143798 0.12214578 -1.7074769 2 0 0 0 9
-0.19417851 -0.16037796 -1.4456995 2 0 0 0 9
-0.15240145 -0.2348277 -1.3357379 2 0 0 0 9
-0.093440488 -0.62358618 -1.4320409 2 0 0 0 9
-0.19866924 -0.79272628 -1.8342038 2 0 0 0 9
-0.045921084 -0.16081265 -0.93620884 2 0 0 0 9
-0.3132208 0.062356502 -1.6150802 2 0 0 0 9
-0.16060071 -0.56390363 -1.6484711 2 0 0 0 9
-0.15660654 0.10683454 -1.0727342 2 0 0 0 9
-0.08282961 -0.26848006 -1.1306834 2 0 0 0 9
-0.1782676 -0.1910027 -1.3666337 2 0 0 0 9
-0.17781651 -0.76660877 -1.7512941 2 0 0 0 9
-0.1731697 0.092034549 -1.1985102 2 0 0 0 9
-0.26466247 -0.31257671 -1.7496488 2 0 0 0 9
0.022034898 -0.55933595 -0.96207702 2 0 0 0 9
-0.12300633 -0.24817938 -1.2516956 2 0 0 0 9
-0.28089345 0.15660438 -1.4918971 2 0 0 0 9
-0.065422811 -0.76806003 -1.3881997 2 0 0 0 9
-0.21212909 0.12584919 -1.2647153 2 0 0 0 9
-0.44389445 -0.31162879 -1.8653622 3 0 0 0 9
-0.23683864 -0.067419954 -1.1084298 3 0 0 0 9
-0.18823208 -0.081432886 -1.023522 3 0 0 0 9
-0.26663578 -0.26062053 -1.3047338 3 0 0 0 9
-0.21936978 -0.49461976 -1.2742395 3 0 0 0 9
-0.1139842 -0.61921626 -1.0388685 3 0 0 0 9
-0.43473744 -0.32382053 -1.8549378 3 0 0 0 9
-0.26823571 -0.73122722 -1.5563278 3 0 0 0 9
-0.26853338 -0.28929573 -1.2992831 3 0 0 0 9
-0.26347759 -0.7676636 -1.5638236 3 0 0 0 9
-0.22089352 -0.17433289 -1.0804178 3 0 0 0 9
-0.4713397 0.11023206 -1.7434371 3 0 0 0 9
-0.31400231 0.18561974 -1.2191148 3 0 0 0 9
-0.36925057 -0.64772552 -1.7962325 3 0 0 0 9
-0.1647623 -0.5518229 -1.1512451 3 0 0 0 9
-0.39772636 -0.65069848 -1.8540996 3 0 0 0 9
-0.18685316 -0.26827535 -1.0285205 3 0 0 0 9
-0.46322057 -0.0043054563 -1.7671492 3 0 0 0 9
-0.40133443 -0.027668554 -1.6008036 3 0 0 0 9
-0.44248754 -0.065845214 -1.7460355 3 0 0 0 9
-0.31208283 -0.6651926 -1.6061342 3 0 0 0 9
-0.30671179 -0.58543944 -1.566443 3 0 0 0 9
-0.41858885 0.10991497 -1.6346362 3 0 0 0 9
-0.10845651 -0.70280385 -0.99859518 3 0 0 0 9
-0.32051885 -0.81181556 -1.7307901 3 0 0 0 9
-0.26917848 0.12056732 -1.1029999 3 0 0 0 9
-0.4341428 -0.25894335 -1.8599685 3 0 0 0 9
-0.38460767 -0.64065254 -1.8499883 3 0 0 0 9
-0.21544264 -0.62880707 -1.3267646 3 0 0 0 9
-0.39732721 -0.32893002 -1.6641443 3 0 0 0 9
-0.27249938 -0.53184742 -1.4644473 3 0 0 0 9
-0.2507669 -0.3481065 -1.2814806 3 0 0 0 9
-0.31163147 -0.33389407 -1.4444736 3 0 0 0 9
-0.30665326 0.008703352 -1.2827805 3 0 0 0 9
-0.4475098 -0.18167515 -1.8798685 3 0 0 0 9
-0.43771625 0.11257429 -1.5951062 3 0 0 0 9
-0.27468896 0.055286393 -1.1993692 3 0 0 0 9
-0.3479985 0.16630393 -1.3494649 3 0 0 0 9
-0.32631844 -0.25381622 -1.4566283 3 0 0 0 9
-0.39107963 -0.0018609859 -1.5837102 3 0 0 0 9
-0.13584524 -0.49078926 -1.3430253 4 0 0 0 9
-0.33348301 -0.46666294 -1.981849 4 0 0 0 9
-0.2976802 -0.18630238 -1.7095639 4 0 0 0 9
-0.18527003 -0.46971971 -1.5601292 4 0 0 0 9
-0.018327115 -0.70558006 -1.1238508 4 0 0 0 9
-0.18545322 -0.27538389 -1.4124473 4 0 0 0 9
-0.29909685 -0.0037706196 -1.7071146 4 0 0 0 9
-0.36827689 0.042531148 -1.8481237 4 0 0 0 9
-0.26912528 -0.79443341 -1.9300058 4 0 0 0 9
-0.32392055 -0.18033366 -1.7942727 4 0 0 0 9
-0.14724132 -0.39512438 -1.2969073 4 0 0 0 9
-0.36423025 -0.2670399 -1.9618987 4 0 0 0 9
-0.14825982 -0.79829782 -1.5289655 4 0 0 0 9
-0.28205571 -0.063967884 -1.6327355 4 0 0 0 9
-0.23981927 -0.17373458 -1.5669024 4 0 0 0 9
-0.31928986 -0.022542659 -1.6394153 4 0 0 0 9
-0.081806242 -0.84778154 -1.3395079 4 0 0 0 9
-0.40708622 -0.038204823 -2.0434628 4 0 0 0 9
-0.32363537 -0.27019531 -1.8444365 4 0 0 0 9
-0.35535038 -0.36440331 -1.9664236 4 0 0 0 9
-0.23048766 -0.24914551 -1.5741217 4 0 0 0 9
-0.38195223 -0.29569039 -2.0560048 4 0 0 0 9
-0.17867993 -0.50882024 -1.5071071 4 0 0 0 9
-0.27863726 0.052053526 -1.6075394 4 0 0 0 9
-0.20921791 -0.04125816 -1.3512655 4 0 0 0 9
-0.21956648 -0.81045008 -1.8230029 4 0 0 0 9
-0.29497123 -0.065530084 -1.6480843 4 0 0 0 9
-0.12962557 -0.33227634 -1.2834162 4 0 0 0 9
-0.27441579 -0.49891445 -1.8138731 4 0 0 0 9
-0.25435627 -0.38469812 -1.6428282 4 0 0 0 9
-0.26674554 -0.054219212 -1.5725781 4 0 0 0 9
-0.23089537 -0.11180107 -1.5057656 4 0 0 0 9
-0.17099069 -0.67107892 -1.5676322 4 0 0 0 9
-0.10054067 -0.4838562 -1.1984767 4 0 0 0 9
-0.12416113 -0.74025178 -1.4465089 4 0 0 0 9
-0.23881115 0.096440218 -1.3969597 4 0 0 0 9
-0.27301624 -0.40374899 -1.7488374 4 0 0 0 9
-0.082395874 -0.48395818 -1.1563168 4 0 0 0 9
-0.19946648 -0.59264499 -1.6012841 4 0 0 0 9
-0.11369038 -0.75742298 -1.4252682 4 0 0 0 9
-0.052837722 -0.30375147 -1.4286891 5 0 0 0 9
-0.084957436 -0.38447741 -1.5268116 5 0 0 0 9
-0.16612418 -0.12013415 -1.7586285 5 0 0 0 9
-0.074797854 0.034837149 -1.4129822 5 0 0 0 9
-0.11510288 -0.61124653 -1.766806 5 0 0 0 9
-0.0061856862 -0.70874608 -1.3855047 5 0 0 0 9
-0.1269241 -0.49650675 -1.8658035 5 0 0 0 9
-0.098039128 -0.21742444 -1.5680369 5 0 0 0 9
0.032438852 0.069938466 -0.97628301 5 0 0 0 9
-0.11669336 -0.18109991 -1.6313248 5 0 0 0 9
-0.0016932648 -0.049135663 -1.124233 5 0 0 0 9
-0.16595548 0.18671997 -1.5974616 5 0 0 0 9
-0.16502708 0.17262554 -1.6157385 5 0 0 0 9
-0.18915305 -0.16665012 -1.8520882 5 0 0 0 9
-0.026948914 -0.33215615 -1.3368794 5 0 0 0 9
0.042638972 -0.62919658 -1.2321919 5 0 0 0 9
-0.038483407 -0.16967557 -1.2967865 5 0 0 0 9
-0.038188279 0.23205727 -1.1005837 5 0 0 0 9
-0.17488667 0.23171666 -1.6283206 5 0 0 0 9
0.011470445 -0.035542473 -1.0409043 5 0 0 0 9
-0.18631907 0.20153019 -1.6916076 5 0 0 0 9
0.043593649 -0.093727 -0.99798787 5 0 0 0 9
-0.064750113 -0.21605201 -1.4695679 5 0 0 0 9
0.061981652 -0.48767114 -1.0731684 5 0 0 0 9
0.056109075 -0.30315927 -0.99651265 5 0 0 0 9
-0.02168682 -0.51550645 -1.4124047 5 0 0 0 9
0.011775921 0.18194817 -1.003345 5 0 0 0 9
-0.11610007 0.035721425 -1.5065559 5 0 0 0 9
-0.15773477 -0.10103756 -1.6621913 5 0 0 0 9
-0.10799795 -0.54865104 -1.6638597 5 0 0 0 9
-0.19113319 -0.21149248 -1.8651335 5 0 0 0 9
0.011987402 -0.34242123 -1.2206022 5 0 0 0 9
0.038704541 -0.39938879 -1.1019847 5 0 0 0 9
0.047033675 -0.72351229 -1.2237594 5 0 0 0 9
0.0068145217 0.12787893 -1.0407114 5 0 0 0 9
-0.0454363 -0.21719851 -1.3634543 5 0 0 0 9
-0.15816364 -0.041566003 -1.656443 5 0 0 0 9
0.055535857 -0.39901257 -1.0396559 5 0 0 0 9
0.095008671 -0.70395219 -1.081794 5 0 0 0 9
-0.12849517 -0.41494873 -1.7537169 5 0 0 0 9
-0.021948522 -0.7391693 -1.250119 6 0 0 0 9
-0.18568178 -0.19857661 -1.4631901 6 0 0 0 9
-0.046680644 -0.58121341 -1.2103314 6 0 0 0 9
-0.076214105 -0.76873004 -1.4267507 6 0 0 0 9
-0.32421789 -0.26729691 -1.9721596 6 0 0 0 9
-0.2232652 -0.48014966 -1.7544732 6 0 0 0 9
-0.17833936 -0.51445621 -1.6545352 6 0 0 0 9
-0.19239113 -0.89291656 -1.8435316 6 0 0 0 9
-0.18329997 -0.89905792 -1.7934091 6 0 0 0 9
-0.11223723 0.076074727 -1.0632235 6 0 0 0 9
-0.088770919 -0.0037389561 -1.1118066 6 0 0 0 9
-0.11750014 0.050205562 -1.1011953 6 0 0 0 9
-0.31853792 0.0085214814 -1.8064719 6 0 0 0 9
-0.28433043 -0.48849416 -1.9334204 6 0 0 0 9
-0.25321534 -0.38476163 -1.819039 6 0 0 0 9
-0.24974984 -0.29446203 -1.7399615 6 0 0 0 9
-0.03582314 -0.81034386 -1.3448819 6 0 0 0 9
-0.32585996 0.0055290097 -1.9116342 6 0 0 0 9
-0.032974266 -0.8298341 -1.2714467 6 0 0 0 9
-0.18805474 -0.62163091 -1.733824 6 0 0 0 9
-0.031409703 -0.54411459 -1.1942039 6 0 0 0 9
0.00080464606 -0.46082297 -1.0237037 6 0 0 0 9
-0.22007513 -0.48313749 -1.7061392 6 0 0 0 9
-0.077086776 -0.15447639 -1.1088187 6 0 0 0 9
-0.29423642 -0.039982654 -1.7817552 6 0 0 0 9
-0.22222881 -0.74617285 -1.8744872 6 0 0 0 9
-0.21576877 0.096964695 -1.4192685 6 0 0 0 9
-0.053101771 -0.47483015 -1.1914634 6 0 0 0 9
-0.06057455 -0.85797024 -1.4376048 6 0 0 0 9
-0.22964342 -0.15129428 -1.5743721 6 0 0 0 9
-0.17904986 -0.67761737 -1.7551066 6 0 0 0 9
-0.31374434 -0.076306798 -1.8188157 6 0 0 0 9
-0.20356065 -0.5655092 -1.739055 6 0 0 0 9
-0.17936982 -0.69124198 -1.740505 6 0 0 0 9
-0.27089253 -0.23628631 -1.7168131 6 0 0 0 9
-0.098383486 -0.30825564 -1.2267752 6 0 0 0 9
-0.078336835 -0.30383098 -1.1617633 6 0 0 0 9
-0.10152209 -0.57691365 -1.3717512 6 0 0 0 9
-0.25544038 -0.54919261 -1.91768 6 0 0 0 9
-0.037357833 -0.64262629 -1.208384 6 0 0 0 9
-0.26729134 -0.16144145 -1.3816698 7 0 0 0 9
-0.17250177 -0.36495987 -1.1347456 7 0 0 0 9
-0.13679177 -0.46754631 -1.0764589 7 0 0 0 9
-0.3802036 -0.038072228 -1.6545323 7 0 0 0 9
-0.2706899 -0.445317 -1.4698986 7 0 0 0 9
-0.16218872 -0.72010821 -1.2443502 7 0 0 0 9
-0.38661885 0.11338057 -1.6255864 7 0 0 0 9
-0.21373507 -0.60191882 -1.357141 7 0 0 0 9
-0.21968383 -0.17723373 -1.2308339 7 0 0 0 9
-0.18978015 -0.58739227 -1.2929686 7 0 0 0 9
-0.25473329 -0.14685115 -1.3056904 7 0 0 0 9
-0.1903023 -0.67977023 -1.2828596 7 0 0 0 9
-0.43698847 -0.14601013 -1.8922729 7 0 0 0 9
-0.28350386 -0.32740936 -1.4810579 7 0 0 0 9
-0.12803333 -0.5167675 -1.1035599 7 0 0 0 9
-0.23443699 -0.0029947674 -1.1660931 7 0 0 0 9
-0.39468855 -0.30848604 -1.8049867 7 0 0 0 9
-0.41995957 0.068214469 -1.8105676 7 0 0 0 9
-0.34994969 -0.66299534 -1.8452691 7 0 0 0 9
-0.21503881 0.041557658 -1.1199886 7 0 0 0 9
-0.38728255 -0.22567563 -1.8290021 7 0 0 0 9
-0.4126457 -0.011241456 -1.797314 7 0 0 0 9
-0.17737387 -0.21116278 -1.1235559 7 0 0 0 9
-0.22847806 -0.34167317 -1.3560392 7 0 0 0 9
-0.39289892 -0.0088842651 -1.7152624 7 0 0 0 9
-0.21970458 -0.58710569 -1.4111409 7 0 0 0 9
-0.37425753 -0.32058942 -1.7343228 7 0 0 0 9
-0.32381392 -0.40574205 -1.6468909 7 0 0 0 9
-0.28211263 -0.69080192 -1.6349955 7 0 0 0 9
-0.20721175 -0.043754026 -1.1638386 7 0 0 0 9
-0.24247769 -0.62208676 -1.489643 7 0 0 0 9
-0.35338926 -0.57966465 -1.8126545 7 0 0 0 9
-0.29947501 -0.48687002 -1.5850829 7 0 0 0 9
-0.43351778 -0.22964798 -1.9026992 7 0 0 0 9
-0.15997063 -0.46534586 -1.1883738 7 0 0 0 9
-0.21712407 -0.67121071 -1.4293774 7 0 0 0 9
-0.28079793 -0.29421499 -1.4575413 7 0 0 0 9
-0.37856519 -0.17401768 -1.736159 7 0 0 0 9
-0.26640424 -0.66684741 -1.5954839 7 0 0 0 9
-0.24871847 0.082580931 -1.2057757 7 0 0 0 9
-0.19978559 0.18935226 -1.0962737 8 0 0 0 9
-0.34138063 0.20462972 -1.5068105 8 0 0 0 9
-0.34656465 0.085579082 -1.5457275 8 0 0 0 9
-0.33332604 -0.076689206 -1.5992441 8 0 0 0 9
-0.21820641 0.11079375 -1.1410044 8 0 0 0 9
-0.34788993 0.027838703 -1.6383216 8 0 0 0 9
-0.16339533 -0.16470073 -1.1084983 8 0 0 0 9
-0.13914356 -0.17577329 -1.0499309 8 0 0 0 9
-0.23571144 -0.072434388 -1.2970498 8 0 0 0 9
-0.24581583 -0.35585231 -1.5418903 8 0 0 0 9
-0.097358093 -0.24427138 -1.0101666 8 0 0 0 9
-0.39928082 -0.31996703 -1.9205997 8 0 0 0 9
-0.41495553 0.088290013 -1.8306853 8 0 0 0 9
-0.21707439 -0.6853357 -1.5397733 8 0 0 0 9
-0.40597647 0.19483538 -1.6826262 8 0 0 0 9
-0.23081425 0.13132828 -1.2089157 8 0 0 0 9
-0.22993928 -0.30102557 -1.4277879 8 0 0 0 9
-0.23704498 0.11074223 -1.2497102 8 0 0 0 9
-0.28636381 -0.51156801 -1.6994092 8 0 0 0 9
-0.30397099 -0.21791172 -1.6205969 8 0 0 0 9
-0.23301956 -0.30336446 -1.4786409 8 0 0 0 9
-0.2932013 0.19093989 -1.4592701 8 0 0 0 9
-0.38369733 0.046852231 -1.7288684 8 0 0 0 9
-0.18683118 0.11978558 -1.0814592 8 0 0 0 9
-0.22795235 -0.14022078 -1.365995 8 0 0 0 9
-0.43189403 -0.053432439 -1.892966 8 0 0 0 9
-0.25494832 -0.62513942 -1.6653062 8 0 0 0 9
-0.41679469 0.14442229 -1.8293971 8 0 0 0 9
-0.17204504 -0.18024735 -1.1794317 8 0 0 0 9
-0.26649839 -0.72529995 -1.7621281 8 0 0 0 9
-0.32872397 -0.090032235 -1.6744815 8 0 0 0 9
-0.24174106 0.23541233 -1.2367843 8 0 0 0 9
-0.25078496 -0.29471615 -1.5008675 8 0 0 0 9
-0.33682591 -0.74931496 -1.9038935 8 0 0 0 9
-0.30957997 -0.11496499 -1.6188574 8 0 0 0 9
-0.3373979 -0.0030677908 -1.6187546 8 0 0 0 9
-0.27156335 -0.78033841 -1.7994531 8 0 0 0 9
-0.1338024 -0.30074564 -1.1617917 8 0 0 0 9
-0.35831815 -0.51418829 -1.8740853 8 0 0 0 9
-0.18342611 0.18428738 -1.0435228 8 0 0 0 9
-0.16804151 -0.81467569 -1.4742959 9 0 0 0 9
-0.18482313 -0.34313434 -1.2759891 9 0 0 0 9
-0.19754544 0.089875333 -1.1310531 9 0 0 0 9
-0.26044479 -0.7219137 -1.6875211 9 0 0 0 9
-0.046903025 -0.63469523 -1.0268872 9 0 0 0 9
-0.047070429 -0.61825013 -1.0553088 9 0 0 0 9
-0.34019941 -0.14824086 -1.6728679 9 0 0 0 9
-0.13384825 -0.52199101 -1.2283815 9 0 0 0 9
-0.22830659 -0.31448475 -1.3703924 9 0 0 0 9
-0.26288909 0.096359342 -1.3201573 9 0 0 0 9
-0.30540067 0.036707908 -1.4546263 9 0 0 0 9
-0.10061128 -0.40986601 -1.027294 9 0 0 0 9
-0.21210313 0.085311078 -1.1845534 9 0 0 0 9
-0.20303835 -0.6540966 -1.524069 9 0 0 0 9
-0.35654876 -0.18257569 -1.7276696 9 0 0 0 9
-0.25507888 -0.69769663 -1.6762483 9 0 0 0 9
-0.16732058 -0.033474978 -1.0939664 9 0 0 0 9
-0.099452831 -0.83382326 -1.3388871 9 0 0 0 9
-0.10012312 -0.3106927 -1.0047851 9 0 0 0 9
-0.27274925 -0.15359309 -1.5500623 9 0 0 0 9
-0.10885618 -0.62428617 -1.1934103 9 0 0 0 9
-0.13120572 -0.094867714 -1.0389476 9 0 0 0 9
-0.42307857 -0.010757294 -1.8366044 9 0 0 0 9
-0.13877757 -0.8390708 -1.4640826 9 0 0 0 9
-0.20788281 -0.056298438 -1.2338686 9 0 0 0 9
-0.036958918 -0.79988891 -1.055077 9 0 0 0 9
-0.37754709 -0.17650886 -1.8056872 9 0 0 0 9
-0.39642787 0.058890104 -1.7723809 9 0 0 0 9
-0.05853802 -0.70137548 -1.088334 9 0 0 0 9
-0.27092627 -0.68336129 -1.7282116 9 0 0 0 9
-0.14709508 -0.0068313372 -1.0217992 9 0 0 0 9
-0.11643822 -0.17057943 -0.9877491 9 0 0 0 9
-0.044431213 -0.80137688 -1.1181487 9 0 0 0 9
-0.17651035 0.13408932 -1.0149559 9 0 0 0 9
-0.12091688 -0.24992375 -1.0820669 9 0 0 0 9
-0.19720629 -0.2730082 -1.3180925 9 0 0 0 9
-0.25633901 -0.090637527 -1.3563408 9 0 0 0 9
-0.18168896 -0.26730326 -1.2420801 9 0 0 0 9
-0.29539064 -0.48605853 -1.6787611 9 0 0 0 9
-0.33828062 -0.25159964 -1.6965858 9 0 0 0 9
-0.3808482 -0.347752 -1.7322669 10 0 0 0 9
-0.35455301 -0.14740114 -1.5992036 10 0 0 0 9
-0.30091146 -0.35389575 -1.4877369 10 0 0 0 9
-0.2611534 -0.50868803 -1.4610462 10 0 0 0 9
-0.36397699 -0.67336035 -1.8497746 10 0 0 0 9
-0.2707369 -0.057848141 -1.301922 10 0 0 0 9
-0.37187418 0.1860932 -1.5318651 10 0 0 0 9
-0.32014972 -0.30676526 -1.4669465 10 0 0 0 9
-0.19889645 -0.74316275 -1.3077692 10 0 0 0 9
-0.12056918 -0.67846626 -0.97466904 10 0 0 0 9
-0.27753139 -0.70311505 -1.49709 10 0 0 0 9
-0.38584155 -0.74464643 -1.8688583 10 0 0 0 9
-0.17932141 -0.53512895 -1.1547076 10 0 0 0 9
-0.20565681 -0.5101518 -1.2387021 10 0 0 0 9
-0.24585117 -0.74042809 -1.4793912 10 0 0 0 9
-0.30128595 -0.62374753 -1.6630346 10 0 0 0 9
-0.27276281 -0.0070575625 -1.2112461 10 0 0 0 9
-0.43905732 -0.16296074 -1.8364973 10 0 0 0 9
-0.40007985 -0.057611864 -1.6709942 10 0 0 0 9
-0.20899138 -0.67348844 -1.3341739 10 0 0 0 9
-0.15758087 -0.28564355 -0.9576633 10 0 0 0 9
-0.15443993 -0.20470023 -0.97010183 10 0 0 0 9
-0.40260622 -0.1341258 -1.6572942 10 0 0 0 9
-0.2674644 0.18599105 -1.1393907 10 0 0 0 9
-0.38335121 -0.74143118 -1.862481 10 0 0 0 9
-0.41040868 -0.095144898 -1.7388871 10 0 0 0 9
-0.20344433 -0.59329748 -1.3379461 10 0 0 0 9
-0.28711131 -0.81580269 -1.6887791 10 0 0 0 9
-0.21213114 -0.77144659 -1.4740999 10 0 0 0 9
-0.28410968 -0.43692425 -1.5292782 10 0 0 0 9
-0.33543897 -0.076477334 -1.4383423 10 0 0 0 9
-0.44470468 0.092457637 -1.7861978 10 0 0 0 9
-0.24957365 -0.61067313 -1.4543759 10 0 0 0 9
-0.17124626 -0.13101979 -0.97014099 10 0 0 0 9
-0.18236214 -0.39005858 -1.1499281 10 0 0 0 9
-0.31328738 -0.18451552 -1.4101071 10 0 0 0 9
-0.10833708 -0.54743063 -0.9572562 10 0 0 0 9
-0.21840669 0.13070767 -0.96233064 10 0 0 0 9
-0.16365071 -0.20654088 -0.94710082 10 0 0 0 9
-0.20541142 -0.69452763 -1.2879356 10 0 0 0 9
-0.24730355 -0.01028518 -1.5843006 11 0 0 0 9
-0.21160343 -0.047243569 -1.4672 11 0 0 0 9
-0.17849804 0.15948844 -1.1496733 11 0 0 0 9
-0.090990581 -0.504188 -1.2687984 11 0 0 0 9
-0.27130941 0.16898601 -1.5728068 11 0 0 0 9
-0.11830629 -0.25048611 -1.2189553 11 0 0 0 9
-0.2259756 -0.32375881 -1.6471175 11 0 0 0 9
-0.25511339 -0.44898012 -1.8434762 11 0 0 0 9
-0.029487466 -0.38882518 -0.94273734 11 0 0 0 9
-0.1674649 -0.49776459 -1.6016437 11 0 0 0 9
-0.17801683 0.25961038 -1.1869967 11 0 0 0 9
-0.099784844 -0.63128197 -1.3252981 11 0 0 0 9
-0.3172358 0.0010017412 -1.8451035 11 0 0 0 9
-0.12214539 -0.42656669 -1.2302517 11 0 0 0 9
-0.21221185 -0.11652323 -1.4358069 11 0 0 0 9
-0.12209091 -0.018884242 -1.0911269 11 0 0 0 9
-0.18279167 -0.17715946 -1.4527507 11 0 0 0 9
-0.28235817 -0.23268406 -1.8685024 11 0 0 0 9
-0.29995316 -0.15060613 -1.7991507 11 0 0 0 9
-0.13389383 -0.1828254 -1.2492428 11 0 0 0 9
-0.14002413 0.030711839 -1.1015403 11 0 0 0 9
-0.16612896 -0.43086642 -1.4765223 11 0 0 0 9
-0.25260872 -0.19286516 -1.6986778 11 0 0 0 9
-0.19477269 -0.56956035 -1.7544137 11 0 0 0 9
-0.32736701 -0.016374132 -1.867668 11 0 0 0 9
-0.18019374 -0.43727839 -1.5848936 11 0 0 0 9
-0.24314904 0.15437655 -1.5576892 11 0 0 0 9
-0.33112633 0.03226443 -1.8490171 11 0 0 0 9
-0.27707458 0.10908975 -1.5486246 11 0 0 0 9
-0.0831891 -0.4639957 -1.2255617 11 0 0 0 9
-0.16020653 0.24882962 -1.1124989 11 0 0 0 9
-0.29713088 -0.055424914 -1.8926487 11 0 0 0 9
-0.15637164 -0.64292353 -1.5499974 11 0 0 0 9
-0.05639207 -0.34416056 -1.0286487 11 0 0 0 9
-0.054565132 -0.52979958 -1.1488283 11 0 0 0 9
-0.31210962 -0.18125679 -1.9094131 11 0 0 0 9
-0.21297058 -0.072865412 -1.4548683 11 0 0 0 9
-0.15218003 -0.2586869 -1.2687159 11 0 0 0 9
-0.14299801 -0.51997006 -1.4287605 11 0 0 0 9
-0.19502729 -0.11701798 -1.5473109 11 0 0 0 9
-0.47401044 -0.43118733 -1.8100033 12 0 0 0 9
-0.55396301 0.16402155 -1.8479027 12 0 0 0 9
-0.18842886 -0.42389938 -0.98966098 12 0 0 0 9
-0.51938593 0.0081726303 -1.7661967 12 0 0 0 9
-0.28413701 -0.350613 -1.2822089 12 0 0 0 9
-0.47540876 -0.087475903 -1.6675329 12 0 0 0 9
-0.50022262 -0.12689805 -1.7903372 12 0 0 0 9
-0.22060518 -0.33617264 -1.0402962 12 0 0 0 9
-0.21866643 -0.44686449 -1.0646296 12 0 0 0 9
-0.33131593 0.13618025 -1.1946261 12 0 0 0 9
-0.26990989 0.0021422429 -1.0459958 12 0 0 0 9
-0.50533611 -0.20318015 -1.8027344 12 0 0 0 9
-0.49138168 -0.53227431 -1.873818 12 0 0 0 9
-0.30962953 -0.11555083 -1.231361 12 0 0 0 9
-0.27648839 0.081318252 -1.0495529 12 0 0 0 9
-0.4518365 0.10477638 -1.5806007 12 0 0 0 9
-0.42986259 -0.69840455 -1.7933798 12 0 0 0 9
-0.33893317 -0.49905962 -1.4032301 12 0 0 0 9
-0.37414461 -0.60690385 -1.5486885 12 0 0 0 9
-0.46232253 0.12040643 -1.5367379 12 0 0 0 9
-0.26058987 -0.35931653 -1.1843019 12 0 0 0 9
-0.44556531 -0.14426056 -1.5771756 12 0 0 0 9
-0.47543719 -0.51818234 -1.8960564 12 0 0 0 9
-0.18139674 -0.53846782 -0.99899793 12 0 0 0 9
-0.39972001 -0.64140373 -1.6578927 12 0 0 0 9
-0.39339367 -0.39450249 -1.5832705 12 0 0 0 9
-0.3867757 -0.058151171 -1.3648092 12 0 0 0 9
-0.3852298 -0.005552588 -1.381636 12 0 0 0 9
-0.42170343 -0.50751948 -1.7247345 12 0 0 0 9
-0.40301046 -0.11629432 -1.4876633 12 0 0 0 9
-0.2644271 -0.47431433 -1.2001126 12 0 0 0 9
-0.39617732 -0.57434446 -1.6216236 12 0 0 0 9
-0.58312267 0.03957741 -1.9132969 12 0 0 0 9
-0.51137364 -0.12814671 -1.7873994 12 0 0 0 9
-0.27532166 -0.19109632 -1.0779679 12 0 0 0 9
-0.35022545 -0.17566675 -1.3440554 12 0 0 0 9
-0.44242615 -0.75871801 -1.8740473 12 0 0 0 9
-0.18530965 -0.67426455 -1.0750834 12 0 0 0 9
-0.41349772 -0.60154289 -1.70412 12 0 0 0 9
-0.25000009 -0.40236688 -1.1906888 12 0 0 0 9
-0.31215027 -0.14108077 -1.5419341 13 0 0 0 9
-0.16322733 0.012197084 -1.0377185 13 0 0 0 9
-0.24291907 -0.17622472 -1.3984909 13 0 0 0 9
-0.14462592 -0.68807048 -1.4385298 13 0 0 0 9
-0.092163615 -0.77169418 -1.3156047 13 0 0 0 9
-0.24172977 -0.81002587 -1.6959692 13 0 0 0 9
-0.18735828 -0.37881836 -1.4079453 13 0 0 0 9
-0.099305503 -0.34960887 -1.0997103 13 0 0 0 9
-0.13700049 -0.15825695 -1.0888875 13 0 0 0 9
-0.21764457 -0.89984435 -1.7379737 13 0 0 0 9
-0.41675395 -0.135757 -1.8461208 13 0 0 0 9
-0.3783485 -0.029226368 -1.6426444 13 0 0 0 9
-0.35784376 -0.34766519 -1.824428 13 0 0 0 9
-0.42924607 -0.051262524 -1.7845037 13 0 0 0 9
-0.34350666 -0.34467947 -1.7619487 13 0 0 0 9
-0.29875296 -0.58399928 -1.7139893 13 0 0 0 9
-0.23600192 -0.88079756 -1.7497092 13 0 0 0 9
-0.2822642 -0.0416141 -1.4312526 13 0 0 0 9
-0.27670559 -0.34844849 -1.5561194 13 0 0 0 9
-0.36581188 -0.048859846 -1.6382095 13 0 0 0 9
-0.2701351 -0.017554995 -1.3944523 13 0 0 0 9
-0.1450303 -0.036421608 -1.0405332 13 0 0 0 9
-0.12837385 -0.73850274 -1.3951337 13 0 0 0 9
-0.07961487 -0.81779784 -1.3411913 13 0 0 0 9
-0.2165821 -0.37049401 -1.4487277 13 0 0 0 9
-0.18062493 -0.344064 -1.3078699 13 0 0 0 9
-0.2727333 0.075545385 -1.3360053 13 0 0 0 9
-0.2469063 -0.35688132 -1.4513354 13 0 0 0 9
-0.015213878 -0.82570851 -1.1677548 13 0 0 0 9
-0.28539166 -0.42829403 -1.7125316 13 0 0 0 9
-0.052492943 -0.70426619 -1.1805202 13 0 0 0 9
-0.29071382 -0.31840271 -1.6214689 13 0 0 0 9
-0.2961877 -0.11981337 -1.5691125 13 0 0 0 9
0.0028199409 -0.82624811 -1.1056703 13 0 0 0 9
-0.13982444 -0.3462227 -1.2381479 13 0 0 0 9
-0.35640576 -0.0197512 -1.6310346 13 0 0 0 9
-0.14356841 -0.66543663 -1.3900963 13 0 0 0 9
-0.28362826 -0.10215817 -1.5073416 13 0 0 0 9
-0.21131606 -0.29869699 -1.386785 13 0 0 0 9
-0.21428847 -0.2284912 -1.4041624 13 0 0 0 9
-0.33398679 -0.14468519 -1.8195161 14 0 0 0 9
-0.37518337 0.13220297 -1.7308798 14 0 0 0 9
-0.34093678 0.10327286 -1.6841236 14 0 0 0 9
-0.28004465 -0.44474232 -1.7971396 14 0 0 0 9
-0.2032862 -0.73615557 -1.655448 14 0 0 0 9
-0.23730756 -0.14486586 -1.5103164 14 0 0 0 9
-0.20042515 -0.4844774 -1.6008179 14 0 0 0 9
-0.19715393 -0.49189642 -1.5452732 14 0 0 0 9
-0.31728563 -0.16813052 -1.711761 14 0 0 0 9
-0.11422294 -0.25473806 -1.2018534 14 0 0 0 9
-0.20253558 -0.75946814 -1.7476354 14 0 0 0 9
-0.32237333 0.14828521 -1.6017996 14 0 0 0 9
-0.14260595 -0.20607482 -1.1782771 14 0 0 0 9
-0.026547795 -0.57306242 -1.0871438 14 0 0 0 9
-0.15840024 -0.32834157 -1.3590267 14 0 0 0 9
-0.23951381 -0.71089369 -1.7648619 14 0 0 0 9
-0.20231234 0.10879283 -1.2079645 14 0 0 0 9
-0.21255469 -0.73842037 -1.7718995 14 0 0 0 9
-0.19723926 -0.54271519 -1.5557995 14 0 0 0 9
-0.32679668 -0.36063695 -1.8756618 14 0 0 0 9
-0.20328991 -0.22188179 -1.4630291 14 0 0 0 9
-0.12208908 -0.054348338 -1.0727347 14 0 0 0 9
-0.28969303 -0.15680972 -1.6407821 14 0 0 0 9
-0.38719091 0.066654891 -1.8643529 14 0 0 0 9
-0.18335265 -0.34559852 -1.4099605 14 0 0 0 9
-0.11069095 -0.60385227 -1.3448291 14 0 0 0 9
-0.12651598 -0.16309291 -1.1736343 14 0 0 0 9
-0.13582012 -0.2981444 -1.2873739 14 0 0 0 9
-0.19817679 -0.35561869 -1.450013 14 0 0 0 9
-0.29534596 -0.65254462 -1.9321216 14 0 0 0 9
-0.23892942 -0.28167301 -1.5422319 14 0 0 0 9
-0.32618135 -0.45291823 -1.9399923 14 0 0 0 9
-0.29759386 -0.10419282 -1.641647 14 0 0 0 9
-0.31403461 -0.51118159 -1.9732761 14 0 0 0 9
-0.28653604 -0.15586449 -1.5819266 14 0 0 0 9
-0.18298319 -0.11432387 -1.3005182 14 0 0 0 9
-0.19792239 -0.51998085 -1.5952796 14 0 0 0 9
-0.2887539 -0.61323041 -1.8924445 14 0 0 0 9
-0.08200749 -0.30834144 -1.131942 14 0 0 0 9
-0.30963901 0.042859957 -1.6500074 14 0 0 0 9
-0.3444421 -0.51095116 -1.6655656 15 0 0 0 9
-0.3184914 -0.040770546 -1.3212724 15 0 0 0 9
-0.36585668 -0.075113006 -1.5306753 15 0 0 0 9
-0.44524348 0.075435981 -1.6947343 15 0 0 0 9
-0.42023793 -0.14937411 -1.7170575 15 0 0 0 9
-0.21408635 -0.75272006 -1.433587 15 0 0 0 9
-0.36256766 -0.18953711 -1.5778657 15 0 0 0 9
-0.43489522 -0.24605544 -1.8741264 15 0 0 0 9
-0.2644223 -0.39590558 -1.4064413 15 0 0 0 9
-0.32842803 -0.76670879 -1.8745669 15 0 0 0 9
-0.36564848 -0.42032591 -1.7642262 15 0 0 0 9
-0.4744041 -0.12962213 -1.8712841 15 0 0 0 9
-0.19473633 -0.66839695 -1.3460473 15 0 0 0 9
-0.43008855 -0.21372342 -1.8192695 15 0 0 0 9
-0.17261991 -0.58938694 -1.1461089 15 0 0 0 9
-0.41597843 0.051868487 -1.6036009 15 0 0 0 9
-0.32502109 -0.50324696 -1.6123892 15 0 0 0 9
-0.46702462 -0.29465243 -1.941879 15 0 0 0 9
-0.35481578 -0.2455215 -1.5519497 15 0 0 0 9
-0.28407031 0.07565853 -1.1722298 15 0 0 0 9
-0.30153215 -0.22427979 -1.4359514 15 0 0 0 9
-0.37553716 0.095851578 -1.4721161 15 0 0 0 9
-0.42995995 -0.08390934 -1.7646621 15 0 0 0 9
-0.20276338 -0.45079413 -1.2617118 15 0 0 0 9
-0.37975892 -0.064503133 -1.5995805 15 0 0 0 9
-0.22836129 -0.73565471 -1.4902893 15 0 0 0 9
-0.30339667 0.18232092 -1.139986 15 0 0 0 9
-0.42560607 -0.42327148 -1.9635177 15 0 0 0 9
-0.42349422 -0.48668554 -1.8964635 15 0 0 0 9
-0.43329114 0.12569386 -1.6698198 15 0 0 0 9
-0.24245159 -0.60141218 -1.5435543 15 0 0 0 9
-0.36103922 -0.66655284 -1.7892139 15 0 0 0 9
-0.46293387 0.0076071229 -1.7837669 15 0 0 0 9
-0.21957318 -0.27891463 -1.1634535 15 0 0 0 9
-0.38686994 0.02187001 -1.5056802 15 0 0 0 9
-0.37887231 0.15534541 -1.4302392 15 0 0 0 9
-0.36377564 -0.017699251 -1.4817969 15 0 0 0 9
-0.37176967 -0.59036183 -1.8406974 15 0 0 0 9
-0.20831583 -0.42002282 -1.2438142 15 0 0 0 9
-0.46168029 0.045720551 -1.7696408 15 0 0 0 9
-0.28040129 0.27090907 -1.3015523 16 0 0 0 9
-0.38612321 0.22895129 -1.6834399 16 0 0 0 9
-0.3472327 -0.049480435 -1.7632945 16 0 0 0 9
-0.13026716 0.21061452 -1.0091313 16 0 0 0 9
-0.17287003 -0.20774034 -1.2740593 16 0 0 0 9
-0.31545892 -0.42454773 -1.7605718 16 0 0 0 9
-0.02370942 -0.59725571 -1.0463163 16 0 0 0 9
-0.18085246 -0.4755196 -1.4418316 16 0 0 0 9
-0.11206324 -0.12804368 -1.1075585 16 0 0 0 9
-0.32565677 0.17477767 -1.5452594 16 0 0 0 9
-0.16639614 -0.054647084 -1.220311 16 0 0 0 9
-0.23765361 -0.12337384 -1.4585786 16 0 0 0 9
-0.41135195 0.17795143 -1.8177453 16 0 0 0 9
-0.32636577 -0.40933165 -1.8280169 16 0 0 0 9
-0.16054936 -0.57605004 -1.4459196 16 0 0 0 9
-0.26092011 0.23777393 -1.3332734 16 0 0 0 9
-0.15895215 0.22114986 -1.0562537 16 0 0 0 9
-0.23677525 0.16379121 -1.3011463 16 0 0 0 9
-0.10560557 -0.70278275 -1.3015071 16 0 0 0 9
-0.28824422 -0.42337433 -1.739611 16 0 0 0 9
-0.31055257 -0.53637332 -1.8484617 16 0 0 0 9
-0.22749205 -0.17403427 -1.4062246 16 0 0 0 9
-0.23677237 0.25037509 -1.2981462 16 0 0 0 9
-0.26711336 0.17327039 -1.3938824 16 0 0 0 9
-0.27706566 -0.031679194 -1.4940497 16 0 0 0 9
-0.22046952 -0.21938595 -1.419525 16 0 0 0 9
-0.22841537 -0.74830598 -1.7045195 16 0 0 0 9
-0.30517161 -0.10802896 -1.6321083 16 0 0 0 9
-0.42195448 0.20426075 -1.8437332 16 0 0 0 9
-0.13473529 0.11564191 -1.040241 16 0 0 0 9
-0.11361515 -0.063479446 -1.0690976 16 0 0 0 9
-0.3236542 -0.073679015 -1.7598777 16 0 0 0 9
-0.14309464 0.17669888 -1.0241576 16 0 0 0 9
-0.21871766 0.064931914 -1.2795709 16 0 0 0 9
-0.16001868 -0.36656478 -1.3522882 16 0 0 0 9
-0.19613054 0.18212372 -1.1789062 16 0 0 0 9
-0.14455235 -0.19527395 -1.2045138 16 0 0 0 9
-0.26007769 -0.3850359 -1.616932 16 0 0 0 9
-0.19160219 -0.43871033 -1.4855223 16 0 0 0 9
-0.1242828 -0.44370565 -1.2168924 16 0 0 0 9
-0.21204659 -0.43388078 -1.4103751 17 0 0 0 9
-0.12711954 -0.38264456 -1.0760751 17 0 0 0 9
-0.15694387 0.010563224 -1.0297945 17 0 0 0 9
-0.22482407 -0.081636943 -1.2746195 17 0 0 0 9
-0.34627056 -0.48029199 -1.8105747 17 0 0 0 9
-0.088922627 -0.61665809 -1.081139 17 0 0 0 9
-0.005896579 -0.82771766 -1.0053791 17 0 0 0 9
-0.17457713 -0.087927528 -1.1374264 17 0 0 0 9
-0.21446064 -0.019973343 -1.2061572 17 0 0 0 9
-0.17206894 -0.66260493 -1.3605353 17 0 0 0 9
-0.088232167 -0.51012558 -1.0159203 17 0 0 0 9
-0.32985666 -0.45259562 -1.7962787 17 0 0 0 9
-0.18742792 0.026548788 -1.0498059 17 0 0 0 9
-0.23044902 -0.14822651 -1.3374194 17 0 0 0 9
-0.18357304 -0.46275166 -1.3002776 17 0 0 0 9
-0.13029943 -0.23825081 -1.006345 17 0 0 0 9
-0.10549833 -0.92328829 -1.3015635 17 0 0 0 9
-0.14668697 -0.71913975 -1.3054823 17 0 0 0 9
-0.053208455 -0.8905946 -1.0951594 17 0 0 0 9
-0.18928784 -0.87953275 -1.5097584 17 0 0 0 9
-0.30857497 -0.76085699 -1.8353626 17 0 0 0 9
-0.33027077 -0.39759931 -1.7404908 17 0 0 0 9
-0.28144997 -0.91429925 -1.7940453 17 0 0 0 9
-0.192811 -0.95424849 -1.5831938 17 0 0 0 9
-0.20389755 -0.29396734 -1.3273242 17 0 0 0 9
-0.18097609 -0.39893666 -1.3023429 17 0 0 0 9
-0.2593945 -0.40877137 -1.4720926 17 0 0 0 9
-0.33308136 -0.54280949 -1.7943316 17 0 0 0 9
-0.12279498 -0.72594059 -1.3096907 17 0 0 0 9
-0.22295122 -0.2858189 -1.3820277 17 0 0 0 9
-0.31443968 -0.06227744 -1.5583065 17 0 0 0 9
-0.35180071 -0.41669959 -1.8301283 17 0 0 0 9
-0.19493884 -0.23878035 -1.1888237 17 0 0 0 9
-0.34939238 -0.050798446 -1.5928797 17 0 0 0 9
-0.20708245 -0.86287767 -1.5647559 17 0 0 0 9
-0.087017797 -0.91097814 -1.2286757 17 0 0 0 9
-0.13928029 -0.43038157 -1.0930883 17 0 0 0 9
-0.1307101 -0.68386877 -1.2211765 17 0 0 0 9
-0.071024194 -0.71510607 -1.0622544 17 0 0 0 9
-0.19719706 -0.66982257 -1.4810039 17 0 0 0 9
-0.29937109 -0.44492471 -1.7430674 18 0 0 0 9
-0.28964809 -0.20779216 -1.5048064 18 0 0 0 9
-0.17903027 -0.63472378 -1.3797848 18 0 0 0 9
-0.25793478 -0.2569969 -1.4192699 18 0 0 0 9
-0.35903919 -0.17801964 -1.805492 18 0 0 0 9
-0.30142066 -0.17560771 -1.4465688 18 0 0 0 9
-0.3073163 -0.19825602 -1.537323 18 0 0 0 9
-0.37813464 -0.082536407 -1.7392691 18 0 0 0 9
-0.16497763 -0.3541593 -1.1637216 18 0 0 0 9
-0.30215958 0.12909047 -1.2617385 18 0 0 0 9
-0.36082026 -0.19388427 -1.7416939 18 0 0 0 9
-0.18912186 -0.78448039 -1.5127677 18 0 0 0 9
-0.25040504 -0.72687912 -1.6566883 18 0 0 0 9
-0.16009659 -0.50204563 -1.2314534 18 0 0 0 9
-0.26417097 -0.68796325 -1.6646776 18 0 0 0 9
-0.25774547 -0.62241143 -1.6243031 18 0 0 0 9
-0.25762486 0.12542729 -1.188545 18 0 0 0 9
-0.38293388 -0.064023189 -1.7116697 18 0 0 0 9
-0.15479794 -0.7908327 -1.3752717 18 0 0 0 9
-0.34719685 0.085463099 -1.4875607 18 0 0 0 9
-0.39227161 -0.19701087 -1.8737807 18 0 0 0 9
-0.13865155 -0.50889236 -1.1360408 18 0 0 0 9
-0.30122334 -0.78214049 -1.8433861 18 0 0 0 9
-0.33695847 -0.32020202 -1.7230135 18 0 0 0 9
-0.064658925 -0.66231513 -0.97414416 18 0 0 0 9
-0.3003484 -0.62781423 -1.7803453 18 0 0 0 9
-0.22568239 -0.3961446 -1.3510053 18 0 0 0 9
-0.30465719 -0.56184775 -1.8116965 18 0 0 0 9
-0.16203296 -0.71124613 -1.3804957 18 0 0 0 9
-0.19593772 -0.18890026 -1.1866757 18 0 0 0 9
-0.068859428 -0.63762778 -0.9333232 18 0 0 0 9
-0.3822698 0.080550134 -1.6757181 18 0 0 0 9
-0.34225598 0.11128995 -1.4885155 18 0 0 0 9
-0.19821985 -0.32868969 -1.2852142 18 0 0 0 9
-0.35954556 -0.14003558 -1.7353499 18 0 0 0 9
-0.32761455 -0.60540402 -1.9018182 18 0 0 0 9
-0.36105728 -0.15046561 -1.6911849 18 0 0 0 9
-0.16418339 -0.68623167 -1.2953566 18 0 0 0 9
-0.34463826 -0.38156092 -1.7726936 18 0 0 0 9
-0.39011726 -0.25648138 -1.9140139 18 0 0 0 9
-0.30742371 -0.0021087681 -1.3982513 19 0 0 0 9
-0.3696886 -0.077258848 -1.6322367 19 0 0 0 9
-0.20172249 -0.82609409 -1.4620498 19 0 0 0 9
-0.33099237 0.033585329 -1.4757754 19 0 0 0 9
-0.10091928 -0.57160443 -1.0733349 19 0 0 0 9
-0.17869344 -0.42820024 -1.1985795 19 0 0 0 9
-0.18843678 -0.40315837 -1.1386532 19 0 0 0 9
-0.3639653 -0.41719079 -1.8316035 19 0 0 0 9
-0.11649773 -0.5718466 -1.063841 19 0 0 0 9
-0.23323932 -0.29650387 -1.2798933 19 0 0 0 9
-0.21962093 0.12519705 -1.0830438 19 0 0 0 9
-0.3133626 -0.31390211 -1.5641724 19 0 0 0 9
-0.25748834 -0.36836547 -1.4471644 19 0 0 0 9
-0.24295433 -0.81142497 -1.5391853 19 0 0 0 9
-0.26898113 -0.30551213 -1.4401456 19 0 0 0 9
-0.31609106 -0.13539866 -1.4731616 19 0 0 0 9
-0.37794995 -0.60896599 -1.9007269 19 0 0 0 9
-0.19561586 -0.72589844 -1.3786175 19 0 0 0 9
-0.2532832 -0.25143355 -1.2641824 19 0 0 0 9
-0.31834391 -0.12272903 -1.4531668 19 0 0 0 9
-0.0932028 -0.71677393 -1.0373605 19 0 0 0 9
-0.2102367 -0.32349741 -1.2519491 19 0 0 0 9
-0.15739162 -0.76120776 -1.2751273 19 0 0 0 9
-0.24282683 -0.18015966 -1.2709366 19 0 0 0 9
-0.39663869 0.058092322 -1.6771795 19 0 0 0 9
-0.33773449 -0.6358341 -1.8876795 19 0 0 0 9
-0.32583189 -0.6532566 -1.8188499 19 0 0 0 9
-0.3725087 -0.32626194 -1.8024276 19 0 0 0 9
-0.072596446 -0.77637529 -1.0203398 19 0 0 0 9
-0.091046967 -0.69093537 -1.0218941 19 0 0 0 9
-0.24858488 -0.28357226 -1.3119377 19 0 0 0 9
-0.38565287 -0.36109567 -1.7973889 19 0 0 0 9
-0.36465821 0.085819706 -1.5503756 19 0 0 0 9
-0.36651647 -0.57936054 -1.9195282 19 0 0 0 9
-0.21876249 -0.24843535 -1.191249 19 0 0 0 9
-0.26428491 -0.78593034 -1.6559308 19 0 0 0 9
-0.38910025 -0.44843429 -1.8579707 19 0 0 0 9
-0.092620857 -0.68376327 -1.0640464 19 0 0 0 9
-0.49400339 0.073400229 -1.9958935 19 0 0 0 9
-0.2831071 -0.61600155 -1.6113755 19 0 0 0 9
2.2725413 0.30151662 0.45205122 0 0 0 0 10
1.7788571 0.86577898 0.518282 0 0 0 0 10
1.5683049 0.81463367 0.8461957 0 0 0 0 10
1.9879322 0.68068278 0.44279206 0 0 0 0 10
2.0094554 1.1184 0.036662042 0 0 0 0 10
1.7416646 0.52612114 0.90563041 0 0 0 0 10
1.9274286 0.28212264 0.88059759 0 0 0 0 10
2.086328 0.86236978 0.16847001 0 0 0 0 10
2.1562815 0.33428565 0.56930345 0 0 0 0 10
2.1628091 0.6093623 0.2999436 0 0 0 0 10
1.840952 0.34812072 0.89830536 0 0 0 0 10
1.8085917 0.8198263 0.56033969 0 0 0 0 10
1.7323468 0.57359278 0.85328829 0 0 0 0 10
2.0767989 0.86515826 0.18668608 0 0 0 0 10
1.8681879 0.4894377 0.76026469 0 0 0 0 10
1.6656778 0.72565681 0.79330754 0 0 0 0 10
2.0803354 0.88245881 0.15274319 0 0 0 0 10
1.9793588 0.70567054 0.44542256 0 0 0 0 10
1.7696329 0.38890561 1.0060441 0 0 0 0 10
1.6284702 0.8995713 0.65784305 0 0 0 0 10
2.3619344 0.34074911 0.33884412 0 0 0 0 10
1.4887124 0.93972325 0.82216048 0 0 0 0 10
2.0509627 0.29486227 0.75094432 0 0 0 0 10
1.6526241 0.53534806 0.95663625 0 0 0 0 10
2.3065524 0.38006639 0.39422923 0 0 0 0 10
1.489313 1.0620538 0.71387172 0 0 0 0 10
1.7371556 1.0954213 0.389842 0 0 0 0 10
1.8565267 0.4541333 0.82683939 0 0 0 0 10
2.2592196 0.56101501 0.22501934 0 0 0 0 10
1.7668449 0.33250654 1.0030497 0 0 0 0 10
2.0714829 0.4254877 0.58363086 0 0 0 0 10
2.0085132 0.73610824 0.36242741 0 0 0 0 10
1.9142681 0.36714742 0.82878155 0 0 0 0 10
1.9702234 1.0155023 0.14796114 0 0 0 0 10
1.7770493 0.59997076 0.78942525 0 0 0 0 10
1.5698688 1.1241517 0.53767413 0 0 0 0 10
1.5300599 1.1159747 0.63115132 0 0 0 0 10
1.6472645 0.96712935 0.60301256 0 0 0 0 10
1.9239227 0.91425943 0.30773446 0 0 0 0 10
2.2280145 0.36882034 0.43703991 0 0 0 0 10
1.654586 0.90531349 0.81571919 1 0 0 0 10
1.8794502 0.9735744 0.49576104 1 0 0 0 10
1.9859744 0.575068 0.70697451 1 0 0 0 10
2.0316243 0.96296269 0.31548858 1 0 0 0 10
1.7347898 0.94405371 0.6688475 1 0 0 0 10
2.2331269 0.33923468 0.55437058 1 0 0 0 10
1.8472838 0.41874817 1.0080401 1 0 0 0 10
2.0686932 0.77745068 0.40321034 1 0 0 0 10
1.9078704 0.92627078 0.46894172 1 0 0 0 10
1.8272076 0.65638369 0.84369892 1 0 0 0 10
2.3060369 0.27521095 0.56799114 1 0 0 0 10
2.054939 0.54631114 0.65806383 1 0 0 0 10
2.0379939 0.92287999 0.34045407 1 0 0 0 10
2.2801049 0.30746084 0.58568108 1 0 0 0 10
1.9753016 0.69787186 0.62619895 1 0 0 0 10
1.9647622 0.42281368 0.86219376 1 0 0 0 10
1.8858011 0.77498633 0.64851969 1 0 0 0 10
1.9863383 0.48074916 0.78952777 1 0 0 0 10
1.8313146 0.73360801 0.75524563 1 0 0 0 10
1.9682537 0.31137174 0.95225936 1 0 0 0 10
1.7081724 0.84513342 0.78156632 1 0 0 0 10
1.9064375 0.4108631 0.94001526 1 0 0 0 10
1.4568576 1.0262967 0.96156538 1 0 0 0 10
1.9772707 0.8204692 0.50525773 1 0 0 0 10
1.9603887 0.76498371 0.5353353 1 0 0 0 10
2.1463408 0.68514061 0.39496878 1 0 0 0 10
1.7493986 0.95984578 0.64848953 1 0 0 0 10
2.1592712 0.54646093 0.53529716 1 0 0 0 10
2.0865023 0.62208593 0.54381698 1 0 0 0 10
1.942324 0.71387011 0.60702008 1 0 0 0 10
2.2638474 0.24306291 0.63701373 1 0 0 0 10
1.5886769 1.0174314 0.77511263 1 0 0 0 10
1.574342 0.87355369 0.93297744 1 0 0 0 10
1.9281874 0.80346203 0.5786702 1 0 0 0 10
1.9364666 0.46984884 0.84226304 1 0 0 0 10
2.0547261 0.7387917 0.4682509 1 0 0 0 10
1.9345548 0.38906321 0.94521224 1 0 0 0 10
2.0590498 0.8038283 0.43233487 1 0 0 0 10
1.5934997 0.90834868 0.87554359 1 0 0 0 10
1.7364281 0.36333787 1.1634855 1 0 0 0 10
2.3197248 0.50248241 0.42724505 2 0 0 0 10
1.7472928 0.65497392 0.95238984 2 0 0 0 10
2.0943909 0.57402891 0.59387815 2 0 0 0 10
2.0483134 1.0945275 0.17590146 2 0 0 0 10
1.7350065 1.1099986 0.55829912 2 0 0 0 10
1.5312698 0.99463308 0.90458477 2 0 0 0 10
1.8836206 0.75070083 0.72188121 2 0 0 0 10
1.9343389 0.61250752 0.78640443 2 0 0 0 10
1.7180897 1.0766381 0.60780287 2 0 0 0 10
1.7530648 0.99943107 0.64704776 2 0 0 0 10
2.0951583 0.54643804 0.60070384 2 0 0 0 10
1.657753 1.0496773 0.71254241 2 0 0 0 10
1.9857291 1.0418309 0.3157934 2 0 0 0 10
1.6160976 0.92621678 0.84963053 2 0 0 0 10
1.9255327 0.88237387 0.51780516 2 0 0 0 10
1.7711527 0.83576196 0.77172858 2 0 0 0 10
1.9259846 1.0914012 0.34587753 2 0 0 0 10
1.7425853 0.75805521 0.84085798 2 0 0 0 10
1.8785608 1.0861068 0.37779793 2 0 0 0 10
2.0165927 1.0999517 0.22740451 2 0 0 0 10
2.1957715 0.62937397 0.42073581 2 0 0 0 10
2.2394929 0.41301292 0.59652728 2 0 0 0 10
1.8769406 0.73072529 0.72993881 2 0 0 0 10
1.7558336 1.1192758 0.5159502 2 0 0 0 10
1.8664629 0.6165846 0.83855599 2 0 0 0 10
1.7945153 0.62605709 0.86359787 2 0 0 0 10
1.796663 1.03633 0.55460215 2 0 0 0 10
1.8948661 0.45951763 0.94360733 2 0 0 0 10
1.9723008 0.55888665 0.74154532 2 0 0 0 10
2.3451326 0.48139834 0.37546816 2 0 0 0 10
1.9328971 0.68193626 0.68273699 2 0 0 0 10
1.9798582 1.0921981 0.27784622 2 0 0 0 10
2.3007319 0.40469477 0.50623029 2 0 0 0 10
2.1921451 0.48686045 0.56300128 2 0 0 0 10
2.0069222 1.1194642 0.21092035 2 0 0 0 10
2.0320902 0.72390985 0.55289626 2 0 0 0 10
1.5732141 1.0937858 0.73891515 2 0 0 0 10
1.7557703 0.8749246 0.73720896 2 0 0 0 10
1.8984824 0.69276357 0.73203433 2 0 0 0 10
1.7699467 1.0145746 0.60544825 2 0 0 0 10
2.086472 0.813757 0.12516628 3 0 0 0 10
1.82047 0.30134434 0.9768272 3 0 0 0 10
1.7032304 0.59645385 0.85554582 3 0 0 0 10
1.8622856 1.0121374 0.2565363 3 0 0 0 10
1.90185 1.0036482 0.20820722 3 0 0 0 10
1.9049391 1.1009417 0.13599046 3 0 0 0 10
1.883804 0.76042807 0.46264705 3 0 0 0 10
1.8384712 0.76761699 0.50404 3 0 0 0 10
2.0546234 0.65458518 0.34213418 3 0 0 0 10
1.8111911 0.51680136 0.789877 3 0 0 0 10
1.582836 1.1165936 0.54730648 3 0 0 0 10
1.4556637 0.96335989 0.82009459 3 0 0 0 10
1.9410579 0.39974535 0.69791591 3 0 0 0 10
1.8167628 1.0754527 0.2877869 3 0 0 0 10
2.1307955 0.4557935 0.42557406 3 0 0 0 10
2.0226557 0.46593767 0.53266722 3 0 0 0 10
1.8791182 0.68272746 0.5523963 3 0 0 0 10
2.0963216 0.77373594 0.148267 3 0 0 0 10
1.5514821 1.0591266 0.64557499 3 0 0 0 10
2.1407382 0.72616917 0.1659392 3 0 0 0 10
2.0482006 0.82375932 0.1811354 3 0 0 0 10
2.0929794 0.52156931 0.40020299 3 0 0 0 10
2.0474541 0.78441274 0.21398202 3 0 0 0 10
2.0435746 0.82407701 0.22654821 3 0 0 0 10
2.0163767 0.57137239 0.44983801 3 0 0 0 10
2.1138461 0.47344378 0.40541503 3 0 0 0 10
1.8726816 0.42112315 0.7861743 3 0 0 0 10
1.7885413 0.66169548 0.65125829 3 0 0 0 10
1.7405391 1.0190148 0.40737134 3 0 0 0 10
1.9815313 0.7915318 0.28577948 3 0 0 0 10
2.0304146 0.63632065 0.38959613 3 0 0 0 10
2.1575108 0.28798586 0.54492217 3 0 0 0 10
1.9753429 0.4709112 0.63295764 3 0 0 0 10
1.9997109 0.33595458 0.73417872 3 0 0 0 10
2.1237671 0.50979555 0.37063915 3 0 0 0 10
2.2605641 0.28082287 0.42781416 3 0 0 0 10
1.8820652 0.58849698 0.62884122 3 0 0 0 10
1.7736752 0.69484431 0.65422326 3 0 0 0 10
1.839355 0.27253318 0.96947479 3 0 0 0 10
1.5890995 0.73879045 0.86223572 3 0 0 0 10
2.0729635 0.29313996 0.42816985 4 0 0 0 10
1.7085781 0.60007071 0.67575687 4 0 0 0 10
1.7585138 0.32174399 0.84173882 4 0 0 0 10
1.9527327 0.36464211 0.5383637 4 0 0 0 10
2.1204469 0.17426409 0.47389686 4 0 0 0 10
2.2016578 0.37433249 0.21586084 4 0 0 0 10
2.1228168 0.6271534 0.11026669 4 0 0 0 10
1.67146 0.92906654 0.40452385 4 0 0 0 10
1.8945023 0.4713085 0.5092721 4 0 0 0 10
2.2412899 0.18040626 0.32511866 4 0 0 0 10
1.63341 0.78891617 0.57227516 4 0 0 0 10
1.7930833 0.37756175 0.7318666 4 0 0 0 10
2.2276492 0.15747356 0.36463574 4 0 0 0 10
1.943541 0.65574974 0.26500124 4 0 0 0 10
2.1354394 0.15457091 0.50922239 4 0 0 0 10
1.9379355 0.45443079 0.49432534 4 0 0 0 10
2.0215619 0.89015859 0.00071036746 4 0 0 0 10
1.8244303 0.16384622 0.88177037 4 0 0 0 10
1.7526884 0.68639618 0.54015964 4 0 0 0 10
2.014101 0.4067066 0.44205585 4 0 0 0 10
2.0250876 1.0133333 -0.071647383 4 0 0 0 10
1.7981462 0.50608188 0.64622742 4 0 0 0 10
1.6674848 0.82475245 0.52672285 4 0 0 0 10
2.2559235 0.33888361 0.1886486 4 0 0 0 10
2.0965586 0.3599467 0.38150677 4 0 0 0 10
1.7089542 0.75444812 0.50998276 4 0 0 0 10
1.4537071 0.99082893 0.64997751 4 0 0 0 10
1.8426089 0.84847355 0.27719715 4 0 0 0 10
2.0370343 0.48403847 0.33753183 4 0 0 0 10
2.0969939 0.66794074 0.073990628 4 0 0 0 10
2.1203973 0.78093606 -0.020264605 4 0 0 0 10
1.9826709 0.1865743 0.6775521 4 0 0 0 10
1.6237527 0.68167746 0.71410871 4 0 0 0 10
1.8343781 0.91864312 0.20530628 4 0 0 0 10
1.9230603 0.26436797 0.6396516 4 0 0 0 10
1.7195238 0.41610721 0.8260951 4 0 0 0 10
1.783031 0.86559242 0.32934347 4 0 0 0 10
1.788805 0.67370129 0.50096405 4 0 0 0 10
1.7773662 0.95725054 0.26243281 4 0 0 0 10
2.2454154 0.42393234 0.11488854 4 0 0 0 10
2.0841179 1.0074824 0.35845238 5 0 0 0 10
1.8917929 0.81170231 0.73284519 5 0 0 0 10
2.1162522 0.32116807 0.843795 5 0 0 0 10
2.1680877 0.24827698 0.84894222 5 0 0 0 10
1.9093044 0.44513071 0.97410136 5 0 0 0 10
2.047828 0.3281669 0.95301402 5 0 0 0 10
1.8907151 0.36953726 1.0800059 5 0 0 0 10
1.9239199 0.29712835 1.0912858 5 0 0 0 10
2.305289 0.32176796 0.59805453 5 0 0 0 10
2.2774816 0.90194184 0.22000192 5 0 0 0 10
2.0985203 0.2591942 0.92239159 5 0 0 0 10
1.7631201 0.608724 1.052587 5 0 0 0 10
2.3329027 0.30240604 0.58706272 5 0 0 0 10
1.7327795 0.66388071 1.0532999 5 0 0 0 10
1.9485617 0.5030973 0.93874979 5 0 0 0 10
2.0257719 0.47220156 0.81603914 5 0 0 0 10
2.0821404 0.27339816 0.90864211 5 0 0 0 10
2.1340725 0.81822366 0.44353151 5 0 0 0 10
1.8023069 0.74909723 0.92321128 5 0 0 0 10
1.9602091 0.25443485 1.0837539 5 0 0 0 10
1.9126179 0.69417351 0.80782479 5 0 0 0 10
2.1937895 0.28063262 0.75146782 5 0 0 0 10
1.9067569 0.97248799 0.59041232 5 0 0 0 10
2.2453525 0.47933525 0.57941985 5 0 0 0 10
1.9805462 0.45811316 0.90511703 5 0 0 0 10
1.8698411 0.39070457 1.0953202 5 0 0 0 10
1.8245206 0.78698975 0.84513593 5 0 0 0 10
2.0869467 0.44483551 0.76667964 5 0 0 0 10
1.8655936 0.33484972 1.153495 5 0 0 0 10
2.1976597 0.93323284 0.25508958 5 0 0 0 10
1.8792732 0.37566125 1.0991898 5 0 0 0 10
1.9001613 0.56743771 0.92756546 5 0 0 0 10
2.1953504 0.69249088 0.42344031 5 0 0 0 10
2.2793655 0.41730481 0.5593403 5 0 0 0 10
2.0487485 0.29953906 0.92466789 5 0 0 0 10
1.6902289 0.87864667 0.93690228 5 0 0 0 10
2.2654116 0.79502583 0.32007813 5 0 0 0 10
2.3793035 0.20554395 0.61940295 5 0 0 0 10
2.248261 0.63425404 0.44327301 5 0 0 0 10
2.1297874 0.8369503 0.41860077 5 0 0 0 10
1.6963319 0.54418707 0.91870618 6 0 0 0 10
1.6204716 0.9251315 0.6937179 6 0 0 0 10
2.1051841 0.43432921 0.5149399 6 0 0 0 10
2.285655 0.25529063 0.45349929 6 0 0 0 10
1.7861646 0.49463406 0.86740345 6 0 0 0 10
1.7043595 0.87681079 0.64224273 6 0 0 0 10
2.0012419 0.34275922 0.71777594 6 0 0 0 10
2.2029736 0.34300998 0.46747473 6 0 0 0 10
1.7562776 0.61016762 0.79165262 6 0 0 0 10
1.8521029 0.86993229 0.41299033 6 0 0 0 10
2.0554683 0.99188006 0.089217179 6 0 0 0 10
2.1357248 0.30534446 0.59134257 6 0 0 0 10
2.2835698 0.2808423 0.4326565 6 0 0 0 10
1.5981125 0.82565242 0.8391909 6 0 0 0 10
1.5993887 0.86987764 0.74803954 6 0 0 0 10
2.3181531 0.49730307 0.19090123 6 0 0 0 10
2.0541317 0.54394644 0.46169266 6 0 0 0 10
2.3630764 0.3458443 0.25492916 6 0 0 0 10
2.0532837 1.0484196 0.017254556 6 0 0 0 10
1.5654846 1.0975224 0.62073863 6 0 0 0 10
2.2642143 0.26192182 0.44755277 6 0 0 0 10
2.3548646 0.30409053 0.31261951 6 0 0 0 10
2.0400736 0.55165541 0.48581097 6 0 0 0 10
1.8306425 1.0092396 0.33629572 6 0 0 0 10
1.6326218 1.0787911 0.51505637 6 0 0 0 10
1.8753123 0.2458459 0.96375287 6 0 0 0 10
1.8579484 0.70550346 0.55285197 6 0 0 0 10
2.1052849 0.89276367 0.091258436 6 0 0 0 10
2.1312127 0.58477449 0.31993923 6 0 0 0 10
1.9535238 0.31553721 0.8001796 6 0 0 0 10
1.7745767 0.37300652 0.98292875 6 0 0 0 10
1.7050427 0.88925147 0.59067804 6 0 0 0 10
1.9661769 0.58174956 0.55386925 6 0 0 0 10
2.2616334 0.27961862 0.46036571 6 0 0 0 10
2.021107 0.89858419 0.164885 6 0 0 0 10
2.0792422 0.74578035 0.28840792 6 0 0 0 10
1.7449758 0.49755159 0.86640507 6 0 0 0 10
1.8673732 0.94223487 0.3117263 6 0 0 0 10
1.6620169 0.72683454 0.84303325 6 0 0 0 10
1.8940175 0.61874229 0.58579826 6 0 0 0 10
1.7405345 0.4790206 0.76905972 7 0 0 0 10
2.0887868 0.18558884 0.53577769 7 0 0 0 10
1.7181717 0.6341033 0.64314955 7 0 0 0 10
1.9303393 0.5406552 0.45456484 7 0 0 0 10
2.052 0.59990126 0.26640785 7 0 0 0 10
2.0609531 0.61822009 0.20480458 7 0 0 0 10
1.8463953 0.72212452 0.42245808 7 0 0 0 10
2.0126586 0.22570869 0.59691381 7 0 0 0 10
1.7526672 0.54311436 0.73275948 7 0 0 0 10
1.7375333 0.69868606 0.5711056 7 0 0 0 10
1.9943514 0.61268562 0.31191257 7 0 0 0 10
1.5948559 0.9124577 0.61299562 7 0 0 0 10
1.7889898 0.14844422 0.97225159 7 0 0 0 10
1.7043084 0.89920843 0.46908057 7 0 0 0 10
1.7236731 0.41497597 0.86523706 7 0 0 0 10
2.2025964 0.37807849 0.22318405 7 0 0 0 10
2.0017085 0.64046812 0.26034549 7 0 0 0 10
1.9554107 0.45206842 0.52837431 7 0 0 0 10
1.8822777 0.56260896 0.51124954 7 0 0 0 10
1.9604461 0.53538257 0.43916222 7 0 0 0 10
2.0724673 0.14237618 0.64447331 7 0 0 0 10
1.9602014 0.97352654 0.04637453 7 0 0 0 10
2.0394871 0.89719582 0.026241612 7 0 0 0 10
2.255568 0.38799977 0.16738504 7 0 0 0 10
1.6243659 0.72945297 0.69907308 7 0 0 0 10
1.5563709 0.80301183 0.71469158 7 0 0 0 10
1.8597831 0.77874792 0.33482718 7 0 0 0 10
2.1187356 0.27630144 0.43941703 7 0 0 0 10
2.0202045 0.6732831 0.23933028 7 0 0 0 10
1.8955755 0.98177451 0.14695524 7 0 0 0 10
2.2156177 0.20719452 0.35017702 7 0 0 0 10
1.5601718 0.94139153 0.63364995 7 0 0 0 10
1.5758741 0.61911404 0.86098635 7 0 0 0 10
1.453918 0.99443877 0.71882695 7 0 0 0 10
2.2759614 0.2893272 0.20874147 7 0 0 0 10
2.0740323 0.52365369 0.27357191 7 0 0 0 10
2.0624201 0.47118694 0.36545563 7 0 0 0 10
1.6536636 0.58160442 0.81881624 7 0 0 0 10
2.0847828 0.34723291 0.41222262 7 0 0 0 10
2.1150587 0.19444223 0.51600766 7 0 0 0 10
1.9643784 0.52275938 0.59122127 8 0 0 0 10
1.949302 0.51030189 0.63477552 8 0 0 0 10
2.1326339 0.54460663 0.30321962 8 0 0 0 10
1.9482731 0.71547592 0.43223116 8 0 0 0 10
1.7738396 0.97797078 0.43816081 8 0 0 0 10
2.2486889 0.33080834 0.36200994 8 0 0 0 10
1.5948323 1.0784911 0.60152352 8 0 0 0 10
2.0241022 0.87467432 0.18512568 8 0 0 0 10
2.0090382 0.49389207 0.55949718 8 0 0 0 10
1.7231338 0.98197109 0.50393111 8 0 0 0 10
2.1482551 0.53813124 0.35152578 8 0 0 0 10
2.1722381 0.77717447 0.11134348 8 0 0 0 10
1.5393392 1.0934983 0.65947217 8 0 0 0 10
2.062048 0.67077923 0.3371962 8 0 0 0 10
2.2800241 0.31717277 0.34674361 8 0 0 0 10
2.0658062 0.24697101 0.68961227 8 0 0 0 10
1.7158753 0.96490651 0.53461075 8 0 0 0 10
2.0887706 0.32053214 0.60537195 8 0 0 0 10
2.2093277 0.47543418 0.269137 8 0 0 0 10
1.7875793 0.83182216 0.57376564 8 0 0 0 10
1.6343518 0.86410958 0.72250414 8 0 0 0 10
2.0166481 0.31561449 0.72132343 8 0 0 0 10
1.6275003 0.98304856 0.63676828 8 0 0 0 10
2.0593126 1.0020485 0.052269943 8 0 0 0 10
2.3798196 0.35524765 0.19981508 8 0 0 0 10
1.9291469 0.27358443 0.84651828 8 0 0 0 10
2.0480282 0.63375986 0.42712066 8 0 0 0 10
2.2834358 0.24124464 0.39067912 8 0 0 0 10
2.1856415 0.73078299 0.1404209 8 0 0 0 10
1.9062753 0.38173589 0.76060379 8 0 0 0 10
2.2108603 0.24532333 0.51002091 8 0 0 0 10
1.5566885 0.92191225 0.79881728 8 0 0 0 10
2.1064253 0.84927589 0.087844826 8 0 0 0 10
1.6907156 1.1072252 0.48421922 8 0 0 0 10
1.8943698 0.27660012 0.90656 8 0 0 0 10
2.1136456 0.40738496 0.50781649 8 0 0 0 10
1.6125742 1.0776906 0.59716314 8 0 0 0 10
1.6051809 0.87102228 0.75666839 8 0 0 0 10
1.525936 1.0720751 0.6779381 8 0 0 0 10
1.8227191 0.96453333 0.41652372 8 0 0 0 10
1.7937028 0.99775684 0.4400785 9 0 0 0 10
1.8933314 0.83843547 0.4655236 9 0 0 0 10
2.0251167 0.76861453 0.35872343 9 0 0 0 10
1.9470755 0.62699234 0.56625521 9 0 0 0 10
2.2050309 0.4119021 0.4736394 9 0 0 0 10
1.5069014 0.98425275 0.86262053 9 0 0 0 10
1.6481258 0.79522693 0.85795325 9 0 0 0 10
1.6152203 0.85768867 0.8604269 9 0 0 0 10
1.9130969 0.32653746 0.8978613 9 0 0 0 10
1.9001368 0.31084871 0.91783851 9 0 0 0 10
1.7111028 0.78844041 0.77388161 9 0 0 0 10
1.8783613 0.94243991 0.37967333 9 0 0 0 10
1.6563964 0.85669732 0.78137964 9 0 0 0 10
1.5818704 0.85848528 0.83219939 9 0 0 0 10
1.8735665 0.9165296 0.40259793 9 0 0 0 10
1.6852242 0.93813735 0.62446219 9 0 0 0 10
1.9878236 0.4661575 0.69465733 9 0 0 0 10
2.2996066 0.18267295 0.52222127 9 0 0 0 10
2.2313612 0.17304379 0.63812363 9 0 0 0 10
2.0360992 0.36244258 0.73009646 9 0 0 0 10
1.8999637 0.28642756 0.95650691 9 0 0 0 10
2.1343257 0.34327868 0.6065141 9 0 0 0 10
1.9606493 0.20498869 0.97891062 9 0 0 0 10
2.0125768 0.53434926 0.58038676 9 0 0 0 10
2.1458631 0.29685396 0.63540339 9 0 0 0 10
2.0094707 0.30342016 0.81760126 9 0 0 0 10
1.5563873 0.96069121 0.81983888 9 0 0 0 10
1.9783572 0.88888842 0.3325009 9 0 0 0 10
1.6002772 0.87361938 0.82010537 9 0 0 0 10
1.6913332 0.51843327 1.0083946 9 0 0 0 10
1.781199 0.79434848 0.62402177 9 0 0 0 10
2.0545549 1.0173537 0.07013043 9 0 0 0 10
1.9450063 0.51345575 0.69359672 9 0 0 0 10
1.839746 0.64614397 0.70082563 9 0 0 0 10
2.0176282 0.74374688 0.4135235 9 0 0 0 10
1.948627 0.1604609 1.0199598 9 0 0 0 10
1.9520419 0.21788384 0.93815064 9 0 0 0 10
2.0756977 0.14669323 0.85595107 9 0 0 0 10
2.1878843 0.49070111 0.39161247 9 0 0 0 10
1.6256546 0.88962418 0.77893835 9 0 0 0 10
1.509986 0.94094735 0.75615376 10 0 0 0 10
1.826201 0.40379623 0.80815864 10 0 0 0 10
2.1239707 0.67776042 0.21023387 10 0 0 0 10
2.167784 0.26046422 0.52314574 10 0 0 0 10
1.6922109 0.37048146 1.0025522 10 0 0 0 10
1.8619044 1.0249575 0.26749682 10 0 0 0 10
2.0413535 0.9331035 0.12801142 10 0 0 0 10
1.9160658 0.77395821 0.38219547 10 0 0 0 10
1.9312665 0.65335518 0.48821697 10 0 0 0 10
1.8384286 0.29123825 0.90178138 10 0 0 0 10
1.6569698 0.79922909 0.69772124 10 0 0 0 10
2.2022722 0.23112701 0.51251298 10 0 0 0 10
1.7134181 0.73595673 0.73311937 10 0 0 0 10
1.7947469 0.74298918 0.58094692 10 0 0 0 10
1.7436184 0.53058439 0.82080543 10 0 0 0 10
1.7544757 0.86625332 0.53083384 10 0 0 0 10
2.2263188 0.33291692 0.35606673 10 0 0 0 10
2.0724726 0.29233146 0.59512317 10 0 0 0 10
1.8296196 0.7893827 0.47012895 10 0 0 0 10
1.9432504 0.68440872 0.43168634 10 0 0 0 10
1.6444131 0.61952323 0.89167237 10 0 0 0 10
1.9540039 0.70601827 0.44314432 10 0 0 0 10
1.7067009 0.60978252 0.8148663 10 0 0 0 10
2.0047867 0.4463329 0.55725318 10 0 0 0 10
1.5284585 0.84022743 0.83466315 10 0 0 0 10
1.504903 0.90729374 0.78568685 10 0 0 0 10
1.9018768 0.50943863 0.61880445 10 0 0 0 10
1.6831472 0.47115892 0.91772741 10 0 0 0 10
2.2049761 0.18926042 0.53333217 10 0 0 0 10
1.5253017 0.97210974 0.69629991 10 0 0 0 10
1.9714839 0.95156008 0.1888729 10 0 0 0 10
1.9853406 0.58111882 0.45922083 10 0 0 0 10
1.5383765 0.83211356 0.86580855 10 0 0 0 10
1.9388316 0.32394898 0.72936213 10 0 0 0 10
1.8527565 0.50593513 0.69043314 10 0 0 0 10
1.6600553 0.51885355 0.92669606 10 0 0 0 10
2.2357025 0.2032709 0.46060327 10 0 0 0 10
1.7163346 0.80763674 0.63543206 10 0 0 0 10
1.7098259 0.99657464 0.4767898 10 0 0 0 10
1.8792903 0.27200648 0.83610767 10 0 0 0 10
1.9303391 0.96464378 0.39399332 11 0 0 0 10
1.6145265 0.8707307 0.80920726 11 0 0 0 10
2.2698426 0.30801919 0.51376301 11 0 0 0 10
1.4942856 1.0739306 0.79951048 11 0 0 0 10
1.8457354 1.0125281 0.46899298 11 0 0 0 10
2.2621808 0.47134802 0.39519897 11 0 0 0 10
1.5648869 0.66649741 1.0452782 11 0 0 0 10
1.6880993 0.6024788 0.96324569 11 0 0 0 10
1.8130285 0.25994396 1.0930667 11 0 0 0 10
2.1121011 0.39074796 0.63192993 11 0 0 0 10
1.7640519 1.0931382 0.48171425 11 0 0 0 10
2.0621121 0.85052556 0.32164088 11 0 0 0 10
1.8619078 0.7003414 0.69718868 11 0 0 0 10
2.0249674 0.58322304 0.56608975 11 0 0 0 10
2.1081319 0.31573814 0.70096898 11 0 0 0 10
2.0339012 0.42506075 0.71825045 11 0 0 0 10
1.9967129 0.32151359 0.80078107 11 0 0 0 10
1.7666627 0.88604343 0.66147995 11 0 0 0 10
1.6455609 1.0225868 0.67333126 11 0 0 0 10
2.0711625 0.56894332 0.53965294 11 0 0 0 10
1.9859674 0.53149366 0.66884375 11 0 0 0 10
1.5212681 0.97463059 0.89803618 11 0 0 0 10
2.0965767 0.57605678 0.50795758 11 0 0 0 10
1.6200857 0.90515333 0.81509089 11 0 0 0 10
1.8912678 0.67403972 0.66575432 11 0 0 0 10
1.9580799 0.4909507 0.75473964 11 0 0 0 10
1.952839 0.46108639 0.77706897 11 0 0 0 10
1.8920715 0.75097775 0.58551633 11 0 0 0 10
1.590005 0.86364794 0.85977858 11 0 0 0 10
2.2267983 0.36549836 0.51205063 11 0 0 0 10
1.5565234 0.98691922 0.84231573 11 0 0 0 10
2.0417299 0.41740841 0.69105732 11 0 0 0 10
1.8807423 0.88833117 0.5061481 11 0 0 0 10
2.0037689 0.38519293 0.77844018 11 0 0 0 10
1.830418 1.0022079 0.43850714 11 0 0 0 10
1.9341947 0.83506155 0.48629805 11 0 0 0 10
1.6978273 0.98626083 0.63958699 11 0 0 0 10
1.6404966 0.71824324 0.91881877 11 0 0 0 10
2.0835791 0.24771196 0.77431226 11 0 0 0 10
1.449813 1.0009787 0.90016133 11 0 0 0 10
1.7030509 0.49478376 0.77602112 12 0 0 0 10
1.7622174 0.21348765 0.97266167 12 0 0 0 10
1.9200441 1.0194496 0.053714797 12 0 0 0 10
1.844818 0.29900229 0.80516881 12 0 0 0 10
2.183187 0.39571816 0.21954328 12 0 0 0 10
1.810774 0.8056168 0.41184783 12 0 0 0 10
2.0932086 0.37000105 0.39191669 12 0 0 0 10
1.6591126 1.0775769 0.36991128 12 0 0 0 10
2.0037594 0.88804185 0.02061295 12 0 0 0 10
1.9847544 0.49731803 0.41506743 12 0 0 0 10
1.6877232 0.9837724 0.42158881 12 0 0 0 10
1.6375446 0.47843209 0.89894432 12 0 0 0 10
1.7049797 0.49583909 0.77718407 12 0 0 0 10
1.9661609 0.41003087 0.54349029 12 0 0 0 10
1.6679035 0.81155431 0.58785504 12 0 0 0 10
1.8805635 0.32407257 0.69679201 12 0 0 0 10
2.034523 0.69409674 0.1858535 12 0 0 0 10
1.8029823 0.737809 0.47644147 12 0 0 0 10
1.9466949 0.66855329 0.33975667 12 0 0 0 10
2.1404829 0.65279305 0.047657851 12 0 0 0 10
2.0966601 0.44788751 0.2758061 12 0 0 0 10
1.7143694 0.86731452 0.48328024 12 0 0 0 10
1.6286963 1.03643 0.445476 12 0 0 0 10
1.7286086 0.90958387 0.43417874 12 0 0 0 10
1.6451901 0.80718094 0.62191051 12 0 0 0 10
1.921016 0.1921743 0.75548708 12 0 0 0 10
1.7965404 0.38963529 0.78574044 12 0 0 0 10
2.1920497 0.39738098 0.18298547 12 0 0 0 10
2.2171919 0.32750455 0.21188103 12 0 0 0 10
1.9431976 0.90194631 0.17279863 12 0 0 0 10
1.9642036 0.95117623 0.022814075 12 0 0 0 10
2.0231404 0.32054743 0.48774436 12 0 0 0 10
1.5091745 1.0863608 0.56236726 12 0 0 0 10
1.6206976 1.0314249 0.45852548 12 0 0 0 10
1.7768574 0.66864657 0.55022442 12 0 0 0 10
2.0106146 0.65294093 0.24764778 12 0 0 0 10
1.8307701 0.61768913 0.49839079 12 0 0 0 10
1.6187438 0.85823041 0.62040204 12 0 0 0 10
1.8241431 0.78443748 0.37723967 12 0 0 0 10
2.255331 0.3228246 0.14240038 12 0 0 0 10
2.0640569 0.5415653 0.39628708 13 0 0 0 10
1.9733566 0.26149261 0.81808466 13 0 0 0 10
1.8419949 0.69223911 0.55814248 13 0 0 0 10
1.7252831 1.0243753 0.42104557 13 0 0 0 10
1.8112451 0.49538034 0.84334797 13 0 0 0 10
1.8387419 1.0476496 0.22013471 13 0 0 0 10
1.5389142 1.0280107 0.66972971 13 0 0 0 10
1.8313755 0.73791784 0.50189054 13 0 0 0 10
2.0492136 1.0168867 -0.03639362 13 0 0 0 10
1.9940364 0.8763063 0.13949987 13 0 0 0 10
1.7413977 0.79870021 0.61765063 13 0 0 0 10
1.8328619 0.48735386 0.79087335 13 0 0 0 10
1.960045 1.0982542 0.012530336 13 0 0 0 10
2.1980312 0.70031589 0.054644138 13 0 0 0 10
1.6438531 0.90774947 0.65383673 13 0 0 0 10
2.3953228 0.3165209 0.17937504 13 0 0 0 10
1.6822007 0.73461139 0.74462724 13 0 0 0 10
1.9980925 0.61986578 0.44766685 13 0 0 0 10
1.7552187 0.78043914 0.59442937 13 0 0 0 10
1.687538 0.84543508 0.64826471 13 0 0 0 10
2.1426196 0.75305867 0.1362891 13 0 0 0 10
1.7666359 0.95913827 0.43841392 13 0 0 0 10
1.7661529 0.6882866 0.7031486 13 0 0 0 10
2.2721403 0.36984935 0.32796556 13 0 0 0 10
2.1356165 0.30599299 0.52757579 13 0 0 0 10
1.9987808 1.1069838 -0.033881571 13 0 0 0 10
1.9051294 0.25911748 0.91286522 13 0 0 0 10
1.9892514 0.82045448 0.2276275 13 0 0 0 10
1.8789575 0.96298987 0.23980746 13 0 0 0 10
1.4946721 1.0840626 0.67412007 13 0 0 0 10
1.9849873 0.81819212 0.23846634 13 0 0 0 10
1.9340785 0.39390206 0.78304374 13 0 0 0 10
1.9247614 0.81077522 0.32998088 13 0 0 0 10
2.3050151 0.26645908 0.3697685 13 0 0 0 10
2.1238291 0.57347554 0.30772534 13 0 0 0 10
2.1600597 0.70093697 0.13611774 13 0 0 0 10
2.3215351 0.33575043 0.2473565 13 0 0 0 10
2.0895715 0.70975584 0.22328925 13 0 0 0 10
2.061065 0.50586355 0.47460273 13 0 0 0 10
1.6293993 0.88317406 0.66149086 13 0 0 0 10
2.2795649 0.49600229 0.16395277 14 0 0 0 10
2.3005574 0.43042964 0.20319153 14 0 0 0 10
1.8235652 0.89782995 0.44061932 14 0 0 0 10
1.9279811 0.95563412 0.24872778 14 0 0 0 10
1.906864 0.86502481 0.34634551 14 0 0 0 10
2.1525698 0.6578328 0.20478031 14 0 0 0 10
2.2020626 0.43774873 0.34550667 14 0 0 0 10
1.6918436 0.52339453 0.90798146 14 0 0 0 10
1.911229 0.96428704 0.23473856 14 0 0 0 10
1.9672213 0.96720809 0.14495966 14 0 0 0 10
1.749758 1.0299268 0.3799738 14 0 0 0 10
1.816994 0.35544002 0.87648392 14 0 0 0 10
1.8729006 0.68080157 0.52678972 14 0 0 0 10
2.2759619 0.38700026 0.30303597 14 0 0 0 10
1.9273176 0.53331661 0.58320981 14 0 0 0 10
1.9118755 0.27850354 0.82615012 14 0 0 0 10
2.2941468 0.34040385 0.30417123 14 0 0 0 10
1.7843728 0.45980391 0.84618157 14 0 0 0 10
1.6357557 0.64077836 0.8600961 14 0 0 0 10
1.9357567 0.3671959 0.69917274 14 0 0 0 10
1.7064462 0.56218892 0.86389297 14 0 0 0 10
2.0437088 0.36162424 0.60620475 14 0 0 0 10
1.6695039 0.9278692 0.57493466 14 0 0 0 10
1.583902 0.88830745 0.71795988 14 0 0 0 10
1.8145518 0.40676451 0.84921998 14 0 0 0 10
2.3239737 0.45896044 0.17017792 14 0 0 0 10
2.0007145 0.35778382 0.65660435 14 0 0 0 10
2.1346998 0.5451867 0.32271689 14 0 0 0 10
1.790424 0.34810513 0.97143185 14 0 0 0 10
1.7650415 0.90267712 0.46472037 14 0 0 0 10
2.1198025 0.69626302 0.2308282 14 0 0 0 10
2.1926777 0.75832313 0.077987142 14 0 0 0 10
1.659271 0.84650272 0.64406222 14 0 0 0 10
1.806843 0.43642104 0.83059657 14 0 0 0 10
2.0855782 0.30107665 0.58876276 14 0 0 0 10
1.5773604 1.0753546 0.57271516 14 0 0 0 10
2.1124949 0.82410645 0.12610309 14 0 0 0 10
1.4680198 1.0757551 0.6746285 14 0 0 0 10
1.656875 0.86159599 0.64425147 14 0 0 0 10
1.9342711 1.1332744 0.055060431 14 0 0 0 10
1.4440109 0.87672895 0.75539839 15 0 0 0 10
1.8596659 0.92448777 0.21809268 15 0 0 0 10
2.0224226 0.64107925 0.23064511 15 0 0 0 10
1.7257093 0.80978614 0.49687454 15 0 0 0 10
1.7036194 0.2865929 0.97636998 15 0 0 0 10
1.6396936 0.51237756 0.85731983 15 0 0 0 10
1.657883 0.43560982 0.90261251 15 0 0 0 10
1.6629889 0.81333899 0.55407166 15 0 0 0 10
1.8524098 0.4982518 0.61536688 15 0 0 0 10
1.9179662 0.69794291 0.35154074 15 0 0 0 10
1.7284609 0.53684473 0.70209718 15 0 0 0 10
2.1156676 0.45182559 0.33560237 15 0 0 0 10
1.7695038 0.83149308 0.40684697 15 0 0 0 10
1.9166496 0.50727326 0.53139734 15 0 0 0 10
2.2250416 0.36517012 0.27899495 15 0 0 0 10
1.4891618 0.97935843 0.61633384 15 0 0 0 10
1.9189597 0.85441381 0.19128636 15 0 0 0 10
2.0925822 0.4406212 0.35737887 15 0 0 0 10
2.2020142 0.3979964 0.26608393 15 0 0 0 10
1.8341255 0.70257699 0.43024513 15 0 0 0 10
1.6335458 0.63604689 0.73552155 15 0 0 0 10
1.7668519 0.86075395 0.41005623 15 0 0 0 10
2.2202165 0.34545335 0.31126633 15 0 0 0 10
1.8248097 1.0658396 0.1444435 15 0 0 0 10
1.7695137 0.32655454 0.89653856 15 0 0 0 10
1.8495806 0.96773255 0.20295478 15 0 0 0 10
1.6200008 0.57334083 0.82495874 15 0 0 0 10
1.5002121 1.0724705 0.52932596 15 0 0 0 10
2.1135962 0.40715528 0.36094436 15 0 0 0 10
1.9004025 0.38855654 0.66210675 15 0 0 0 10
1.6906092 0.83229965 0.51972252 15 0 0 0 10
2.0899658 0.55002671 0.23834608 15 0 0 0 10
2.2047963 0.28024095 0.35279876 15 0 0 0 10
1.8659437 1.0726157 0.063126169 15 0 0 0 10
1.6199495 0.77186722 0.6430878 15 0 0 0 10
1.7148563 0.69995815 0.59012932 15 0 0 0 10
1.8798703 0.83995062 0.29935002 15 0 0 0 10
1.68434 0.38363296 0.9386003 15 0 0 0 10
1.7727513 0.30237466 0.88280267 15 0 0 0 10
1.7038652 0.98901707 0.32321453 15 0 0 0 10
1.8590701 0.94535476 0.52553713 16 0 0 0 10
1.7315084 0.73085684 0.85870844 16 0 0 0 10
1.9028058 0.52444404 0.80243701 16 0 0 0 10
1.8769532 0.67271566 0.70855653 16 0 0 0 10
1.9723096 0.57783711 0.69565743 16 0 0 0 10
1.6476743 1.1257718 0.56208742 16 0 0 0 10
1.9369775 1.1671823 0.17596813 16 0 0 0 10
1.8602133 1.1670527 0.25126666 16 0 0 0 10
2.0995681 0.65845817 0.42008379 16 0 0 0 10
1.9918762 0.70275658 0.52954727 16 0 0 0 10
1.7799909 1.143975 0.40572596 16 0 0 0 10
2.2039342 0.44609952 0.4752031 16 0 0 0 10
2.0491271 1.1977643 -0.034266595 16 0 0 0 10
2.1199417 0.50396466 0.52528846 16 0 0 0 10
2.2293837 0.81213236 0.15236671 16 0 0 0 10
2.0411606 1.0271478 0.14031784 16 0 0 0 10
2.2770455 0.45981911 0.39016917 16 0 0 0 10
1.8565323 1.0214258 0.4545252 16 0 0 0 10
1.9067116 0.90030485 0.48418859 16 0 0 0 10
1.964669 0.69651508 0.56063718 16 0 0 0 10
2.0737312 0.85760117 0.28382075 16 0 0 0 10
2.1330659 0.65337968 0.40991652 16 0 0 0 10
2.2332377 0.71797305 0.17008042 16 0 0 0 10
2.0746174 0.74968022 0.37680519 16 0 0 0 10
2.2807095 0.64414644 0.20020406 16 0 0 0 10
1.7041044 1.1492136 0.50898325 16 0 0 0 10
2.2438877 0.79419845 0.10787827 16 0 0 0 10
2.3195624 0.48473263 0.28492457 16 0 0 0 10
1.8276755 0.5307464 0.90335393 16 0 0 0 10
1.829021 0.60502815 0.84851116 16 0 0 0 10
2.1118042 1.0405273 0.031140933 16 0 0 0 10
2.0812798 0.60497028 0.50714666 16 0 0 0 10
1.7647498 0.5503177 0.99023008 16 0 0 0 10
2.2126589 0.64305764 0.28860679 16 0 0 0 10
1.7498268 1.0030924 0.57160056 16 0 0 0 10
1.8388363 0.70946974 0.75078577 16 0 0 0 10
2.3187971 0.44226801 0.31319001 16 0 0 0 10
1.9504334 1.2264609 0.11669781 16 0 0 0 10
1.4995668 1.2243038 0.75116611 16 0 0 0 10
1.7968146 0.71196198 0.80879134 16 0 0 0 10
2.205688 0.32102412 0.38382861 17 0 0 0 10
2.0600119 0.31025627 0.59363413 17 0 0 0 10
1.8774933 0.96291387 0.22021106 17 0 0 0 10
1.7440805 0.56292015 0.76021892 17 0 0 0 10
1.781148 0.98614156 0.31605807 17 0 0 0 10
1.6476266 0.77759469 0.70330858 17 0 0 0 10
1.63118 0.80254084 0.68788284 17 0 0 0 10
2.2645786 0.44591576 0.2216341 17 0 0 0 10
2.0519826 0.43406844 0.5024597 17 0 0 0 10
2.0195589 0.81081629 0.17102996 17 0 0 0 10
1.6027009 0.73123753 0.80660933 17 0 0 0 10
2.3294375 0.21348451 0.3472327 17 0 0 0 10
2.243639 0.55168092 0.13459963 17 0 0 0 10
2.0301332 0.37211347 0.58657837 17 0 0 0 10
1.7136102 0.39192405 0.96754909 17 0 0 0 10
1.9847074 0.73407167 0.29925725 17 0 0 0 10
2.2942452 0.18645316 0.42422879 17 0 0 0 10
1.5194892 0.96597713 0.66964 17 0 0 0 10
1.9330157 0.95693904 0.16839421 17 0 0 0 10
2.0125871 0.20389614 0.75569248 17 0 0 0 10
1.7757236 0.7670595 0.53126645 17 0 0 0 10
2.0365989 0.24932653 0.67281187 17 0 0 0 10
1.8054585 0.72254372 0.56783777 17 0 0 0 10
2.0139942 0.71306396 0.24429157 17 0 0 0 10
2.046782 0.44211289 0.46570829 17 0 0 0 10
2.0062201 1.0056481 0.0075935614 17 0 0 0 10
1.9030552 0.29825357 0.8311975 17 0 0 0 10
1.8891989 0.87551594 0.31158125 17 0 0 0 10
1.9744278 0.6716786 0.3829048 17 0 0 0 10
2.1373019 0.74952465 0.10627614 17 0 0 0 10
2.0832145 0.50353003 0.39521596 17 0 0 0 10
1.7200896 0.96783406 0.45578247 17 0 0 0 10
2.0765367 0.33987221 0.5406931 17 0 0 0 10
2.115968 0.52947628 0.28920218 17 0 0 0 10
2.0040426 0.81099766 0.18782078 17 0 0 0 10
1.8327029 0.6317116 0.58794004 17 0 0 0 10
1.8822639 0.37360778 0.72537655 17 0 0 0 10
1.6913058 0.92120528 0.49309736 17 0 0 0 10
1.9011023 0.95711815 0.18405548 17 0 0 0 10
1.9710928 0.9061659 0.13654174 17 0 0 0 10
2.0406754 0.88562852 0.13343561 18 0 0 0 10
2.0531547 0.87967771 0.18099287 18 0 0 0 10
2.2012229 0.46981126 0.31162527 18 0 0 0 10
1.7583791 0.92873687 0.47847983 18 0 0 0 10
1.648737 0.59290659 0.91298264 18 0 0 0 10
1.5699885 0.82126373 0.78745341 18 0 0 0 10
1.9001426 0.87941766 0.33345133 18 0 0 0 10
2.101177 0.27633452 0.64091688 18 0 0 0 10
2.2403173 0.3329528 0.42444861 18 0 0 0 10
2.0336244 0.91104108 0.14394742 18 0 0 0 10
2.0507493 0.63058138 0.38503271 18 0 0 0 10
2.1074431 0.33292916 0.58620661 18 0 0 0 10
1.9428732 1.0357918 0.13512287 18 0 0 0 10
1.5992663 0.65480942 0.92965621 18 0 0 0 10
2.037735 0.83462185 0.22298753 18 0 0 0 10
2.2177403 0.51747757 0.27335322 18 0 0 0 10
1.9347621 0.92182124 0.24743624 18 0 0 0 10
1.5233217 0.73447806 0.90482372 18 0 0 0 10
1.6465607 0.95245647 0.60629386 18 0 0 0 10
1.5086281 1.0511981 0.68158084 18 0 0 0 10
1.7195829 0.42373714 0.99375516 18 0 0 0 10
2.318368 0.26863214 0.39637387 18 0 0 0 10
1.6043755 0.81408912 0.75963557 18 0 0 0 10
1.6128997 0.83710742 0.71295404 18 0 0 0 10
1.8084294 1.0627661 0.26318011 18 0 0 0 10
1.9465541 0.96020383 0.19692923 18 0 0 0 10
1.3672462 1.010869 0.85652411 18 0 0 0 10
1.6119353 0.71758091 0.84909832 18 0 0 0 10
1.7416921 0.35635942 0.99805719 18 0 0 0 10
1.8354437 0.87915051 0.42938071 18 0 0 0 10
1.9881335 0.42476755 0.66704327 18 0 0 0 10
1.8588907 0.30940154 0.90023667 18 0 0 0 10
2.0958383 0.72719991 0.22584033 18 0 0 0 10
1.5023066 0.84459639 0.86701548 18 0 0 0 10
1.6322699 1.0590519 0.49765357 18 0 0 0 10
1.5113117 0.76577306 0.90648884 18 0 0 0 10
1.6595868 0.99274087 0.55971068 18 0 0 0 10
2.0594585 0.47887182 0.51518971 18 0 0 0 10
1.9668452 0.49496743 0.56928319 18 0 0 0 10
1.6753469 0.80102307 0.67586505 18 0 0 0 10
1.9249936 0.70374858 0.33604649 19 0 0 0 10
1.4483668 1.0327171 0.66340601 19 0 0 0 10
1.9384844 0.28578928 0.69114292 19 0 0 0 10
1.9654914 0.98339218 0.042321701 19 0 0 0 10
1.6970941 1.0004265 0.38673571 19 0 0 0 10
1.5060588 0.99941361 0.61193001 19 0 0 0 10
1.8544862 0.42931509 0.65225178 19 0 0 0 10
1.9965756 0.21924245 0.68114042 19 0 0 0 10
2.2478039 0.19385904 0.40832597 19 0 0 0 10
1.9345319 0.25240961 0.68540776 19 0 0 0 10
1.7502854 0.77112514 0.50641042 19 0 0 0 10
2.0402405 0.79363769 0.13372917 19 0 0 0 10
1.5660753 0.98832792 0.54021764 19 0 0 0 10
1.6588309 0.56498712 0.82830739 19 0 0 0 10
1.8949448 0.42178437 0.62325323 19 0 0 0 10
1.467777 0.99367428 0.65041465 19 0 0 0 10
1.8906438 0.67792124 0.4106614 19 0 0 0 10
1.9812161 0.81435293 0.17846422 19 0 0 0 10
1.7247399 0.72697365 0.60346407 19 0 0 0 10
1.6122109 0.63764656 0.78792417 19 0 0 0 10
1.5963165 0.92053974 0.57584113 19 0 0 0 10
1.5757906 1.0035317 0.52929831 19 0 0 0 10
2.2999127 0.25869694 0.27917138 19 0 0 0 10
1.4068571 0.94129866 0.80055004 19 0 0 0 10
1.6752398 0.59880525 0.79039168 19 0 0 0 10
1.4805552 0.85775536 0.76728624 19 0 0 0 10
1.6385969 0.57190228 0.81804049 19 0 0 0 10
1.703558 0.23182504 1.008855 19 0 0 0 10
1.6386031 0.87937939 0.54996723 19 0 0 0 10
1.8870733 0.5811137 0.50455576 19 0 0 0 10
1.650149 0.58810335 0.82711136 19 0 0 0 10
1.5940328 0.54813832 0.90756047 19 0 0 0 10
1.7733511 0.60415089 0.6249187 19 0 0 0 10
1.9085976 1.0251112 0.12353038 19 0 0 0 10
1.7992136 0.42608628 0.73721814 19 0 0 0 10
1.5462573 0.60239762 0.90752077 19 0 0 0 10
2.1317425 0.37454891 0.3644653 19 0 0 0 10
2.0496845 0.49192235 0.37602845 19 0 0 0 10
1.9990748 0.8270883 0.13884974 19 0 0 0 10
1.5841873 0.99782503 0.52956676 19 0 0 0 10
0.29880133 -1.0123018 0.83183402 0 0 0 0 11
0.50703454 -1.4259006 1.1838479 0 0 0 0 11
0.5498935 -0.93998814 1.1666548 0 0 0 0 11
0.23942579 -1.0496553 0.73780513 0 0 0 0 11
0.2091133 -1.0089699 0.70515007 0 0 0 0 11
0.52062732 -1.1896781 1.1682159 0 0 0 0 11
0.53144717 -1.0054159 1.1365808 0 0 0 0 11
0.26905224 -0.85210842 0.79752094 0 0 0 0 11
0.50094664 -0.55584091 1.0340816 0 0 0 0 11
0.3934502 -0.82905811 0.93307376 0 0 0 0 11
0.33896261 -0.71264356 0.84615153 0 0 0 0 11
0.24874637 -0.91780418 0.74555689 0 0 0 0 11
0.25276393 -0.87640202 0.75890297 0 0 0 0 11
0.34695503 -1.244368 0.89300036 0 0 0 0 11
0.66454756 -1.2401352 1.3682214 0 0 0 0 11
0.19456449 -1.3762828 0.75082773 0 0 0 0 11
0.36117926 -0.501782 0.82236761 0 0 0 0 11
0.65433669 -1.4017092 1.3515903 0 0 0 0 11
0.68005615 -1.1621168 1.3641499 0 0 0 0 11
0.68952489 -0.61717033 1.2893466 0 0 0 0 11
0.6146763 -0.51435876 1.1930771 0 0 0 0 11
0.29603523 -0.70089287 0.80513239 0 0 0 0 11
0.41735625 -1.01104 0.99235487 0 0 0 0 11
0.66991645 -0.49778995 1.2365977 0 0 0 0 11
0.14047363 -1.2837416 0.66706985 0 0 0 0 11
0.15370323 -1.1042576 0.61169446 0 0 0 0 11
0.17341968 -0.96573955 0.66789579 0 0 0 0 11
0.42349502 -1.2976429 1.0156609 0 0 0 0 11
0.65793163 -0.75405186 1.2348424 0 0 0 0 11
0.53602737 -0.9920367 1.1492108 0 0 0 0 11
0.072729006 -1.3561859 0.5914498 0 0 0 0 11
0.33427897 -1.4368435 0.88731253 0 0 0 0 11
0.25907248 -1.3089781 0.79449832 0 0 0 0 11
0.58510369 -0.9833163 1.1850867 0 0 0 0 11
0.31341153 -1.1423709 0.8712638 0 0 0 0 11
0.7002455 -0.88626891 1.3628728 0 0 0 0 11
0.55638456 -1.2512423 1.216429 0 0 0 0 11
0.61267978 -1.4143685 1.3012025 0 0 0 0 11
0.50403172 -1.440444 1.149116 0 0 0 0 11
0.4366796 -0.81262112 1.0096369 0 0 0 0 11
0.097709097 -0.97736681 0.77962512 1 0 0 0 11
0.10821925 -1.3948722 0.8906936 1 0 0 0 11
0.20430365 -0.46761158 0.81913245 1 0 0 0 11
0.50963444 -0.49391356 1.227901 1 0 0 0 11
0.70459986 -0.58281535 1.5125626 1 0 0 0 11
0.40884468 -0.46584117 1.1037644 1 0 0 0 11
0.36487126 -0.74740702 1.0843047 1 0 0 0 11
0.36970428 -0.77919561 1.0883706 1 0 0 0 11
0.53245616 -0.86496401 1.3327506 1 0 0 0 11
0.43684679 -1.387851 1.2936665 1 0 0 0 11
0.14644665 -0.72147572 0.80077195 1 0 0 0 11
0.16412562 -0.8099395 0.8648454 1 0 0 0 11
0.08849927 -1.1235416 0.78390539 1 0 0 0 11
0.30473742 -1.1309409 1.1048369 1 0 0 0 11
0.47207627 -1.0770226 1.300225 1 0 0 0 11
0.28554875 -0.95062661 1.0305744 1 0 0 0 11
0.42496204 -1.2764784 1.2962615 1 0 0 0 11
0.25272939 -0.79238278 0.99012929 1 0 0 0 11
0.65914828 -0.76978379 1.5025564 1 0 0 0 11
0.25200772 -0.79936582 0.93453574 1 0 0 0 11
0.31952208 -0.96555173 1.0578026 1 0 0 0 11
0.18455712 -1.1699888 0.94842261 1 0 0 0 11
0.54693109 -1.3903718 1.4623232 1 0 0 0 11
0.56558615 -1.2484769 1.4422023 1 0 0 0 11
0.62613803 -0.5653584 1.3696357 1 0 0 0 11
0.32296047 -0.58866805 1.0173497 1 0 0 0 11
0.61717987 -0.79192829 1.4291977 1 0 0 0 11
0.28105056 -0.6972205 0.97841418 1 0 0 0 11
0.57046998 -0.70595175 1.3737987 1 0 0 0 11
0.57717955 -1.2527246 1.4774497 1 0 0 0 11
0.18972205 -0.51308078 0.83629328 1 0 0 0 11
0.4618918 -0.64988214 1.2241874 1 0 0 0 11
0.35711178 -0.43672261 1.0326 1 0 0 0 11
0.15657125 -1.3427855 0.94116652 1 0 0 0 11
0.26276261 -0.91428441 0.98629063 1 0 0 0 11
0.39020669 -0.76432103 1.1477759 1 0 0 0 11
0.58722329 -0.50177586 1.3449762 1 0 0 0 11
0.638668 -1.104439 1.5483819 1 0 0 0 11
0.38578764 -0.44009227 1.0540031 1 0 0 0 11
0.17969824 -0.5672754 0.80215079 1 0 0 0 11
0.51626176 -0.83733284 1.2371502 2 0 0 0 11
0.70332658 -0.44621921 1.4130244 2 0 0 0 11
0.14989667 -0.85848689 0.7270723 2 0 0 0 11
0.30583516 -0.4731707 0.91198349 2 0 0 0 11
0.64735895 -1.0050155 1.4017249 2 0 0 0 11
0.36764717 -0.57451755 0.99042755 2 0 0 0 11
0.65924275 -0.80204076 1.3878599 2 0 0 0 11
0.21390364 -1.0562255 0.84232229 2 0 0 0 11
0.58121043 -0.7680586 1.2800626 2 0 0 0 11
0.70986205 -0.98658824 1.5080329 2 0 0 0 11
0.4219276 -0.77533609 1.0860492 2 0 0 0 11
0.62156981 -0.63329244 1.3361949 2 0 0 0 11
0.58645505 -0.41677371 1.2300837 2 0 0 0 11
0.23748763 -0.57496887 0.80980718 2 0 0 0 11
0.5275889 -0.57584524 1.1786793 2 0 0 0 11
0.45395902 -0.41190493 1.0682609 2 0 0 0 11
0.39190319 -0.86719775 1.0607535 2 0 0 0 11
0.15564525 -0.93785411 0.7339173 2 0 0 0 11
0.63343173 -0.56474775 1.3223152 2 0 0 0 11
0.65820688 -1.350915 1.4701916 2 0 0 0 11
0.30084571 -1.2559236 0.98364013 2 0 0 0 11
0.30824348 -0.83216554 0.94773567 2 0 0 0 11
0.49018535 -0.52617371 1.1128162 2 0 0 0 11
0.45255443 -0.97270095 1.1795181 2 0 0 0 11
0.2417891 -1.1416018 0.90615582 2 0 0 0 11
0.28042072 -0.4770104 0.85148227 2 0 0 0 11
0.53206569 -0.91795421 1.2368692 2 0 0 0 11
0.58842504 -1.3140882 1.382898 2 0 0 0 11
0.63476038 -0.90893537 1.4139206 2 0 0 0 11
0.20584403 -0.64771026 0.75176299 2 0 0 0 11
0.28661305 -0.56723768 0.85852951 2 0 0 0 11
0.57032162 -0.92709082 1.3011649 2 0 0 0 11
0.30463594 -0.81047273 0.90311271 2 0 0 0 11
0.26913646 -1.0075773 0.904805 2 0 0 0 11
0.35307786 -1.0582559 1.0302534 2 0 0 0 11
0.22254482 -0.94281828 0.83465916 2 0 0 0 11
0.59843123 -1.2499514 1.3762413 2 0 0 0 11
0.72299135 -0.73922896 1.4975969 2 0 0 0 11
0.42288396 -1.214366 1.1396817 2 0 0 0 11
0.21954072 -1.3678005 0.91581428 2 0 0 0 11
0.56164259 -1.4155694 1.4447379 3 0 0 0 11
0.25954145 -1.2866851 1.031216 3 0 0 0 11
0.3709546 -1.2322363 1.1669561 3 0 0 0 11
0.65424973 -0.89366913 1.424642 3 0 0 0 11
0.38698032 -0.78472793 1.1035427 3 0 0 0 11
0.22040628 -0.77834767 0.89434975 3 0 0 0 11
0.66336995 -0.62096941 1.4151294 3 0 0 0 11
0.16682941 -0.94720346 0.82972091 3 0 0 0 11
0.17520864 -0.53513271 0.78444755 3 0 0 0 11
0.51516747 -1.4040478 1.3729497 3 0 0 0 11
0.61684513 -0.88613212 1.412961 3 0 0 0 11
0.57956266 -1.3224807 1.4240021 3 0 0 0 11
0.085315831 -0.87169731 0.74054903 3 0 0 0 11
0.082760796 -0.55187947 0.68223315 3 0 0 0 11
0.332268 -1.0661637 1.0635282 3 0 0 0 11
0.36060432 -0.57429457 1.0099727 3 0 0 0 11
0.4027552 -0.64520776 1.0675843 3 0 0 0 11
0.32388195 -0.45523846 0.95948315 3 0 0 0 11
0.14042692 -0.45694134 0.70575285 3 0 0 0 11
0.61586452 -0.9715631 1.4078962 3 0 0 0 11
0.50679302 -1.0818619 1.289282 3 0 0 0 11
0.45620769 -0.6208517 1.1519542 3 0 0 0 11
0.6192866 -1.0716259 1.4051762 3 0 0 0 11
0.24582677 -1.1670871 1.0158201 3 0 0 0 11
0.35760036 -0.47299007 1.0002171 3 0 0 0 11
0.62787336 -1.054276 1.4286332 3 0 0 0 11
0.56186604 -1.4488138 1.4761634 3 0 0 0 11
0.22748314 -0.94244182 0.91399938 3 0 0 0 11
0.3228747 -0.94380128 1.0503765 3 0 0 0 11
0.60583985 -0.49877143 1.2907337 3 0 0 0 11
0.24082874 -0.70751095 0.85880005 3 0 0 0 11
0.28279182 -0.80499136 0.9620195 3 0 0 0 11
0.33079991 -0.53587139 0.94845706 3 0 0 0 11
0.43860254 -1.3707259 1.2590493 3 0 0 0 11
0.4024632 -0.48097399 1.0557898 3 0 0 0 11
0.30205861 -0.45129487 0.91326094 3 0 0 0 11
0.032470062 -1.0005639 0.67718881 3 0 0 0 11
0.25023639 -0.61495638 0.87326467 3 0 0 0 11
0.24035938 -0.65266216 0.87175721 3 0 0 0 11
0.42738032 -1.3989723 1.24965 3 0 0 0 11
0.26810247 -0.93036044 0.73357683 4 0 0 0 11
0.49384844 -0.78041357 0.97921872 4 0 0 0 11
0.48790026 -1.3627313 1.0880325 4 0 0 0 11
0.60044932 -1.264726 1.2114568 4 0 0 0 11
0.70316714 -0.57184482 1.2056013 4 0 0 0 11
0.22596724 -1.4182633 0.75298792 4 0 0 0 11
0.29981747 -1.015272 0.76896334 4 0 0 0 11
0.50872689 -0.70226395 0.97210836 4 0 0 0 11
0.34854525 -1.4245648 0.9036119 4 0 0 0 11
0.20670563 -0.87349921 0.6264329 4 0 0 0 11
0.56894249 -0.85655713 1.0949391 4 0 0 0 11
0.39354917 -1.1039405 0.90988338 4 0 0 0 11
0.4161019 -1.3112752 0.98544651 4 0 0 0 11
0.52437162 -0.98397326 1.0692642 4 0 0 0 11
0.50258601 -1.0577334 1.0568037 4 0 0 0 11
0.4691824 -1.2459755 1.0304812 4 0 0 0 11
0.5442301 -1.5119284 1.1813012 4 0 0 0 11
0.62567341 -0.65087283 1.1189474 4 0 0 0 11
0.18159232 -1.0752857 0.62263864 4 0 0 0 11
0.33163169 -1.3803717 0.88147724 4 0 0 0 11
0.43331584 -1.5241187 1.0617721 4 0 0 0 11
0.62976563 -0.91016549 1.1705308 4 0 0 0 11
0.55243319 -1.2520989 1.1444291 4 0 0 0 11
0.6040709 -0.83566552 1.1234984 4 0 0 0 11
0.086346798 -1.4169173 0.54374909 4 0 0 0 11
0.23966618 -0.52423608 0.5989607 4 0 0 0 11
0.093906447 -1.4635081 0.59644622 4 0 0 0 11
0.077268586 -1.0107272 0.52260584 4 0 0 0 11
0.52632666 -1.1422724 1.0591273 4 0 0 0 11
0.59281516 -0.62729752 1.0896133 4 0 0 0 11
0.58819479 -0.5892483 1.0630805 4 0 0 0 11
0.10159771 -1.1567761 0.57909423 4 0 0 0 11
0.38603827 -0.74558187 0.8213504 4 0 0 0 11
0.29486778 -0.62863648 0.67526847 4 0 0 0 11
0.13549116 -0.9545396 0.55504072 4 0 0 0 11
0.10861889 -1.184283 0.55408657 4 0 0 0 11
0.53109056 -1.2345203 1.1103609 4 0 0 0 11
0.19476604 -1.3870909 0.71339542 4 0 0 0 11
0.20090424 -1.144794 0.67954278 4 0 0 0 11
0.10501146 -0.90448314 0.50823027 4 0 0 0 11
0.22812004 -0.6120615 0.70686084 5 0 0 0 11
0.6566748 -1.2658607 1.460021 5 0 0 0 11
0.21590871 -1.1176915 0.82908559 5 0 0 0 11
0.52931178 -0.77592117 1.1662421 5 0 0 0 11
0.38433722 -0.49233225 0.87951416 5 0 0 0 11
0.79288846 -0.68639964 1.501695 5 0 0 0 11
0.38347539 -0.90489423 0.99929935 5 0 0 0 11
0.56093711 -1.3336607 1.3236015 5 0 0 0 11
0.19207877 -1.3087399 0.81411481 5 0 0 0 11
0.79357499 -0.49448654 1.4553478 5 0 0 0 11
0.41013494 -1.2524503 1.0956573 5 0 0 0 11
0.57893282 -0.58880377 1.1760045 5 0 0 0 11
0.27048647 -1.0080293 0.84564215 5 0 0 0 11
0.66379136 -0.57380354 1.2819924 5 0 0 0 11
0.23357131 -0.59070653 0.69169241 5 0 0 0 11
0.2875565 -0.72852761 0.80013996 5 0 0 0 11
0.38402644 -0.88086307 1.0213253 5 0 0 0 11
0.52290684 -0.56257796 1.0831223 5 0 0 0 11
0.22951992 -0.85228908 0.79477727 5 0 0 0 11
0.58228886 -1.3044658 1.3806459 5 0 0 0 11
0.58328372 -1.2836676 1.3618438 5 0 0 0 11
0.70756382 -0.70210207 1.4020168 5 0 0 0 11
0.15019338 -1.3330803 0.8047111 5 0 0 0 11
0.64792907 -0.9482972 1.3656279 5 0 0 0 11
0.23996547 -0.95199293 0.78341645 5 0 0 0 11
0.30701372 -0.57991314 0.78640813 5 0 0 0 11
0.65036333 -1.3390223 1.464691 5 0 0 0 11
0.51251107 -0.8784129 1.158578 5 0 0 0 11
0.35587376 -1.1527429 1.0547695 5 0 0 0 11
0.63893676 -0.54008365 1.2421387 5 0 0 0 11
0.28011087 -0.80448484 0.81484777 5 0 0 0 11
0.28764126 -1.240711 0.9315483 5 0 0 0 11
0.25383267 -0.58948934 0.76001859 5 0 0 0 11
0.2770876 -0.86918402 0.82879639 5 0 0 0 11
0.40787271 -0.82364368 1.0068568 5 0 0 0 11
0.47682896 -0.69657612 1.0690812 5 0 0 0 11
0.46677259 -1.1410236 1.1432164 5 0 0 0 11
0.52674872 -0.96096599 1.1964027 5 0 0 0 11
0.43604374 -1.0947051 1.1244761 5 0 0 0 11
0.78484094 -0.61883175 1.4863191 5 0 0 0 11
0.64692515 -0.46936339 1.1781814 6 0 0 0 11
0.47221619 -0.56919008 1.0065391 6 0 0 0 11
0.64559859 -0.91746408 1.3340566 6 0 0 0 11
0.084011726 -1.3845782 0.71431607 6 0 0 0 11
0.35870323 -1.3850969 1.0239388 6 0 0 0 11
0.49386355 -1.1199586 1.1508347 6 0 0 0 11
0.68623185 -0.56694841 1.2926077 6 0 0 0 11
0.1405631 -0.90209985 0.62383521 6 0 0 0 11
0.72617567 -0.49711955 1.3339143 6 0 0 0 11
0.28569433 -0.43725631 0.72796452 6 0 0 0 11
0.65807503 -0.64583021 1.2935268 6 0 0 0 11
0.19452097 -1.1832064 0.79680711 6 0 0 0 11
0.42154118 -0.64400947 0.94132525 6 0 0 0 11
0.3827261 -0.58339137 0.88025624 6 0 0 0 11
0.6730364 -0.79196483 1.3260607 6 0 0 0 11
0.51249218 -1.0966722 1.1916909 6 0 0 0 11
0.35628325 -1.0293521 0.93892717 6 0 0 0 11
0.64344054 -0.94233835 1.3307483 6 0 0 0 11
0.10764056 -1.2577016 0.68824327 6 0 0 0 11
0.52157068 -0.7927947 1.1255814 6 0 0 0 11
0.60693544 -1.4467311 1.383967 6 0 0 0 11
0.18806772 -0.93276441 0.72730923 6 0 0 0 11
0.51543951 -1.2374209 1.2076033 6 0 0 0 11
0.41368309 -0.58233392 0.94127595 6 0 0 0 11
0.33764341 -0.82467902 0.88424826 6 0 0 0 11
0.35660359 -1.3532889 1.0359092 6 0 0 0 11
0.67077219 -0.67229384 1.2917008 6 0 0 0 11
0.3713142 -1.3041863 1.0450389 6 0 0 0 11
0.71564478 -0.56241441 1.3503326 6 0 0 0 11
0.25139514 -1.3542606 0.87554395 6 0 0 0 11
0.096050546 -1.3470798 0.69783652 6 0 0 0 11
0.23618039 -0.54946876 0.69059432 6 0 0 0 11
0.63222492 -1.2659568 1.3809143 6 0 0 0 11
0.55442411 -0.9058432 1.1909173 6 0 0 0 11
0.25666785 -0.75281727 0.7482506 6 0 0 0 11
0.29493454 -1.3138081 0.93291157 6 0 0 0 11
0.2848554 -1.1615103 0.91612035 6 0 0 0 11
0.63194352 -1.1022891 1.3432242 6 0 0 0 11
0.30417037 -1.2884263 0.95513135 6 0 0 0 11
0.5321936 -0.88531399 1.1797868 6 0 0 0 11
0.57945436 -0.58313388 1.17111 7 0 0 0 11
0.13125239 -0.72527558 0.67161119 7 0 0 0 11
0.21175934 -1.4129496 0.91959089 7 0 0 0 11
0.17051411 -1.0081145 0.79945517 7 0 0 0 11
0.20443426 -0.863024 0.79560673 7 0 0 0 11
0.29539534 -1.2425125 0.97136962 7 0 0 0 11
0.5592649 -1.2844931 1.3229508 7 0 0 0 11
0.48672614 -1.0848988 1.2055807 7 0 0 0 11
0.54362839 -1.3678303 1.3638902 7 0 0 0 11
0.10666353 -0.64521229 0.65056223 7 0 0 0 11
0.15994731 -1.2249837 0.83899224 7 0 0 0 11
0.34898087 -0.82719702 0.97250891 7 0 0 0 11
0.42628476 -0.5184778 0.98856711 7 0 0 0 11
0.55475605 -1.3069066 1.3350322 7 0 0 0 11
0.042520531 -0.98220503 0.63256097 7 0 0 0 11
0.47824329 -1.2485474 1.2646377 7 0 0 0 11
0.70669121 -0.59526914 1.3560487 7 0 0 0 11
0.21467967 -0.93057925 0.85053408 7 0 0 0 11
0.66438848 -0.58884025 1.3100252 7 0 0 0 11
0.069257118 -1.0890102 0.70567441 7 0 0 0 11
0.48629531 -0.80764759 1.1510764 7 0 0 0 11
0.48306647 -1.0754298 1.2081221 7 0 0 0 11
0.11799562 -0.60731518 0.64068353 7 0 0 0 11
0.094298884 -1.4108813 0.78079963 7 0 0 0 11
0.31468916 -1.3998576 1.0285991 7 0 0 0 11
0.54668939 -1.2006761 1.3064327 7 0 0 0 11
0.18773182 -1.2240605 0.8699854 7 0 0 0 11
0.52777296 -1.3004491 1.2985082 7 0 0 0 11
0.35521173 -1.4552141 1.1208692 7 0 0 0 11
0.15785162 -1.4037187 0.88585693 7 0 0 0 11
0.27773187 -1.145764 0.93283916 7 0 0 0 11
0.01721058 -1.3384436 0.64959085 7 0 0 0 11
0.32277879 -0.9837231 0.98205245 7 0 0 0 11
0.53030831 -1.2904879 1.3038639 7 0 0 0 11
0.25400391 -1.3464279 1.0016559 7 0 0 0 11
0.55310142 -1.4511815 1.3765824 7 0 0 0 11
0.13957803 -0.6318472 0.66214401 7 0 0 0 11
0.26718625 -1.296649 0.99856794 7 0 0 0 11
0.67123407 -0.76643848 1.3491853 7 0 0 0 11
0.33035901 -1.1365736 1.030264 7 0 0 0 11
0.21915901 -1.0133231 0.78367871 8 0 0 0 11
0.67484719 -0.47164276 1.2245588 8 0 0 0 11
0.47601146 -0.64827645 1.0271393 8 0 0 0 11
0.40176356 -0.41595724 0.87939614 8 0 0 0 11
0.59928578 -0.86633426 1.2093695 8 0 0 0 11
0.47488528 -1.2656962 1.1228986 8 0 0 0 11
0.22794032 -1.0454607 0.80644858 8 0 0 0 11
0.26851135 -1.202376 0.86013651 8 0 0 0 11
0.65141135 -0.68624187 1.2510062 8 0 0 0 11
0.36086494 -0.78766763 0.91014194 8 0 0 0 11
0.39743584 -1.3782282 1.0773578 8 0 0 0 11
0.3215403 -0.7097882 0.81685507 8 0 0 0 11
0.70812035 -0.90020502 1.3305132 8 0 0 0 11
0.38513744 -1.1701195 1.0017557 8 0 0 0 11
0.17533891 -1.243436 0.75225866 8 0 0 0 11
0.32502368 -1.0922872 0.92396069 8 0 0 0 11
0.49563333 -1.1111548 1.1641188 8 0 0 0 11
0.57661492 -1.2918484 1.2951933 8 0 0 0 11
0.38140136 -0.64664972 0.89379311 8 0 0 0 11
0.71905416 -0.61336178 1.2930714 8 0 0 0 11
0.19272827 -1.0360824 0.74900693 8 0 0 0 11
0.34282777 -0.74156952 0.87578851 8 0 0 0 11
0.18222144 -0.66447967 0.66918433 8 0 0 0 11
0.29351714 -1.1737345 0.89208663 8 0 0 0 11
0.32519618 -0.51065552 0.81170851 8 0 0 0 11
0.68684483 -0.82012486 1.2886645 8 0 0 0 11
0.41340536 -0.70874476 0.96034378 8 0 0 0 11
0.45565212 -0.98495388 1.0587116 8 0 0 0 11
0.12570389 -0.94536966 0.65012431 8 0 0 0 11
0.51367897 -1.2981894 1.2273759 8 0 0 0 11
0.54498476 -1.1014023 1.1909716 8 0 0 0 11
0.55487859 -0.4920457 1.0882565 8 0 0 0 11
0.24101511 -0.73981768 0.74656069 8 0 0 0 11
0.45158315 -0.83826417 1.0187448 8 0 0 0 11
0.19828004 -0.78416061 0.7171061 8 0 0 0 11
0.18416366 -1.0788779 0.74661928 8 0 0 0 11
0.33794773 -1.1965573 0.94232649 8 0 0 0 11
0.13469598 -1.1349875 0.70685637 8 0 0 0 11
0.24738151 -0.58937287 0.75211281 8 0 0 0 11
0.31107309 -0.58387285 0.80045438 8 0 0 0 11
0.76647216 -0.6200037 1.394189 9 0 0 0 11
0.23746543 -1.0829328 0.82983172 9 0 0 0 11
0.48633453 -1.4051564 1.2008036 9 0 0 0 11
0.2341347 -1.1344318 0.85303044 9 0 0 0 11
0.48000246 -1.5081658 1.2213663 9 0 0 0 11
0.62454891 -1.192682 1.3224385 9 0 0 0 11
0.4759663 -1.4751455 1.2151161 9 0 0 0 11
0.42727336 -0.78264785 1.0256745 9 0 0 0 11
0.38570037 -0.89663571 0.99575186 9 0 0 0 11
0.24064551 -1.4416585 0.92220771 9 0 0 0 11
0.38753426 -0.74338555 0.981969 9 0 0 0 11
0.70846301 -0.86232013 1.3865657 9 0 0 0 11
0.44214141 -1.3894932 1.1268846 9 0 0 0 11
0.23485617 -0.81151968 0.78092337 9 0 0 0 11
0.52416903 -0.99497062 1.2012678 9 0 0 0 11
0.48446193 -1.3718317 1.2020215 9 0 0 0 11
0.60711747 -1.1874406 1.3141646 9 0 0 0 11
0.37111619 -0.78287005 0.97783744 9 0 0 0 11
0.55724752 -0.96094257 1.2332793 9 0 0 0 11
0.63305593 -1.3605989 1.3819638 9 0 0 0 11
0.4994742 -0.74745947 1.1268266 9 0 0 0 11
0.74990422 -0.96986502 1.47665 9 0 0 0 11
0.62036592 -1.1782807 1.3286912 9 0 0 0 11
0.37021771 -1.2770301 1.0276923 9 0 0 0 11
0.195108 -0.7604512 0.73147786 9 0 0 0 11
0.25522491 -0.80252671 0.80419546 9 0 0 0 11
0.63123816 -0.7619881 1.2486107 9 0 0 0 11
0.16080691 -1.3682766 0.79780263 9 0 0 0 11
0.75766289 -0.61455685 1.37687 9 0 0 0 11
0.64603138 -1.3329837 1.4098753 9 0 0 0 11
0.44320872 -0.66690081 1.0421314 9 0 0 0 11
0.47406691 -1.4146529 1.1967609 9 0 0 0 11
0.7204296 -0.5717535 1.3132123 9 0 0 0 11
0.41543284 -0.68291479 0.99938667 9 0 0 0 11
0.55505675 -0.89299649 1.217595 9 0 0 0 11
0.72877735 -0.74080634 1.3948277 9 0 0 0 11
0.58936244 -0.74633718 1.18748 9 0 0 0 11
0.48916113 -1.3276246 1.1882495 9 0 0 0 11
0.54695892 -1.1178656 1.2056756 9 0 0 0 11
0.46579984 -1.5072498 1.2012745 9 0 0 0 11
0.38864154 -0.63188171 1.1366216 10 0 0 0 11
0.16689907 -0.74685472 0.84629834 10 0 0 0 11
0.3968364 -1.1236266 1.2619952 10 0 0 0 11
0.24182008 -1.2923204 1.100696 10 0 0 0 11
0.47736937 -1.129608 1.3923578 10 0 0 0 11
0.49163908 -0.93744504 1.3453214 10 0 0 0 11
0.12772876 -1.2242786 0.93319184 10 0 0 0 11
0.49599853 -0.86066973 1.2796599 10 0 0 0 11
0.51843518 -1.3303276 1.4695255 10 0 0 0 11
0.096790731 -0.70525968 0.79745734 10 0 0 0 11
-0.042486012 -1.2801077 0.72547388 10 0 0 0 11
0.077045649 -0.63838381 0.77118975 10 0 0 0 11
0.057525147 -0.79637676 0.73206216 10 0 0 0 11
0.4991388 -0.56304568 1.2536312 10 0 0 0 11
0.47478315 -0.56935465 1.2526177 10 0 0 0 11
0.03182121 -1.169892 0.77549952 10 0 0 0 11
0.39204031 -0.72499073 1.1798124 10 0 0 0 11
0.16935323 -1.1004807 0.95772874 10 0 0 0 11
0.11381584 -1.0347043 0.88303363 10 0 0 0 11
-0.0032567233 -1.2853973 0.75472713 10 0 0 0 11
0.28550324 -0.82953751 1.0371419 10 0 0 0 11
0.40766981 -0.53081739 1.126569 10 0 0 0 11
0.59300292 -0.72929889 1.4450498 10 0 0 0 11
-0.036171719 -1.203391 0.70879126 10 0 0 0 11
0.23264836 -0.73447663 0.97344983 10 0 0 0 11
0.56002438 -0.55306947 1.3466212 10 0 0 0 11
0.023204222 -0.93312788 0.75307423 10 0 0 0 11
0.35057503 -1.1249199 1.1849285 10 0 0 0 11
0.46390143 -0.55184156 1.2254231 10 0 0 0 11
0.31257117 -0.84661037 1.0817255 10 0 0 0 11
0.11864696 -0.8174721 0.81209534 10 0 0 0 11
0.15929943 -1.282385 0.97723669 10 0 0 0 11
0.53566891 -1.1313711 1.4731654 10 0 0 0 11
0.40337256 -0.66141158 1.1631781 10 0 0 0 11
0.40278181 -0.93237686 1.2350832 10 0 0 0 11
0.55045712 -1.0208992 1.4559296 10 0 0 0 11
0.30502537 -0.72193402 1.0688554 10 0 0 0 11
0.27354717 -1.0394039 1.0829412 10 0 0 0 11
0.47827995 -0.98988545 1.345937 10 0 0 0 11
0.27578548 -0.57759279 0.99634427 10 0 0 0 11
0.21152848 -0.78718632 0.89879739 11 0 0 0 11
0.47790772 -0.57616603 1.2633003 11 0 0 0 11
0.10668536 -0.51015872 0.69253576 11 0 0 0 11
0.073061012 -1.0953022 0.77733165 11 0 0 0 11
0.2377779 -1.3814037 1.0724849 11 0 0 0 11
0.30994239 -0.81690109 1.0688872 11 0 0 0 11
0.45327091 -1.3288091 1.3793525 11 0 0 0 11
0.054038078 -1.1341349 0.76184785 11 0 0 0 11
0.35102516 -1.0967842 1.194401 11 0 0 0 11
0.16263403 -0.75586957 0.82488567 11 0 0 0 11
0.5244118 -0.76410443 1.3387345 11 0 0 0 11
0.13065189 -0.88244218 0.85710078 11 0 0 0 11
0.24090898 -0.69038546 0.95128405 11 0 0 0 11
0.36147875 -0.59639239 1.0677209 11 0 0 0 11
0.049094193 -1.2612777 0.80221325 11 0 0 0 11
0.14721452 -0.46875262 0.79216665 11 0 0 0 11
0.34054086 -0.46771216 1.0328372 11 0 0 0 11
0.18267795 -1.3148985 1.0004468 11 0 0 0 11
0.25589374 -1.2767457 1.0677871 11 0 0 0 11
0.22088921 -1.297719 1.0718175 11 0 0 0 11
0.073066242 -1.230323 0.83058339 11 0 0 0 11
0.073334567 -1.1087412 0.79727423 11 0 0 0 11
0.19486871 -1.3571602 1.0132256 11 0 0 0 11
0.066467091 -1.2028095 0.81295413 11 0 0 0 11
0.23397265 -0.95318913 0.98285335 11 0 0 0 11
0.021794084 -0.9418537 0.67047763 11 0 0 0 11
0.098032288 -0.86408734 0.74486256 11 0 0 0 11
0.40527162 -1.1034982 1.2579924 11 0 0 0 11
0.2572647 -1.0424774 1.0570418 11 0 0 0 11
0.52674013 -0.99272388 1.3927577 11 0 0 0 11
0.23348375 -0.48947373 0.88614893 11 0 0 0 11
0.60245544 -0.57051504 1.4070479 11 0 0 0 11
0.35540104 -0.5617888 1.0740849 11 0 0 0 11
0.38714844 -1.2256608 1.2813501 11 0 0 0 11
0.384363 -0.73572654 1.1459553 11 0 0 0 11
0.55211192 -1.0887876 1.4611009 11 0 0 0 11
0.39328516 -1.2340733 1.2738582 11 0 0 0 11
0.13730043 -0.58998466 0.75570846 11 0 0 0 11
0.16066054 -1.0114024 0.8938396 11 0 0 0 11
0.38974532 -0.93977362 1.1780992 11 0 0 0 11
0.32104504 -1.1674094 1.0544574 12 0 0 0 11
0.33295798 -0.81556004 0.9958995 12 0 0 0 11
0.45710698 -1.0951935 1.2247171 12 0 0 0 11
0.39061064 -0.50015497 1.0048726 12 0 0 0 11
0.0069672232 -1.201045 0.68341529 12 0 0 0 11
0.54376185 -0.99677575 1.2785369 12 0 0 0 11
0.47915497 -0.93876475 1.2148931 12 0 0 0 11
0.14020084 -1.2304444 0.86943185 12 0 0 0 11
0.027842276 -0.78924048 0.62819117 12 0 0 0 11
0.45238528 -0.66748804 1.0962034 12 0 0 0 11
0.2141479 -1.0559375 0.89601445 12 0 0 0 11
0.44794497 -0.57103872 1.0603008 12 0 0 0 11
-0.031101232 -1.1625992 0.65560943 12 0 0 0 11
0.28106767 -0.91700786 0.96735662 12 0 0 0 11
0.44182673 -1.014889 1.1438686 12 0 0 0 11
0.024714189 -1.2902563 0.74469286 12 0 0 0 11
0.15170196 -1.1556139 0.85291684 12 0 0 0 11
0.32864118 -1.0199895 1.048342 12 0 0 0 11
0.25203633 -1.1618594 0.9761433 12 0 0 0 11
0.45304164 -0.76923406 1.1603098 12 0 0 0 11
0.34616992 -0.86466944 1.0273513 12 0 0 0 11
0.2674135 -1.2011747 0.97824675 12 0 0 0 11
0.29682544 -1.2679714 1.0564055 12 0 0 0 11
0.22904675 -0.41240537 0.79187834 12 0 0 0 11
0.55222178 -0.59641474 1.1870478 12 0 0 0 11
0.026536457 -1.2691448 0.75872564 12 0 0 0 11
0.39477646 -0.64673227 1.0200056 12 0 0 0 11
0.40122014 -1.1775031 1.1366371 12 0 0 0 11
0.084361248 -0.68331581 0.67366642 12 0 0 0 11
0.19659965 -0.51075661 0.78628749 12 0 0 0 11
0.54371309 -1.0582756 1.2872277 12 0 0 0 11
0.18676926 -1.2064296 0.93428224 12 0 0 0 11
0.2250918 -0.55131471 0.77609468 12 0 0 0 11
0.1107108 -0.41798702 0.64741486 12 0 0 0 11
0.63825113 -0.50966471 1.293859 12 0 0 0 11
0.27803069 -0.72329241 0.90785462 12 0 0 0 11
0.47875702 -0.88459051 1.1872708 12 0 0 0 11
0.48769704 -1.0040458 1.2460157 12 0 0 0 11
0.35462773 -1.2939181 1.1354448 12 0 0 0 11
0.16886669 -0.50951385 0.73367625 12 0 0 0 11
0.3089585 -1.1131488 0.74039775 13 0 0 0 11
0.55132496 -0.98485839 0.99703926 13 0 0 0 11
0.29269335 -1.4020782 0.75234097 13 0 0 0 11
0.66854167 -1.2548765 1.1666706 13 0 0 0 11
0.31040531 -1.292356 0.80216521 13 0 0 0 11
0.49997276 -0.50668776 0.87426639 13 0 0 0 11
0.29998851 -0.87296695 0.688465 13 0 0 0 11
0.58208853 -0.68990672 1.0056731 13 0 0 0 11
0.31302872 -0.55975562 0.6869328 13 0 0 0 11
0.81606615 -0.79945421 1.2832544 13 0 0 0 11
0.37136295 -1.2525598 0.86304313 13 0 0 0 11
0.54893148 -1.2699593 1.0421356 13 0 0 0 11
0.5172857 -1.1853123 0.98310149 13 0 0 0 11
0.84520239 -1.1097226 1.3564777 13 0 0 0 11
0.50228155 -0.59780079 0.88191849 13 0 0 0 11
0.34265879 -1.0744152 0.78680634 13 0 0 0 11
0.35958719 -1.0787479 0.78768176 13 0 0 0 11
0.71438563 -1.4236817 1.2410485 13 0 0 0 11
0.50471938 -0.70180386 0.9020586 13 0 0 0 11
0.59223616 -0.76818669 1.046963 13 0 0 0 11
0.59710848 -0.84940177 1.0643122 13 0 0 0 11
0.3319726 -1.2037351 0.77061307 13 0 0 0 11
0.38769591 -0.58297867 0.75722206 13 0 0 0 11
0.4025242 -1.2384959 0.86565053 13 0 0 0 11
0.55987382 -0.53867549 0.91521537 13 0 0 0 11
0.27195829 -0.82606882 0.64525163 13 0 0 0 11
0.45820227 -1.4239737 0.95702052 13 0 0 0 11
0.72331017 -0.97470164 1.2138451 13 0 0 0 11
0.50729078 -0.57146347 0.89906955 13 0 0 0 11
0.85773569 -0.61110497 1.3176615 13 0 0 0 11
0.68650347 -0.54303795 1.0546151 13 0 0 0 11
0.27552509 -1.2709762 0.73265558 13 0 0 0 11
0.33733702 -1.3261634 0.77716875 13 0 0 0 11
0.57962662 -1.3058313 1.0730741 13 0 0 0 11
0.52616858 -1.1880689 0.98096853 13 0 0 0 11
0.5793587 -0.56928909 0.98528641 13 0 0 0 11
0.61209148 -1.4574915 1.1403047 13 0 0 0 11
0.70079237 -1.1589323 1.2124715 13 0 0 0 11
0.66361874 -1.0423884 1.1543398 13 0 0 0 11
0.70502752 -1.295648 1.2020692 13 0 0 0 11
0.41636515 -1.3487366 1.1070982 14 0 0 0 11
0.56601453 -0.52491486 1.1261719 14 0 0 0 11
0.3782829 -0.8580001 0.95621675 14 0 0 0 11
0.10936379 -1.1345254 0.63197094 14 0 0 0 11
0.30576304 -1.1045779 0.919972 14 0 0 0 11
0.43925056 -0.94517213 1.0217459 14 0 0 0 11
0.72963232 -0.44053608 1.3069704 14 0 0 0 11
0.57357967 -0.63116527 1.1218942 14 0 0 0 11
0.43573979 -0.91611445 1.0541906 14 0 0 0 11
0.54638052 -0.85029244 1.1500944 14 0 0 0 11
0.67427671 -0.46260098 1.229722 14 0 0 0 11
0.46748787 -1.4088981 1.1642965 14 0 0 0 11
0.58449066 -0.76073682 1.189948 14 0 0 0 11
0.3389942 -0.78164423 0.8877914 14 0 0 0 11
0.12956744 -1.3121694 0.7065146 14 0 0 0 11
0.49509424 -1.287021 1.1607846 14 0 0 0 11
0.28965303 -0.47513658 0.73240542 14 0 0 0 11
0.43972993 -0.65492809 0.99202824 14 0 0 0 11
0.093601018 -1.1167072 0.62370074 14 0 0 0 11
0.25014749 -0.89790529 0.7950995 14 0 0 0 11
0.29972962 -0.4647142 0.7469154 14 0 0 0 11
0.33692074 -1.112252 0.93163967 14 0 0 0 11
0.30746242 -0.68142366 0.792835 14 0 0 0 11
0.31004769 -0.49152634 0.75197703 14 0 0 0 11
0.63186711 -1.2038796 1.3203151 14 0 0 0 11
0.62669551 -0.5801419 1.1904093 14 0 0 0 11
0.54724461 -0.45620596 1.0798134 14 0 0 0 11
0.27608332 -1.148333 0.86395824 14 0 0 0 11
0.1788796 -0.57905769 0.62958753 14 0 0 0 11
0.20584227 -0.59792185 0.68383932 14 0 0 0 11
0.40107831 -0.98485452 0.96952629 14 0 0 0 11
0.26896 -0.61951715 0.73532504 14 0 0 0 11
0.42189959 -0.73540032 0.95257354 14 0 0 0 11
0.50322223 -0.99582195 1.1456723 14 0 0 0 11
0.6375863 -1.2819759 1.3357207 14 0 0 0 11
0.37668732 -0.72149831 0.94288409 14 0 0 0 11
0.41791847 -1.3028601 1.0658195 14 0 0 0 11
0.4773449 -1.0941714 1.1066962 14 0 0 0 11
0.37720123 -0.42796174 0.85247546 14 0 0 0 11
0.3421374 -0.68684828 0.81477493 14 0 0 0 11
0.14741996 -0.65962517 0.70617145 15 0 0 0 11
0.49378923 -0.76137376 1.2045792 15 0 0 0 11
0.3809779 -0.58439511 1.0124946 15 0 0 0 11
0.22094414 -1.0419121 0.89220172 15 0 0 0 11
0.33293802 -1.3541787 1.1092618 15 0 0 0 11
0.14958197 -0.84118259 0.76128566 15 0 0 0 11
0.2316841 -1.3150235 0.96958369 15 0 0 0 11
0.036047854 -1.0254117 0.62383926 15 0 0 0 11
0.14890566 -0.51156312 0.71924275 15 0 0 0 11
0.12160075 -0.74299711 0.73418045 15 0 0 0 11
0.060608245 -1.4210531 0.77529973 15 0 0 0 11
0.049243204 -1.2768439 0.69340414 15 0 0 0 11
0.58800358 -0.81724644 1.3078334 15 0 0 0 11
0.26363453 -1.3552909 0.99661326 15 0 0 0 11
0.19497262 -1.1793889 0.86297739 15 0 0 0 11
0.13846919 -1.4108545 0.8387574 15 0 0 0 11
0.10663221 -1.3634145 0.80832446 15 0 0 0 11
0.23091669 -0.59382468 0.84653896 15 0 0 0 11
0.038615916 -1.3836011 0.74325943 15 0 0 0 11
0.21599871 -1.0061285 0.91169161 15 0 0 0 11
0.18046814 -1.174033 0.85655659 15 0 0 0 11
0.51673573 -0.82693189 1.2193354 15 0 0 0 11
0.62185878 -0.68557048 1.3534677 15 0 0 0 11
0.019170882 -0.89898169 0.59233725 15 0 0 0 11
0.40832046 -1.2050644 1.1701263 15 0 0 0 11
0.20811816 -1.060765 0.86889136 15 0 0 0 11
0.29577678 -0.59982312 0.90955603 15 0 0 0 11
0.48424801 -1.3839651 1.3017153 15 0 0 0 11
0.46800488 -0.90098721 1.1970223 15 0 0 0 11
0.53499246 -1.0524526 1.2848707 15 0 0 0 11
0.072153978 -0.87854421 0.68107516 15 0 0 0 11
0.63669252 -0.62155408 1.3411577 15 0 0 0 11
0.065485254 -1.003806 0.66843742 15 0 0 0 11
0.014574771 -0.85683602 0.59807044 15 0 0 0 11
0.51643735 -1.0430157 1.2807863 15 0 0 0 11
0.20407549 -0.45654085 0.77774429 15 0 0 0 11
0.39713889 -1.1141467 1.1443861 15 0 0 0 11
0.09320756 -1.0147295 0.69223613 15 0 0 0 11
0.11236797 -0.54998159 0.65923256 15 0 0 0 11
0.53660613 -1.0709121 1.2738522 15 0 0 0 11
0.4733879 -0.57813466 1.0707209 16 0 0 0 11
0.19774741 -0.76736468 0.75630516 16 0 0 0 11
0.17006689 -0.52729875 0.67657381 16 0 0 0 11
0.26537824 -1.0249926 0.89515972 16 0 0 0 11
0.72603494 -0.50701809 1.3551549 16 0 0 0 11
0.70235479 -0.50296098 1.3252419 16 0 0 0 11
0.61922252 -0.36044979 1.1890708 16 0 0 0 11
0.68358696 -0.36272508 1.2763556 16 0 0 0 11
0.2639119 -0.53717011 0.80274475 16 0 0 0 11
0.40215144 -0.29449803 0.88744819 16 0 0 0 11
0.41859978 -0.82954401 1.0599127 16 0 0 0 11
0.23582695 -0.37196055 0.73560333 16 0 0 0 11
0.17711867 -0.70172542 0.73092967 16 0 0 0 11
0.54026282 -0.78662848 1.2232757 16 0 0 0 11
0.43749577 -0.35007113 0.95787764 16 0 0 0 11
0.63831866 -0.41606039 1.2457681 16 0 0 0 11
0.49294394 -0.90576637 1.1435262 16 0 0 0 11
0.62849361 -0.35693458 1.2180986 16 0 0 0 11
0.74108434 -0.7319681 1.4451911 16 0 0 0 11
0.53846973 -0.94913971 1.2303742 16 0 0 0 11
0.45244861 -1.0857641 1.1471374 16 0 0 0 11
0.21112868 -0.59237474 0.74885225 16 0 0 0 11
0.46085206 -0.42126438 0.98388892 16 0 0 0 11
0.41575578 -0.5717538 0.9847942 16 0 0 0 11
0.64061511 -0.68828362 1.3065685 16 0 0 0 11
0.33340934 -1.2532003 1.055566 16 0 0 0 11
0.47461036 -0.82821274 1.131465 16 0 0 0 11
0.52192026 -1.0053852 1.1930515 16 0 0 0 11
0.50680727 -0.81666321 1.1513991 16 0 0 0 11
0.61909384 -0.67252111 1.2710927 16 0 0 0 11
0.67780221 -0.78832966 1.3671938 16 0 0 0 11
0.21176848 -0.40193549 0.70977235 16 0 0 0 11
0.58900094 -0.39734328 1.1456856 16 0 0 0 11
0.65325397 -0.64094675 1.3205211 16 0 0 0 11
0.55419976 -0.69634074 1.2120838 16 0 0 0 11
0.76317585 -0.50326675 1.4303994 16 0 0 0 11
0.43269339 -1.2680753 1.1739812 16 0 0 0 11
0.28869215 -0.5383653 0.81884265 16 0 0 0 11
0.41431382 -0.761127 1.0310549 16 0 0 0 11
0.52252471 -0.36893913 1.088832 16 0 0 0 11
0.52997661 -1.3361688 1.3206229 17 0 0 0 11
0.34755921 -1.1112072 1.0252516 17 0 0 0 11
0.64189899 -1.2229891 1.4248707 17 0 0 0 11
0.35719207 -0.8131429 0.97061193 17 0 0 0 11
0.55817574 -1.3781712 1.344817 17 0 0 0 11
0.22631307 -0.65428752 0.78830403 17 0 0 0 11
0.47285742 -1.2755967 1.2373362 17 0 0 0 11
0.18645959 -1.0320318 0.79901117 17 0 0 0 11
0.34120867 -1.3279378 1.0723275 17 0 0 0 11
0.69930917 -0.82234472 1.3914983 17 0 0 0 11
0.31087098 -1.0120757 0.9538058 17 0 0 0 11
0.11335929 -1.2082136 0.7643314 17 0 0 0 11
0.60305649 -0.78098059 1.2631403 17 0 0 0 11
0.3261604 -1.0573854 0.97911566 17 0 0 0 11
0.077809565 -1.1846781 0.69917631 17 0 0 0 11
0.61193091 -0.54586023 1.2281117 17 0 0 0 11
0.54432315 -1.2021134 1.3137558 17 0 0 0 11
0.32438508 -1.0823935 1.0064895 17 0 0 0 11
0.2816048 -0.84322929 0.88848346 17 0 0 0 11
0.61364913 -1.259082 1.4068973 17 0 0 0 11
0.21128684 -1.2967767 0.9018929 17 0 0 0 11
0.14111093 -1.1041843 0.77204347 17 0 0 0 11
0.51981562 -1.1025441 1.2453387 17 0 0 0 11
0.57808381 -0.60146832 1.2061608 17 0 0 0 11
0.035427365 -1.40999 0.71062231 17 0 0 0 11
0.23250215 -0.53973478 0.758223 17 0 0 0 11
0.26823118 -0.85423368 0.87541997 17 0 0 0 11
0.532897 -1.4126984 1.3599553 17 0 0 0 11
0.26736176 -1.392331 0.96968895 17 0 0 0 11
0.41003904 -0.73776454 1.0109657 17 0 0 0 11
0.15277779 -0.82245612 0.72299737 17 0 0 0 11
0.37821421 -0.54338211 0.94182652 17 0 0 0 11
0.42247322 -0.9622308 1.0757636 17 0 0 0 11
0.46347973 -0.85431713 1.1217518 17 0 0 0 11
0.4192982 -0.58509827 0.98819536 17 0 0 0 11
0.68671137 -0.84619999 1.4102706 17 0 0 0 11
0.50976634 -1.4742154 1.360833 17 0 0 0 11
0.62970781 -1.0812224 1.3961401 17 0 0 0 11
0.57577258 -1.087343 1.3045903 17 0 0 0 11
0.67861575 -1.097491 1.438373 17 0 0 0 11
0.097811878 -1.1479923 0.84996563 18 0 0 0 11
0.28572145 -1.1166934 1.0555958 18 0 0 0 11
0.07511159 -1.0012993 0.78554207 18 0 0 0 11
0.33451369 -0.93251318 1.1081352 18 0 0 0 11
0.66538417 -0.46962592 1.4342463 18 0 0 0 11
0.16571002 -1.3473231 0.93649054 18 0 0 0 11
0.44950694 -1.283793 1.3467093 18 0 0 0 11
0.18010285 -1.2544608 0.94464111 18 0 0 0 11
0.40064099 -1.2193209 1.2605557 18 0 0 0 11
0.45693314 -1.0250051 1.2872659 18 0 0 0 11
0.12976362 -0.44553304 0.7000618 18 0 0 0 11
0.22392742 -1.2360194 1.0173932 18 0 0 0 11
0.63192695 -0.63839525 1.4479733 18 0 0 0 11
0.26807332 -1.1007541 1.0404884 18 0 0 0 11
0.50540179 -0.69567949 1.2892243 18 0 0 0 11
0.41481876 -0.61038107 1.1398731 18 0 0 0 11
0.18149473 -0.65726799 0.84131163 18 0 0 0 11
0.5448187 -0.53526169 1.3232496 18 0 0 0 11
0.41415185 -0.63331181 1.1406863 18 0 0 0 11
0.035832155 -1.2972636 0.79653418 18 0 0 0 11
0.35851568 -0.9658829 1.1266972 18 0 0 0 11
0.13352028 -0.42267111 0.74450618 18 0 0 0 11
0.4940252 -0.50832033 1.2335951 18 0 0 0 11
0.54189289 -1.2429682 1.4549879 18 0 0 0 11
0.29725996 -0.59692246 0.99194795 18 0 0 0 11
0.1666636 -0.75874776 0.84338188 18 0 0 0 11
0.1240516 -0.99255162 0.83597946 18 0 0 0 11
0.4513658 -1.2218813 1.3342105 18 0 0 0 11
0.18229826 -0.93356985 0.89412111 18 0 0 0 11
0.45076621 -0.45679808 1.1531168 18 0 0 0 11
0.12596533 -0.5627532 0.75271672 18 0 0 0 11
0.29247212 -1.0496573 1.0665461 18 0 0 0 11
0.47800788 -0.79997969 1.2800065 18 0 0 0 11
0.33568609 -0.935772 1.1225964 18 0 0 0 11
0.17653467 -0.82961929 0.85109007 18 0 0 0 11
0.1394078 -0.44060215 0.75524718 18 0 0 0 11
0.1103242 -0.88203305 0.78542984 18 0 0 0 11
0.43025833 -1.2630614 1.2797792 18 0 0 0 11
0.0097963223 -1.181217 0.70032585 18 0 0 0 11
0.25672379 -1.0752609 1.0174289 18 0 0 0 11
0.41916549 -0.49365446 1.0714923 19 0 0 0 11
0.029375155 -1.3447647 0.78933173 19 0 0 0 11
0.3707822 -0.71978766 1.084154 19 0 0 0 11
0.045965243 -0.90409964 0.68278062 19 0 0 0 11
0.42105508 -0.5857206 1.1104949 19 0 0 0 11
0.2727305 -1.029635 1.0087626 19 0 0 0 11
0.075243495 -1.092627 0.77962714 19 0 0 0 11
0.37538484 -0.8315469 1.0995557 19 0 0 0 11
0.087727025 -0.6182611 0.67376471 19 0 0 0 11
0.41113615 -1.2675371 1.2872334 19 0 0 0 11
0.072411105 -0.97493351 0.75351733 19 0 0 0 11
0.15836202 -1.2343343 0.92123669 19 0 0 0 11
0.57210702 -0.86755246 1.3896135 19 0 0 0 11
0.3891525 -0.73910385 1.1313541 19 0 0 0 11
0.38528883 -1.3778647 1.2650394 19 0 0 0 11
0.49418402 -0.9458546 1.2675568 19 0 0 0 11
0.42204452 -0.57912499 1.09656 19 0 0 0 11
0.31027567 -0.87018859 1.0231383 19 0 0 0 11
0.239519 -1.3170443 1.032115 19 0 0 0 11
0.50888252 -0.82998848 1.3143804 19 0 0 0 11
0.21651717 -0.54445946 0.83068645 19 0 0 0 11
0.4877612 -1.2241106 1.3751324 19 0 0 0 11
0.13309711 -0.98712081 0.82946432 19 0 0 0 11
0.30650571 -0.77741086 0.99178237 19 0 0 0 11
0.024702685 -1.1543622 0.75368482 19 0 0 0 11
0.18312269 -1.0073273 0.90173644 19 0 0 0 11
0.36753431 -1.2182999 1.1929116 19 0 0 0 11
0.023283679 -0.86290818 0.63341486 19 0 0 0 11
0.29550546 -0.7501142 1.003127 19 0 0 0 11
0.25642669 -0.8940714 0.9695912 19 0 0 0 11
0.16232195 -1.1450491 0.91554326 19 0 0 0 11
0.15406594 -0.42402244 0.72055948 19 0 0 0 11
0.030642103 -0.80810267 0.65256435 19 0 0 0 11
0.32071707 -0.51056343 0.97094631 19 0 0 0 11
0.52896136 -1.113534 1.3413563 19 0 0 0 11
0.24534117 -0.99120271 0.97013903 19 0 0 0 11
0.4051007 -0.52415687 1.0643387 19 0 0 0 11
0.49802563 -0.81109995 1.2676805 19 0 0 0 11
0.41937003 -1.2933795 1.3150511 19 0 0 0 11
0.55106378 -0.99251109 1.3954698 19 0 0 0 11
-1.1862105 -0.385533 -0.95136559 0 0 0 0 12
-0.76470512 -1.0014864 -0.86012757 0 0 0 0 12
-1.0066305 -0.9964239 -0.73042125 0 0 0 0 12
-1.2315512 -0.81376022 -0.71927238 0 0 0 0 12
-1.4547803 -0.30345243 -0.84232271 0 0 0 0 12
-1.4640555 -0.93056923 -0.50213897 0 0 0 0 12
-1.5352693 -0.53369898 -0.66416663 0 0 0 0 12
-0.83654684 -0.67190552 -0.97721052 0 0 0 0 12
-1.4049206 -0.611673 -0.71078295 0 0 0 0 12
-0.90867305 -0.40769002 -1.0981823 0 0 0 0 12
-0.94471514 -0.196805 -1.1857116 0 0 0 0 12
-1.1064856 -0.64567798 -0.85036004 0 0 0 0 12
-1.2389927 -0.12044921 -1.0557631 0 0 0 0 12
-1.4627848 -0.89215404 -0.52064455 0 0 0 0 12
-0.94062614 -1.0202132 -0.76859921 0 0 0 0 12
-1.5790181 -0.65985274 -0.59325713 0 0 0 0 12
-1.3730868 -0.45975879 -0.8064397 0 0 0 0 12
-1.240146 -0.67169625 -0.78247422 0 0 0 0 12
-1.1398978 -0.86767 -0.71685869 0 0 0 0 12
-0.91012347 -0.42543626 -1.0837818 0 0 0 0 12
-1.5196635 -0.89933282 -0.49941713 0 0 0 0 12
-1.3047168 -0.66398388 -0.73790294 0 0 0 0 12
-1.4052582 -0.26143104 -0.87919998 0 0 0 0 12
-0.95885104 -0.82910615 -0.84511083 0 0 0 0 12
-0.95061445 -0.41535541 -1.0538617 0 0 0 0 12
-0.87144834 -0.88102347 -0.88022161 0 0 0 0 12
-0.94503123 -0.38695189 -1.0774999 0 0 0 0 12
-1.3863131 -0.20246992 -0.94903052 0 0 0 0 12
-1.4988608 -0.57068908 -0.70407951 0 0 0 0 12
-1.3244591 -0.079458579 -1.0044129 0 0 0 0 12
-1.2426937 -0.90385538 -0.65370482 0 0 0 0 12
-1.1750162 -0.19956577 -1.0567881 0 0 0 0 12
-0.96426958 -1.0056562 -0.75752503 0 0 0 0 12
-1.4073287 -0.14682548 -0.95946497 0 0 0 0 12
-1.14694 -0.37046972 -0.98182803 0 0 0 0 12
-0.85644096 -0.48678896 -1.073365 0 0 0 0 12
-0.68038756 -0.7251609 -1.031813 0 0 0 0 12
-1.4887339 -0.8661719 -0.55630505 0 0 0 0 12
-0.8810609 -0.45297188 -1.0751153 0 0 0 0 12
-1.1849347 -0.77349001 -0.74095494 0 0 0 0 12
-0.82310265 -0.20827124 -1.0571898 1 0 0 0 12
-1.5485628 -0.50462174 -0.52496827 1 0 0 0 12
-0.8018266 -0.21420249 -1.0726242 1 0 0 0 12
-1.4104128 -0.57989448 -0.54182315 1 0 0 0 12
-1.3482087 -0.067867279 -0.8590256 1 0 0 0 12
-1.3029262 -0.51847136 -0.63915455 1 0 0 0 12
-0.99680066 -0.68403077 -0.73827219 1 0 0 0 12
-1.5434858 -0.48401108 -0.54081637 1 0 0 0 12
-0.82543248 -0.98765057 -0.66859215 1 0 0 0 12
-0.8637805 -0.97652888 -0.64213657 1 0 0 0 12
-0.85942215 -0.8435092 -0.73352635 1 0 0 0 12
-0.71279943 -0.50114352 -0.98431337 1 0 0 0 12
-0.8450433 -0.36910513 -0.96377778 1 0 0 0 12
-1.3137665 -0.072204895 -0.862975 1 0 0 0 12
-1.0422016 -0.79253542 -0.67432666 1 0 0 0 12
-1.500798 -0.80191743 -0.40205759 1 0 0 0 12
-1.1044315 -0.44560757 -0.79357141 1 0 0 0 12
-1.2531874 -0.18207903 -0.81290519 1 0 0 0 12
-1.2435831 -0.58642501 -0.63597757 1 0 0 0 12
-1.4835685 -0.8575713 -0.35966024 1 0 0 0 12
-1.5780787 -0.70328736 -0.38873026 1 0 0 0 12
-1.1129905 -0.4895916 -0.76462299 1 0 0 0 12
-0.89647847 -0.84869903 -0.71193147 1 0 0 0 12
-1.2813034 -0.78704035 -0.51513606 1 0 0 0 12
-0.91467696 -0.21432975 -1.0135227 1 0 0 0 12
-1.3984534 -0.19930401 -0.7648285 1 0 0 0 12
-0.8245756 -0.36004993 -0.99035859 1 0 0 0 12
-1.2560024 -0.53384966 -0.66227359 1 0 0 0 12
-0.98434556 -0.16964775 -0.993361 1 0 0 0 12
-1.5831181 -0.50754774 -0.50598687 1 0 0 0 12
-0.7684688 -1.0259345 -0.6984458 1 0 0 0 12
-1.5773139 -0.53615028 -0.47018901 1 0 0 0 12
-0.83627689 -0.70806676 -0.81518328 1 0 0 0 12
-0.72151488 -0.53827459 -0.97807837 1 0 0 0 12
-0.70724428 -0.73329711 -0.86699498 1 0 0 0 12
-1.3842584 -0.68138391 -0.47507197 1 0 0 0 12
-1.2322149 -0.64386451 -0.59969997 1 0 0 0 12
-1.1796885 -0.6410886 -0.66067165 1 0 0 0 12
-1.1905367 -0.55887699 -0.68647557 1 0 0 0 12
-1.225575 -0.34288564 -0.78867227 1 0 0 0 12
-1.4674058 -0.5602771 -0.55850834 2 0 0 0 12
-0.82850772 -0.38101605 -0.99179798 2 0 0 0 12
-1.4811453 -0.75671959 -0.44748068 2 0 0 0 12
-1.0750635 -0.14525974 -0.96922278 2 0 0 0 12
-1.2291081 -0.41968995 -0.78351849 2 0 0 0 12
-0.89436263 -0.28075382 -1.0198092 2 0 0 0 12
-1.1300993 -0.47415653 -0.77155453 2 0 0 0 12
-0.94020951 -0.57114536 -0.82262933 2 0 0 0 12
-0.75220829 -0.25977105 -1.1159855 2 0 0 0 12
-0.84638709 -0.26512301 -1.0450001 2 0 0 0 12
-1.0184946 -0.3115592 -0.91557622 2 0 0 0 12
-1.1698093 -0.59693062 -0.71009719 2 0 0 0 12
-1.123944 -0.82948828 -0.61930817 2 0 0 0 12
-1.3857974 -0.048457153 -0.87274086 2 0 0 0 12
-1.0971525 -0.51717955 -0.76698655 2 0 0 0 12
-1.2022715 -0.76412183 -0.58266765 2 0 0 0 12
-1.045393 -0.090598807 -1.0319784 2 0 0 0 12
-1.4838275 -0.11823653 -0.77714109 2 0 0 0 12
-1.5207509 -0.53769624 -0.55395395 2 0 0 0 12
-0.69555455 -1.019958 -0.74233937 2 0 0 0 12
-0.70349979 -0.9014166 -0.77787656 2 0 0 0 12
-0.88864505 -0.13398252 -1.0929525 2 0 0 0 12
-1.5320617 -0.056625232 -0.75250745 2 0 0 0 12
-0.70600635 -1.0005456 -0.74923944 2 0 0 0 12
-1.059768 -0.27098617 -0.92190892 2 0 0 0 12
-1.1835328 -0.64690977 -0.66247362 2 0 0 0 12
-0.89289111 -0.70447636 -0.78086883 2 0 0 0 12
-0.79759479 -0.71008372 -0.85224843 2 0 0 0 12
-0.99569571 -0.84577245 -0.67284787 2 0 0 0 12
-0.90660292 -0.55388987 -0.86829793 2 0 0 0 12
-1.4191464 -0.70088881 -0.48238453 2 0 0 0 12
-1.2592499 -0.74692929 -0.57552767 2 0 0 0 12
-0.84536815 -0.16500844 -1.1057115 2 0 0 0 12
-1.3656201 -0.63449454 -0.56786829 2 0 0 0 12
-0.77798229 -0.59838289 -0.92320079 2 0 0 0 12
-1.0644616 -0.23333305 -0.92518204 2 0 0 0 12
-1.1558238 -0.73690182 -0.60970616 2 0 0 0 12
-0.70413983 -0.19443354 -1.1584848 2 0 0 0 12
-1.5214542 -0.28682086 -0.66511852 2 0 0 0 12
-0.87918228 -0.79522836 -0.76152533 2 0 0 0 12
-0.86417162 -0.56392384 -0.97065532 3 0 0 0 12
-0.86699772 -0.81106305 -0.86617827 3 0 0 0 12
-1.4611874 -0.60978806 -0.58980387 3 0 0 0 12
-1.3321277 -0.21384433 -0.87925696 3 0 0 0 12
-1.6012156 -0.5084691 -0.52838618 3 0 0 0 12
-1.1685616 -0.4576323 -0.8662706 3 0 0 0 12
-0.93600243 -0.16466968 -1.147824 3 0 0 0 12
-1.2679237 -0.40298408 -0.81327659 3 0 0 0 12
-1.5133864 -0.48865604 -0.59125698 3 0 0 0 12
-1.0811205 -0.92736077 -0.63397312 3 0 0 0 12
-1.5720638 -0.63063931 -0.48244515 3 0 0 0 12
-1.1832571 -0.89046794 -0.60488641 3 0 0 0 12
-1.6008486 -0.20250024 -0.7029109 3 0 0 0 12
-0.90770459 -0.18686567 -1.1410358 3 0 0 0 12
-0.89737403 -0.14096661 -1.1460652 3 0 0 0 12
-1.5156388 -0.74599761 -0.47725958 3 0 0 0 12
-1.209568 -0.50234818 -0.7866739 3 0 0 0 12
-1.1795787 -0.10761152 -1.0040146 3 0 0 0 12
-1.1474893 -0.66544336 -0.73064989 3 0 0 0 12
-0.96522319 -0.49006715 -0.96077663 3 0 0 0 12
-1.3599626 -0.72092462 -0.58931118 3 0 0 0 12
-1.044264 -0.87181306 -0.68516022 3 0 0 0 12
-1.1648513 -0.42652193 -0.87319368 3 0 0 0 12
-1.2801372 -0.56709713 -0.70495409 3 0 0 0 12
-1.2989178 -0.48191446 -0.7292254 3 0 0 0 12
-0.84299266 -0.44681591 -1.0424271 3 0 0 0 12
-1.2621119 -0.47584254 -0.78533185 3 0 0 0 12
-1.0643481 -0.93770999 -0.64197612 3 0 0 0 12
-0.88628733 -0.3997438 -1.0268658 3 0 0 0 12
-1.3216788 -0.12588444 -0.90236461 3 0 0 0 12
-0.84526491 -0.18143301 -1.1594719 3 0 0 0 12
-0.94096786 -0.71517307 -0.83384264 3 0 0 0 12
-1.6847522 -0.58737415 -0.47041756 3 0 0 0 12
-0.95529103 -0.61391675 -0.88492984 3 0 0 0 12
-0.9353193 -0.47965306 -0.9589442 3 0 0 0 12
-1.4845996 -0.090953238 -0.83011174 3 0 0 0 12
-1.0077204 -0.45198268 -0.92504483 3 0 0 0 12
-1.6946948 0.043603852 -0.75592327 3 0 0 0 12
-1.1910881 -0.34444129 -0.8519001 3 0 0 0 12
-1.3313004 -0.29808554 -0.82341897 3 0 0 0 12
-1.390331 -0.63816541 -0.80424792 4 0 0 0 12
-1.0834084 -0.4790777 -1.0537444 4 0 0 0 12
-1.1087654 -0.64441419 -0.95273811 4 0 0 0 12
-1.2929422 -0.74999869 -0.81477118 4 0 0 0 12
-1.1824193 -0.55094391 -0.95828289 4 0 0 0 12
-1.2064947 -0.44942537 -0.99478132 4 0 0 0 12
-1.515414 -0.54217678 -0.75696152 4 0 0 0 12
-1.1066073 -0.13270426 -1.2158437 4 0 0 0 12
-1.2667408 -0.64323145 -0.84481478 4 0 0 0 12
-1.1302612 -0.83384812 -0.85032845 4 0 0 0 12
-0.80679172 -0.83477968 -1.0143727 4 0 0 0 12
-1.3965472 -0.080526143 -1.0753558 4 0 0 0 12
-1.0464643 -1.0270982 -0.80711669 4 0 0 0 12
-1.4307714 -0.7239607 -0.74138945 4 0 0 0 12
-1.183436 -0.17395149 -1.145041 4 0 0 0 12
-1.4109211 -0.2677559 -0.96677774 4 0 0 0 12
-1.1529685 -0.71875304 -0.88734919 4 0 0 0 12
-0.93808037 -0.82628381 -0.97185683 4 0 0 0 12
-1.231976 -0.49415463 -0.97723925 4 0 0 0 12
-1.1641066 -0.17314321 -1.17863 4 0 0 0 12
-1.0569041 -0.43953007 -1.1143445 4 0 0 0 12
-0.8631866 -0.64095414 -1.1084065 4 0 0 0 12
-1.1841428 -0.87958622 -0.7834627 4 0 0 0 12
-1.0738505 -0.78259581 -0.92038816 4 0 0 0 12
-1.4044397 -0.66124445 -0.77519798 4 0 0 0 12
-1.0344214 -0.42062908 -1.1305165 4 0 0 0 12
-0.88136798 -0.63050807 -1.1127814 4 0 0 0 12
-0.86502409 -0.39331046 -1.2394794 4 0 0 0 12
-1.5126561 -0.41965088 -0.8283518 4 0 0 0 12
-0.93304282 -0.49569491 -1.1504184 4 0 0 0 12
-0.8977645 -0.55503982 -1.1243647 4 0 0 0 12
-1.6261705 -0.35381845 -0.77215099 4 0 0 0 12
-1.4542457 -0.68471247 -0.74219674 4 0 0 0 12
-1.4251919 -0.060800329 -1.0582182 4 0 0 0 12
-0.96584994 -0.6393562 -1.0434763 4 0 0 0 12
-1.054122 -0.6143409 -1.0058159 4 0 0 0 12
-1.3406773 -0.61343139 -0.83700699 4 0 0 0 12
-0.89361179 -0.630831 -1.1043112 4 0 0 0 12
-1.0532616 -0.63710582 -0.98785412 4 0 0 0 12
-1.4379058 -0.28424504 -0.94284272 4 0 0 0 12
-0.95729572 -0.28342545 -0.9107734 5 0 0 0 12
-1.1155921 -0.39027417 -0.76826483 5 0 0 0 12
-0.62023789 -0.35144806 -1.0547878 5 0 0 0 12
-0.77679837 -0.50200438 -0.91341722 5 0 0 0 12
-0.88601196 -0.64589095 -0.79041094 5 0 0 0 12
-0.75517887 -0.45286608 -0.93730569 5 0 0 0 12
-1.371587 -0.080097161 -0.75699455 5 0 0 0 12
-0.83529043 -0.3036086 -0.97501785 5 0 0 0 12
-1.2715582 -0.1966325 -0.7763918 5 0 0 0 12
-1.3884346 0.0347092 -0.8030616 5 0 0 0 12
-0.68440294 -0.48601529 -0.97358465 5 0 0 0 12
-1.1180991 -0.70461202 -0.63886237 5 0 0 0 12
-0.74421555 -0.33653811 -0.97561598 5 0 0 0 12
-1.0995859 -0.37558973 -0.78408021 5 0 0 0 12
-1.1435136 -0.38537899 -0.77421975 5 0 0 0 12
-1.3403635 -0.22993465 -0.70578849 5 0 0 0 12
-1.2954794 -0.48043284 -0.62544256 5 0 0 0 12
-1.4384779 -0.57347018 -0.48279512 5 0 0 0 12
-0.93975997 -0.2899358 -0.90610087 5 0 0 0 12
-1.1650664 -0.1951244 -0.83644015 5 0 0 0 12
-1.1128694 0.026847642 -0.94867456 5 0 0 0 12
-0.59592646 -0.16412131 -1.1693027 5 0 0 0 12
-1.3792356 0.0049327896 -0.79532987 5 0 0 0 12
-1.1289411 -0.0747113 -0.90577924 5 0 0 0 12
-1.1782336 -0.81619865 -0.52578342 5 0 0 0 12
-0.69870365 -0.23717378 -1.0773821 5 0 0 0 12
-1.2268236 -0.47835451 -0.67429513 5 0 0 0 12
-1.1758993 -0.6484226 -0.59885126 5 0 0 0 12
-1.4255786 -0.48071679 -0.54865855 5 0 0 0 12
-0.64475858 -0.32326093 -1.0475774 5 0 0 0 12
-0.94980991 -0.0040637739 -1.0206406 5 0 0 0 12
-0.72452998 -0.70008135 -0.84906602 5 0 0 0 12
-1.3295369 0.1041083 -0.86721307 5 0 0 0 12
-1.1020211 0.015364884 -0.96133947 5 0 0 0 12
-0.95456719 -0.30804408 -0.90341955 5 0 0 0 12
-1.3585203 -0.67546457 -0.50690925 5 0 0 0 12
-1.4138237 -0.22675526 -0.68593305 5 0 0 0 12
-0.64172333 -0.7482788 -0.8600328 5 0 0 0 12
-1.1441368 -0.036086641 -0.92533153 5 0 0 0 12
-1.3546913 -0.23569287 -0.70683575 5 0 0 0 12
-1.1186213 -0.79993773 -0.7470358 6 0 0 0 12
-0.76603365 -0.53805017 -1.1034561 6 0 0 0 12
-0.82186872 -0.75456691 -0.93441749 6 0 0 0 12
-0.96465027 -0.32588911 -1.0839911 6 0 0 0 12
-1.4500433 -0.86719298 -0.50605041 6 0 0 0 12
-0.98300159 -0.25200772 -1.1282469 6 0 0 0 12
-0.95721525 -0.72039163 -0.88833654 6 0 0 0 12
-1.249434 -0.90356022 -0.60522532 6 0 0 0 12
-1.4583613 -0.048979849 -0.95630211 6 0 0 0 12
-0.86069685 -0.38337934 -1.1269171 6 0 0 0 12
-0.95669425 -0.94201261 -0.75337845 6 0 0 0 12
-0.83403313 -1.0113267 -0.78861094 6 0 0 0 12
-0.99044305 -0.83297706 -0.79372323 6 0 0 0 12
-1.2912259 -0.1801095 -0.9899857 6 0 0 0 12
-1.1179312 -0.14675856 -1.0880108 6 0 0 0 12
-1.1539229 -0.91165763 -0.67927814 6 0 0 0 12
-1.2291651 -0.14897369 -1.0352044 6 0 0 0 12
-1.4072676 -0.63272297 -0.66973478 6 0 0 0 12
-0.86081392 -0.81755 -0.8852815 6 0 0 0 12
-1.4210135 -0.40471104 -0.77792579 6 0 0 0 12
-0.94985074 -0.20715153 -1.1613139 6 0 0 0 12
-1.2084332 -0.94710374 -0.60057151 6 0 0 0 12
-0.98022574 -0.7879231 -0.83560842 6 0 0 0 12
-1.5243628 -0.88759035 -0.4612425 6 0 0 0 12
-1.3447151 -0.61896652 -0.68324077 6 0 0 0 12
-1.1790861 -0.64552552 -0.79097509 6 0 0 0 12
-0.83211523 -0.62857473 -1.0084906 6 0 0 0 12
-0.95076591 -0.63128299 -0.92872703 6 0 0 0 12
-1.0063848 -0.65046495 -0.88850224 6 0 0 0 12
-0.76146108 -0.49514094 -1.1265482 6 0 0 0 12
-1.1790025 -0.76979655 -0.70917207 6 0 0 0 12
-1.4957364 -0.80721998 -0.53426903 6 0 0 0 12
-1.1983137 -0.78800052 -0.69506896 6 0 0 0 12
-1.1697276 -0.31548265 -0.97560161 6 0 0 0 12
-0.74302536 -0.57414317 -1.0749124 6 0 0 0 12
-1.1542493 -0.16308026 -1.0749421 6 0 0 0 12
-0.90187246 -0.4941408 -1.0492132 6 0 0 0 12
-1.1134429 -0.31658915 -1.0129045 6 0 0 0 12
-1.0205213 -0.60371059 -0.9204154 6 0 0 0 12
-1.3935357 -0.31881148 -0.84835565 6 0 0 0 12
-1.3488935 -0.52575487 -0.76527965 7 0 0 0 12
-1.4066358 -0.26536474 -0.85465348 7 0 0 0 12
-1.3748081 -0.69885731 -0.66371626 7 0 0 0 12
-0.86407626 -0.41747239 -1.1344966 7 0 0 0 12
-1.3374597 -0.89771295 -0.60690248 7 0 0 0 12
-1.1766216 -0.39199778 -0.92953849 7 0 0 0 12
-1.6506547 -0.72065532 -0.4959619 7 0 0 0 12
-1.2713413 -0.51746768 -0.82361466 7 0 0 0 12
-1.2065196 -0.9293766 -0.68544161 7 0 0 0 12
-1.3474834 -0.50531876 -0.8064881 7 0 0 0 12
-0.84814829 -0.96591276 -0.87055093 7 0 0 0 12
-0.88287109 -0.64675194 -1.0112886 7 0 0 0 12
-1.5051141 -0.70743757 -0.6099332 7 0 0 0 12
-1.6581002 -0.82888234 -0.43381202 7 0 0 0 12
-1.2430377 -0.25451782 -1.0026503 7 0 0 0 12
-0.99689561 -0.32567129 -1.0783741 7 0 0 0 12
-1.6198221 -0.20410104 -0.7811988 7 0 0 0 12
-0.90968132 -0.74407351 -0.92113161 7 0 0 0 12
-1.0607811 -0.2459776 -1.0858948 7 0 0 0 12
-1.2652402 -0.47428593 -0.87059075 7 0 0 0 12
-1.0659652 -0.1768412 -1.13867 7 0 0 0 12
-1.0487071 -0.1711525 -1.1443146 7 0 0 0 12
-0.85263449 -0.27806592 -1.210217 7 0 0 0 12
-1.183522 -0.78367013 -0.76412874 7 0 0 0 12
-1.5164475 -0.37291908 -0.76343644 7 0 0 0 12
-1.0249878 -0.1673301 -1.1631857 7 0 0 0 12
-1.378163 -0.21207817 -0.93419343 7 0 0 0 12
-0.93720186 -0.8111977 -0.89875716 7 0 0 0 12
-1.1043493 -0.52170455 -0.91001189 7 0 0 0 12
-0.96899539 -0.99909127 -0.7787351 7 0 0 0 12
-1.5830593 -0.55113643 -0.64842021 7 0 0 0 12
-1.3942585 -0.56743634 -0.74737787 7 0 0 0 12
-0.83974993 -0.64724249 -1.0469718 7 0 0 0 12
-1.1752089 -0.95507532 -0.66432971 7 0 0 0 12
-1.2583791 -0.73510063 -0.75921279 7 0 0 0 12
-1.1581206 -0.48312819 -0.94243526 7 0 0 0 12
-1.2778594 -0.090411566 -1.0528051 7 0 0 0 12
-1.5343053 -0.49166891 -0.69585449 7 0 0 0 12
-1.5957297 -0.79743522 -0.50514591 7 0 0 0 12
-1.0829813 -0.29695639 -1.0679171 7 0 0 0 12
-1.4086175 -0.22607966 -0.80052668 8 0 0 0 12
-0.78881091 -0.86636448 -0.8502605 8 0 0 0 12
-1.123112 -0.35782334 -0.91721916 8 0 0 0 12
-0.85305524 -0.46230623 -1.008633 8 0 0 0 12
-1.6229495 -0.016643437 -0.7546103 8 0 0 0 12
-1.2241495 -0.58909607 -0.72252613 8 0 0 0 12
-1.0956551 -0.23577271 -1.001721 8 0 0 0 12
-1.5824646 -0.11464518 -0.708664 8 0 0 0 12
-0.98039085 -0.38932523 -0.98464549 8 0 0 0 12
-0.99765939 -0.23640774 -1.0522746 8 0 0 0 12
-1.303231 -0.43972835 -0.75822848 8 0 0 0 12
-1.1052606 -0.50701517 -0.83377242 8 0 0 0 12
-0.93779409 -0.82010537 -0.81630647 8 0 0 0 12
-1.0415834 -0.26539287 -0.99935275 8 0 0 0 12
-0.87181091 -0.38026369 -1.0520946 8 0 0 0 12
-1.4838485 -0.065494254 -0.83772868 8 0 0 0 12
-0.85332489 -0.13425955 -1.1822124 8 0 0 0 12
-1.37244 -0.77801406 -0.5429377 8 0 0 0 12
-1.5579987 -0.44071186 -0.58539343 8 0 0 0 12
-0.99379599 -0.083636202 -1.1169456 8 0 0 0 12
-1.6142435 -0.18072961 -0.67897725 8 0 0 0 12
-1.1061097 -0.43011054 -0.89154607 8 0 0 0 12
-1.4664013 -0.63049412 -0.55784398 8 0 0 0 12
-1.5120856 -0.79851282 -0.43697602 8 0 0 0 12
-1.5490955 -0.058162313 -0.78278214 8 0 0 0 12
-1.5564331 -0.33136868 -0.64906853 8 0 0 0 12
-1.6306698 -0.096315518 -0.74090779 8 0 0 0 12
-1.1028101 -0.51218981 -0.85190672 8 0 0 0 12
-0.85638541 -0.52909648 -0.99908125 8 0 0 0 12
-1.1096716 -0.18170695 -0.99700731 8 0 0 0 12
-0.91035843 -0.48569995 -0.97812718 8 0 0 0 12
-1.6402911 -0.41899818 -0.56026876 8 0 0 0 12
-1.3666306 -0.46450189 -0.70001346 8 0 0 0 12
-0.84785789 -0.54607207 -0.99515581 8 0 0 0 12
-1.3220233 -0.80335891 -0.56848156 8 0 0 0 12
-1.0487431 -0.19626696 -1.0330727 8 0 0 0 12
-1.0616726 -0.76831412 -0.73101139 8 0 0 0 12
-1.3351108 -0.83885235 -0.52045089 8 0 0 0 12
-1.2793601 -0.18076435 -0.90039766 8 0 0 0 12
-1.5861796 -0.024749337 -0.77757663 8 0 0 0 12
-1.5434682 -0.67480886 -0.43996909 9 0 0 0 12
-1.5945464 -0.13375957 -0.69450366 9 0 0 0 12
-1.4751954 -0.71216643 -0.43801296 9 0 0 0 12
-1.1928303 -0.38468182 -0.80122918 9 0 0 0 12
-1.0189728 -0.4890846 -0.85025185 9 0 0 0 12
-1.4831681 -0.73847198 -0.43936414 9 0 0 0 12
-1.1822644 -0.90817267 -0.53221154 9 0 0 0 12
-1.0264291 -0.54436052 -0.81561404 9 0 0 0 12
-1.2038826 -0.64842683 -0.62913597 9 0 0 0 12
-0.84515542 -0.37030026 -1.0251948 9 0 0 0 12
-1.124209 -0.89682716 -0.57679158 9 0 0 0 12
-0.97431648 -1.0473672 -0.59967929 9 0 0 0 12
-0.83278149 -0.38260925 -1.0241525 9 0 0 0 12
-1.3659972 -0.6292749 -0.56311888 9 0 0 0 12
-1.3538245 -0.68619597 -0.55176723 9 0 0 0 12
-1.3480732 -0.60854971 -0.58064425 9 0 0 0 12
-1.4456061 -0.12263592 -0.76438707 9 0 0 0 12
-1.2762996 -0.7313723 -0.56613964 9 0 0 0 12
-1.5178483 -0.92533004 -0.31307083 9 0 0 0 12
-1.0659914 -0.66069078 -0.72563314 9 0 0 0 12
-1.3737299 -0.21911116 -0.75901544 9 0 0 0 12
-1.0126041 -0.49377021 -0.85637021 9 0 0 0 12
-1.0834759 -0.63439894 -0.72771144 9 0 0 0 12
-1.0421506 -0.921592 -0.6141898 9 0 0 0 12
-0.76875466 -0.59242618 -0.94892639 9 0 0 0 12
-1.1696029 -0.45450589 -0.77170771 9 0 0 0 12
-1.074959 -0.79652721 -0.62658292 9 0 0 0 12
-1.3428788 -0.34081677 -0.71555507 9 0 0 0 12
-1.2056389 -0.34069511 -0.8239243 9 0 0 0 12
-1.4030507 -0.76489455 -0.48708546 9 0 0 0 12
-0.93529063 -0.9556675 -0.66773081 9 0 0 0 12
-0.88881212 -0.7334581 -0.78727371 9 0 0 0 12
-1.2256261 -0.98284453 -0.46472675 9 0 0 0 12
-1.2449837 -0.45366576 -0.74020004 9 0 0 0 12
-0.81702554 -0.43249539 -0.99510115 9 0 0 0 12
-1.4124088 -0.16778992 -0.73716146 9 0 0 0 12
-0.82001227 -0.26554117 -1.0629854 9 0 0 0 12
-1.2973852 -0.63564295 -0.60444367 9 0 0 0 12
-1.5287491 -0.8657313 -0.3432259 9 0 0 0 12
-0.95803815 -0.89471614 -0.66103524 9 0 0 0 12
-1.4841288 -0.69605404 -0.55309981 10 0 0 0 12
-1.6051556 -0.22370808 -0.73457307 10 0 0 0 12
-1.3221018 -0.46939176 -0.75164074 10 0 0 0 12
-1.4235673 -0.078563072 -0.89932221 10 0 0 0 12
-1.096167 -0.88492674 -0.68129748 10 0 0 0 12
-1.6642798 -0.72444773 -0.41512659 10 0 0 0 12
-1.3751276 -0.72187626 -0.61819184 10 0 0 0 12
-1.6532285 -0.33001408 -0.64699256 10 0 0 0 12
-1.1745238 -0.37321162 -0.89524561 10 0 0 0 12
-0.95177847 -0.15225931 -1.1575558 10 0 0 0 12
-1.3386968 -0.4322831 -0.76961452 10 0 0 0 12
-1.7106235 -0.72859722 -0.42134833 10 0 0 0 12
-1.6524168 -0.065761879 -0.75972128 10 0 0 0 12
-1.6240973 -0.30568284 -0.65454555 10 0 0 0 12
-1.2991898 -0.013536723 -1.0077758 10 0 0 0 12
-1.5957843 -0.243714 -0.67325294 10 0 0 0 12
-1.430398 -0.39502481 -0.71783686 10 0 0 0 12
-1.6811143 -0.6940009 -0.43274099 10 0 0 0 12
-1.071229 -0.29164988 -1.0022671 10 0 0 0 12
-1.0985235 -0.64715004 -0.78214461 10 0 0 0 12
-1.6305819 0.0054949429 -0.81926161 10 0 0 0 12
-1.0281749 -0.40680668 -0.95909864 10 0 0 0 12
-1.5228344 -0.038756177 -0.85166746 10 0 0 0 12
-0.88317096 -0.90887225 -0.7702654 10 0 0 0 12
-0.88626587 -0.92303956 -0.78615826 10 0 0 0 12
-1.2593086 -0.39736387 -0.83215356 10 0 0 0 12
-0.97380513 -0.17206199 -1.085614 10 0 0 0 12
-1.2979348 -0.75840873 -0.63733226 10 0 0 0 12
-0.95565361 -0.40933058 -1.0226152 10 0 0 0 12
-0.90009755 -0.90881008 -0.80250537 10 0 0 0 12
-1.2073563 -0.63926643 -0.76018763 10 0 0 0 12
-1.685582 0.066820353 -0.81340384 10 0 0 0 12
-0.84043759 -0.69680405 -0.92476761 10 0 0 0 12
-0.98331732 -0.77769941 -0.82248384 10 0 0 0 12
-1.6349648 0.062717453 -0.83229589 10 0 0 0 12
-1.6439183 -0.23578288 -0.68550003 10 0 0 0 12
-1.3225397 -0.64345944 -0.65614259 10 0 0 0 12
-0.84668052 -0.51036245 -1.0087488 10 0 0 0 12
-1.0516917 -0.34926158 -0.99529368 10 0 0 0 12
-1.5262593 -0.35714197 -0.68281245 10 0 0 0 12
-0.96075857 -0.7402761 -0.83113724 11 0 0 0 12
-1.100642 -0.64064801 -0.80418509 11 0 0 0 12
-1.1699555 -0.41065693 -0.85952777 11 0 0 0 12
-0.76654601 -0.20226552 -1.1880711 11 0 0 0 12
-1.5478295 -0.46227622 -0.63612765 11 0 0 0 12
-1.2549419 -0.13169406 -0.94406313 11 0 0 0 12
-0.86675549 -0.089700751 -1.1513916 11 0 0 0 12
-1.159772 -0.23464544 -0.94936854 11 0 0 0 12
-1.2964945 -0.67668933 -0.68113196 11 0 0 0 12
-0.89335352 -0.66947246 -0.88426238 11 0 0 0 12
-0.97738039 -0.59737784 -0.85002625 11 0 0 0 12
-1.30646 -0.19971891 -0.88555294 11 0 0 0 12
-1.2051157 -0.49409455 -0.78367501 11 0 0 0 12
-0.94060606 -0.80138928 -0.77991349 11 0 0 0 12
-1.5564343 -0.32056773 -0.6875568 11 0 0 0 12
-1.1770496 -0.63652956 -0.72214729 11 0 0 0 12
-0.88277191 -0.44244978 -1.0042151 11 0 0 0 12
-1.3308482 -0.59212458 -0.68026507 11 0 0 0 12
-0.81747943 -0.3597137 -1.0669435 11 0 0 0 12
-1.5274204 -0.75011569 -0.49795255 11 0 0 0 12
-1.3185326 0.0063747424 -0.98008949 11 0 0 0 12
-1.2556032 -0.50726402 -0.77370942 11 0 0 0 12
-1.4824432 -0.73834348 -0.55075765 11 0 0 0 12
-1.4034543 -0.43806416 -0.6973955 11 0 0 0 12
-1.1146448 -0.51272273 -0.83433139 11 0 0 0 12
-1.1463399 -0.46831781 -0.84670919 11 0 0 0 12
-1.2738014 -0.21359062 -0.8977226 11 0 0 0 12
-1.000414 -0.49813214 -0.90141952 11 0 0 0 12
-1.2407737 -0.70156407 -0.66973251 11 0 0 0 12
-1.3545401 -0.8398692 -0.55815154 11 0 0 0 12
-0.84101838 -0.94722211 -0.76413751 11 0 0 0 12
-1.391219 -0.21040352 -0.82828701 11 0 0 0 12
-1.0061473 -0.92364961 -0.6998139 11 0 0 0 12
-0.99592006 -0.70192385 -0.82583934 11 0 0 0 12
-1.1560984 -0.5681923 -0.79832339 11 0 0 0 12
-0.75479692 -0.39387673 -1.0668877 11 0 0 0 12
-1.2379118 -0.12082717 -0.94944435 11 0 0 0 12
-1.1468991 -0.39006546 -0.8910535 11 0 0 0 12
-1.3444299 -0.03844754 -0.93469954 11 0 0 0 12
-1.1395782 -0.86618793 -0.6392951 11 0 0 0 12
-1.7568165 -0.46500599 -0.48050979 12 0 0 0 12
-0.98846918 -0.66972798 -0.88103449 12 0 0 0 12
-1.4450788 -0.017347695 -0.90707624 12 0 0 0 12
-1.2271539 -0.74599248 -0.68591237 12 0 0 0 12
-1.0412338 -0.584584 -0.89600652 12 0 0 0 12
-0.90802038 -0.68543935 -0.93421632 12 0 0 0 12
-0.97350806 -0.76031244 -0.86143041 12 0 0 0 12
-1.2112439 -0.36784497 -0.87976938 12 0 0 0 12
-1.4422864 -0.35355273 -0.75024617 12 0 0 0 12
-1.2670416 -0.4049665 -0.83728725 12 0 0 0 12
-1.548167 -0.78753126 -0.45199928 12 0 0 0 12
-1.1641201 -0.43613797 -0.87153149 12 0 0 0 12
-1.0296323 -0.51418144 -0.93002069 12 0 0 0 12
-1.2471642 -0.52091181 -0.80411696 12 0 0 0 12
-1.5788089 -0.54071444 -0.55921197 12 0 0 0 12
-1.0043207 -0.3128019 -1.0521055 12 0 0 0 12
-1.4216213 -0.7526114 -0.55936611 12 0 0 0 12
-1.704008 -0.72420174 -0.38241008 12 0 0 0 12
-1.2729346 -0.437103 -0.81922019 12 0 0 0 12
-0.90501136 -0.97208101 -0.79102564 12 0 0 0 12
-1.020368 -0.054603845 -1.1591609 12 0 0 0 12
-1.4887581 -0.034908298 -0.86830568 12 0 0 0 12
-1.4453065 -0.073390499 -0.87254792 12 0 0 0 12
-1.0918963 -0.22616285 -1.0595773 12 0 0 0 12
-1.5638022 -0.43274453 -0.59938681 12 0 0 0 12
-1.5380852 0.072483078 -0.89991218 12 0 0 0 12
-0.96772182 -0.9414618 -0.7401309 12 0 0 0 12
-1.2143486 -0.59803122 -0.7769888 12 0 0 0 12
-1.2151325 -0.88921916 -0.65004522 12 0 0 0 12
-1.1034245 -0.30860198 -0.98045129 12 0 0 0 12
-1.2100344 -0.7236104 -0.70871276 12 0 0 0 12
-1.3244489 -0.45807794 -0.77780217 12 0 0 0 12
-0.98494697 -0.81795585 -0.81686425 12 0 0 0 12
-1.2400438 -0.50981921 -0.81028229 12 0 0 0 12
-1.0862441 -0.14514402 -1.104753 12 0 0 0 12
-1.1940197 -0.61894506 -0.76027375 12 0 0 0 12
-1.4146874 -0.15274741 -0.86299413 12 0 0 0 12
-0.96579474 -0.75824803 -0.85673755 12 0 0 0 12
-1.155647 -0.211008 -1.0294148 12 0 0 0 12
-1.1695037 -0.13973597 -1.0223662 12 0 0 0 12
-1.1753961 -0.92807269 -0.59965593 13 0 0 0 12
-1.4258947 -0.94366908 -0.40980291 13 0 0 0 12
-1.1099492 -0.85578012 -0.67303264 13 0 0 0 12
-0.84420526 -1.0556891 -0.77571326 13 0 0 0 12
-1.5153348 -0.54027808 -0.60102063 13 0 0 0 12
-1.4850554 -0.27618611 -0.74912614 13 0 0 0 12
-1.278582 -0.53029346 -0.75047684 13 0 0 0 12
-0.94963878 -0.39058429 -1.0519563 13 0 0 0 12
-1.2418554 -0.45473325 -0.80587697 13 0 0 0 12
-1.5120134 -0.17988777 -0.79424083 13 0 0 0 12
-1.1671983 -0.95086527 -0.5789808 13 0 0 0 12
-1.4673167 -0.24720854 -0.78604817 13 0 0 0 12
-1.1162419 -0.56047189 -0.81840581 13 0 0 0 12
-1.4867431 -0.47439462 -0.64298755 13 0 0 0 12
-0.77855217 -1.0058491 -0.79449767 13 0 0 0 12
-1.3796651 -0.30149746 -0.82537353 13 0 0 0 12
-0.78138959 -0.76682293 -0.95196247 13 0 0 0 12
-0.82218564 -0.8599391 -0.85335314 13 0 0 0 12
-1.5026075 -0.63222629 -0.56386453 13 0 0 0 12
-1.1961606 -0.76622474 -0.67135584 13 0 0 0 12
-1.3905013 -0.71716422 -0.58714032 13 0 0 0 12
-1.2385491 -0.30157989 -0.91028625 13 0 0 0 12
-0.81664914 -0.86700684 -0.83956087 13 0 0 0 12
-1.2927625 -1.0113113 -0.47314298 13 0 0 0 12
-0.83668703 -0.8992697 -0.83332682 13 0 0 0 12
-1.5977466 -0.4182891 -0.61943811 13 0 0 0 12
-0.98461539 -1.0686473 -0.65228868 13 0 0 0 12
-0.7929107 -0.43035996 -1.1219182 13 0 0 0 12
-1.3604668 -0.94650888 -0.44497564 13 0 0 0 12
-1.5732006 -0.33154821 -0.66800791 13 0 0 0 12
-1.23814 -0.26062438 -0.92876047 13 0 0 0 12
-0.80588222 -0.8145712 -0.89922798 13 0 0 0 12
-1.2630877 -0.36760029 -0.85329425 13 0 0 0 12
-1.4784584 -0.5959549 -0.59591091 13 0 0 0 12
-1.2192787 -0.91410547 -0.5815261 13 0 0 0 12
-0.8599937 -0.87490749 -0.82401896 13 0 0 0 12
-1.0452906 -0.53350788 -0.87582809 13 0 0 0 12
-1.340901 -0.35020435 -0.79701138 13 0 0 0 12
-1.4367399 -0.42695802 -0.71770024 13 0 0 0 12
-1.2919385 -0.50283456 -0.7648899 13 0 0 0 12
-1.0205921 -0.61447155 -0.93774927 14 0 0 0 12
-0.91915774 -0.85320938 -0.85856915 14 0 0 0 12
-1.5964227 -0.20810667 -0.7758382 14 0 0 0 12
-0.82852083 -0.2340671 -1.2227844 14 0 0 0 12
-1.2565212 -0.30998179 -0.963287 14 0 0 0 12
-1.4896896 0.001608407 -0.98048431 14 0 0 0 12
-1.1706983 -0.50964493 -0.87182879 14 0 0 0 12
-1.196134 -0.071624324 -1.1040328 14 0 0 0 12
-1.3526351 -0.070199572 -1.0130095 14 0 0 0 12
-1.5042721 -0.75028497 -0.52977717 14 0 0 0 12
-1.2695276 -0.70639497 -0.72495395 14 0 0 0 12
-0.77487385 -0.78903788 -0.96977526 14 0 0 0 12
-0.87082487 -0.67464662 -0.97311205 14 0 0 0 12
-1.2253624 -0.34460947 -0.91589051 14 0 0 0 12
-0.90394962 -0.51830226 -1.0409882 14 0 0 0 12
-1.0540195 -0.17006369 -1.1309537 14 0 0 0 12
-1.034732 -0.16893075 -1.1423912 14 0 0 0 12
-1.1382393 -0.057063129 -1.1151913 14 0 0 0 12
-1.5284201 -0.34249094 -0.75424433 14 0 0 0 12
-0.79975438 -0.78958368 -0.95785183 14 0 0 0 12
-0.81745398 -0.20439476 -1.2228752 14 0 0 0 12
-0.77743095 -0.94297457 -0.91068524 14 0 0 0 12
-1.2293944 -0.22303477 -0.99093443 14 0 0 0 12
-1.29781 -0.27231759 -0.94325548 14 0 0 0 12
-0.89995807 -0.30778316 -1.1415913 14 0 0 0 12
-1.1095403 -0.79470909 -0.79118884 14 0 0 0 12
-1.4938538 -0.58712316 -0.65976554 14 0 0 0 12
-1.0189217 -0.87304544 -0.78170294 14 0 0 0 12
-0.91994786 -0.43976408 -1.0870414 14 0 0 0 12
-1.5795768 -0.60622317 -0.58108342 14 0 0 0 12
-1.1372274 -0.63210285 -0.85110277 14 0 0 0 12
-1.0006045 -0.81198466 -0.83747292 14 0 0 0 12
-1.1685431 -0.69706076 -0.80291367 14 0 0 0 12
-1.3902175 -0.71704006 -0.66510773 14 0 0 0 12
-0.86989349 -0.62782162 -0.99275261 14 0 0 0 12
-1.1686029 -0.77312911 -0.74887747 14 0 0 0 12
-1.2356006 -0.1572662 -1.0095168 14 0 0 0 12
-1.5623615 -0.55823112 -0.63590175 14 0 0 0 12
-0.82759506 -0.86034781 -0.92101449 14 0 0 0 12
-1.5611386 -0.1308593 -0.8436982 14 0 0 0 12
-1.4964252 -0.24463806 -0.88806391 15 0 0 0 12
-1.160696 -0.57979882 -0.91553831 15 0 0 0 12
-1.1318061 -0.62629133 -0.88459265 15 0 0 0 12
-1.0327277 -1.0035954 -0.7648983 15 0 0 0 12
-1.2033914 -0.77104205 -0.75817233 15 0 0 0 12
-1.6456827 -0.38468388 -0.72817701 15 0 0 0 12
-1.2864957 -0.10625206 -1.066945 15 0 0 0 12
-0.90618569 -0.29654279 -1.2264751 15 0 0 0 12
-1.1908841 -0.60618848 -0.88481307 15 0 0 0 12
-1.0006207 -0.33661482 -1.1436554 15 0 0 0 12
-1.1593087 -0.71481228 -0.86738253 15 0 0 0 12
-0.82674277 -0.78261751 -0.98870325 15 0 0 0 12
-1.583364 -0.73396045 -0.58193219 15 0 0 0 12
-1.2655015 -0.98707557 -0.64797914 15 0 0 0 12
-0.96569592 -0.29700196 -1.1535333 15 0 0 0 12
-1.6780401 -0.22090915 -0.81901073 15 0 0 0 12
-1.559347 -0.33419949 -0.78817958 15 0 0 0 12
-1.4530565 -0.65333408 -0.71002221 15 0 0 0 12
-1.5301496 -0.4613764 -0.76826733 15 0 0 0 12
-1.3810974 -0.34597772 -0.90786546 15 0 0 0 12
-0.90997261 -1.0452565 -0.80231702 15 0 0 0 12
-1.2540107 -0.24285874 -1.0176213 15 0 0 0 12
-1.236338 -0.91531938 -0.68768144 15 0 0 0 12
-1.3186612 -0.47649515 -0.89202189 15 0 0 0 12
-1.3160299 -0.978863 -0.61511159 15 0 0 0 12
-1.1757027 -0.18561943 -1.1161308 15 0 0 0 12
-1.6497495 -0.069176517 -0.895643 15 0 0 0 12
-0.9328751 -0.60387784 -1.0236026 15 0 0 0 12
-1.132293 -0.22020921 -1.1086391 15 0 0 0 12
-0.82784438 -1.0295311 -0.85535842 15 0 0 0 12
-1.0667119 -1.0118449 -0.75386125 15 0 0 0 12
-1.5984236 -0.089967296 -0.90991783 15 0 0 0 12
-1.4731491 -0.37797117 -0.85041243 15 0 0 0 12
-0.84940004 -0.4627924 -1.1469941 15 0 0 0 12
-1.5564908 -0.076208167 -0.94321674 15 0 0 0 12
-1.4628505 -0.62242502 -0.72533941 15 0 0 0 12
-1.0672601 -0.95464623 -0.77815783 15 0 0 0 12
-0.95165372 -0.17302802 -1.2236404 15 0 0 0 12
-1.0262493 -0.54841137 -1.0110204 15 0 0 0 12
-1.6405808 -0.43735284 -0.70707202 15 0 0 0 12
-1.2346655 -0.39712533 -0.74622017 16 0 0 0 12
-0.90727693 -0.6181823 -0.82699484 16 0 0 0 12
-1.5687695 -0.28860059 -0.62015539 16 0 0 0 12
-1.2718841 -0.56239122 -0.6335364 16 0 0 0 12
-1.0769476 -0.01930923 -1.0518155 16 0 0 0 12
-1.2646577 -0.10116731 -0.89148998 16 0 0 0 12
-1.1350801 -0.12408404 -0.96665889 16 0 0 0 12
-1.526812 -0.64881182 -0.43081328 16 0 0 0 12
-1.0556519 -0.06148719 -1.0355296 16 0 0 0 12
-1.3234131 -0.16265114 -0.80997205 16 0 0 0 12
-0.90786934 -0.6736365 -0.79534644 16 0 0 0 12
-1.1280928 -0.29891044 -0.8769421 16 0 0 0 12
-0.9279235 -0.78117359 -0.71459514 16 0 0 0 12
-0.82970762 -0.072468407 -1.175027 16 0 0 0 12
-1.594354 -0.49455509 -0.47135982 16 0 0 0 12
-1.000962 -0.50775748 -0.82159251 16 0 0 0 12
-0.81735379 -0.46041286 -0.96928412 16 0 0 0 12
-1.3178587 -0.66923922 -0.54086536 16 0 0 0 12
-1.5826856 -0.20273283 -0.61635989 16 0 0 0 12
-1.5459312 0.095774822 -0.83176124 16 0 0 0 12
-1.0093958 -0.2593081 -0.98012489 16 0 0 0 12
-1.5933392 -0.094440199 -0.70574898 16 0 0 0 12
-1.2028797 -0.26684833 -0.85232937 16 0 0 0 12
-0.87397581 -0.87522924 -0.70257336 16 0 0 0 12
-1.4662694 -0.3149665 -0.65150136 16 0 0 0 12
-1.292654 -0.24843474 -0.80033308 16 0 0 0 12
-0.94779372 -0.71002644 -0.77391392 16 0 0 0 12
-0.86946684 -0.84573638 -0.70283449 16 0 0 0 12
-1.3890675 -0.61214399 -0.51225948 16 0 0 0 12
-0.83247292 -0.72124457 -0.7866652 16 0 0 0 12
-0.81422788 -0.29386029 -1.0698903 16 0 0 0 12
-0.86297423 -0.22956222 -1.0582058 16 0 0 0 12
-1.4286383 0.056767207 -0.85497075 16 0 0 0 12
-1.0819585 -0.15781659 -0.98006147 16 0 0 0 12
-0.84611481 -0.23915061 -1.0787526 16 0 0 0 12
-0.81659865 -0.41732028 -0.98902714 16 0 0 0 12
-1.56736 -0.54259443 -0.44376153 16 0 0 0 12
-1.0179285 -0.50990582 -0.80759245 16 0 0 0 12
-1.3186281 -0.56984454 -0.59378999 16 0 0 0 12
-1.6008264 -0.13422038 -0.63881755 16 0 0 0 12
-1.3889978 -0.73360705 -0.60277492 17 0 0 0 12
-0.8453629 -0.67777616 -0.96400762 17 0 0 0 12
-1.4179937 -0.39965606 -0.7796455 17 0 0 0 12
-1.2739165 -0.50640136 -0.79517132 17 0 0 0 12
-1.1472642 -0.52578688 -0.89927375 17 0 0 0 12
-1.0888855 -0.76728737 -0.76732808 17 0 0 0 12
-1.5433482 -0.65355802 -0.53857452 17 0 0 0 12
-1.1483147 -0.83854878 -0.69953972 17 0 0 0 12
-1.1045153 -0.78256953 -0.78105408 17 0 0 0 12
-1.2272121 -0.32451713 -0.93817931 17 0 0 0 12
-1.1381347 -0.26981235 -1.0332353 17 0 0 0 12
-1.52125 -0.52436578 -0.66195363 17 0 0 0 12
-1.3464742 -0.85703295 -0.57807785 17 0 0 0 12
-1.294152 -0.63338763 -0.72717559 17 0 0 0 12
-1.4047829 -0.66895396 -0.64836884 17 0 0 0 12
-1.4057338 -0.40934631 -0.8044728 17 0 0 0 12
-1.3951093 -0.5297628 -0.73306936 17 0 0 0 12
-0.96897101 -0.52182496 -0.95175356 17 0 0 0 12
-0.94185013 -0.69813937 -0.88937896 17 0 0 0 12
-0.82259607 -1.0423138 -0.78611451 17 0 0 0 12
-1.3817803 -0.89870435 -0.51863456 17 0 0 0 12
-0.86887473 -0.98181337 -0.80035806 17 0 0 0 12
-1.1574686 -0.26741433 -1.0266111 17 0 0 0 12
-1.234072 -0.74697 -0.67673779 17 0 0 0 12
-1.393036 -0.53655946 -0.69447684 17 0 0 0 12
-1.3455437 -0.80025512 -0.60198593 17 0 0 0 12
-1.3010211 -0.84394872 -0.60111445 17 0 0 0 12
-0.88676232 -1.0525788 -0.75601161 17 0 0 0 12
-0.95109916 -0.87043804 -0.81472361 17 0 0 0 12
-1.2648972 -0.89582741 -0.6178416 17 0 0 0 12
-1.2213757 -0.39863613 -0.88164783 17 0 0 0 12
-1.2226363 -0.77385831 -0.68901402 17 0 0 0 12
-0.87924242 -0.95489782 -0.80332071 17 0 0 0 12
-0.82973462 -0.51917917 -1.0807738 17 0 0 0 12
-1.2681671 -0.8941232 -0.60664517 17 0 0 0 12
-0.83844399 -0.82464796 -0.90140164 17 0 0 0 12
-1.3179967 -0.51519048 -0.78968483 17 0 0 0 12
-1.0846803 -0.73674792 -0.78719693 17 0 0 0 12
-1.5259656 -0.25014588 -0.83216482 17 0 0 0 12
-1.4522682 -0.8535099 -0.49199915 17 0 0 0 12
-1.2270991 -0.38825804 -0.89950275 18 0 0 0 12
-0.91876417 -0.22867301 -1.1368791 18 0 0 0 12
-1.5831926 -0.56868839 -0.62591344 18 0 0 0 12
-1.1767783 -0.55389017 -0.85538441 18 0 0 0 12
-1.6107812 -0.13878441 -0.79355872 18 0 0 0 12
-1.5494576 -0.22351982 -0.79674768 18 0 0 0 12
-1.5326194 -0.58944654 -0.61868125 18 0 0 0 12
-1.3716617 -0.21402332 -0.92147493 18 0 0 0 12
-1.0298951 -0.72069037 -0.83708668 18 0 0 0 12
-1.3581173 -0.90223622 -0.54260582 18 0 0 0 12
-1.1059138 -0.34630981 -0.99505919 18 0 0 0 12
-1.3092073 -0.18243128 -0.95859373 18 0 0 0 12
-1.2716635 -0.3289102 -0.90547097 18 0 0 0 12
-1.2011819 -0.54749405 -0.84183884 18 0 0 0 12
-1.1004903 -0.16295482 -1.08684 18 0 0 0 12
-1.1407361 -0.34078726 -0.97349274 18 0 0 0 12
-1.3928936 -0.33685201 -0.82338876 18 0 0 0 12
-1.4522425 -0.29604349 -0.82184291 18 0 0 0 12
-1.4757577 -0.67166859 -0.61860693 18 0 0 0 12
-1.0223801 -0.16672345 -1.1075935 18 0 0 0 12
-1.2321986 -0.3086924 -0.9512012 18 0 0 0 12
-0.91814119 -0.88774443 -0.82480562 18 0 0 0 12
-1.0575001 -0.34944391 -1.0183043 18 0 0 0 12
-1.5669289 -0.67992669 -0.55693358 18 0 0 0 12
-1.5675138 -0.48266122 -0.67285961 18 0 0 0 12
-1.497961 -0.66259295 -0.6069842 18 0 0 0 12
-1.5254915 -0.2047613 -0.82173949 18 0 0 0 12
-1.4955025 -0.74593157 -0.58038801 18 0 0 0 12
-1.5708538 -0.69705915 -0.56500465 18 0 0 0 12
-0.95179862 -0.96660924 -0.72971088 18 0 0 0 12
-1.2856826 -0.91989994 -0.59441537 18 0 0 0 12
-0.90339136 -1.0012691 -0.76337135 18 0 0 0 12
-1.0129359 -0.83518386 -0.80376101 18 0 0 0 12
-1.0538099 -0.66335559 -0.84332013 18 0 0 0 12
-0.92475152 -0.37664282 -1.0587299 18 0 0 0 12
-1.5524788 -0.79928261 -0.50215864 18 0 0 0 12
-1.3841016 -0.39257553 -0.81728405 18 0 0 0 12
-1.5048155 -0.9026053 -0.48191959 18 0 0 0 12
-1.210086 -0.82632041 -0.6866374 18 0 0 0 12
-1.3421096 -0.33731741 -0.90380079 18 0 0 0 12
-1.0141703 -0.97003019 -0.76459247 19 0 0 0 12
-1.0292213 -0.44880018 -1.0231017 19 0 0 0 12
-1.0640324 -0.34672761 -1.0630111 19 0 0 0 12
-1.6242591 -0.78464341 -0.49566716 19 0 0 0 12
-1.5015792 -0.56221759 -0.70366859 19 0 0 0 12
-1.2340089 -0.47651663 -0.87283486 19 0 0 0 12
-1.5514314 -0.69502735 -0.60713494 19 0 0 0 12
-1.5215834 -0.18906917 -0.88438106 19 0 0 0 12
-0.98130542 -0.14768283 -1.2230572 19 0 0 0 12
-1.4911126 -0.13810147 -0.92978883 19 0 0 0 12
-1.3304704 -0.27857751 -0.9597885 19 0 0 0 12
-1.6109388 -0.85457373 -0.47868976 19 0 0 0 12
-1.0303043 -0.13312669 -1.1997812 19 0 0 0 12
-1.4579476 -0.6453675 -0.67968255 19 0 0 0 12
-1.2449857 -0.5202741 -0.87323743 19 0 0 0 12
-1.5252676 -0.81900543 -0.56935591 19 0 0 0 12
-1.2005686 -0.29460928 -0.99200499 19 0 0 0 12
-1.2086794 -0.75667274 -0.79319459 19 0 0 0 12
-1.195832 -0.3788614 -0.97070032 19 0 0 0 12
-1.4416171 -0.16708428 -0.9460755 19 0 0 0 12
-0.89677161 -0.61663836 -1.0318861 19 0 0 0 12
-0.9216966 -0.49071753 -1.0935179 19 0 0 0 12
-1.4621239 -0.64321923 -0.69108391 19 0 0 0 12
-0.84426349 -0.94980913 -0.87647915 19 0 0 0 12
-1.6605948 -0.52132481 -0.6370557 19 0 0 0 12
-1.6491386 -0.47812244 -0.66331047 19 0 0 0 12
-1.3655992 -0.80724037 -0.66383606 19 0 0 0 12
-0.85997576 -0.19183512 -1.2404983 19 0 0 0 12
-1.4188732 -0.30776343 -0.87711656 19 0 0 0 12
-1.3513047 -0.6991874 -0.70725042 19 0 0 0 12
-0.94221878 -0.64829558 -0.96252447 19 0 0 0 12
-1.0991855 -0.97918266 -0.7377578 19 0 0 0 12
-1.357903 -0.60790366 -0.76115829 19 0 0 0 12
-1.5544971 -0.3154861 -0.80645066 19 0 0 0 12
-1.3926153 -0.12907656 -0.98958552 19 0 0 0 12
-1.2893434 -0.15860718 -1.0336119 19 0 0 0 12
-1.4338667 -0.79673612 -0.64436924 19 0 0 0 12
-1.0200953 -0.71478742 -0.88997257 19 0 0 0 12
-1.0209059 -0.62532109 -0.93269253 19 0 0 0 12
-0.98361772 -0.55647594 -1.0160944 19 0 0 0 12
-1.7744027 -0.84647948 -1.6537901 0 0 0 0 13
-1.9508407 -0.76053745 -1.587164 0 0 0 0 13
-2.0093834 -1.2911226 -2.2471759 0 0 0 0 13
-1.4979577 -0.70970404 -1.3530537 0 0 0 0 13
-2.1018331 -0.6691739 -1.5057552 0 0 0 0 13
-1.7986592 -0.79653871 -1.5749104 0 0 0 0 13
-1.9257623 -1.2031356 -2.118948 0 0 0 0 13
-2.1149654 -1.1982108 -2.147269 0 0 0 0 13
-1.870833 -1.150081 -2.0368552 0 0 0 0 13
-1.7379899 -0.95302325 -1.7694554 0 0 0 0 13
-1.5400453 -1.208159 -1.9986185 0 0 0 0 13
-1.8491002 -1.2046833 -2.0998001 0 0 0 0 13
-1.5580409 -1.1843903 -1.9847815 0 0 0 0 13
-1.5816209 -0.91567105 -1.6675858 0 0 0 0 13
-2.1045675 -0.79065025 -1.6374571 0 0 0 0 13
-2.0955384 -1.198742 -2.1628227 0 0 0 0 13
-1.9361567 -0.93233681 -1.7962171 0 0 0 0 13
-2.3438551 -0.73427868 -1.641977 0 0 0 0 13
-1.4330394 -0.88145381 -1.5832682 0 0 0 0 13
-2.1702273 -0.9237268 -1.8264085 0 0 0 0 13
-1.7181828 -0.67619139 -1.3976732 0 0 0 0 13
-1.8685973 -1.0271393 -1.8971876 0 0 0 0 13
-1.6401554 -0.6459837 -1.3634423 0 0 0 0 13
-1.4534117 -1.0114396 -1.7432125 0 0 0 0 13
-1.4723207 -1.1613271 -1.9117252 0 0 0 0 13
-2.2359691 -0.73907077 -1.6299282 0 0 0 0 13
-2.2043769 -0.88823211 -1.8111655 0 0 0 0 13
-1.6372037 -0.90086395 -1.6351575 0 0 0 0 13
-2.1324742 -1.0502441 -1.9937937 0 0 0 0 13
-1.7334151 -0.67660505 -1.4240881 0 0 0 0 13
-2.2681763 -0.96353716 -1.9332132 0 0 0 0 13
-2.2287686 -0.94230121 -1.914232 0 0 0 0 13
-1.6563673 -0.73808855 -1.4597235 0 0 0 0 13
-1.6456462 -0.6816839 -1.4159161 0 0 0 0 13
-1.8461328 -0.93356073 -1.7486545 0 0 0 0 13
-1.3567842 -1.2887254 -2.0217147 0 0 0 0 13
-1.7474864 -0.80319506 -1.5660287 0 0 0 0 13
-1.9753369 -1.047115 -1.917572 0 0 0 0 13
-2.1211448 -1.1454852 -2.1024833 0 0 0 0 13
-2.0180256 -0.86609501 -1.7258551 0 0 0 0 13
-2.1722748 -1.1605481 -2.1127117 1 0 0 0 13
-1.8045826 -0.83756733 -1.601125 1 0 0 0 13
-1.4760052 -0.73858207 -1.3426461 1 0 0 0 13
-2.1021345 -1.0796531 -1.9992284 1 0 0 0 13
-1.6096568 -0.80076659 -1.4431558 1 0 0 0 13
-1.6802208 -0.92235786 -1.6360248 1 0 0 0 13
-1.8748033 -1.1526201 -1.9822773 1 0 0 0 13
-1.5769703 -0.94679314 -1.656889 1 0 0 0 13
-1.6327705 -0.93035352 -1.6147518 1 0 0 0 13
-1.6310662 -0.89341116 -1.5621401 1 0 0 0 13
-2.2307444 -1.0831091 -2.0419343 1 0 0 0 13
-1.7426946 -0.5922929 -1.2379185 1 0 0 0 13
-1.5941584 -1.0189325 -1.732939 1 0 0 0 13
-2.0706298 -0.56311709 -1.3511598 1 0 0 0 13
-2.3855729 -0.58989698 -1.4695576 1 0 0 0 13
-1.460899 -0.89995563 -1.5546079 1 0 0 0 13
-1.9419312 -0.94398224 -1.7799091 1 0 0 0 13
-1.7556201 -0.76697642 -1.4758499 1 0 0 0 13
-1.5977907 -0.69423133 -1.3079411 1 0 0 0 13
-1.680807 -0.72111171 -1.3819366 1 0 0 0 13
-2.2021699 -0.79151136 -1.6807677 1 0 0 0 13
-1.5794584 -1.1392618 -1.9021997 1 0 0 0 13
-1.7487265 -0.67066795 -1.3383287 1 0 0 0 13
-1.6068655 -0.63255221 -1.2462296 1 0 0 0 13
-1.6443977 -0.78466296 -1.4854543 1 0 0 0 13
-1.5440809 -0.83439887 -1.4704484 1 0 0 0 13
-1.7699653 -0.95949346 -1.7350887 1 0 0 0 13
-1.417883 -1.1396058 -1.8512301 1 0 0 0 13
-2.2101972 -1.1546834 -2.0698357 1 0 0 0 13
-2.0010464 -0.79796237 -1.5614897 1 0 0 0 13
-1.8061079 -0.90604359 -1.6529045 1 0 0 0 13
-1.5557477 -0.92310941 -1.5944864 1 0 0 0 13
-2.3271654 -0.81948483 -1.7788244 1 0 0 0 13
-2.1007285 -0.98979628 -1.8573257 1 0 0 0 13
-1.4673361 -1.2068584 -1.905533 1 0 0 0 13
-1.5397816 -0.97354937 -1.6742287 1 0 0 0 13
-1.6834294 -1.2075977 -2.004596 1 0 0 0 13
-1.5166352 -1.2050891 -1.9117494 1 0 0 0 13
-2.1603396 -0.74440902 -1.5895526 1 0 0 0 13
-2.2577028 -0.7028482 -1.5816888 1 0 0 0 13
-1.8141365 -0.94943637 -1.7003888 2 0 0 0 13
-1.5254698 -0.64209282 -1.2468203 2 0 0 0 13
-1.7153937 -0.70279491 -1.4047647 2 0 0 0 13
-2.2010281 -1.0211658 -1.9412185 2 0 0 0 13
-2.2926629 -0.92068034 -1.8494143 2 0 0 0 13
-1.674028 -0.92449367 -1.6735973 2 0 0 0 13
-1.4860077 -1.1476117 -1.8718553 2 0 0 0 13
-1.9803593 -0.61699229 -1.3613398 2 0 0 0 13
-1.5761815 -0.70432562 -1.3448424 2 0 0 0 13
-1.6110364 -1.0494486 -1.755385 2 0 0 0 13
-2.025526 -0.7939871 -1.6143239 2 0 0 0 13
-1.9310684 -1.0125604 -1.8434654 2 0 0 0 13
-2.20186 -0.94056004 -1.8329939 2 0 0 0 13
-2.1311102 -0.86060846 -1.7081972 2 0 0 0 13
-1.6670097 -0.96802157 -1.6987668 2 0 0 0 13
-1.8475287 -0.70612437 -1.440643 2 0 0 0 13
-2.164077 -1.1395903 -2.056989 2 0 0 0 13
-1.6743213 -1.0642241 -1.8346605 2 0 0 0 13
-1.5942718 -0.5738706 -1.2250314 2 0 0 0 13
-2.2950752 -0.6635114 -1.5355633 2 0 0 0 13
-2.2593365 -0.94870329 -1.8568906 2 0 0 0 13
-2.2208269 -0.82657129 -1.7174312 2 0 0 0 13
-2.1721323 -0.63034683 -1.3957791 2 0 0 0 13
-1.9174343 -0.73464376 -1.5068688 2 0 0 0 13
-2.2463751 -0.72203952 -1.5977979 2 0 0 0 13
-1.5339626 -0.58569407 -1.2117331 2 0 0 0 13
-1.9883547 -0.98003477 -1.8296771 2 0 0 0 13
-1.6412804 -0.59359401 -1.2394929 2 0 0 0 13
-1.557871 -0.69281542 -1.3430393 2 0 0 0 13
-1.9547832 -0.91440839 -1.7208072 2 0 0 0 13
-2.1209316 -0.65915316 -1.4509076 2 0 0 0 13
-2.2828438 -0.63050556 -1.4801239 2 0 0 0 13
-1.4234427 -1.1706307 -1.9058164 2 0 0 0 13
-1.9339632 -0.83721799 -1.611238 2 0 0 0 13
-1.6960341 -0.89388365 -1.6283172 2 0 0 0 13
-1.5773047 -1.0749854 -1.8034483 2 0 0 0 13
-1.5966841 -0.59249377 -1.2166977 2 0 0 0 13
-2.1903362 -1.2267927 -2.1525393 2 0 0 0 13
-1.4984747 -0.93597764 -1.6196126 2 0 0 0 13
-1.5104367 -1.1991063 -1.9387455 2 0 0 0 13
-2.145113 -1.1748416 -2.0421619 3 0 0 0 13
-2.1616411 -0.66538239 -1.4308058 3 0 0 0 13
-1.6417661 -1.0247675 -1.7345721 3 0 0 0 13
-1.980346 -0.92042935 -1.6549851 3 0 0 0 13
-1.6940171 -0.85490215 -1.5217712 3 0 0 0 13
-1.776239 -0.76970756 -1.4610416 3 0 0 0 13
-1.8247784 -0.5718509 -1.234224 3 0 0 0 13
-1.6642467 -0.94156122 -1.6206284 3 0 0 0 13
-2.2129886 -1.0431759 -1.9133297 3 0 0 0 13
-2.0509219 -0.8078931 -1.5702206 3 0 0 0 13
-1.6610649 -0.66286117 -1.2781854 3 0 0 0 13
-2.3202648 -0.95438623 -1.829402 3 0 0 0 13
-2.1437593 -0.86838466 -1.6769944 3 0 0 0 13
-2.1379628 -0.99097544 -1.8100514 3 0 0 0 13
-2.5077238 -0.62082565 -1.4821472 3 0 0 0 13
-1.8725703 -0.60828495 -1.2877338 3 0 0 0 13
-1.6453357 -1.037053 -1.7450323 3 0 0 0 13
-1.7973081 -1.0911974 -1.8272448 3 0 0 0 13
-1.653789 -1.0756279 -1.7466141 3 0 0 0 13
-2.1097863 -0.93528467 -1.7684485 3 0 0 0 13
-2.1099257 -0.80938113 -1.5880966 3 0 0 0 13
-1.6988372 -0.72051853 -1.3854795 3 0 0 0 13
-1.7523198 -1.1627316 -1.9179126 3 0 0 0 13
-2.0796428 -0.89545238 -1.7038031 3 0 0 0 13
-2.1930912 -0.57245368 -1.3133738 3 0 0 0 13
-2.0758138 -0.8066718 -1.5700904 3 0 0 0 13
-1.9980773 -0.56495887 -1.2905121 3 0 0 0 13
-2.2851744 -1.2013062 -2.1223779 3 0 0 0 13
-2.1052396 -1.0160978 -1.8246346 3 0 0 0 13
-1.8462489 -0.67820776 -1.3682623 3 0 0 0 13
-2.3380954 -0.73830634 -1.5973837 3 0 0 0 13
-1.6910487 -1.1677812 -1.9014486 3 0 0 0 13
-2.0456898 -0.92999703 -1.7308382 3 0 0 0 13
-1.8456248 -1.1532056 -1.9048947 3 0 0 0 13
-2.1741309 -0.80265611 -1.6053975 3 0 0 0 13
-2.1197565 -1.0577986 -1.8851659 3 0 0 0 13
-2.218437 -0.69337368 -1.4617035 3 0 0 0 13
-1.634961 -0.90259808 -1.5771048 3 0 0 0 13
-1.6483185 -0.66604781 -1.297539 3 0 0 0 13
-2.2779188 -0.99575895 -1.874055 3 0 0 0 13
-1.6801417 -0.65636253 -1.4244914 4 0 0 0 13
-1.9858569 -0.99682695 -1.9735748 4 0 0 0 13
-2.3590472 -0.62060016 -1.6132126 4 0 0 0 13
-1.7057415 -0.65542477 -1.4523587 4 0 0 0 13
-2.1323373 -0.90047032 -1.8791431 4 0 0 0 13
-1.7480233 -1.0935516 -1.9937212 4 0 0 0 13
-1.8737006 -0.8807385 -1.7574699 4 0 0 0 13
-1.5660739 -1.0033418 -1.84269 4 0 0 0 13
-1.7789769 -0.99777442 -1.8735365 4 0 0 0 13
-1.5777702 -1.239501 -2.1020157 4 0 0 0 13
-2.4225008 -0.85410559 -1.9010412 4 0 0 0 13
-1.9107933 -1.1602685 -2.1157355 4 0 0 0 13
-1.5925981 -0.75190157 -1.5084014 4 0 0 0 13
-1.8907968 -0.97379696 -1.8846505 4 0 0 0 13
-2.2988818 -1.1423216 -2.2365358 4 0 0 0 13
-1.9359319 -1.0381075 -1.9694242 4 0 0 0 13
-1.8165717 -1.1878526 -2.1282296 4 0 0 0 13
-1.3947557 -1.2341644 -2.0403361 4 0 0 0 13
-2.2455277 -1.0562166 -2.0848939 4 0 0 0 13
-1.6615747 -1.2109121 -2.1120629 4 0 0 0 13
-1.8607334 -1.1435677 -2.0625246 4 0 0 0 13
-2.4700074 -0.75024509 -1.8099592 4 0 0 0 13
-1.7645378 -0.65920079 -1.4784629 4 0 0 0 13
-1.9325597 -1.2796649 -2.238008 4 0 0 0 13
-1.7643222 -1.0530335 -1.9468645 4 0 0 0 13
-1.7163854 -0.75706464 -1.5612929 4 0 0 0 13
-1.668065 -0.79196995 -1.5776931 4 0 0 0 13
-1.5944756 -0.97431248 -1.8037353 4 0 0 0 13
-2.3511393 -1.0204462 -2.0929151 4 0 0 0 13
-2.1691344 -1.1737438 -2.2337909 4 0 0 0 13
-1.6180373 -1.2181081 -2.1001139 4 0 0 0 13
-1.8750553 -1.1860399 -2.1256101 4 0 0 0 13
-1.8591901 -0.83678168 -1.7123411 4 0 0 0 13
-2.12622 -0.77972949 -1.7432686 4 0 0 0 13
-2.3451188 -0.65650207 -1.6735791 4 0 0 0 13
-2.0881503 -0.6721738 -1.5964147 4 0 0 0 13
-1.6305087 -0.95787686 -1.778952 4 0 0 0 13
-1.5235286 -1.213951 -2.0449257 4 0 0 0 13
-1.7732745 -0.82417327 -1.6646866 4 0 0 0 13
-1.8228993 -1.2043781 -2.1473143 4 0 0 0 13
-2.188252 -0.5309276 -1.6664909 5 0 0 0 13
-1.6053786 -0.50518757 -1.3946265 5 0 0 0 13
-1.8624742 -0.49713969 -1.4702328 5 0 0 0 13
-1.8348554 -0.91351259 -1.9741379 5 0 0 0 13
-2.052608 -0.47650331 -1.5282897 5 0 0 0 13
-1.6356502 -1.0225357 -2.0326633 5 0 0 0 13
-1.64777 -0.98073816 -1.9570436 5 0 0 0 13
-2.1254458 -0.69025767 -1.8156276 5 0 0 0 13
-1.428583 -0.53286499 -1.3466344 5 0 0 0 13
-1.6771219 -0.70025235 -1.6517661 5 0 0 0 13
-1.4521813 -0.50843847 -1.311555 5 0 0 0 13
-1.5423486 -0.72146171 -1.6207203 5 0 0 0 13
-1.4809957 -0.72155857 -1.5950824 5 0 0 0 13
-1.7145816 -0.80163085 -1.7791466 5 0 0 0 13
-2.0266819 -0.66347623 -1.7120055 5 0 0 0 13
-2.0976908 -0.96333706 -2.1590817 5 0 0 0 13
-2.0466993 -0.52415848 -1.5877782 5 0 0 0 13
-2.2331846 -0.75332028 -1.9558145 5 0 0 0 13
-1.4862784 -1.0436604 -1.9792379 5 0 0 0 13
-1.5829934 -0.46048418 -1.320978 5 0 0 0 13
-1.3735247 -1.0806539 -1.9788188 5 0 0 0 13
-1.9287126 -0.77941179 -1.84912 5 0 0 0 13
-1.4728694 -0.74353743 -1.6172899 5 0 0 0 13
-1.437862 -0.74057782 -1.5713837 5 0 0 0 13
-1.9957142 -0.66109306 -1.7268834 5 0 0 0 13
-1.6511217 -0.86326694 -1.8260874 5 0 0 0 13
-2.0402293 -0.91370147 -2.0497503 5 0 0 0 13
-1.3963975 -0.83656108 -1.7077985 5 0 0 0 13
-1.3788564 -0.97292995 -1.8714515 5 0 0 0 13
-1.4761221 -0.58505851 -1.4324508 5 0 0 0 13
-1.4873916 -0.97108954 -1.9281365 5 0 0 0 13
-1.8366723 -0.58298683 -1.5845195 5 0 0 0 13
-1.2727349 -1.053423 -1.9303497 5 0 0 0 13
-1.7425466 -0.4328813 -1.3457727 5 0 0 0 13
-1.6728511 -0.99910998 -2.0217226 5 0 0 0 13
-2.2141414 -0.68401778 -1.8510273 5 0 0 0 13
-1.9611729 -0.56112027 -1.5950476 5 0 0 0 13
-1.8631322 -0.4409889 -1.4086962 5 0 0 0 13
-1.9612528 -0.43856236 -1.4319789 5 0 0 0 13
-1.4976717 -0.81718534 -1.7043916 5 0 0 0 13
-1.9772625 -0.81235301 -1.6538807 6 0 0 0 13
-1.5144291 -1.0080121 -1.7223155 6 0 0 0 13
-1.8922453 -0.67190605 -1.470562 6 0 0 0 13
-1.5340797 -1.2388586 -1.9793031 6 0 0 0 13
-1.7589893 -1.2034786 -2.0427728 6 0 0 0 13
-1.7619772 -1.0603349 -1.8767694 6 0 0 0 13
-1.9706606 -0.93804938 -1.790363 6 0 0 0 13
-1.8565564 -1.2898561 -2.1380923 6 0 0 0 13
-1.9541471 -1.0327327 -1.8998944 6 0 0 0 13
-1.6122737 -1.0940226 -1.8308549 6 0 0 0 13
-1.741225 -1.2917087 -2.1101768 6 0 0 0 13
-2.2096236 -0.97218072 -1.8855294 6 0 0 0 13
-1.7058611 -0.76370406 -1.5136771 6 0 0 0 13
-1.645062 -1.277395 -2.0598669 6 0 0 0 13
-1.8449038 -1.1997354 -2.0665231 6 0 0 0 13
-1.3793716 -1.2000098 -1.8772281 6 0 0 0 13
-2.2492266 -0.70966464 -1.6095635 6 0 0 0 13
-1.8397425 -0.79780924 -1.5699043 6 0 0 0 13
-1.5156265 -0.98750842 -1.6910568 6 0 0 0 13
-1.5697836 -0.68314028 -1.3694748 6 0 0 0 13
-2.1246772 -1.0895377 -2.0116293 6 0 0 0 13
-2.3034575 -1.0282125 -1.9885572 6 0 0 0 13
-2.2341824 -1.1113327 -2.0918803 6 0 0 0 13
-2.1966188 -1.1288507 -2.1108527 6 0 0 0 13
-2.1424119 -1.0872858 -2.0340428 6 0 0 0 13
-1.9971266 -0.89921618 -1.7613245 6 0 0 0 13
-1.830765 -1.2301847 -2.097291 6 0 0 0 13
-1.4747498 -0.92606175 -1.6253196 6 0 0 0 13
-2.017812 -0.89700776 -1.7561151 6 0 0 0 13
-1.5048507 -0.78556752 -1.4655675 6 0 0 0 13
-1.4938523 -0.90683728 -1.5987135 6 0 0 0 13
-1.6454451 -0.66044116 -1.3695128 6 0 0 0 13
-2.1768742 -0.86513674 -1.8115028 6 0 0 0 13
-1.4051421 -0.98119903 -1.6423092 6 0 0 0 13
-1.7565377 -1.2213346 -2.0358899 6 0 0 0 13
-1.6150498 -0.92840219 -1.6860373 6 0 0 0 13
-1.8458239 -1.0017302 -1.8258244 6 0 0 0 13
-2.2008581 -1.0690178 -2.0184953 6 0 0 0 13
-1.5533754 -0.91899204 -1.6337448 6 0 0 0 13
-1.8231689 -1.2578304 -2.1128616 6 0 0 0 13
-1.4873002 -1.0695616 -1.8263543 7 0 0 0 13
-2.490211 -0.75393683 -1.7787015 7 0 0 0 13
-2.3199842 -0.96755642 -1.9676777 7 0 0 0 13
-2.1379576 -0.9083463 -1.8571417 7 0 0 0 13
-2.116487 -0.75696719 -1.6637954 7 0 0 0 13
-2.351388 -0.86816287 -1.8869959 7 0 0 0 13
-1.9272544 -0.94959795 -1.8309914 7 0 0 0 13
-2.1419759 -0.72277808 -1.6254565 7 0 0 0 13
-2.0945702 -0.9368909 -1.8974193 7 0 0 0 13
-1.8486232 -1.1298714 -2.0115805 7 0 0 0 13
-2.0705276 -0.67947477 -1.5581924 7 0 0 0 13
-1.6589437 -1.1141056 -1.9253161 7 0 0 0 13
-2.3579471 -0.71180761 -1.6700892 7 0 0 0 13
-1.8479121 -0.72259963 -1.5231308 7 0 0 0 13
-1.6339742 -0.97222394 -1.7446419 7 0 0 0 13
-1.7892113 -0.92344856 -1.7243226 7 0 0 0 13
-2.3610287 -0.91651285 -1.9390253 7 0 0 0 13
-1.6278177 -1.0263129 -1.8052523 7 0 0 0 13
-1.9978417 -0.9820683 -1.8725139 7 0 0 0 13
-2.0567107 -1.0309358 -1.9595448 7 0 0 0 13
-1.8217335 -0.78030717 -1.5786862 7 0 0 0 13
-1.91755 -0.94241053 -1.8193327 7 0 0 0 13
-1.8757071 -0.73414975 -1.5329669 7 0 0 0 13
-1.7075006 -1.0871346 -1.9039857 7 0 0 0 13
-2.0082974 -0.80990219 -1.7032317 7 0 0 0 13
-2.2621982 -1.1817749 -2.1909387 7 0 0 0 13
-1.9685402 -1.1124252 -2.0363722 7 0 0 0 13
-1.4879415 -1.2132754 -1.9719573 7 0 0 0 13
-1.9204797 -0.84304535 -1.6902305 7 0 0 0 13
-1.6758405 -0.63035351 -1.3445079 7 0 0 0 13
-2.3704233 -1.166003 -2.2470336 7 0 0 0 13
-1.9304361 -1.0933506 -1.9653167 7 0 0 0 13
-2.2009141 -0.62635648 -1.5223272 7 0 0 0 13
-2.2660697 -0.86238581 -1.8620228 7 0 0 0 13
-1.6984973 -1.0972129 -1.9190016 7 0 0 0 13
-1.8355734 -1.1210896 -1.9817578 7 0 0 0 13
-1.6821334 -0.86142927 -1.6509645 7 0 0 0 13
-1.9257299 -0.65414846 -1.486094 7 0 0 0 13
-2.4476857 -0.93316442 -1.9607817 7 0 0 0 13
-2.361902 -1.1436315 -2.2356148 7 0 0 0 13
-1.5948817 -0.94854462 -1.7692232 8 0 0 0 13
-2.358536 -0.55669636 -1.5634218 8 0 0 0 13
-2.2459393 -1.0294046 -2.0471625 8 0 0 0 13
-1.8479993 -0.91462976 -1.8019766 8 0 0 0 13
-1.6630632 -0.96644211 -1.7979419 8 0 0 0 13
-1.5482705 -0.92897773 -1.7138017 8 0 0 0 13
-1.5784371 -0.92134386 -1.7011067 8 0 0 0 13
-1.5517455 -0.99172211 -1.8015859 8 0 0 0 13
-2.1688776 -0.62016904 -1.529796 8 0 0 0 13
-1.6580091 -0.93935907 -1.773669 8 0 0 0 13
-2.4223239 -0.93652308 -1.9739395 8 0 0 0 13
-2.2847743 -0.93131524 -1.9860334 8 0 0 0 13
-1.765102 -0.89550555 -1.7233065 8 0 0 0 13
-2.1647117 -0.54410249 -1.4733217 8 0 0 0 13
-2.1668422 -1.0806483 -2.1044302 8 0 0 0 13
-2.0039449 -0.56614792 -1.455433 8 0 0 0 13
-1.9229035 -0.79824388 -1.675651 8 0 0 0 13
-1.4597317 -1.0090525 -1.7687572 8 0 0 0 13
-1.723107 -1.0430452 -1.9116464 8 0 0 0 13
-2.1583881 -0.86623085 -1.8156899 8 0 0 0 13
-1.5739173 -0.99461067 -1.8095361 8 0 0 0 13
-2.3854198 -1.0084319 -2.0351894 8 0 0 0 13
-1.4530854 -0.98962474 -1.7721845 8 0 0 0 13
-1.898868 -0.87127388 -1.7603765 8 0 0 0 13
-2.2525482 -1.0999787 -2.1483226 8 0 0 0 13
-2.1495221 -0.95971406 -1.9416047 8 0 0 0 13
-1.8830091 -0.67060512 -1.5034603 8 0 0 0 13
-2.0080121 -0.78363591 -1.707013 8 0 0 0 13
-2.1409595 -0.69227391 -1.6172537 8 0 0 0 13
-1.932502 -0.52449614 -1.3775342 8 0 0 0 13
-1.766685 -0.77521968 -1.5923729 8 0 0 0 13
-2.020592 -0.96771532 -1.9193319 8 0 0 0 13
-1.7843171 -0.75835359 -1.5953224 8 0 0 0 13
-1.6684828 -0.78588724 -1.6028908 8 0 0 0 13
-1.9748491 -0.82885075 -1.7453643 8 0 0 0 13
-1.7226491 -0.63436913 -1.4339714 8 0 0 0 13
-2.3573937 -0.76042569 -1.7596376 8 0 0 0 13
-1.6741288 -1.005133 -1.8660234 8 0 0 0 13
-1.6466601 -0.53495997 -1.2781342 8 0 0 0 13
-2.1517961 -1.0076995 -2.015502 8 0 0 0 13
-1.6509384 -0.67105788 -1.1776981 9 0 0 0 13
-1.952687 -0.94830084 -1.6138455 9 0 0 0 13
-1.6186138 -1.1055135 -1.680391 9 0 0 0 13
-2.0319686 -0.82793987 -1.4849755 9 0 0 0 13
-1.6235837 -0.88199961 -1.4151002 9 0 0 0 13
-1.631273 -0.80018806 -1.3267602 9 0 0 0 13
-1.3749352 -1.1951144 -1.6892653 9 0 0 0 13
-1.8415233 -0.65783352 -1.2015148 9 0 0 0 13
-1.6268837 -0.64709157 -1.1306355 9 0 0 0 13
-1.8610539 -0.80188233 -1.3797581 9 0 0 0 13
-1.8945882 -0.78696865 -1.3714651 9 0 0 0 13
-1.4639612 -1.0040789 -1.4970465 9 0 0 0 13
-1.8303385 -0.95488191 -1.5630674 9 0 0 0 13
-2.4149384 -0.75824594 -1.494205 9 0 0 0 13
-2.1121871 -1.0267954 -1.7348566 9 0 0 0 13
-1.9943228 -0.93561465 -1.5777667 9 0 0 0 13
-2.1410747 -0.97763556 -1.6735517 9 0 0 0 13
-1.5533658 -0.91677845 -1.4159424 9 0 0 0 13
-2.013109 -0.89038032 -1.512153 9 0 0 0 13
-1.6178689 -1.2665049 -1.8741006 9 0 0 0 13
-2.1528063 -0.709373 -1.345786 9 0 0 0 13
-1.9536974 -1.0365436 -1.6979978 9 0 0 0 13
-1.4913421 -1.2383466 -1.8117085 9 0 0 0 13
-2.1157298 -1.0585208 -1.7483256 9 0 0 0 13
-1.571825 -0.78267211 -1.3046956 9 0 0 0 13
-1.667601 -0.66446817 -1.1450558 9 0 0 0 13
-1.7486383 -1.2809385 -1.9012843 9 0 0 0 13
-1.9829918 -0.7220313 -1.3259497 9 0 0 0 13
-1.7210827 -1.2659869 -1.8738171 9 0 0 0 13
-2.2601819 -0.82083195 -1.508894 9 0 0 0 13
-2.248522 -0.96150774 -1.6697601 9 0 0 0 13
-2.1308148 -0.94784987 -1.6232345 9 0 0 0 13
-2.2884328 -0.91068387 -1.6349947 9 0 0 0 13
-1.6828451 -0.79324996 -1.3291173 9 0 0 0 13
-1.3393118 -1.2943734 -1.8103509 9 0 0 0 13
-1.3725178 -1.2370681 -1.7480072 9 0 0 0 13
-2.4399683 -0.78528023 -1.5056438 9 0 0 0 13
-1.4850277 -1.2604045 -1.8078368 9 0 0 0 13
-1.7384022 -1.1331886 -1.7525896 9 0 0 0 13
-1.691146 -1.2448698 -1.8662872 9 0 0 0 13
-1.8501213 -0.82373434 -1.6329681 10 0 0 0 13
-2.381984 -0.54776192 -1.5260394 10 0 0 0 13
-1.5172976 -0.9459455 -1.6645131 10 0 0 0 13
-2.328619 -1.0882691 -2.1301603 10 0 0 0 13
-1.9481292 -0.71285528 -1.5427012 10 0 0 0 13
-2.0136552 -1.125862 -2.058248 10 0 0 0 13
-1.9529489 -0.86376733 -1.7358832 10 0 0 0 13
-2.2395735 -0.54416424 -1.4465604 10 0 0 0 13
-1.6418792 -0.97092456 -1.7516005 10 0 0 0 13
-1.7821032 -1.1414431 -1.9930421 10 0 0 0 13
-1.7564998 -1.094111 -1.9242482 10 0 0 0 13
-1.4854118 -1.0384794 -1.7479266 10 0 0 0 13
-1.8274345 -0.81581509 -1.6389607 10 0 0 0 13
-1.811007 -1.0702109 -1.9266429 10 0 0 0 13
-2.0314732 -0.69196486 -1.5378578 10 0 0 0 13
-1.8007977 -0.57967901 -1.3618346 10 0 0 0 13
-2.4574702 -0.6682514 -1.6820004 10 0 0 0 13
-1.4868922 -1.1602547 -1.9300203 10 0 0 0 13
-2.2740886 -0.85299969 -1.8450423 10 0 0 0 13
-1.7105485 -1.1428905 -1.9789723 10 0 0 0 13
-2.2521014 -1.0783045 -2.1046457 10 0 0 0 13
-2.527149 -0.68206298 -1.7046759 10 0 0 0 13
-2.4484782 -0.61514467 -1.5938653 10 0 0 0 13
-2.4049246 -0.67979646 -1.6565728 10 0 0 0 13
-2.1176188 -0.58150512 -1.4078583 10 0 0 0 13
-1.647962 -0.61300474 -1.3315493 10 0 0 0 13
-1.8423513 -0.92576903 -1.7330534 10 0 0 0 13
-1.9947737 -1.1362714 -2.0698531 10 0 0 0 13
-1.9379979 -1.0729007 -1.9961785 10 0 0 0 13
-1.8769996 -1.1155978 -1.9958206 10 0 0 0 13
-1.76414 -0.98667878 -1.791057 10 0 0 0 13
-2.1580935 -0.99830735 -1.9710342 10 0 0 0 13
-2.1319265 -0.67829031 -1.5960153 10 0 0 0 13
-1.9311402 -1.107114 -2.0347316 10 0 0 0 13
-1.8745199 -0.82547927 -1.6492107 10 0 0 0 13
-2.3115954 -0.99129587 -1.9903488 10 0 0 0 13
-2.3074367 -0.67102307 -1.6090318 10 0 0 0 13
-1.8815676 -0.7744258 -1.5907241 10 0 0 0 13
-1.7445886 -0.79949069 -1.5672255 10 0 0 0 13
-2.4465995 -0.62209159 -1.6205612 10 0 0 0 13
-1.5100349 -0.64782172 -1.4728794 11 0 0 0 13
-1.9279121 -1.074627 -2.1318824 11 0 0 0 13
-2.3054018 -0.52735144 -1.6043931 11 0 0 0 13
-1.6065544 -0.64379007 -1.4847482 11 0 0 0 13
-1.7853916 -1.0022625 -1.9950105 11 0 0 0 13
-1.5096736 -1.0427794 -1.9391787 11 0 0 0 13
-2.2687252 -0.65203387 -1.7335402 11 0 0 0 13
-1.950262 -0.57202381 -1.5296458 11 0 0 0 13
-2.0062361 -0.821998 -1.8734827 11 0 0 0 13
-2.0447783 -0.56206799 -1.5385975 11 0 0 0 13
-2.0013609 -1.0214783 -2.104785 11 0 0 0 13
-1.793071 -0.94794226 -1.9722358 11 0 0 0 13
-1.8624282 -1.0703576 -2.1272981 11 0 0 0 13
-2.0927196 -0.51252723 -1.5448977 11 0 0 0 13
-1.9307956 -0.9317919 -1.9693568 11 0 0 0 13
-2.2130148 -0.69962066 -1.81082 11 0 0 0 13
-1.8956795 -0.67346084 -1.6464612 11 0 0 0 13
-2.2296946 -0.83520949 -1.976632 11 0 0 0 13
-1.6303698 -0.62014258 -1.5083538 11 0 0 0 13
-2.135916 -0.65193605 -1.7293497 11 0 0 0 13
-1.8913735 -0.93515408 -1.970075 11 0 0 0 13
-1.4147044 -0.86947626 -1.6564157 11 0 0 0 13
-2.1355016 -0.82608342 -1.9298017 11 0 0 0 13
-2.1872616 -1.0484891 -2.2172542 11 0 0 0 13
-1.9654319 -1.011147 -2.0871658 11 0 0 0 13
-1.7205981 -0.59106791 -1.471467 11 0 0 0 13
-2.2578716 -0.60185713 -1.7252178 11 0 0 0 13
-2.4140356 -0.49609652 -1.637568 11 0 0 0 13
-1.4341848 -1.0254568 -1.8775808 11 0 0 0 13
-1.7953755 -0.57474959 -1.4961081 11 0 0 0 13
-1.8731248 -0.67078042 -1.6261793 11 0 0 0 13
-2.030087 -0.56394976 -1.5306208 11 0 0 0 13
-2.0506983 -0.71266019 -1.7522984 11 0 0 0 13
-2.1855514 -0.48101631 -1.5149611 11 0 0 0 13
-1.4556072 -1.0805883 -1.9557233 11 0 0 0 13
-1.7046052 -0.90531653 -1.8463297 11 0 0 0 13
-1.4279081 -1.0215768 -1.906581 11 0 0 0 13
-1.7048259 -0.58027494 -1.4492518 11 0 0 0 13
-1.6459935 -0.65517253 -1.5135149 11 0 0 0 13
-1.4233395 -0.92379993 -1.7747382 11 0 0 0 13
-1.7079241 -0.90217495 -1.696189 12 0 0 0 13
-2.3381181 -0.55701452 -1.4814771 12 0 0 0 13
-2.1169257 -0.93403935 -1.8858765 12 0 0 0 13
-2.2002044 -0.81263685 -1.7520005 12 0 0 0 13
-1.8450992 -0.96925676 -1.8316548 12 0 0 0 13
-2.5438662 -0.51191038 -1.5146147 12 0 0 0 13
-1.8618336 -0.94885683 -1.8110697 12 0 0 0 13
-1.6671944 -0.81403995 -1.5775137 12 0 0 0 13
-1.8234267 -0.73404759 -1.5387963 12 0 0 0 13
-2.5189197 -0.73108703 -1.7566307 12 0 0 0 13
-1.7576048 -1.0004997 -1.8510287 12 0 0 0 13
-1.8394775 -0.52961904 -1.3368412 12 0 0 0 13
-2.4911215 -0.59480494 -1.5795476 12 0 0 0 13
-2.0541747 -0.48402524 -1.3290468 12 0 0 0 13
-1.7412047 -0.55446529 -1.3301619 12 0 0 0 13
-2.2384608 -0.81468993 -1.7839204 12 0 0 0 13
-2.4425969 -0.56896776 -1.5530354 12 0 0 0 13
-2.0080285 -1.0130522 -1.924858 12 0 0 0 13
-1.9367579 -0.62407511 -1.44818 12 0 0 0 13
-1.9297493 -1.1071081 -1.9977638 12 0 0 0 13
-2.3204184 -0.56604367 -1.5181669 12 0 0 0 13
-2.4193592 -0.93907535 -1.9723928 12 0 0 0 13
-2.3774638 -0.67458177 -1.6310601 12 0 0 0 13
-1.9597363 -1.098467 -2.0151665 12 0 0 0 13
-2.2125931 -0.7744537 -1.7418926 12 0 0 0 13
-1.9511772 -0.86323458 -1.7240686 12 0 0 0 13
-1.9137963 -0.83571357 -1.7021228 12 0 0 0 13
-1.7636673 -0.81385958 -1.6434547 12 0 0 0 13
-1.9145503 -0.89704901 -1.7284843 12 0 0 0 13
-2.0134976 -0.55879182 -1.3766736 12 0 0 0 13
-2.3892267 -0.8266741 -1.8445649 12 0 0 0 13
-2.2348151 -0.71077162 -1.6275162 12 0 0 0 13
-2.1206794 -1.0509733 -2.0195146 12 0 0 0 13
-1.7738265 -0.83589935 -1.6371975 12 0 0 0 13
-2.3267198 -0.71517879 -1.6780596 12 0 0 0 13
-2.1247902 -0.81281149 -1.7261 12 0 0 0 13
-2.2200978 -0.691504 -1.6374187 12 0 0 0 13
-2.3831394 -1.0986303 -2.1294215 12 0 0 0 13
-1.9330668 -0.73830199 -1.5936849 12 0 0 0 13
-1.8392209 -0.54668134 -1.3379359 12 0 0 0 13
-2.4601455 -0.78305042 -1.5152385 13 0 0 0 13
-2.372591 -0.89466113 -1.6182492 13 0 0 0 13
-1.980518 -1.1144564 -1.7995188 13 0 0 0 13
-2.1908121 -1.2484373 -1.9973156 13 0 0 0 13
-1.7381519 -0.84434247 -1.4258022 13 0 0 0 13
-1.666447 -1.047179 -1.6529801 13 0 0 0 13
-2.1256473 -0.98538077 -1.6560799 13 0 0 0 13
-2.2711592 -1.3204477 -2.1298409 13 0 0 0 13
-1.7132291 -1.1641755 -1.7508233 13 0 0 0 13
-1.5851797 -0.76945275 -1.2899802 13 0 0 0 13
-1.5008785 -1.27517 -1.8592086 13 0 0 0 13
-2.2504785 -0.83247632 -1.4902192 13 0 0 0 13
-1.5487094 -1.0467823 -1.6386491 13 0 0 0 13
-2.0671563 -1.1084483 -1.7810112 13 0 0 0 13
-2.0210836 -1.0700135 -1.7562425 13 0 0 0 13
-1.6144922 -1.1464751 -1.7445176 13 0 0 0 13
-1.5504247 -0.78175128 -1.3079375 13 0 0 0 13
-1.7360703 -0.67304021 -1.2309715 13 0 0 0 13
-1.7436142 -0.95478302 -1.5524334 13 0 0 0 13
-1.8087666 -0.74898928 -1.3213623 13 0 0 0 13
-1.9507819 -1.2677552 -1.966085 13 0 0 0 13
-2.3243268 -1.0406142 -1.7572091 13 0 0 0 13
-1.4575825 -1.2417029 -1.8055046 13 0 0 0 13
-1.860142 -1.0091975 -1.657738 13 0 0 0 13
-2.3730919 -0.94051623 -1.6794022 13 0 0 0 13
-1.4462355 -1.2411317 -1.8043288 13 0 0 0 13
-1.5076854 -1.056266 -1.6119618 13 0 0 0 13
-2.1051719 -0.96515512 -1.6132077 13 0 0 0 13
-1.5984821 -1.3223346 -1.9306127 13 0 0 0 13
-1.9301625 -1.0546488 -1.7099203 13 0 0 0 13
-1.4005421 -1.1711318 -1.7457848 13 0 0 0 13
-2.2621117 -1.0637101 -1.7967604 13 0 0 0 13
-1.9826446 -0.80768758 -1.4356254 13 0 0 0 13
-2.0696459 -0.90582442 -1.5387273 13 0 0 0 13
-1.7923449 -0.87579668 -1.468384 13 0 0 0 13
-1.9066293 -1.2713989 -1.9547081 13 0 0 0 13
-1.4978777 -1.166642 -1.7373315 13 0 0 0 13
-1.3561788 -1.2983822 -1.8743027 13 0 0 0 13
-2.2469547 -0.70901203 -1.3662992 13 0 0 0 13
-2.0022576 -1.2721566 -1.9647065 13 0 0 0 13
-2.4668274 -0.6851511 -1.7466115 14 0 0 0 13
-1.7140207 -0.62340707 -1.4342215 14 0 0 0 13
-1.5277038 -0.74145293 -1.5637555 14 0 0 0 13
-2.2819753 -0.92177957 -1.9906387 14 0 0 0 13
-1.7077317 -1.1548488 -2.0597231 14 0 0 0 13
-1.8008446 -0.99261421 -1.9156258 14 0 0 0 13
-1.8301902 -0.5428977 -1.3913339 14 0 0 0 13
-2.305311 -1.043161 -2.1430016 14 0 0 0 13
-2.1519618 -0.80826783 -1.8101772 14 0 0 0 13
-1.5348254 -0.95327675 -1.7977438 14 0 0 0 13
-1.6176033 -1.1224068 -2.0007925 14 0 0 0 13
-2.2160459 -0.69242948 -1.6860203 14 0 0 0 13
-2.0705874 -1.0997188 -2.1166532 14 0 0 0 13
-2.1953871 -1.0235326 -2.0749958 14 0 0 0 13
-2.2628567 -0.67491978 -1.6660022 14 0 0 0 13
-1.889752 -0.56883478 -1.4352237 14 0 0 0 13
-2.0351679 -0.57641202 -1.4731697 14 0 0 0 13
-1.6596657 -0.88716066 -1.7320006 14 0 0 0 13
-2.4391959 -0.61779428 -1.6729769 14 0 0 0 13
-2.2614703 -1.128239 -2.238168 14 0 0 0 13
-1.9935395 -0.6525377 -1.5494497 14 0 0 0 13
-2.1178279 -0.92618382 -1.9324634 14 0 0 0 13
-2.1327784 -0.59909195 -1.5645096 14 0 0 0 13
-1.6371052 -0.61239886 -1.3806386 14 0 0 0 13
-1.8835489 -0.86451125 -1.7697001 14 0 0 0 13
-1.594743 -0.60995376 -1.3923506 14 0 0 0 13
-2.1187305 -0.65704471 -1.615442 14 0 0 0 13
-1.8157855 -1.0782704 -1.9880006 14 0 0 0 13
-1.7209252 -1.0865932 -2.0294967 14 0 0 0 13
-2.160476 -0.91368788 -1.9039552 14 0 0 0 13
-2.2471747 -0.77271754 -1.774708 14 0 0 0 13
-1.5764761 -0.97003198 -1.7852587 14 0 0 0 13
-1.7510949 -0.85635656 -1.7049139 14 0 0 0 13
-1.7477394 -0.70272142 -1.5700417 14 0 0 0 13
-1.860983 -0.65911144 -1.5392047 14 0 0 0 13
-2.4460118 -0.57861453 -1.613116 14 0 0 0 13
-1.4049473 -1.1409249 -1.9601997 14 0 0 0 13
-1.4902326 -0.98615211 -1.8213468 14 0 0 0 13
-2.207638 -0.86559582 -1.9005693 14 0 0 0 13
-1.7428014 -1.0616564 -1.938831 14 0 0 0 13
-2.0816219 -0.75768948 -1.5886472 15 0 0 0 13
-1.9211938 -1.140169 -2.0045252 15 0 0 0 13
-2.3330121 -1.234376 -2.2543652 15 0 0 0 13
-2.2431982 -0.91024899 -1.8047348 15 0 0 0 13
-2.0421352 -0.62653345 -1.4260596 15 0 0 0 13
-2.230736 -0.88565832 -1.7955211 15 0 0 0 13
-1.6570281 -1.2406681 -2.0616057 15 0 0 0 13
-1.6267846 -1.1931303 -1.9631829 15 0 0 0 13
-1.6094552 -1.0772299 -1.7968554 15 0 0 0 13
-1.906857 -1.2094841 -2.0746853 15 0 0 0 13
-2.1383348 -1.2551661 -2.1870372 15 0 0 0 13
-1.8841009 -1.0399661 -1.885285 15 0 0 0 13
-2.2438254 -1.1068764 -2.0378175 15 0 0 0 13
-1.7963326 -0.63530409 -1.3562528 15 0 0 0 13
-2.4455364 -0.67525512 -1.5953937 15 0 0 0 13
-1.996892 -1.0913235 -1.9559053 15 0 0 0 13
-1.9167823 -0.96008664 -1.763325 15 0 0 0 13
-1.7642967 -1.2298346 -2.0674405 15 0 0 0 13
-1.7104678 -0.79749632 -1.514339 15 0 0 0 13
-2.365238 -0.68837351 -1.5897532 15 0 0 0 13
-1.8563589 -0.87608445 -1.6618483 15 0 0 0 13
-2.3480146 -0.9099493 -1.8441646 15 0 0 0 13
-1.6619828 -0.6905629 -1.3498402 15 0 0 0 13
-2.2784448 -0.78519022 -1.6913497 15 0 0 0 13
-2.4376755 -0.79048395 -1.7323514 15 0 0 0 13
-1.8540864 -0.83340472 -1.6144946 15 0 0 0 13
-2.0697768 -1.0337805 -1.9156449 15 0 0 0 13
-1.9099365 -0.81079096 -1.5722361 15 0 0 0 13
-1.4912975 -1.1972262 -1.9427105 15 0 0 0 13
-1.8182813 -0.73126811 -1.4720507 15 0 0 0 13
-1.6332535 -1.0038092 -1.7610281 15 0 0 0 13
-2.0455394 -0.70892769 -1.5031073 15 0 0 0 13
-2.2622845 -1.2661364 -2.2512047 15 0 0 0 13
-1.8530079 -1.0878543 -1.9081038 15 0 0 0 13
-2.0602603 -0.64508367 -1.4318142 15 0 0 0 13
-1.608548 -1.0444863 -1.7980534 15 0 0 0 13
-1.8847482 -1.1208665 -1.9598546 15 0 0 0 13
-2.2894702 -0.84771711 -1.779689 15 0 0 0 13
-1.9023393 -1.1257893 -1.9772136 15 0 0 0 13
-1.8863012 -0.95711803 -1.7594687 15 0 0 0 13
-1.583552 -0.65635562 -1.4114373 16 0 0 0 13
-1.7222348 -0.47490788 -1.2603713 16 0 0 0 13
-2.0580549 -1.021288 -1.9396183 16 0 0 0 13
-2.2573588 -0.89535117 -1.8830047 16 0 0 0 13
-1.6601386 -0.75967789 -1.5711511 16 0 0 0 13
-2.1258619 -0.5315814 -1.3987726 16 0 0 0 13
-1.7129123 -0.74414665 -1.5534586 16 0 0 0 13
-2.3934016 -0.80489379 -1.822333 16 0 0 0 13
-1.5804141 -0.64030468 -1.371515 16 0 0 0 13
-2.4156036 -0.48041832 -1.4684601 16 0 0 0 13
-1.7057441 -0.54633927 -1.3235391 16 0 0 0 13
-2.2498927 -0.64692968 -1.5941105 16 0 0 0 13
-1.8269831 -0.58624089 -1.38947 16 0 0 0 13
-1.750078 -0.61582655 -1.4027197 16 0 0 0 13
-1.571794 -0.56655419 -1.3179184 16 0 0 0 13
-1.3750825 -1.111256 -1.8348477 16 0 0 0 13
-1.6611171 -0.64203489 -1.40104 16 0 0 0 13
-2.0578573 -0.75893819 -1.6579639 16 0 0 0 13
-2.013428 -1.0418462 -1.9588799 16 0 0 0 13
-1.9094874 -0.72396898 -1.5485834 16 0 0 0 13
-2.194576 -0.95490581 -1.9160018 16 0 0 0 13
-1.4672397 -0.96002769 -1.7014989 16 0 0 0 13
-1.7228063 -0.48595646 -1.2415906 16 0 0 0 13
-2.3234599 -0.97002971 -1.9684875 16 0 0 0 13
-2.0665793 -0.67811674 -1.5902047 16 0 0 0 13
-1.6668395 -0.55513811 -1.287765 16 0 0 0 13
-1.9502373 -0.7113865 -1.5820115 16 0 0 0 13
-2.2569451 -0.48016366 -1.3963857 16 0 0 0 13
-1.6356487 -0.49744195 -1.235212 16 0 0 0 13
-2.2633321 -0.89791638 -1.8592559 16 0 0 0 13
-2.1093507 -0.93881238 -1.8865544 16 0 0 0 13
-1.8290429 -0.97385621 -1.8099961 16 0 0 0 13
-1.9900173 -1.0642178 -1.9663966 16 0 0 0 13
-2.127739 -1.1209422 -2.0866096 16 0 0 0 13
-1.6203758 -0.46298134 -1.2087942 16 0 0 0 13
-1.7399538 -1.1240481 -1.9524547 16 0 0 0 13
-1.9616697 -0.98791713 -1.9082381 16 0 0 0 13
-1.8494023 -0.56632358 -1.3720866 16 0 0 0 13
-1.8015355 -1.0235648 -1.8753107 16 0 0 0 13
-1.454478 -1.0819871 -1.8219292 16 0 0 0 13
-1.6819975 -1.2845566 -1.8825088 17 0 0 0 13
-2.0178969 -0.89848393 -1.533294 17 0 0 0 13
-2.2956829 -1.3357265 -2.1230319 17 0 0 0 13
-1.9129333 -0.78577149 -1.4114212 17 0 0 0 13
-2.2405512 -1.1880494 -1.9620762 17 0 0 0 13
-2.0814822 -0.75694126 -1.4425662 17 0 0 0 13
-2.3312235 -0.78414261 -1.4954702 17 0 0 0 13
-2.2414637 -1.2565954 -2.0031044 17 0 0 0 13
-2.3886273 -0.82958901 -1.5813082 17 0 0 0 13
-2.0533123 -0.80161828 -1.4522269 17 0 0 0 13
-1.877342 -1.138153 -1.7824305 17 0 0 0 13
-2.0093918 -0.9038465 -1.5526284 17 0 0 0 13
-2.2940376 -0.78022885 -1.508633 17 0 0 0 13
-2.2090952 -1.2069116 -1.9868174 17 0 0 0 13
-1.5337113 -0.95751977 -1.4656689 17 0 0 0 13
-1.8348913 -1.1715131 -1.8200154 17 0 0 0 13
-2.1885135 -1.371495 -2.1250186 17 0 0 0 13
-2.1028442 -0.98198819 -1.6885301 17 0 0 0 13
-2.3693993 -0.96327627 -1.7385834 17 0 0 0 13
-1.9055912 -0.90076935 -1.5610662 17 0 0 0 13
-1.7513328 -0.80121511 -1.376107 17 0 0 0 13
-2.3875566 -0.85842937 -1.6276201 17 0 0 0 13
-2.2767775 -0.74284333 -1.4652702 17 0 0 0 13
-2.207057 -1.2213366 -1.9845364 17 0 0 0 13
-2.3794427 -0.79935426 -1.5332687 17 0 0 0 13
-1.9828106 -0.85093886 -1.477723 17 0 0 0 13
-2.0558608 -0.94028777 -1.6436307 17 0 0 0 13
-2.2242157 -0.94347131 -1.6702267 17 0 0 0 13
-2.1656561 -1.2978188 -2.0488973 17 0 0 0 13
-2.1429987 -1.1195302 -1.8126518 17 0 0 0 13
-1.8715451 -0.82162976 -1.4269937 17 0 0 0 13
-1.9333398 -0.72644335 -1.3431864 17 0 0 0 13
-1.9070883 -0.95140517 -1.5710143 17 0 0 0 13
-1.6678816 -0.9707461 -1.5293514 17 0 0 0 13
-1.7710731 -1.0369748 -1.619079 17 0 0 0 13
-2.1685953 -0.9860391 -1.6977582 17 0 0 0 13
-2.2916996 -0.94203264 -1.6838264 17 0 0 0 13
-2.0986042 -1.1706402 -1.8500488 17 0 0 0 13
-2.0167675 -0.75008726 -1.4085873 17 0 0 0 13
-1.9895622 -1.1625131 -1.8328725 17 0 0 0 13
-2.2676067 -0.67203468 -1.5510687 18 0 0 0 13
-1.9408655 -0.72701603 -1.4653124 18 0 0 0 13
-2.0654681 -1.2636776 -2.1697137 18 0 0 0 13
-2.1754117 -1.218061 -2.0913429 18 0 0 0 13
-2.12972 -1.1210096 -1.9627707 18 0 0 0 13
-2.3640714 -1.0529219 -1.9934968 18 0 0 0 13
-1.9431735 -1.1440418 -1.9741963 18 0 0 0 13
-1.6183834 -0.64463866 -1.3049463 18 0 0 0 13
-1.7854956 -1.18101 -1.9622571 18 0 0 0 13
-1.6087918 -0.62620646 -1.2379391 18 0 0 0 13
-2.1474667 -1.0054485 -1.8695141 18 0 0 0 13
-1.8960861 -1.0213054 -1.8118733 18 0 0 0 13
-1.770638 -0.92259729 -1.6678526 18 0 0 0 13
-2.332355 -0.64677519 -1.5176854 18 0 0 0 13
-1.5878882 -1.0043157 -1.6894463 18 0 0 0 13
-2.0300651 -0.97336411 -1.8042905 18 0 0 0 13
-1.5531259 -1.2720495 -1.9962847 18 0 0 0 13
-2.094389 -0.63608789 -1.4404548 18 0 0 0 13
-1.8205363 -0.7701413 -1.4483937 18 0 0 0 13
-1.6923976 -1.1300414 -1.8599064 18 0 0 0 13
-1.8324022 -0.92037582 -1.6756027 18 0 0 0 13
-1.6849109 -0.93340021 -1.6428447 18 0 0 0 13
-2.4791331 -0.76167005 -1.6925086 18 0 0 0 13
-1.6795654 -0.7251848 -1.399488 18 0 0 0 13
-2.1752543 -1.0830349 -1.9567149 18 0 0 0 13
-1.4552817 -1.1468337 -1.8244679 18 0 0 0 13
-2.2864046 -1.0172633 -1.9118909 18 0 0 0 13
-1.8142873 -0.68876857 -1.3599354 18 0 0 0 13
-1.7748914 -0.84617108 -1.5614432 18 0 0 0 13
-2.071702 -0.96893293 -1.8255215 18 0 0 0 13
-1.5081279 -0.90536034 -1.5521829 18 0 0 0 13
-1.6685643 -1.1077321 -1.8602673 18 0 0 0 13
-1.935498 -0.83139867 -1.5845286 18 0 0 0 13
-1.4389838 -1.2614712 -1.9397095 18 0 0 0 13
-2.3176012 -0.73669857 -1.5875865 18 0 0 0 13
-2.3277678 -1.1701437 -2.086226 18 0 0 0 13
-1.6544225 -0.75277668 -1.4261397 18 0 0 0 13
-1.9977263 -0.92234075 -1.7159506 18 0 0 0 13
-2.1365244 -1.0986693 -1.9790663 18 0 0 0 13
-1.6879133 -1.1965572 -1.9623079 18 0 0 0 13
-2.4522486 -0.6076861 -1.5898166 19 0 0 0 13
-1.7082684 -1.0141017 -1.7987586 19 0 0 0 13
-2.0733461 -0.81419349 -1.7364419 19 0 0 0 13
-2.3517463 -1.0933435 -2.1526964 19 0 0 0 13
-2.0604715 -0.95680809 -1.8621459 19 0 0 0 13
-2.276938 -0.62681305 -1.5572484 19 0 0 0 13
-2.5243845 -0.7496227 -1.8041428 19 0 0 0 13
-1.9629488 -0.85563326 -1.7247652 19 0 0 0 13
-1.6412861 -0.81775188 -1.570581 19 0 0 0 13
-2.0724061 -0.99044925 -1.9052337 19 0 0 0 13
-1.9776224 -0.59087491 -1.4025211 19 0 0 0 13
-1.7777849 -1.1609932 -2.010617 19 0 0 0 13
-2.2681024 -1.1158379 -2.108269 19 0 0 0 13
-1.9944947 -1.1850847 -2.1115153 19 0 0 0 13
-2.4876125 -0.75402284 -1.8178107 19 0 0 0 13
-2.3669972 -0.59701103 -1.5509975 19 0 0 0 13
-1.8304349 -0.72549784 -1.5322801 19 0 0 0 13
-2.2731473 -1.2234083 -2.2620652 19 0 0 0 13
-2.551379 -0.69816118 -1.7361381 19 0 0 0 13
-2.4315512 -0.65155381 -1.6354666 19 0 0 0 13
-2.1182942 -0.98423427 -1.8966153 19 0 0 0 13
-1.854758 -0.76013392 -1.615736 19 0 0 0 13
-1.841018 -1.0964011 -1.9543626 19 0 0 0 13
-1.6249523 -1.0430417 -1.8105165 19 0 0 0 13
-1.5316725 -0.99828368 -1.7447155 19 0 0 0 13
-2.2147257 -0.96541226 -1.9494718 19 0 0 0 13
-2.2255213 -0.78254765 -1.7051407 19 0 0 0 13
-1.8112752 -1.0879952 -1.952559 19 0 0 0 13
-2.5177212 -0.76548719 -1.8149695 19 0 0 0 13
-2.5180891 -0.73027408 -1.7552636 19 0 0 0 13
-2.0468314 -1.0255826 -1.9695698 19 0 0 0 13
-1.6807462 -0.59437436 -1.3382521 19 0 0 0 13
-2.1290019 -1.035646 -1.9882009 19 0 0 0 13
-1.8957764 -0.70139986 -1.5253743 19 0 0 0 13
-2.4355469 -0.64830399 -1.6306063 19 0 0 0 13
-1.5626119 -1.1648072 -1.9467303 19 0 0 0 13
-2.1317928 -1.0897677 -2.050781 19 0 0 0 13
-2.1789312 -0.59356475 -1.5143818 19 0 0 0 13
-2.3469789 -0.866377 -1.8408226 19 0 0 0 13
-2.1258435 -0.92478681 -1.8536108 19 0 0 0 13
1.5571032 1.9106793 0.3422282 0 0 0 0 14
2.2230103 1.8824726 0.79369706 0 0 0 0 14
1.4413592 1.8118482 0.48750925 0 0 0 0 14
2.2130916 2.0545423 0.43397522 0 0 0 0 14
2.1394782 1.8184031 0.87836409 0 0 0 0 14
2.2853215 2.2321353 0.19130564 0 0 0 0 14
2.1732678 2.0103388 0.54736298 0 0 0 0 14
1.5546129 1.6307993 0.84099442 0 0 0 0 14
1.9060802 1.8686931 0.66807175 0 0 0 0 14
1.4255716 1.9572625 0.22656001 0 0 0 0 14
2.1421802 1.8275483 0.817711 0 0 0 0 14
1.7801437 2.0865123 0.18061952 0 0 0 0 14
1.88212 2.0463204 0.34259412 0 0 0 0 14
1.5595924 1.5528474 1.0558969 0 0 0 0 14
2.0940809 1.8894578 0.70242757 0 0 0 0 14
2.1440337 2.031003 0.46449527 0 0 0 0 14
2.2245729 2.0990314 0.39746237 0 0 0 0 14
2.0035293 1.9803712 0.50833452 0 0 0 0 14
1.9109392 1.7370672 0.87123448 0 0 0 0 14
1.6785508 1.7908599 0.66956437 0 0 0 0 14
1.4983732 1.685663 0.77478606 0 0 0 0 14
2.0050955 2.1206753 0.27239519 0 0 0 0 14
2.2291539 1.8509537 0.83664221 0 0 0 0 14
1.9083591 2.0764506 0.24112451 0 0 0 0 14
2.2180042 2.0114863 0.53327543 0 0 0 0 14
1.6765591 1.7477266 0.77745885 0 0 0 0 14
1.9858385 2.0319517 0.34623241 0 0 0 0 14
1.8359967 2.0335343 0.3051258 0 0 0 0 14
2.2602365 1.7984577 0.98893988 0 0 0 0 14
2.3456707 1.9265891 0.74460483 0 0 0 0 14
2.2307284 1.8408537 0.83513498 0 0 0 0 14
1.834287 1.9868151 0.35698456 0 0 0 0 14
2.3379197 2.0964093 0.46738988 0 0 0 0 14
2.1236141 1.7878731 0.89713496 0 0 0 0 14
2.0581598 1.9165682 0.60501647 0 0 0 0 14
2.1967356 2.2231872 0.19468489 0 0 0 0 14
2.1819932 1.7634581 0.97097021 0 0 0 0 14
1.563417 2.0032511 0.20764408 0 0 0 0 14
2.3688605 2.0775647 0.51737386 0 0 0 0 14
1.8784581 1.7538867 0.86204809 0 0 0 0 14
1.9478252 1.9443952 0.57171106 1 0 0 0 14
1.6952684 1.6668739 0.92349154 1 0 0 0 14
1.7106159 1.8723147 0.59830958 1 0 0 0 14
2.1606636 2.0833569 0.46311995 1 0 0 0 14
1.8652329 2.006664 0.39800024 1 0 0 0 14
2.0077293 1.7157964 0.99002123 1 0 0 0 14
2.0692358 1.9498539 0.60767138 1 0 0 0 14
1.5088753 1.7041844 0.79930347 1 0 0 0 14
2.170752 1.8302689 0.86921281 1 0 0 0 14
1.6735026 1.845983 0.63884801 1 0 0 0 14
1.9766865 1.9306116 0.61419123 1 0 0 0 14
2.3117027 1.9180634 0.77699649 1 0 0 0 14
2.3072686 2.1767571 0.34500462 1 0 0 0 14
2.2784791 2.1612272 0.33856165 1 0 0 0 14
2.112004 1.8155354 0.89004278 1 0 0 0 14
2.49107 1.7625743 1.1663278 1 0 0 0 14
2.0819092 1.8728818 0.77129984 1 0 0 0 14
2.4139512 2.0580449 0.60208619 1 0 0 0 14
2.2821963 1.8369794 0.92769927 1 0 0 0 14
2.2062201 2.0129993 0.5422796 1 0 0 0 14
1.4172894 1.9088115 0.39275697 1 0 0 0 14
2.1605458 1.6511713 1.1985095 1 0 0 0 14
1.4726596 1.845384 0.5149985 1 0 0 0 14
1.703663 1.5987591 1.1121939 1 0 0 0 14
1.5834316 1.5971142 1.065307 1 0 0 0 14
2.3603458 2.1516101 0.42201781 1 0 0 0 14
2.32039 2.0934389 0.55055839 1 0 0 0 14
1.6009084 1.8580559 0.51961476 1 0 0 0 14
1.8072171 1.6412041 1.048981 1 0 0 0 14
1.8558265 1.994388 0.44705033 1 0 0 0 14
1.6059932 1.8347458 0.62082237 1 0 0 0 14
1.6337949 1.8641647 0.57793599 1 0 0 0 14
2.0980535 1.99187 0.53110552 1 0 0 0 14
1.8642915 1.7745637 0.8490153 1 0 0 0 14
2.1308079 1.9087645 0.74424589 1 0 0 0 14
1.7984904 1.8060839 0.75660962 1 0 0 0 14
2.5350859 1.7858539 1.1406188 1 0 0 0 14
2.4069288 1.8154063 1.0704939 1 0 0 0 14
1.6767519 1.9918435 0.37941065 1 0 0 0 14
1.8720815 2.0379972 0.36957821 1 0 0 0 14
2.22369 1.9837041 0.78868258 2 0 0 0 14
1.4992683 1.8137752 0.71117824 2 0 0 0 14
1.5470432 1.8560965 0.68241203 2 0 0 0 14
2.2012131 1.9397612 0.8509627 2 0 0 0 14
1.992408 2.155179 0.34991685 2 0 0 0 14
1.8394697 1.7087228 1.1000106 2 0 0 0 14
2.1123488 1.7590475 1.1399993 2 0 0 0 14
1.6907551 1.9512672 0.59679943 2 0 0 0 14
2.0348799 1.9514318 0.75142539 2 0 0 0 14
2.3195021 1.9246584 0.95252711 2 0 0 0 14
1.8452963 1.8468183 0.8099609 2 0 0 0 14
1.998374 1.9137434 0.81657225 2 0 0 0 14
1.8844277 1.8633623 0.86491525 2 0 0 0 14
1.9683084 1.981878 0.70314986 2 0 0 0 14
2.1386638 1.9095821 0.88947356 2 0 0 0 14
1.9700583 1.941633 0.77422845 2 0 0 0 14
1.6730726 2.058449 0.38564315 2 0 0 0 14
1.7081393 2.0208683 0.48789614 2 0 0 0 14
1.8246157 1.8306314 0.86713976 2 0 0 0 14
1.9288208 2.1596777 0.3432849 2 0 0 0 14
2.1827579 2.0495274 0.64900476 2 0 0 0 14
1.7078199 2.0536349 0.38535354 2 0 0 0 14
2.0680931 1.7750295 1.0531963 2 0 0 0 14
1.9000422 1.6834402 1.1460761 2 0 0 0 14
1.5927566 1.6444415 1.0349274 2 0 0 0 14
2.0217566 2.088835 0.49628797 2 0 0 0 14
2.1731796 2.1028986 0.53592759 2 0 0 0 14
1.5765162 2.0166361 0.44874281 2 0 0 0 14
2.0472062 1.8572288 0.89314485 2 0 0 0 14
1.7444568 1.6682881 1.0750268 2 0 0 0 14
2.4531636 1.9556404 0.99331963 2 0 0 0 14
2.1770706 2.2295854 0.34431994 2 0 0 0 14
2.0499017 1.84447 0.92541963 2 0 0 0 14
1.8167634 1.8934616 0.73564237 2 0 0 0 14
1.4328781 1.9434572 0.46514812 2 0 0 0 14
1.8757509 1.785216 0.98275983 2 0 0 0 14
1.903425 1.9098126 0.77465236 2 0 0 0 14
1.3998069 1.9062114 0.53472406 2 0 0 0 14
2.2895129 2.2554202 0.36262131 2 0 0 0 14
2.2282305 1.9233074 0.89578837 2 0 0 0 14
1.7659189 1.6907581 0.86821884 3 0 0 0 14
2.1389704 2.0691609 0.31781247 3 0 0 0 14
2.3291931 2.1173422 0.29167083 3 0 0 0 14
1.8662829 1.7523203 0.76425755 3 0 0 0 14
1.9351379 1.8575567 0.60214096 3 0 0 0 14
2.3690639 2.0193205 0.49235246 3 0 0 0 14
2.3556025 1.8270205 0.87309039 3 0 0 0 14
2.3270769 1.8047127 0.83654064 3 0 0 0 14
2.2577925 2.031801 0.41942629 3 0 0 0 14
2.0752156 1.8330899 0.71140748 3 0 0 0 14
2.4054952 1.8509595 0.85002261 3 0 0 0 14
1.8795017 1.8983843 0.501697 3 0 0 0 14
2.2213583 2.1525111 0.16248074 3 0 0 0 14
2.1596882 1.7258637 0.94590074 3 0 0 0 14
2.195045 1.9652081 0.49275926 3 0 0 0 14
1.8832228 1.998451 0.32120526 3 0 0 0 14
1.5999368 1.7233243 0.67054021 3 0 0 0 14
2.2703974 1.8970193 0.66910577 3 0 0 0 14
1.5395055 1.8340777 0.48995528 3 0 0 0 14
2.0676005 2.0206301 0.35521066 3 0 0 0 14
1.6029917 1.6111698 0.96395779 3 0 0 0 14
2.3609822 1.8462201 0.82901812 3 0 0 0 14
2.2370987 1.8437791 0.77051479 3 0 0 0 14
1.7646807 1.7490745 0.73320562 3 0 0 0 14
1.9719889 2.0908387 0.19357181 3 0 0 0 14
1.8872159 1.8777367 0.56671208 3 0 0 0 14
1.8095725 2.0031016 0.30570233 3 0 0 0 14
1.5931782 1.6735719 0.82334769 3 0 0 0 14
2.2570941 1.7864455 0.87761867 3 0 0 0 14
1.9117873 2.0804782 0.21278268 3 0 0 0 14
1.9595865 1.8258603 0.69723833 3 0 0 0 14
1.8381256 1.9515632 0.39252484 3 0 0 0 14
1.9363277 1.8388873 0.69532996 3 0 0 0 14
1.9329151 1.8407242 0.6712991 3 0 0 0 14
2.3005903 1.9870944 0.54183954 3 0 0 0 14
1.5117003 1.920988 0.38672736 3 0 0 0 14
2.034884 1.8969914 0.61767334 3 0 0 0 14
1.6336079 1.5667889 1.0293348 3 0 0 0 14
2.0584109 2.1081822 0.22579578 3 0 0 0 14
2.0485392 1.754916 0.85804331 3 0 0 0 14
2.2315543 1.9218538 0.26179227 4 0 0 0 14
1.6842355 1.5329312 0.71052891 4 0 0 0 14
2.2214072 1.8478259 0.40233359 4 0 0 0 14
1.659399 1.7684482 0.27726042 4 0 0 0 14
2.111371 1.7380763 0.50540632 4 0 0 0 14
2.2028334 1.907726 0.23129459 4 0 0 0 14
1.8034042 1.7355251 0.40064058 4 0 0 0 14
2.4098933 1.6564808 0.78236651 4 0 0 0 14
1.6020641 1.7578987 0.31371135 4 0 0 0 14
2.4653766 1.7306271 0.72219473 4 0 0 0 14
1.9538485 1.5983304 0.74492544 4 0 0 0 14
1.910212 1.6017603 0.73432779 4 0 0 0 14
2.4070756 1.7792794 0.57698041 4 0 0 0 14
2.3518887 1.8312756 0.4751026 4 0 0 0 14
1.8198084 1.6303521 0.56471914 4 0 0 0 14
2.4300404 1.7815692 0.56715971 4 0 0 0 14
1.4581201 1.8107404 0.096064031 4 0 0 0 14
1.5726025 1.8520067 0.11848062 4 0 0 0 14
2.3980818 1.9042821 0.32648504 4 0 0 0 14
2.0061367 1.9102029 0.21087599 4 0 0 0 14
1.658169 1.6556933 0.48539212 4 0 0 0 14
1.9730772 1.6954838 0.57517999 4 0 0 0 14
2.2818093 1.6328341 0.80310172 4 0 0 0 14
1.4706703 1.8405499 0.087117039 4 0 0 0 14
2.2081604 1.7893393 0.51660728 4 0 0 0 14
2.4890933 1.8273621 0.53616935 4 0 0 0 14
2.2604513 1.686239 0.70903707 4 0 0 0 14
1.7440089 1.8433608 0.16768107 4 0 0 0 14
2.300035 1.9635304 0.16795124 4 0 0 0 14
1.8370488 1.5164863 0.85926789 4 0 0 0 14
1.7023289 1.8931097 0.075603329 4 0 0 0 14
1.4489657 1.7927824 0.1845931 4 0 0 0 14
2.2938821 1.6419532 0.74902982 4 0 0 0 14
1.5534878 1.6697185 0.42818657 4 0 0 0 14
2.3715234 2.0189455 0.14995062 4 0 0 0 14
2.2125082 1.6187735 0.80532318 4 0 0 0 14
1.7156813 1.7343074 0.38232213 4 0 0 0 14
1.6247246 1.7573959 0.29997191 4 0 0 0 14
2.0978148 1.7950867 0.3907367 4 0 0 0 14
1.9649605 1.6183074 0.70582741 4 0 0 0 14
2.0937355 1.8113891 0.72452271 5 0 0 0 14
2.4525294 2.0885613 0.34824967 5 0 0 0 14
2.1135113 1.6769102 0.92044562 5 0 0 0 14
1.7654423 1.7198943 0.77969122 5 0 0 0 14
1.8350776 1.682101 0.81000233 5 0 0 0 14
2.5359497 1.6528225 1.1914424 5 0 0 0 14
1.9151616 1.7440548 0.76269245 5 0 0 0 14
2.3613427 1.6815594 1.0474046 5 0 0 0 14
1.6735424 1.7878282 0.62702549 5 0 0 0 14
2.4231079 1.697394 1.0352792 5 0 0 0 14
2.2527537 2.0487418 0.36532402 5 0 0 0 14
1.9087802 1.6217735 1.027831 5 0 0 0 14
2.2916739 1.8720697 0.6644904 5 0 0 0 14
1.7432706 1.6831332 0.81219226 5 0 0 0 14
2.2797027 1.8656766 0.68154019 5 0 0 0 14
2.0613015 1.5346143 1.1707608 5 0 0 0 14
1.7316244 1.715596 0.72912198 5 0 0 0 14
2.0258105 1.6727709 0.93727618 5 0 0 0 14
1.9849324 1.8268462 0.6454047 5 0 0 0 14
1.9878737 1.9484164 0.39337483 5 0 0 0 14
2.3395057 1.7992836 0.86390275 5 0 0 0 14
1.7155247 1.6474127 0.85711646 5 0 0 0 14
2.2751718 1.7002 0.97098613 5 0 0 0 14
2.1537771 1.903522 0.60342968 5 0 0 0 14
1.7617635 1.6409048 0.87360114 5 0 0 0 14
1.71266 1.6589313 0.84346849 5 0 0 0 14
2.5078971 1.9466317 0.63257194 5 0 0 0 14
2.4611804 2.0203106 0.49875289 5 0 0 0 14
1.8456048 1.6992136 0.8163656 5 0 0 0 14
2.0067716 1.9237556 0.46015078 5 0 0 0 14
1.6964415 1.8716239 0.48895618 5 0 0 0 14
1.8627769 1.8183523 0.60948747 5 0 0 0 14
1.9665897 1.9361608 0.44939584 5 0 0 0 14
1.9394828 1.8179463 0.62978804 5 0 0 0 14
1.9780918 1.8169452 0.68308944 5 0 0 0 14
2.0060277 1.9792022 0.39087325 5 0 0 0 14
1.8694401 1.8429503 0.59889287 5 0 0 0 14
2.4877787 1.9227775 0.64702189 5 0 0 0 14
2.3103743 1.7179942 0.99407643 5 0 0 0 14
1.6581006 1.8029399 0.53519779 5 0 0 0 14
2.2551081 1.8858664 0.57940269 6 0 0 0 14
1.5297122 1.9298778 0.14687152 6 0 0 0 14
2.1286967 1.9420902 0.39387691 6 0 0 0 14
1.5680823 1.7288189 0.54044265 6 0 0 0 14
1.5499226 1.8620682 0.2921786 6 0 0 0 14
1.8134289 1.635661 0.80281109 6 0 0 0 14
1.6981031 1.6680807 0.73209816 6 0 0 0 14
1.7665582 1.9658529 0.18331215 6 0 0 0 14
1.6921209 1.9339356 0.19002981 6 0 0 0 14
1.8025221 1.603742 0.9061653 6 0 0 0 14
2.4287505 1.9418852 0.55865991 6 0 0 0 14
1.9430008 1.7262934 0.71034753 6 0 0 0 14
2.0286489 1.6832304 0.86791372 6 0 0 0 14
2.4834268 1.874311 0.67413664 6 0 0 0 14
1.5763588 1.8639089 0.28620183 6 0 0 0 14
1.8502895 1.8863249 0.39375013 6 0 0 0 14
1.6843725 1.6278756 0.80119532 6 0 0 0 14
2.3576326 2.0497711 0.31919014 6 0 0 0 14
1.8708624 1.8335495 0.50350332 6 0 0 0 14
1.8439988 1.8329992 0.48115394 6 0 0 0 14
1.9725018 2.0261843 0.16120985 6 0 0 0 14
1.8266467 1.6716869 0.79173189 6 0 0 0 14
2.1770933 1.9263457 0.47153753 6 0 0 0 14
1.8343284 1.6905558 0.76975995 6 0 0 0 14
2.4624345 2.030138 0.37657467 6 0 0 0 14
2.3545854 1.6946905 0.95028055 6 0 0 0 14
1.9264723 1.707656 0.74928617 6 0 0 0 14
2.342587 1.8344368 0.74008113 6 0 0 0 14
2.2646773 1.7319386 0.88649404 6 0 0 0 14
2.3489828 1.9810997 0.44961521 6 0 0 0 14
2.121459 1.6488975 0.96604908 6 0 0 0 14
2.1262617 1.7860091 0.71047145 6 0 0 0 14
1.9690938 1.9582438 0.30403292 6 0 0 0 14
1.6085613 1.7160709 0.57647401 6 0 0 0 14
1.6544511 1.8492155 0.32706234 6 0 0 0 14
1.8205322 1.6552044 0.80721414 6 0 0 0 14
1.8935072 1.7402965 0.6959399 6 0 0 0 14
2.0619657 1.7437053 0.74362636 6 0 0 0 14
2.1032403 1.8029089 0.66009444 6 0 0 0 14
1.7678295 1.9059159 0.33412141 6 0 0 0 14
2.20909 1.8042849 0.49761149 7 0 0 0 14
2.2242837 1.9676526 0.25266564 7 0 0 0 14
1.7511567 1.7305549 0.51638442 7 0 0 0 14
1.7836895 1.6817329 0.59003299 7 0 0 0 14
1.8278403 1.8307695 0.35076371 7 0 0 0 14
1.8235519 1.6972098 0.60875535 7 0 0 0 14
2.3487084 2.0268755 0.19676988 7 0 0 0 14
2.2512162 2.0467517 0.11063547 7 0 0 0 14
2.4686649 1.8206308 0.54757911 7 0 0 0 14
2.4496164 1.8913262 0.45556056 7 0 0 0 14
1.7896389 1.5234668 0.92010087 7 0 0 0 14
1.741393 1.6280069 0.66158628 7 0 0 0 14
1.6102399 1.5275439 0.82356668 7 0 0 0 14
1.9445373 1.909381 0.24819064 7 0 0 0 14
1.7808501 1.4467874 0.99840045 7 0 0 0 14
1.9066671 1.9616922 0.14519674 7 0 0 0 14
2.430737 1.6680448 0.82728946 7 0 0 0 14
1.7152731 1.7557565 0.41724229 7 0 0 0 14
1.7070826 1.7515533 0.43437898 7 0 0 0 14
2.2134595 1.6194301 0.86798716 7 0 0 0 14
1.9432 1.5373496 0.93358433 7 0 0 0 14
2.2770298 1.8594671 0.45592749 7 0 0 0 14
2.1555245 1.5638916 0.93504459 7 0 0 0 14
1.7280065 1.5135986 0.8499316 7 0 0 0 14
2.1782923 1.9635792 0.23715781 7 0 0 0 14
2.4906478 1.6330657 0.93290168 7 0 0 0 14
2.0620008 1.7478987 0.57076955 7 0 0 0 14
1.8423896 1.9474304 0.14011876 7 0 0 0 14
1.5556817 1.7003344 0.46806279 7 0 0 0 14
2.3292704 1.8768851 0.40931249 7 0 0 0 14
2.0230932 1.9884399 0.12605219 7 0 0 0 14
1.7651464 1.5357881 0.85472542 7 0 0 0 14
2.3481891 1.9561768 0.30473766 7 0 0 0 14
1.7572659 1.435087 1.0101026 7 0 0 0 14
1.8028648 1.6341959 0.66686606 7 0 0 0 14
2.1706967 1.6454557 0.77617937 7 0 0 0 14
1.8076131 1.7254018 0.55175316 7 0 0 0 14
1.8622235 1.6131862 0.7356649 7 0 0 0 14
2.4728813 1.6767482 0.8270303 7 0 0 0 14
2.2284715 1.9402511 0.26850116 7 0 0 0 14
2.0428469 2.0340762 0.2258247 8 0 0 0 14
2.14733 1.6706364 0.89964604 8 0 0 0 14
2.0781446 1.9502265 0.39994103 8 0 0 0 14
1.9459611 1.7265235 0.76448506 8 0 0 0 14
2.4679866 1.7574161 0.88441896 8 0 0 0 14
1.9989545 1.7166985 0.75068992 8 0 0 0 14
2.3759494 1.7796484 0.7974577 8 0 0 0 14
2.391839 2.2006855 0.059528261 8 0 0 0 14
2.4130549 1.9627274 0.47763798 8 0 0 0 14
2.0468512 1.7665267 0.69916826 8 0 0 0 14
2.3198183 2.093503 0.24198988 8 0 0 0 14
2.2450767 1.8802052 0.59856778 8 0 0 0 14
2.0329576 1.9273843 0.40469655 8 0 0 0 14
2.4065728 1.8917874 0.61773318 8 0 0 0 14
2.3015895 1.6843107 0.95962703 8 0 0 0 14
1.5789254 1.7183623 0.61883134 8 0 0 0 14
1.8262471 1.9621249 0.27863878 8 0 0 0 14
2.4124067 1.8974336 0.62286294 8 0 0 0 14
2.4133306 2.1370282 0.20947978 8 0 0 0 14
2.0928447 1.6721725 0.9056471 8 0 0 0 14
1.905987 1.8091878 0.56341141 8 0 0 0 14
2.1393943 1.8280665 0.62488538 8 0 0 0 14
2.1470079 1.7473356 0.76928145 8 0 0 0 14
1.6594425 1.6950585 0.68428576 8 0 0 0 14
1.7588062 2.0229921 0.12548567 8 0 0 0 14
1.7323587 1.691895 0.70898932 8 0 0 0 14
2.4901559 1.7649947 0.8709017 8 0 0 0 14
1.5630648 1.9147518 0.27309984 8 0 0 0 14
1.6808324 1.8464153 0.42005852 8 0 0 0 14
1.7697591 1.7883744 0.57570738 8 0 0 0 14
1.8261143 1.7757679 0.60170144 8 0 0 0 14
2.2941294 1.6694233 0.95395654 8 0 0 0 14
1.9899418 2.0073414 0.26615283 8 0 0 0 14
2.492595 1.9327639 0.60269403 8 0 0 0 14
2.3838856 2.0377581 0.32272565 8 0 0 0 14
2.5912638 1.8042833 0.8744573 8 0 0 0 14
2.0552952 1.693639 0.86200303 8 0 0 0 14
2.2923703 2.0951173 0.20768921 8 0 0 0 14
2.0075836 1.8875184 0.47077811 8 0 0 0 14
1.986922 1.8589268 0.55322427 8 0 0 0 14
1.6609318 1.4378984 1.0959461 9 0 0 0 14
2.219435 1.7582636 0.75499129 9 0 0 0 14
1.6238834 1.7567655 0.48392427 9 0 0 0 14
2.4362602 1.7282237 0.91341883 9 0 0 0 14
1.6075215 1.7517694 0.48766819 9 0 0 0 14
2.2106125 1.8776562 0.5647611 9 0 0 0 14
2.2241051 1.8882418 0.5574224 9 0 0 0 14
1.9272517 1.8433974 0.4476507 9 0 0 0 14
2.0173376 1.7226765 0.69305152 9 0 0 0 14
2.0899053 1.5362608 1.0954548 9 0 0 0 14
1.6785351 1.6840219 0.67854947 9 0 0 0 14
2.1540117 1.8409742 0.57301259 9 0 0 0 14
2.316498 1.7655301 0.80782926 9 0 0 0 14
2.3734646 1.7827499 0.77955055 9 0 0 0 14
1.5631418 1.860651 0.32586747 9 0 0 0 14
2.0060787 1.808054 0.58473057 9 0 0 0 14
2.362581 1.7913939 0.75700432 9 0 0 0 14
1.8884177 1.9528511 0.30112183 9 0 0 0 14
2.0724797 1.7416527 0.72139937 9 0 0 0 14
2.043911 2.0168979 0.2403726 9 0 0 0 14
2.3215451 1.884169 0.56640482 9 0 0 0 14
1.9434034 1.8919091 0.39114505 9 0 0 0 14
1.8960329 1.4890808 1.0959594 9 0 0 0 14
1.7698373 1.6206745 0.79388475 9 0 0 0 14
1.8685157 1.5645547 0.97722495 9 0 0 0 14
2.0286345 1.8076926 0.64122313 9 0 0 0 14
1.6978501 1.8789142 0.33583841 9 0 0 0 14
2.0931773 1.9870031 0.29349551 9 0 0 0 14
1.9069263 1.4946094 1.0739977 9 0 0 0 14
2.0776424 1.6048167 1.0004601 9 0 0 0 14
2.4709694 1.7881464 0.82045716 9 0 0 0 14
2.3140802 2.0676055 0.25070083 9 0 0 0 14
2.4969199 1.8599255 0.69162875 9 0 0 0 14
2.1062708 1.8316761 0.57299459 9 0 0 0 14
1.9511722 1.9987539 0.24522786 9 0 0 0 14
2.2708941 1.9183511 0.43105817 9 0 0 0 14
1.5475987 1.7157381 0.56570393 9 0 0 0 14
1.9842769 1.9381436 0.32262114 9 0 0 0 14
1.6090782 1.5263118 0.91069978 9 0 0 0 14
1.71303 1.6603773 0.70439535 9 0 0 0 14
2.1600852 2.0993028 0.21761623 10 0 0 0 14
2.1079648 2.0174665 0.35642606 10 0 0 0 14
1.6197358 1.5196385 1.0996802 10 0 0 0 14
1.83123 1.9217696 0.43214929 10 0 0 0 14
1.7019848 1.7256868 0.71058661 10 0 0 0 14
1.4996009 1.5779294 0.90796643 10 0 0 0 14
1.5740328 1.7098101 0.68998998 10 0 0 0 14
2.303441 1.7556546 0.91747516 10 0 0 0 14
2.4407785 1.8389063 0.83731794 10 0 0 0 14
2.2288151 1.8773086 0.67195773 10 0 0 0 14
1.8041034 1.7296786 0.76484966 10 0 0 0 14
2.1424665 2.0066452 0.35828558 10 0 0 0 14
2.2794828 1.6573796 1.0618593 10 0 0 0 14
1.4854319 1.6272533 0.84058934 10 0 0 0 14
2.0097914 1.9395345 0.45838994 10 0 0 0 14
2.1451974 1.9025707 0.58125728 10 0 0 0 14
2.2155588 2.0130227 0.4126876 10 0 0 0 14
1.6115971 1.7615477 0.61800802 10 0 0 0 14
1.7713159 1.5123937 1.1092033 10 0 0 0 14
1.5898606 1.518429 1.0628854 10 0 0 0 14
2.3303754 1.9327273 0.60939759 10 0 0 0 14
1.5350012 1.6775814 0.77963829 10 0 0 0 14
2.0663285 1.8901025 0.55915374 10 0 0 0 14
2.0445683 1.6619968 0.95139825 10 0 0 0 14
1.9457221 1.9347173 0.43471843 10 0 0 0 14
2.3143628 2.0861034 0.32148138 10 0 0 0 14
2.3663712 1.6803175 1.0703233 10 0 0 0 14
2.4397471 1.7732693 0.93493581 10 0 0 0 14
1.9281942 1.8241184 0.65310287 10 0 0 0 14
1.6731894 1.9588628 0.30451354 10 0 0 0 14
1.7098899 1.8091874 0.56491166 10 0 0 0 14
2.1745698 2.092201 0.26424763 10 0 0 0 14
1.7791464 1.6401323 0.89607674 10 0 0 0 14
2.1703124 1.6782111 0.9995144 10 0 0 0 14
1.5797535 1.6535145 0.80056071 10 0 0 0 14
2.0885036 1.8746576 0.61081684 10 0 0 0 14
1.8865486 1.7884775 0.66504604 10 0 0 0 14
1.8791473 1.8655701 0.57116228 10 0 0 0 14
2.4521027 1.7748411 0.95128059 10 0 0 0 14
2.3294384 1.7000685 1.0448642 10 0 0 0 14
1.4931901 1.6967831 0.85013664 11 0 0 0 14
2.1078668 1.8828737 0.79270303 11 0 0 0 14
2.3889365 2.0712795 0.53868014 11 0 0 0 14
1.8739336 2.0562608 0.36450276 11 0 0 0 14
2.3745837 1.9997789 0.71572924 11 0 0 0 14
1.8342664 1.8838494 0.65959591 11 0 0 0 14
1.6112092 1.989807 0.33145735 11 0 0 0 14
1.6561602 1.6826618 0.90976351 11 0 0 0 14
1.7415376 1.6794043 1.050959 11 0 0 0 14
1.7679516 1.969802 0.45535412 11 0 0 0 14
1.9435239 1.7479845 0.9790917 11 0 0 0 14
1.5543613 1.5914807 1.0553572 11 0 0 0 14
2.2225547 1.7505649 1.1065419 11 0 0 0 14
1.8504859 1.9189879 0.5974831 11 0 0 0 14
1.8629336 1.8038865 0.85104126 11 0 0 0 14
2.3775864 2.02091 0.6745261 11 0 0 0 14
2.0304906 1.8899302 0.74687868 11 0 0 0 14
1.8824182 1.985803 0.48845854 11 0 0 0 14
2.3201096 1.9652088 0.75864029 11 0 0 0 14
1.8852262 1.8200136 0.7568652 11 0 0 0 14
1.8752477 1.9689741 0.55038351 11 0 0 0 14
2.2910888 2.0842221 0.50265908 11 0 0 0 14
2.4336836 1.76996 1.1602477 11 0 0 0 14
2.2803924 1.7343237 1.1457652 11 0 0 0 14
2.079994 2.0194321 0.53203833 11 0 0 0 14
2.3305824 1.7301276 1.1870582 11 0 0 0 14
1.9966367 1.7623539 0.97666556 11 0 0 0 14
1.829571 1.9025635 0.60914534 11 0 0 0 14
1.9912235 1.6415013 1.1952012 11 0 0 0 14
2.1075246 1.9413019 0.64028102 11 0 0 0 14
1.5708208 1.740611 0.79202622 11 0 0 0 14
1.5430403 1.5936241 1.0779943 11 0 0 0 14
2.4259474 1.8167861 1.0676937 11 0 0 0 14
1.7384 1.899801 0.62272525 11 0 0 0 14
1.4739745 1.9125036 0.41978472 11 0 0 0 14
1.7433767 1.9357636 0.54583639 11 0 0 0 14
1.7557616 1.5746179 1.1982784 11 0 0 0 14
2.2439675 1.8264 0.96840245 11 0 0 0 14
2.0377359 1.7640352 0.98363388 11 0 0 0 14
1.530883 1.6441789 0.97323048 11 0 0 0 14
1.4499331 1.8328871 0.32437339 12 0 0 0 14
2.390099 1.8952142 0.49992859 12 0 0 0 14
1.7795918 1.9562243 0.20229557 12 0 0 0 14
1.8815763 1.9575025 0.23738432 12 0 0 0 14
2.1272776 1.6267781 0.90070498 12 0 0 0 14
2.0536954 2.0713463 0.10672545 12 0 0 0 14
1.430519 1.8823258 0.24265851 12 0 0 0 14
2.1481283 1.9022334 0.42418474 12 0 0 0 14
2.2546132 1.7620785 0.72885633 12 0 0 0 14
2.4598908 1.7418765 0.83881736 12 0 0 0 14
1.8552829 1.7820706 0.57667363 12 0 0 0 14
1.8415458 1.8920721 0.37252381 12 0 0 0 14
2.1344006 1.7704746 0.62519658 12 0 0 0 14
1.7427648 1.6610849 0.72347623 12 0 0 0 14
1.7067151 1.6640419 0.71449727 12 0 0 0 14
1.9594988 1.8554381 0.41664392 12 0 0 0 14
1.8924417 1.600847 0.91512924 12 0 0 0 14
2.0677154 1.6158789 0.88190514 12 0 0 0 14
2.2703781 2.0530701 0.21091925 12 0 0 0 14
1.8615549 1.7536349 0.61005598 12 0 0 0 14
1.7517234 1.5320193 0.94724393 12 0 0 0 14
2.4662919 1.7877339 0.75563735 12 0 0 0 14
1.5251617 1.7580968 0.50630277 12 0 0 0 14
1.9604124 1.8833323 0.4141731 12 0 0 0 14
1.901282 1.9964062 0.17942204 12 0 0 0 14
1.9904981 1.6792195 0.78230357 12 0 0 0 14
2.0358462 1.644347 0.83608586 12 0 0 0 14
1.9877472 2.0634937 0.079612516 12 0 0 0 14
1.8313111 1.8014233 0.51800776 12 0 0 0 14
2.3233752 1.6714076 0.88223886 12 0 0 0 14
2.1346107 1.6469355 0.88448739 12 0 0 0 14
2.1528058 1.9186876 0.38301215 12 0 0 0 14
1.8057384 1.7529813 0.60089719 12 0 0 0 14
2.4912264 1.7886239 0.77607733 12 0 0 0 14
2.2869906 1.7678457 0.71290702 12 0 0 0 14
2.1169553 1.9691021 0.3166742 12 0 0 0 14
1.9816837 1.8034226 0.56682658 12 0 0 0 14
1.5293496 1.7467662 0.53807485 12 0 0 0 14
2.429162 1.8704146 0.60573608 12 0 0 0 14
1.77054 1.6072208 0.82755589 12 0 0 0 14
1.8303132 1.9739704 0.19889849 13 0 0 0 14
2.0144074 2.098779 0.063280478 13 0 0 0 14
2.0818419 1.8021971 0.63406008 13 0 0 0 14
2.029285 1.9713405 0.30737013 13 0 0 0 14
1.8777648 2.0109766 0.12798056 13 0 0 0 14
1.9006644 1.9945647 0.23345064 13 0 0 0 14
1.6420327 1.54582 0.89019394 13 0 0 0 14
1.9487697 1.8842174 0.41232207 13 0 0 0 14
1.9922667 1.7631078 0.63182193 13 0 0 0 14
1.5184419 1.9132638 0.1797795 13 0 0 0 14
2.3448153 1.8866771 0.58989042 13 0 0 0 14
1.6076303 1.7582289 0.46743155 13 0 0 0 14
1.547905 1.8000417 0.35787967 13 0 0 0 14
2.063236 1.7501689 0.72162646 13 0 0 0 14
1.5211483 1.9369571 0.13795441 13 0 0 0 14
1.4754047 1.7941375 0.3643797 13 0 0 0 14
1.7091124 1.5239294 0.94630647 13 0 0 0 14
1.9039848 1.8577141 0.43905833 13 0 0 0 14
1.7564349 1.7746106 0.50569266 13 0 0 0 14
1.9747053 2.0398681 0.13172165 13 0 0 0 14
2.0557675 1.9051334 0.42017743 13 0 0 0 14
1.6283379 1.5695162 0.86044449 13 0 0 0 14
2.143189 1.9540375 0.3704904 13 0 0 0 14
1.9308014 1.735382 0.66917402 13 0 0 0 14
1.8774546 1.8067003 0.50843453 13 0 0 0 14
1.948481 2.0077808 0.19757099 13 0 0 0 14
1.5920798 1.6899781 0.58676821 13 0 0 0 14
1.6780581 1.6974641 0.63300419 13 0 0 0 14
1.5379158 1.7887594 0.40607446 13 0 0 0 14
1.8788301 1.7769822 0.57691377 13 0 0 0 14
2.3669024 1.9526323 0.46569371 13 0 0 0 14
1.8996769 1.5945975 0.90284365 13 0 0 0 14
1.7029335 1.947675 0.17037658 13 0 0 0 14
2.3970354 1.7592839 0.79986531 13 0 0 0 14
2.3548257 1.874081 0.61068416 13 0 0 0 14
1.8864073 2.0423245 0.11803593 13 0 0 0 14
2.2099774 1.8744476 0.5424847 13 0 0 0 14
1.601369 1.7083067 0.54444927 13 0 0 0 14
1.8288637 1.647043 0.74723655 13 0 0 0 14
1.5213848 1.7983881 0.3874751 13 0 0 0 14
1.5391088 1.8886553 0.3130039 14 0 0 0 14
1.9513009 1.8542936 0.58330566 14 0 0 0 14
2.1136498 2.1127987 0.14606006 14 0 0 0 14
2.47545 1.9057064 0.68056589 14 0 0 0 14
2.4736202 1.8219208 0.89256984 14 0 0 0 14
2.2436593 1.7971007 0.81094229 14 0 0 0 14
1.7380046 1.6048741 0.90224278 14 0 0 0 14
2.3623197 2.2075748 0.11344494 14 0 0 0 14
1.8717939 1.7221448 0.77253324 14 0 0 0 14
1.942474 1.6682639 0.91203982 14 0 0 0 14
2.2392957 1.9638103 0.50345355 14 0 0 0 14
2.1575859 1.7997077 0.75874668 14 0 0 0 14
1.8049508 1.7350113 0.72786927 14 0 0 0 14
1.7546942 1.776154 0.60255516 14 0 0 0 14
2.2910686 2.0736356 0.28634548 14 0 0 0 14
2.3978095 1.8587641 0.77159685 14 0 0 0 14
2.0824213 1.930498 0.46458933 14 0 0 0 14
2.0996907 1.8465118 0.67424911 14 0 0 0 14
2.0675797 1.7017341 0.88707536 14 0 0 0 14
1.9530077 1.7164599 0.8376298 14 0 0 0 14
2.3163588 1.8128302 0.80892211 14 0 0 0 14
1.9303514 1.8697853 0.52463084 14 0 0 0 14
1.581488 1.9160506 0.281423 14 0 0 0 14
2.1347423 1.8785865 0.61278361 14 0 0 0 14
1.8514652 1.7559377 0.73941708 14 0 0 0 14
2.439997 1.8484566 0.78078443 14 0 0 0 14
1.5734742 1.6704057 0.70496833 14 0 0 0 14
2.2352779 2.0855372 0.2633628 14 0 0 0 14
1.5529622 1.9367341 0.24209596 14 0 0 0 14
1.6702507 1.5902679 0.92643613 14 0 0 0 14
2.2402802 2.1348875 0.17719561 14 0 0 0 14
1.4530985 1.9180326 0.24225011 14 0 0 0 14
2.3911333 2.1183624 0.2841748 14 0 0 0 14
1.9734532 2.0239756 0.26733631 14 0 0 0 14
1.7810482 1.6630218 0.83205014 14 0 0 0 14
2.0448329 1.7165396 0.88962966 14 0 0 0 14
1.8566562 1.897289 0.44863403 14 0 0 0 14
1.805279 1.7524267 0.69180644 14 0 0 0 14
1.8444835 1.6812382 0.85997307 14 0 0 0 14
1.9038236 1.8622453 0.52142358 14 0 0 0 14
1.8948355 2.0635536 0.23223311 15 0 0 0 14
1.4832536 1.7746735 0.57014537 15 0 0 0 14
1.7511461 2.0063336 0.26623631 15 0 0 0 14
2.2524383 1.9531105 0.65319747 15 0 0 0 14
1.5234091 1.9495916 0.26583108 15 0 0 0 14
1.6950328 1.6301714 0.91394061 15 0 0 0 14
1.5272688 1.8376553 0.46468389 15 0 0 0 14
1.3684404 1.9128189 0.27746236 15 0 0 0 14
1.5486708 1.6891153 0.74525791 15 0 0 0 14
1.5589072 1.71919 0.63597494 15 0 0 0 14
2.1407888 2.0679877 0.3449738 15 0 0 0 14
1.4912992 1.8290644 0.49413028 15 0 0 0 14
1.7047166 2.0451515 0.17878404 15 0 0 0 14
1.5162061 1.9300563 0.31062376 15 0 0 0 14
1.918836 1.6704943 0.9585489 15 0 0 0 14
2.1936412 2.0627923 0.35341069 15 0 0 0 14
1.8656124 1.9904877 0.33784881 15 0 0 0 14
1.6925658 2.0424736 0.18987419 15 0 0 0 14
1.832552 1.9881021 0.31409442 15 0 0 0 14
1.8512516 2.0098341 0.31116259 15 0 0 0 14
1.4290423 1.6587225 0.7429083 15 0 0 0 14
1.7769022 2.0734546 0.18638882 15 0 0 0 14
1.5776479 2.031059 0.17754869 15 0 0 0 14
1.6378975 1.7946171 0.60267878 15 0 0 0 14
1.7233734 1.5822605 1.0216343 15 0 0 0 14
1.7756622 2.0715187 0.16029865 15 0 0 0 14
1.521863 1.7479966 0.60942626 15 0 0 0 14
1.4294713 1.6949835 0.65747011 15 0 0 0 14
1.8248843 1.7292962 0.79679805 15 0 0 0 14
1.5799483 1.931578 0.35584578 15 0 0 0 14
1.2841889 1.8771482 0.23118097 15 0 0 0 14
1.6946211 1.8994192 0.47626886 15 0 0 0 14
1.5251948 1.5700091 0.92291456 15 0 0 0 14
1.4611487 1.8608609 0.41152877 15 0 0 0 14
1.8652064 1.8698429 0.57594579 15 0 0 0 14
1.783533 1.6829375 0.89254165 15 0 0 0 14
1.8049917 1.7570599 0.77566701 15 0 0 0 14
1.6032017 1.8086632 0.57166219 15 0 0 0 14
2.0698912 2.1681991 0.1449213 15 0 0 0 14
1.8928542 2.0953076 0.16588874 15 0 0 0 14
1.6092469 1.8478081 0.57680672 16 0 0 0 14
2.2862256 2.2743082 0.062958978 16 0 0 0 14
1.8912796 1.8010554 0.76841813 16 0 0 0 14
2.3542633 2.2093272 0.23572208 16 0 0 0 14
2.547904 1.9269873 0.90102863 16 0 0 0 14
1.97688 2.178576 0.095156193 16 0 0 0 14
2.2377472 2.0944321 0.38770053 16 0 0 0 14
2.4050937 2.2785256 0.13193232 16 0 0 0 14
1.9032811 1.855201 0.71746963 16 0 0 0 14
1.7994114 1.8409021 0.73939127 16 0 0 0 14
1.6450689 1.6772277 0.9680329 16 0 0 0 14
1.6012889 1.9841237 0.34509936 16 0 0 0 14
2.1956489 2.0859499 0.36493275 16 0 0 0 14
2.2368619 2.214891 0.19097503 16 0 0 0 14
2.5457397 2.0088029 0.72431034 16 0 0 0 14
1.9444475 1.9442909 0.58703357 16 0 0 0 14
2.2698262 2.2379582 0.12879914 16 0 0 0 14
2.3554206 1.9466209 0.75844991 16 0 0 0 14
1.6913873 1.957981 0.4403058 16 0 0 0 14
1.6737128 1.6683967 0.98051101 16 0 0 0 14
2.3454454 1.8923012 0.80996341 16 0 0 0 14
2.2699621 2.2046735 0.22174773 16 0 0 0 14
1.892707 1.8349383 0.71785253 16 0 0 0 14
1.9941268 2.0369234 0.40187314 16 0 0 0 14
1.913922 1.7819419 0.87927675 16 0 0 0 14
2.1549988 1.9016594 0.72432029 16 0 0 0 14
2.109185 1.8754996 0.78373468 16 0 0 0 14
2.2783227 1.8894602 0.77723926 16 0 0 0 14
1.9653803 1.7962396 0.8678804 16 0 0 0 14
2.3711267 1.869947 0.88879257 16 0 0 0 14
2.4696126 1.9662234 0.73920816 16 0 0 0 14
2.0695918 2.1294143 0.23902097 16 0 0 0 14
1.7890817 1.9542167 0.48453474 16 0 0 0 14
2.318552 1.8639812 0.88598639 16 0 0 0 14
2.0056221 1.7620684 0.97133029 16 0 0 0 14
1.6804688 1.8013743 0.76922667 16 0 0 0 14
2.2820842 2.1407008 0.34171537 16 0 0 0 14
1.6861809 1.8387156 0.643323 16 0 0 0 14
2.1168792 1.8269426 0.8208974 16 0 0 0 14
2.3419645 2.1293032 0.37681839 16 0 0 0 14
2.1500721 2.0400717 0.10664134 17 0 0 0 14
2.268625 2.0117459 0.17076004 17 0 0 0 14
1.6529912 1.7637906 0.42536843 17 0 0 0 14
1.6439639 1.7998371 0.32692456 17 0 0 0 14
2.1565366 1.5994217 0.95658302 17 0 0 0 14
2.2998855 1.6888726 0.8353374 17 0 0 0 14
2.2138872 1.97771 0.26242012 17 0 0 0 14
1.8357369 1.5920063 0.87610769 17 0 0 0 14
2.3084416 1.8656667 0.52169621 17 0 0 0 14
1.4970471 1.8338724 0.20037268 17 0 0 0 14
2.2716823 2.0759144 0.10343649 17 0 0 0 14
2.3319156 1.7746719 0.70513803 17 0 0 0 14
1.9311193 1.6743013 0.72847801 17 0 0 0 14
2.3924432 1.7507125 0.80510986 17 0 0 0 14
2.4309926 1.8797116 0.547813 17 0 0 0 14
1.5561485 1.572747 0.73579121 17 0 0 0 14
1.6361182 1.86023 0.21891169 17 0 0 0 14
1.8357586 1.6900167 0.62975264 17 0 0 0 14
2.2659898 1.7987683 0.61413258 17 0 0 0 14
1.8696712 1.938315 0.15764432 17 0 0 0 14
1.7920997 1.5132406 0.96145475 17 0 0 0 14
2.3583331 1.9161811 0.45917457 17 0 0 0 14
2.2832642 1.8712256 0.48803893 17 0 0 0 14
2.1227915 1.7147206 0.7453866 17 0 0 0 14
2.3613007 1.6874572 0.94454169 17 0 0 0 14
1.7672575 1.7466986 0.49079663 17 0 0 0 14
1.6885475 1.8876438 0.18575349 17 0 0 0 14
2.2205818 1.9062138 0.44774061 17 0 0 0 14
1.5319821 1.8178142 0.26490667 17 0 0 0 14
2.0575428 1.5927225 0.93320441 17 0 0 0 14
2.1920686 1.9383867 0.32704711 17 0 0 0 14
2.0275135 1.7849617 0.52288127 17 0 0 0 14
1.7088757 1.827466 0.31710809 17 0 0 0 14
1.8257302 1.6013145 0.84308761 17 0 0 0 14
1.8754631 1.8859638 0.29544359 17 0 0 0 14
1.9914663 1.9807835 0.17553815 17 0 0 0 14
2.3916423 1.8102745 0.66733617 17 0 0 0 14
1.7628883 1.8457074 0.31174418 17 0 0 0 14
2.1561375 1.9999753 0.16230214 17 0 0 0 14
2.1100895 1.9037023 0.3721824 17 0 0 0 14
1.5214083 1.7548838 0.68370777 18 0 0 0 14
1.7686403 1.9805341 0.3922182 18 0 0 0 14
2.217418 1.745832 1.0554746 18 0 0 0 14
1.9559065 1.7982535 0.8212356 18 0 0 0 14
1.4897048 1.7120125 0.76968813 18 0 0 0 14
1.529265 1.6734281 0.87486565 18 0 0 0 14
1.869014 1.8570935 0.67804992 18 0 0 0 14
1.5782726 1.8711463 0.46457374 18 0 0 0 14
2.1045198 1.8944784 0.72211826 18 0 0 0 14
1.4670157 1.9766614 0.23100068 18 0 0 0 14
1.6560925 1.9061869 0.4788307 18 0 0 0 14
1.6538954 1.7254728 0.82491976 18 0 0 0 14
1.7279806 1.7113186 0.87886107 18 0 0 0 14
2.1543131 2.1774306 0.20971501 18 0 0 0 14
1.7755777 1.6462035 1.0499505 18 0 0 0 14
2.3877084 1.8947178 0.90003186 18 0 0 0 14
2.1521497 1.8988454 0.74145859 18 0 0 0 14
2.1832838 1.834527 0.85961461 18 0 0 0 14
2.1268291 2.0651109 0.39933652 18 0 0 0 14
1.4872549 1.5521648 1.098294 18 0 0 0 14
1.8169051 2.0299649 0.35899374 18 0 0 0 14
1.665889 1.9454781 0.41301039 18 0 0 0 14
1.5675856 1.859771 0.52119184 18 0 0 0 14
1.917309 1.7720089 0.87615973 18 0 0 0 14
2.0827928 1.94275 0.61941934 18 0 0 0 14
2.251709 1.7432038 1.0464318 18 0 0 0 14
1.553243 1.5862073 1.051355 18 0 0 0 14
2.1842198 1.874429 0.79077858 18 0 0 0 14
1.5064915 1.9752604 0.27228665 18 0 0 0 14
2.1294761 1.8953494 0.73790288 18 0 0 0 14
2.2226472 2.0612278 0.49052685 18 0 0 0 14
1.7622447 1.8050859 0.73162156 18 0 0 0 14
1.8763118 1.9871546 0.48652604 18 0 0 0 14
2.0048313 1.8936682 0.65425009 18 0 0 0 14
2.3371894 1.9305146 0.78106177 18 0 0 0 14
1.7670102 1.971444 0.37947461 18 0 0 0 14
1.9238635 1.7833078 0.79369074 18 0 0 0 14
2.3080127 1.8395841 0.97330797 18 0 0 0 14
1.7701882 1.6686455 1.0093482 18 0 0 0 14
1.867895 2.0286577 0.34642905 18 0 0 0 14
1.8982912 1.977348 0.2443355 19 0 0 0 14
2.2690487 1.8459895 0.65604424 19 0 0 0 14
2.1446242 1.799473 0.69652539 19 0 0 0 14
1.8527056 1.7115806 0.73170632 19 0 0 0 14
2.3470211 1.7313921 0.93127143 19 0 0 0 14
2.2161601 1.830713 0.66286433 19 0 0 0 14
1.5799961 1.8222821 0.40795404 19 0 0 0 14
2.1626029 1.7547597 0.77959788 19 0 0 0 14
1.818379 1.8647745 0.46302381 19 0 0 0 14
1.6232828 1.6430644 0.74058044 19 0 0 0 14
1.7702261 1.9836624 0.18622096 19 0 0 0 14
1.5262681 1.8971546 0.2186961 19 0 0 0 14
1.3600523 1.8680408 0.22012401 19 0 0 0 14
1.4570082 1.7471685 0.52224648 19 0 0 0 14
1.501501 1.8764074 0.29219905 19 0 0 0 14
1.9944162 2.0474195 0.17642577 19 0 0 0 14
2.16857 1.6844671 0.95276767 19 0 0 0 14
1.6218104 1.8752757 0.32056952 19 0 0 0 14
2.1875231 2.0385356 0.26132959 19 0 0 0 14
1.9650315 1.8143607 0.63517201 19 0 0 0 14
2.0819788 1.8508066 0.53618801 19 0 0 0 14
1.567698 1.7421577 0.5317083 19 0 0 0 14
2.4296412 1.7384827 0.90473986 19 0 0 0 14
1.8651029 1.936078 0.32414499 19 0 0 0 14
2.1939282 1.7319946 0.83625251 19 0 0 0 14
2.1933649 1.8013852 0.70973903 19 0 0 0 14
2.3390701 1.7921994 0.82024699 19 0 0 0 14
1.9613274 1.7728252 0.71926874 19 0 0 0 14
1.6136086 1.7457019 0.56724179 19 0 0 0 14
1.6026413 1.5725337 0.88774133 19 0 0 0 14
1.7257724 1.7901192 0.5226258 19 0 0 0 14
1.9250342 1.9046526 0.43245506 19 0 0 0 14
1.6441404 1.5506191 0.94275898 19 0 0 0 14
2.1821537 1.6833708 0.92312407 19 0 0 0 14
2.3799281 1.8202395 0.760553 19 0 0 0 14
1.5142026 1.8247497 0.37940168 19 0 0 0 14
1.4989594 1.8458185 0.37239161 19 0 0 0 14
2.3670998 1.7219712 0.92563826 19 0 0 0 14
2.1638668 2.0127096 0.25254744 19 0 0 0 14
1.8301206 1.8404986 0.50925618 19 0 0 0 14
-0.59188247 0.83139992 0.78500634 0 0 0 0 15
-0.18538556 0.66835946 0.61233103 0 0 0 0 15
-0.34642825 0.77062494 0.94370353 0 0 0 0 15
-0.20570748 0.68224198 0.5514034 0 0 0 0 15
-0.011304297 0.69449365 1.0964741 0 0 0 0 15
-0.17292093 0.7454406 1.2577535 0 0 0 0 15
0.18310337 0.61286652 0.89591503 0 0 0 0 15
-0.36389932 0.73421437 0.53623235 0 0 0 0 15
-0.086804926 0.66047108 0.6602897 0 0 0 0 15
-0.03514396 0.63987374 0.76779103 0 0 0 0 15
-0.35822183 0.70787841 0.33472678 0 0 0 0 15
-0.35508263 0.79558402 1.1996257 0 0 0 0 15
0.30986196 0.55180359 0.87043566 0 0 0 0 15
-0.48892489 0.76075143 0.50679547 0 0 0 0 15
0.24857123 0.6033318 1.0737932 0 0 0 0 15
-0.15499912 0.70089406 0.74756229 0 0 0 0 15
-0.34805429 0.76734281 0.85380042 0 0 0 0 15
-0.045112979 0.72276968 1.1744004 0 0 0 0 15
-0.54519141 0.81051356 0.7440244 0 0 0 0 15
-0.57008874 0.8299017 0.890692 0 0 0 0 15
-0.13333906 0.74056709 1.2945604 0 0 0 0 15
0.46127632 0.52002817 0.85502744 0 0 0 0 15
-0.75165713 0.84918225 0.56583905 0 0 0 0 15
-0.08417742 0.61441773 0.36074606 0 0 0 0 15
-0.068585679 0.59870332 0.28509191 0 0 0 0 15
-0.05314938 0.60603696 0.28380901 0 0 0 0 15
0.049013719 0.68853712 1.1868945 0 0 0 0 15
0.15650217 0.56581354 0.51458472 0 0 0 0 15
0.28867686 0.58275241 0.99759889 0 0 0 0 15
-0.18957274 0.68517309 0.71040297 0 0 0 0 15
-0.67579693 0.82692665 0.67282158 0 0 0 0 15
-0.043870762 0.71579933 1.2385868 0 0 0 0 15
-0.4075208 0.77919394 0.85844505 0 0 0 0 15
-0.34991539 0.76395255 0.96652317 0 0 0 0 15
-0.10586493 0.70586383 0.99397421 0 0 0 0 15
0.027291384 0.5666399 0.12481222 0 0 0 0 15
-0.7153433 0.84297556 0.57539785 0 0 0 0 15
-0.61667538 0.83292788 0.83632243 0 0 0 0 15
0.056084462 0.6544717 0.79364783 0 0 0 0 15
0.26755911 0.55470884 0.92524213 0 0 0 0 15
-0.14848056 0.64893645 0.5321182 1 0 0 0 15
-0.33078 0.71868533 0.47859421 1 0 0 0 15
-0.12920886 0.6549542 0.56113052 1 0 0 0 15
-0.15738726 0.72415447 0.82873178 1 0 0 0 15
-0.63646227 0.87457138 0.79623139 1 0 0 0 15
-0.31857347 0.84333825 1.3541702 1 0 0 0 15
-0.22033145 0.76969963 1.0227522 1 0 0 0 15
-0.58634132 0.86641419 1.0032384 1 0 0 0 15
0.04471565 0.66164494 1.0220965 1 0 0 0 15
0.30682936 0.57910562 1.0147501 1 0 0 0 15
0.28400066 0.5641191 0.9609884 1 0 0 0 15
0.040748559 0.57311833 0.31053036 1 0 0 0 15
0.26638061 0.5441978 0.73637474 1 0 0 0 15
-0.094309613 0.63375407 0.36649245 1 0 0 0 15
-0.057853274 0.70678651 1.1001549 1 0 0 0 15
0.27498358 0.57158488 0.97095168 1 0 0 0 15
-0.042017993 0.71075219 1.1876091 1 0 0 0 15
-0.44236413 0.82359195 1.0684074 1 0 0 0 15
0.2797994 0.57094729 0.96984023 1 0 0 0 15
-0.025396837 0.65783513 0.69601279 1 0 0 0 15
-0.10009746 0.68704134 0.93765616 1 0 0 0 15
-0.35620064 0.76376498 0.75599492 1 0 0 0 15
-0.027969817 0.67927122 1.0140547 1 0 0 0 15
-0.13316062 0.74331456 1.1932703 1 0 0 0 15
0.013040456 0.7152825 1.3874065 1 0 0 0 15
-0.26467904 0.78916466 1.0536615 1 0 0 0 15
0.0024801432 0.5985477 0.45701852 1 0 0 0 15
0.22176 0.55345559 0.72148615 1 0 0 0 15
-0.30783191 0.84434772 1.3153969 1 0 0 0 15
0.024858279 0.64214629 0.64714026 1 0 0 0 15
-0.089284874 0.68927419 1.021601 1 0 0 0 15
0.12259395 0.66925108 1.3051182 1 0 0 0 15
-0.1612608 0.70624548 0.70326543 1 0 0 0 15
0.073389538 0.64930046 0.98636556 1 0 0 0 15
0.0061869165 0.61340803 0.37342891 1 0 0 0 15
-0.23859201 0.70603871 0.64857525 1 0 0 0 15
0.092965968 0.58677202 0.59426653 1 0 0 0 15
-0.62675387 0.86166412 0.7321741 1 0 0 0 15
-0.46166372 0.80486417 0.75284183 1 0 0 0 15
0.11878407 0.63404214 0.97262466 1 0 0 0 15
0.26359975 0.6427322 1.1747986 2 0 0 0 15
-0.094192974 0.69331926 0.57099605 2 0 0 0 15
-0.48309702 0.86322045 1.1250784 2 0 0 0 15
0.25238079 0.64954937 1.0852696 2 0 0 0 15
-0.21385564 0.7985062 1.1570055 2 0 0 0 15
0.022847803 0.73269355 1.1142589 2 0 0 0 15
-0.64623106 0.89474756 0.8837105 2 0 0 0 15
-0.34510347 0.84821922 1.3053236 2 0 0 0 15
-0.45272091 0.80914217 0.65791965 2 0 0 0 15
0.074523874 0.69613898 1.2159466 2 0 0 0 15
-0.41392764 0.82115471 0.81293106 2 0 0 0 15
-0.15598965 0.69360495 0.37420884 2 0 0 0 15
-0.63403594 0.87288129 0.7554335 2 0 0 0 15
-0.16051154 0.77315187 1.1903682 2 0 0 0 15
0.0028624055 0.7428062 1.2896191 2 0 0 0 15
0.39498976 0.59500891 0.87678832 2 0 0 0 15
-0.023998527 0.63027602 0.34264815 2 0 0 0 15
-0.4714376 0.83679605 0.72249573 2 0 0 0 15
-0.25919229 0.83180314 1.2954948 2 0 0 0 15
0.1260571 0.66495895 0.9915477 2 0 0 0 15
-0.45450667 0.79668164 0.5920822 2 0 0 0 15
0.097753249 0.62785834 0.6147961 2 0 0 0 15
-0.58861083 0.84969473 0.74540323 2 0 0 0 15
0.031905413 0.73273152 1.1640846 2 0 0 0 15
0.063855417 0.68560666 0.8964743 2 0 0 0 15
0.29640985 0.63254261 0.97183853 2 0 0 0 15
-0.086451724 0.76285338 1.2855264 2 0 0 0 15
-0.20136848 0.79307127 1.2272062 2 0 0 0 15
0.11973072 0.66059268 0.87490082 2 0 0 0 15
-0.3521345 0.76085323 0.48246828 2 0 0 0 15
0.080936633 0.7163868 1.2191679 2 0 0 0 15
-0.13710333 0.71780598 0.80385262 2 0 0 0 15
-0.29796919 0.81228524 1.1190622 2 0 0 0 15
-0.27308762 0.71842617 0.35792896 2 0 0 0 15
-0.41454217 0.79674065 0.72717261 2 0 0 0 15
-0.34620228 0.82927096 0.99107015 2 0 0 0 15
-0.19160686 0.8228215 1.3881177 2 0 0 0 15
-0.63222486 0.88010442 0.84710103 2 0 0 0 15
-0.1627046 0.6899544 0.44338545 2 0 0 0 15
-0.40984225 0.80033427 0.70061791 2 0 0 0 15
-0.18136609 0.81261975 1.3280935 3 0 0 0 15
-0.56805485 0.86181509 0.76424867 3 0 0 0 15
-0.021938993 0.73809397 1.1356696 3 0 0 0 15
-0.090586103 0.70616084 0.79435098 3 0 0 0 15
0.0050962931 0.62676895 0.48292428 3 0 0 0 15
-0.28926262 0.83514214 1.0418472 3 0 0 0 15
0.081291199 0.67418754 0.90266234 3 0 0 0 15
-0.1753141 0.79211098 1.1147376 3 0 0 0 15
0.088735811 0.61247265 0.59385937 3 0 0 0 15
-0.6085276 0.8857128 0.84973061 3 0 0 0 15
-0.44181889 0.82561743 0.79380667 3 0 0 0 15
-0.46862802 0.8566848 0.95919621 3 0 0 0 15
0.43142354 0.53970021 0.82594931 3 0 0 0 15
0.2113699 0.59799016 0.825939 3 0 0 0 15
-0.14325108 0.72107136 0.9546839 3 0 0 0 15
0.056243412 0.58020371 0.28925291 3 0 0 0 15
-0.10922041 0.8085686 1.3569373 3 0 0 0 15
-0.29600829 0.79309279 0.87769032 3 0 0 0 15
-0.35448989 0.79058039 0.66209334 3 0 0 0 15
-0.50596631 0.87977946 1.0670621 3 0 0 0 15
-0.12701152 0.6523692 0.47328857 3 0 0 0 15
-0.080662519 0.64443243 0.38181418 3 0 0 0 15
-0.18260933 0.77107149 0.9867236 3 0 0 0 15
-0.21603687 0.79592073 1.0973687 3 0 0 0 15
0.23979867 0.60690123 0.91952813 3 0 0 0 15
-0.21857241 0.71784133 0.48926666 3 0 0 0 15
-0.4076449 0.75657183 0.41945007 3 0 0 0 15
-0.32747635 0.73610139 0.40391442 3 0 0 0 15
-0.49156237 0.85983664 0.91288817 3 0 0 0 15
-0.2338136 0.71880275 0.61349332 3 0 0 0 15
-0.13809617 0.63667208 0.22717007 3 0 0 0 15
0.36156273 0.57187533 0.92990649 3 0 0 0 15
0.011171719 0.6118989 0.56669939 3 0 0 0 15
-0.20516382 0.69663751 0.51246595 3 0 0 0 15
0.33381724 0.55829412 0.82622218 3 0 0 0 15
-0.38357806 0.84967989 1.0336065 3 0 0 0 15
-0.45325243 0.88963866 1.0763757 3 0 0 0 15
0.042010289 0.66371334 0.95241272 3 0 0 0 15
-0.10419042 0.65755945 0.57726032 3 0 0 0 15
0.34536159 0.57461077 0.95092827 3 0 0 0 15
0.10190902 0.47760189 0.11502755 4 0 0 0 15
0.098410539 0.60400927 1.00297 4 0 0 0 15
0.31147307 0.49530366 0.69981009 4 0 0 0 15
-0.19334303 0.63861006 0.44615602 4 0 0 0 15
0.057112165 0.59488094 0.78614783 4 0 0 0 15
-0.66117251 0.83424181 0.52909982 4 0 0 0 15
-0.22801051 0.7333442 1.0351924 4 0 0 0 15
0.32325295 0.5033291 0.64518267 4 0 0 0 15
0.17670898 0.52474457 0.43666974 4 0 0 0 15
0.37239525 0.48722929 0.69653732 4 0 0 0 15
-0.16234705 0.72996521 1.0597196 4 0 0 0 15
-0.21762672 0.62523502 0.22220431 4 0 0 0 15
-0.021991523 0.66602945 0.93589026 4 0 0 0 15
0.072005838 0.60095817 0.69872242 4 0 0 0 15
0.16599025 0.53158474 0.57527226 4 0 0 0 15
0.081696764 0.60120893 0.81650352 4 0 0 0 15
0.043300644 0.53960949 0.31006548 4 0 0 0 15
0.089014083 0.55480838 0.61196697 4 0 0 0 15
0.40787724 0.49033108 0.86327088 4 0 0 0 15
-0.024534097 0.54295987 0.17001481 4 0 0 0 15
-0.053512067 0.67035526 0.84825844 4 0 0 0 15
-0.10700012 0.58100939 0.15057953 4 0 0 0 15
0.13989756 0.5045898 0.33203477 4 0 0 0 15
-0.1705949 0.7432816 1.1879364 4 0 0 0 15
-0.15261067 0.62841934 0.32370642 4 0 0 0 15
-0.010104017 0.69448549 1.1265903 4 0 0 0 15
0.31016341 0.53805172 0.94285363 4 0 0 0 15
-0.60075921 0.78176421 0.41784957 4 0 0 0 15
-0.34043971 0.76833159 0.91367829 4 0 0 0 15
-0.10294279 0.57009697 0.1230345 4 0 0 0 15
-0.33416092 0.74462599 0.81177455 4 0 0 0 15
-0.06755197 0.6448999 0.72193891 4 0 0 0 15
-0.34106103 0.65576029 0.2535781 4 0 0 0 15
-0.15325506 0.67831439 0.77490199 4 0 0 0 15
-0.14393909 0.71105713 1.0464517 4 0 0 0 15
-0.049057443 0.69175905 1.1929784 4 0 0 0 15
-0.19402397 0.74821997 1.1661136 4 0 0 0 15
0.034882031 0.52639657 0.2392893 4 0 0 0 15
-0.47426164 0.78268081 0.70009118 4 0 0 0 15
-0.13388613 0.56451303 0.10377061 4 0 0 0 15
-0.26060775 0.83659607 1.0002046 5 0 0 0 15
0.25998142 0.62187785 0.55052799 5 0 0 0 15
0.18035996 0.63650709 0.62296104 5 0 0 0 15
-0.03725544 0.81467897 1.2732441 5 0 0 0 15
-0.37678266 0.9064188 0.78844929 5 0 0 0 15
0.2469026 0.60821587 0.37285998 5 0 0 0 15
-0.2863436 0.85603702 0.9072237 5 0 0 0 15
0.3213127 0.64287698 1.2429239 5 0 0 0 15
0.43342051 0.6222226 1.1313052 5 0 0 0 15
-0.23295645 0.88303608 1.2012321 5 0 0 0 15
0.34301919 0.59466851 0.65248799 5 0 0 0 15
0.028348515 0.80868196 1.4041744 5 0 0 0 15
0.46828699 0.54947567 0.85464811 5 0 0 0 15
0.015335045 0.77537233 1.1591226 5 0 0 0 15
0.20094827 0.61675769 0.38974327 5 0 0 0 15
-0.33185551 0.88784522 0.98885596 5 0 0 0 15
0.13427623 0.62862271 0.18960312 5 0 0 0 15
-0.15358596 0.82742125 1.2246521 5 0 0 0 15
-0.16214192 0.85527253 1.1899134 5 0 0 0 15
-0.15302581 0.85067588 1.1473085 5 0 0 0 15
-0.11550802 0.74334645 0.36890087 5 0 0 0 15
0.39945894 0.59032708 0.86542201 5 0 0 0 15
0.26892957 0.66444421 1.1599674 5 0 0 0 15
0.27251399 0.59308934 0.42931855 5 0 0 0 15
-0.46178758 0.93295068 0.7136482 5 0 0 0 15
0.0013123606 0.71347582 0.54405761 5 0 0 0 15
0.13644391 0.72895283 1.0483879 5 0 0 0 15
0.11745963 0.72214568 1.1438023 5 0 0 0 15
-0.38546181 0.88116288 0.57709432 5 0 0 0 15
-0.02559961 0.77096432 1.123983 5 0 0 0 15
0.24266319 0.6882199 1.0324632 5 0 0 0 15
0.17225556 0.69689417 1.0865297 5 0 0 0 15
0.046490375 0.76720059 1.1340754 5 0 0 0 15
-0.051884521 0.72357351 0.4890084 5 0 0 0 15
0.18073633 0.63232785 0.48839769 5 0 0 0 15
-0.30583775 0.89003342 0.90508598 5 0 0 0 15
0.062522471 0.71408206 0.73206341 5 0 0 0 15
-0.44347447 0.93627089 0.84110242 5 0 0 0 15
-0.11491775 0.78877592 0.87345922 5 0 0 0 15
-0.026432065 0.79424757 1.1374124 5 0 0 0 15
-0.54297888 0.852974 0.55801064 6 0 0 0 15
-0.24903087 0.86068302 1.2573229 6 0 0 0 15
0.18335408 0.58204567 0.4328579 6 0 0 0 15
-0.43763468 0.87979466 0.88559496 6 0 0 0 15
0.25761306 0.58842987 0.78024381 6 0 0 0 15
0.35347533 0.51713711 0.55549508 6 0 0 0 15
0.24076456 0.60502702 0.87845588 6 0 0 0 15
-0.36290094 0.84143335 0.83127558 6 0 0 0 15
0.017884148 0.69884032 0.67487723 6 0 0 0 15
-0.50834054 0.89408076 0.87331539 6 0 0 0 15
0.24471916 0.65334171 1.0325294 6 0 0 0 15
0.21644753 0.65296596 1.0018224 6 0 0 0 15
0.069542013 0.61502725 0.43236649 6 0 0 0 15
-0.40184581 0.89167488 0.96009237 6 0 0 0 15
0.064742714 0.72802424 1.1819607 6 0 0 0 15
-0.19184467 0.76674515 0.79412341 6 0 0 0 15
0.23940904 0.61584723 0.82651728 6 0 0 0 15
-0.090194441 0.63820517 0.25055209 6 0 0 0 15
0.20666826 0.58701932 0.60894156 6 0 0 0 15
0.11647134 0.70271343 1.1416173 6 0 0 0 15
0.058776665 0.6244247 0.47278902 6 0 0 0 15
0.2848053 0.59255511 0.83869284 6 0 0 0 15
-0.28396842 0.81715566 0.9461022 6 0 0 0 15
-0.47644123 0.82337338 0.56162763 6 0 0 0 15
0.012821261 0.73135042 1.0025945 6 0 0 0 15
-0.26718912 0.77016938 0.58971781 6 0 0 0 15
-0.39864376 0.81064951 0.67051524 6 0 0 0 15
0.34827641 0.50123823 0.53944492 6 0 0 0 15
-0.22281003 0.84078807 1.1451532 6 0 0 0 15
-0.27478117 0.75993979 0.58739454 6 0 0 0 15
0.25727957 0.61286813 0.95569038 6 0 0 0 15
-0.25161919 0.72135061 0.38653326 6 0 0 0 15
0.060051244 0.65764982 0.70466 6 0 0 0 15
-0.33923039 0.79512852 0.60045981 6 0 0 0 15
0.41845453 0.54181367 0.72630119 6 0 0 0 15
0.046444159 0.62419885 0.37978062 6 0 0 0 15
-0.46243128 0.8228488 0.55223769 6 0 0 0 15
-0.3371782 0.78014439 0.58608848 6 0 0 0 15
0.39174706 0.52058482 0.56001735 6 0 0 0 15
0.033523705 0.58467203 0.13865979 6 0 0 0 15
-0.35141206 0.74430174 0.47744778 7 0 0 0 15
-0.057190772 0.62804538 0.50416678 7 0 0 0 15
-0.51428837 0.78970903 0.58357596 7 0 0 0 15
-0.62680179 0.84337002 0.54500866 7 0 0 0 15
-0.024874864 0.69545501 1.211948 7 0 0 0 15
0.17835982 0.57176644 0.80964613 7 0 0 0 15
-0.037060566 0.70281971 1.1428783 7 0 0 0 15
0.18508685 0.49509984 0.38666394 7 0 0 0 15
0.21379049 0.52264112 0.66765571 7 0 0 0 15
0.17518656 0.52075577 0.37475148 7 0 0 0 15
0.31534842 0.51233822 0.80629772 7 0 0 0 15
-0.28731722 0.76818895 1.0009649 7 0 0 0 15
0.3638863 0.49223116 0.851969 7 0 0 0 15
-0.20967987 0.78675252 1.2987971 7 0 0 0 15
-0.21855482 0.64369637 0.30210528 7 0 0 0 15
-0.19834468 0.72708857 0.84739614 7 0 0 0 15
0.13425374 0.61267161 0.92041993 7 0 0 0 15
0.29535067 0.50567269 0.76538014 7 0 0 0 15
-0.36746526 0.7464397 0.528238 7 0 0 0 15
-0.28807238 0.728378 0.72537535 7 0 0 0 15
-0.31699321 0.80396813 1.0043061 7 0 0 0 15
0.10645147 0.61912602 0.96031767 7 0 0 0 15
-0.41173491 0.7897498 0.78679514 7 0 0 0 15
-0.32970333 0.71381235 0.40806282 7 0 0 0 15
-0.045897674 0.67447126 0.95441103 7 0 0 0 15
-0.21633764 0.7103008 0.73729426 7 0 0 0 15
0.020849748 0.51503098 0.15038039 7 0 0 0 15
0.020966073 0.68320894 1.2122569 7 0 0 0 15
-0.21969165 0.74650043 0.94845486 7 0 0 0 15
-0.3787528 0.80226374 0.89872795 7 0 0 0 15
0.16429542 0.56135267 0.81051075 7 0 0 0 15
-0.020063281 0.67941821 1.115939 7 0 0 0 15
-0.58417886 0.85817063 0.81756687 7 0 0 0 15
-0.26136318 0.75220138 0.77481705 7 0 0 0 15
-0.22815794 0.71318173 0.64493811 7 0 0 0 15
-0.22257121 0.76527917 1.092549 7 0 0 0 15
-0.012666351 0.62066942 0.64995128 7 0 0 0 15
0.14533867 0.54442972 0.44120499 7 0 0 0 15
0.18104541 0.60481888 0.88139856 7 0 0 0 15
0.11804955 0.63915211 1.1520096 7 0 0 0 15
0.41407588 0.59918594 0.9600395 8 0 0 0 15
0.044717569 0.7090643 0.71895748 8 0 0 0 15
-0.023358025 0.80605823 1.3158265 8 0 0 0 15
0.087801568 0.7281791 0.96824837 8 0 0 0 15
-0.33516973 0.9014287 1.0381154 8 0 0 0 15
0.23460948 0.59640181 0.39399165 8 0 0 0 15
-0.34896421 0.89283848 1.0982436 8 0 0 0 15
-0.25278601 0.74760538 0.28129965 8 0 0 0 15
0.31133515 0.60254157 0.66634619 8 0 0 0 15
-0.27415749 0.87173826 1.1559376 8 0 0 0 15
-0.16459399 0.81037587 0.93983144 8 0 0 0 15
-0.089429192 0.81814569 1.0597687 8 0 0 0 15
-0.10244267 0.79202616 0.95404691 8 0 0 0 15
-0.09024927 0.72166729 0.55280727 8 0 0 0 15
0.28191653 0.67140096 1.1145717 8 0 0 0 15
-0.043859355 0.75813979 0.83893222 8 0 0 0 15
0.23445575 0.67987263 1.0038269 8 0 0 0 15
0.028932318 0.73805237 0.94782531 8 0 0 0 15
-0.47666815 0.89378214 0.74330658 8 0 0 0 15
-0.28444907 0.88494998 1.2167096 8 0 0 0 15
0.1369755 0.68983179 0.91199315 8 0 0 0 15
-0.30079207 0.87257034 1.0657942 8 0 0 0 15
-0.037353251 0.69292146 0.35510144 8 0 0 0 15
-0.36275059 0.87108457 0.83518976 8 0 0 0 15
0.13109024 0.61685765 0.36038676 8 0 0 0 15
-0.50180113 0.90953809 0.77710068 8 0 0 0 15
0.55103368 0.55750734 0.82895041 8 0 0 0 15
-0.24525283 0.83279443 0.83717495 8 0 0 0 15
-0.35430285 0.79763824 0.41948968 8 0 0 0 15
0.5098151 0.54336655 0.82677555 8 0 0 0 15
-0.033209462 0.81237334 1.3048697 8 0 0 0 15
0.013014996 0.66242737 0.33366829 8 0 0 0 15
-0.12906672 0.81035078 1.0092491 8 0 0 0 15
-0.18576798 0.84578604 1.0249276 8 0 0 0 15
0.26689625 0.63747746 0.74795729 8 0 0 0 15
-0.1096871 0.69411528 0.1998914 8 0 0 0 15
-0.17351618 0.87697238 1.3512661 8 0 0 0 15
0.25694692 0.65696192 0.88291311 8 0 0 0 15
-0.0040617534 0.74545008 0.83312571 8 0 0 0 15
-0.1820122 0.86250949 1.3679181 8 0 0 0 15
-0.2222666 0.69068068 0.91860849 9 0 0 0 15
-0.42517555 0.70264471 0.61569476 9 0 0 0 15
-0.14320043 0.65918112 0.93255663 9 0 0 0 15
-0.036931604 0.56705147 0.54949772 9 0 0 0 15
-0.24359256 0.70374018 0.96579093 9 0 0 0 15
-0.055949427 0.57291442 0.44643456 9 0 0 0 15
-0.028828185 0.54987657 0.58408737 9 0 0 0 15
0.44000018 0.46247065 0.92778546 9 0 0 0 15
-0.075940177 0.63113582 0.90492368 9 0 0 0 15
-0.057946127 0.61200571 0.84183013 9 0 0 0 15
0.36576658 0.45081058 0.63716638 9 0 0 0 15
-0.10841147 0.57052636 0.30610389 9 0 0 0 15
-0.29571766 0.65789884 0.45485437 9 0 0 0 15
0.16356967 0.59946316 1.3234184 9 0 0 0 15
-0.27292669 0.7045154 0.81437552 9 0 0 0 15
0.094409838 0.61315233 1.1027238 9 0 0 0 15
0.46031943 0.45799616 0.95452553 9 0 0 0 15
0.44983566 0.48676845 1.0809848 9 0 0 0 15
-0.43444189 0.76995021 0.85988224 9 0 0 0 15
-0.0066516274 0.56122988 0.28798363 9 0 0 0 15
0.096464455 0.57993209 1.005897 9 0 0 0 15
-0.31572014 0.69920981 0.84864491 9 0 0 0 15
0.13692325 0.55339658 0.83919823 9 0 0 0 15
0.11323518 0.56322038 0.81002069 9 0 0 0 15
-0.55431473 0.80116165 0.94618636 9 0 0 0 15
0.069911309 0.57677358 0.8632521 9 0 0 0 15
-0.33016485 0.74076092 1.0965005 9 0 0 0 15
0.075711258 0.49579448 0.33931845 9 0 0 0 15
-0.63748544 0.82120639 0.73685914 9 0 0 0 15
0.47687858 0.43141073 0.8382265 9 0 0 0 15
0.30545524 0.47694519 0.72247648 9 0 0 0 15
-0.36630183 0.68821758 0.55263197 9 0 0 0 15
-0.054044802 0.65695137 1.128481 9 0 0 0 15
-0.12252998 0.60247666 0.56441855 9 0 0 0 15
-0.18436405 0.75208706 1.4722079 9 0 0 0 15
-0.48881218 0.751647 0.81186521 9 0 0 0 15
0.12234977 0.52762282 0.70683008 9 0 0 0 15
0.10121062 0.64837462 1.2688015 9 0 0 0 15
0.11217899 0.4807674 0.38074821 9 0 0 0 15
0.4456813 0.46030459 1.012834 9 0 0 0 15
0.17189088 0.56623518 0.63774765 10 0 0 0 15
-0.14623809 0.76989412 1.2924219 10 0 0 0 15
-0.41486925 0.79177099 0.62947977 10 0 0 0 15
0.071415178 0.60760039 0.74305308 10 0 0 0 15
0.30378574 0.57770884 0.95231044 10 0 0 0 15
-0.054644931 0.71396595 1.0690507 10 0 0 0 15
-0.39147913 0.82572562 1.0629724 10 0 0 0 15
-0.010678675 0.64505655 0.66418332 10 0 0 0 15
0.36353126 0.53373146 0.92683798 10 0 0 0 15
-0.17992111 0.75790858 1.185804 10 0 0 0 15
-0.41657871 0.81698447 0.80858517 10 0 0 0 15
-0.092181869 0.65924394 0.48368797 10 0 0 0 15
0.31082457 0.53122473 0.75019956 10 0 0 0 15
-0.27399516 0.79912204 1.2319915 10 0 0 0 15
0.28544286 0.57577932 1.0214988 10 0 0 0 15
0.097620986 0.59904653 0.52844912 10 0 0 0 15
-0.17633124 0.68669593 0.5263803 10 0 0 0 15
-0.025153397 0.58948696 0.35256165 10 0 0 0 15
-0.093445316 0.64874858 0.60977161 10 0 0 0 15
-0.35062805 0.77952659 0.85947484 10 0 0 0 15
-0.075097188 0.64520395 0.76420438 10 0 0 0 15
-0.049094141 0.6931864 0.95722228 10 0 0 0 15
-0.0016287902 0.60790569 0.40620056 10 0 0 0 15
-0.12265781 0.74078357 1.2345192 10 0 0 0 15
0.44904727 0.50965244 0.95932859 10 0 0 0 15
-0.3883495 0.78070837 0.51285535 10 0 0 0 15
-0.23073928 0.71981627 0.66799486 10 0 0 0 15
-0.28620923 0.70957392 0.48059249 10 0 0 0 15
-0.4689281 0.88411057 1.1527288 10 0 0 0 15
0.14191942 0.56500876 0.68997478 10 0 0 0 15
0.34143558 0.55734158 0.94838262 10 0 0 0 15
-0.42309067 0.7759701 0.55802435 10 0 0 0 15
0.10474781 0.59692246 0.69682062 10 0 0 0 15
-0.040799379 0.62918031 0.48207632 10 0 0 0 15
0.077237301 0.59721017 0.66357023 10 0 0 0 15
-0.27208099 0.66219932 0.30961066 10 0 0 0 15
0.21165647 0.56494689 0.80316257 10 0 0 0 15
-0.13967347 0.71196508 0.85891008 10 0 0 0 15
0.052379604 0.56087464 0.38677108 10 0 0 0 15
-0.14536743 0.71771348 0.91156918 10 0 0 0 15
-0.36047766 0.8656317 1.1536689 11 0 0 0 15
-0.35329139 0.84437132 1.1271396 11 0 0 0 15
-0.070290215 0.69333404 0.73663855 11 0 0 0 15
-0.24133809 0.8011018 1.0902425 11 0 0 0 15
-0.37198269 0.80871129 0.75175935 11 0 0 0 15
-0.37702292 0.85510141 1.1627126 11 0 0 0 15
0.015525487 0.6894896 0.98354113 11 0 0 0 15
-0.41701642 0.80462843 0.6419363 11 0 0 0 15
-0.48166448 0.87152731 0.96849388 11 0 0 0 15
-0.2008629 0.73181969 0.6350376 11 0 0 0 15
-0.064946003 0.71403629 0.79566967 11 0 0 0 15
0.13903618 0.66217786 1.2101805 11 0 0 0 15
0.061063945 0.6431374 0.62795007 11 0 0 0 15
0.032937888 0.69702345 1.0678865 11 0 0 0 15
-0.29538608 0.75745976 0.46487206 11 0 0 0 15
-0.060005825 0.64620256 0.25438303 11 0 0 0 15
0.23182888 0.64368063 1.029778 11 0 0 0 15
0.26095098 0.57760215 0.71765041 11 0 0 0 15
-0.20559907 0.77053177 0.98052871 11 0 0 0 15
0.09860272 0.65320808 0.71354049 11 0 0 0 15
-0.05531973 0.7371161 0.9918707 11 0 0 0 15
0.034561612 0.63413566 0.4120279 11 0 0 0 15
-0.1783524 0.80733091 1.2832897 11 0 0 0 15
-0.1396748 0.71708727 0.53535771 11 0 0 0 15
-0.53777778 0.86163795 0.62363762 11 0 0 0 15
-0.27765408 0.74653268 0.4578326 11 0 0 0 15
0.20665041 0.60564309 0.72856194 11 0 0 0 15
0.20865063 0.59396756 0.75083321 11 0 0 0 15
-0.34205484 0.80230701 0.58449745 11 0 0 0 15
-0.35699001 0.86342716 1.1559505 11 0 0 0 15
-0.53578609 0.89447027 0.83502215 11 0 0 0 15
-0.27010602 0.75068605 0.35702455 11 0 0 0 15
-0.084106557 0.70646042 0.58101821 11 0 0 0 15
-0.14710611 0.71840006 0.45366868 11 0 0 0 15
-0.57003134 0.88087308 0.80465406 11 0 0 0 15
-0.12777223 0.71800989 0.53088832 11 0 0 0 15
-0.29609156 0.78009182 0.74237806 11 0 0 0 15
0.19096811 0.61120689 0.81354153 11 0 0 0 15
-0.18019685 0.76407361 0.91597807 11 0 0 0 15
0.087839879 0.6222887 0.47280577 11 0 0 0 15
-0.3469134 0.85372525 1.0066909 12 0 0 0 15
-0.27168468 0.79131597 0.69668561 12 0 0 0 15
-0.38988611 0.85222554 0.77988744 12 0 0 0 15
-0.60769349 0.92925483 0.89337575 12 0 0 0 15
-0.56205314 0.88324493 0.57377297 12 0 0 0 15
-0.48919731 0.91323906 0.91248149 12 0 0 0 15
-0.32225138 0.76781547 0.41059387 12 0 0 0 15
-0.64222866 0.94932425 0.86485255 12 0 0 0 15
0.3622286 0.59807283 0.99000794 12 0 0 0 15
0.089164421 0.60131258 0.47172415 12 0 0 0 15
-0.51739389 0.88014948 0.6563887 12 0 0 0 15
0.20870763 0.61652094 0.70270485 12 0 0 0 15
-0.54018044 0.86208743 0.5549106 12 0 0 0 15
-0.14949556 0.71531075 0.4795996 12 0 0 0 15
-0.13991673 0.72667247 0.57947415 12 0 0 0 15
-0.042376395 0.68442416 0.52076048 12 0 0 0 15
0.1163112 0.69286072 1.1321746 12 0 0 0 15
-0.087018013 0.73117697 0.80810821 12 0 0 0 15
-0.62112266 0.93147039 0.77253091 12 0 0 0 15
-0.24923304 0.82666743 0.8739326 12 0 0 0 15
-0.071326703 0.77443099 1.2752318 12 0 0 0 15
0.03775496 0.63946688 0.53144991 12 0 0 0 15
-0.39061815 0.85749 0.82092112 12 0 0 0 15
0.41122729 0.55547613 0.83192086 12 0 0 0 15
-0.11262596 0.80124533 1.093657 12 0 0 0 15
0.019664822 0.69947636 0.8176024 12 0 0 0 15
-0.15268023 0.74829149 0.77837306 12 0 0 0 15
-0.12208096 0.67184949 0.17524804 12 0 0 0 15
0.059931807 0.67311537 0.72153878 12 0 0 0 15
0.10632092 0.70233798 1.1734629 12 0 0 0 15
-0.53912109 0.86983222 0.50629562 12 0 0 0 15
-0.089992508 0.7667883 0.98866653 12 0 0 0 15
-0.067046694 0.764 1.0403616 12 0 0 0 15
-0.042618938 0.67813188 0.65903628 12 0 0 0 15
-0.17071266 0.66398835 0.18626045 12 0 0 0 15
-0.094861686 0.63610333 0.15533233 12 0 0 0 15
-0.60363537 0.91891414 0.77097064 12 0 0 0 15
0.030163512 0.620758 0.35131836 12 0 0 0 15
-0.10542676 0.80547059 1.2272695 12 0 0 0 15
0.087920405 0.6971646 1.0636381 12 0 0 0 15
-0.081917919 0.5981642 0.25729334 13 0 0 0 15
-0.015955325 0.66779363 0.96300626 13 0 0 0 15
0.10978279 0.65196329 1.0179646 13 0 0 0 15
-0.41982359 0.77766812 0.75417674 13 0 0 0 15
-0.17648487 0.73184067 0.90527838 13 0 0 0 15
0.038239654 0.52855349 0.10734019 13 0 0 0 15
0.46279943 0.52570981 0.96250856 13 0 0 0 15
-0.45245698 0.80853069 0.9595018 13 0 0 0 15
-0.41846472 0.79166663 0.86432576 13 0 0 0 15
0.22404259 0.57663256 0.76586002 13 0 0 0 15
-0.14792462 0.77033913 1.251083 13 0 0 0 15
0.26028794 0.58002067 0.85128975 13 0 0 0 15
0.16972044 0.61789691 0.96564418 13 0 0 0 15
-0.03619121 0.61429894 0.5782882 13 0 0 0 15
-0.40144217 0.81365192 1.0314043 13 0 0 0 15
0.15942279 0.63392586 1.0248127 13 0 0 0 15
-0.14676182 0.64722764 0.55930966 13 0 0 0 15
-0.10506236 0.72881824 1.1587778 13 0 0 0 15
0.12716436 0.64863437 0.91033876 13 0 0 0 15
0.28901818 0.59305459 0.97213465 13 0 0 0 15
-0.032377981 0.6794166 0.82163125 13 0 0 0 15
-0.43479756 0.80041814 0.98752439 13 0 0 0 15
-0.19753312 0.75955713 1.1786026 13 0 0 0 15
-0.44960031 0.76360708 0.68375665 13 0 0 0 15
-0.21155144 0.66807908 0.52356076 13 0 0 0 15
-0.42916915 0.73597223 0.56084085 13 0 0 0 15
0.16934822 0.54864317 0.49367043 13 0 0 0 15
0.17903484 0.52834725 0.31526777 13 0 0 0 15
0.097204961 0.51619643 0.18713474 13 0 0 0 15
0.1496294 0.65634888 0.94452137 13 0 0 0 15
-0.47939593 0.78444672 0.76505673 13 0 0 0 15
-0.036656793 0.69884032 1.0789094 13 0 0 0 15
-0.51841617 0.76647431 0.5293746 13 0 0 0 15
-0.34831885 0.72211248 0.59917122 13 0 0 0 15
-0.42198649 0.78388852 0.85485262 13 0 0 0 15
-0.17856145 0.72409868 0.92108119 13 0 0 0 15
0.48896995 0.4980793 0.67793065 13 0 0 0 15
0.17076662 0.52688086 0.34198648 13 0 0 0 15
-0.14455548 0.6949439 0.93245173 13 0 0 0 15
0.21822158 0.5221833 0.2994051 13 0 0 0 15
0.36828938 0.57771552 0.67477244 14 0 0 0 15
-0.23690717 0.78704226 0.51146752 14 0 0 0 15
0.27810493 0.63029402 0.88813609 14 0 0 0 15
-0.050588802 0.73449224 0.83654851 14 0 0 0 15
0.28989998 0.63493943 0.92767477 14 0 0 0 15
-0.70780182 0.93488801 0.59280825 14 0 0 0 15
-0.37188014 0.79347551 0.3337017 14 0 0 0 15
-0.40380809 0.81431204 0.43933725 14 0 0 0 15
0.026372122 0.618361 0.089146651 14 0 0 0 15
0.13410912 0.71986192 1.0205511 14 0 0 0 15
-0.099443167 0.77252364 0.9244169 14 0 0 0 15
-0.089633532 0.78853202 1.0510318 14 0 0 0 15
-0.26374248 0.79669029 0.64111716 14 0 0 0 15
0.012954775 0.73420411 1.0060537 14 0 0 0 15
-0.25674796 0.77814984 0.5640406 14 0 0 0 15
-0.22508764 0.79288298 0.72894371 14 0 0 0 15
-0.014335252 0.65104604 0.20779073 14 0 0 0 15
-0.12264182 0.73793513 0.49708045 14 0 0 0 15
0.095249481 0.67070931 0.67283952 14 0 0 0 15
-0.58626997 0.88928229 0.65714025 14 0 0 0 15
0.18526553 0.67264831 0.8868711 14 0 0 0 15
0.47599745 0.53336501 0.73309243 14 0 0 0 15
-0.11711743 0.81753087 1.1887168 14 0 0 0 15
-0.16842866 0.71375912 0.36707899 14 0 0 0 15
-0.085680902 0.7419523 0.74490601 14 0 0 0 15
-0.22279911 0.71535534 0.23116697 14 0 0 0 15
0.10250133 0.61576575 0.24503799 14 0 0 0 15
-0.16618079 0.72664392 0.41120842 14 0 0 0 15
-0.49293593 0.83754587 0.5127036 14 0 0 0 15
-0.0091266911 0.76669163 0.96938527 14 0 0 0 15
0.38049349 0.59211326 0.90623111 14 0 0 0 15
-0.0010320076 0.77139646 1.0894235 14 0 0 0 15
0.27730313 0.60981095 0.66714895 14 0 0 0 15
-0.53539532 0.85507733 0.42350695 14 0 0 0 15
-0.3049947 0.84882319 0.88041592 14 0 0 0 15
-0.46440193 0.89473563 0.83559835 14 0 0 0 15
-0.54494351 0.94039875 0.86782271 14 0 0 0 15
-0.16622385 0.70914853 0.24524243 14 0 0 0 15
0.03680763 0.72495031 0.93070966 14 0 0 0 15
0.0010467432 0.69365394 0.63994956 14 0 0 0 15
-0.5364362 0.78486568 0.8659969 15 0 0 0 15
-0.05063501 0.57574362 0.41648966 15 0 0 0 15
-0.4404991 0.71624172 0.56961811 15 0 0 0 15
-0.18491849 0.68356913 0.68804544 15 0 0 0 15
-0.01183356 0.66382349 1.178617 15 0 0 0 15
0.14649814 0.59983426 1.0394664 15 0 0 0 15
-0.097179376 0.57280874 0.29816854 15 0 0 0 15
-0.098923989 0.65167111 0.77223068 15 0 0 0 15
-0.28827593 0.64776474 0.38268438 15 0 0 0 15
0.14796889 0.56954676 0.89070404 15 0 0 0 15
-0.20043053 0.68021768 0.83880359 15 0 0 0 15
-0.61767828 0.82738745 0.89882201 15 0 0 0 15
-0.38444754 0.69602948 0.52504873 15 0 0 0 15
-0.32424891 0.81051254 1.398869 15 0 0 0 15
-0.2171219 0.68396401 0.82118988 15 0 0 0 15
-0.55353671 0.79388076 0.80731553 15 0 0 0 15
-0.38268167 0.76371127 1.0618584 15 0 0 0 15
-0.24442758 0.63854349 0.42323983 15 0 0 0 15
-0.096888326 0.66210246 0.9294104 15 0 0 0 15
-0.38208696 0.71030074 0.5736959 15 0 0 0 15
-0.33993858 0.69192016 0.71056116 15 0 0 0 15
-0.076166369 0.61215985 0.56453419 15 0 0 0 15
-0.22868516 0.62717623 0.30556664 15 0 0 0 15
0.16911469 0.53729993 0.63413209 15 0 0 0 15
-0.19854489 0.72074425 1.076351 15 0 0 0 15
-0.45667654 0.72427565 0.49300379 15 0 0 0 15
-0.4356654 0.77139819 0.92536604 15 0 0 0 15
-0.38203958 0.75386369 1.0045103 15 0 0 0 15
-0.34361234 0.6441564 0.24170853 15 0 0 0 15
0.20487246 0.56682247 1.0213532 15 0 0 0 15
-0.38274828 0.75160873 0.91212749 15 0 0 0 15
0.2138429 0.52116328 0.73057026 15 0 0 0 15
-0.53863293 0.73759782 0.4462609 15 0 0 0 15
-0.013260483 0.62161213 0.71591985 15 0 0 0 15
-0.10075182 0.63672519 0.73101497 15 0 0 0 15
-0.63321882 0.79396504 0.61058885 15 0 0 0 15
-0.40193734 0.72064608 0.57496297 15 0 0 0 15
-0.55392987 0.77742237 0.69541609 15 0 0 0 15
-0.36785394 0.69950551 0.76374811 15 0 0 0 15
-0.75253701 0.83890373 0.68325382 15 0 0 0 15
-0.41176051 0.97838372 0.67960054 16 0 0 0 15
0.077466637 0.82388312 0.7662425 16 0 0 0 15
0.29362038 0.75561535 0.91325295 16 0 0 0 15
-0.26846665 0.92489368 0.58554572 16 0 0 0 15
0.34550676 0.6632092 0.54567903 16 0 0 0 15
-0.13523637 0.89231139 0.94149864 16 0 0 0 15
-0.41206801 0.98316532 0.79387087 16 0 0 0 15
-0.096763298 0.93138218 1.0840235 16 0 0 0 15
-0.22034226 0.82366192 0.37002155 16 0 0 0 15
-0.5547111 1.0194582 0.73230273 16 0 0 0 15
-0.355537 0.91808772 0.57755977 16 0 0 0 15
-0.58111715 1.072901 0.80080163 16 0 0 0 15
0.095844805 0.80797362 0.81803626 16 0 0 0 15
0.091159791 0.70975709 0.20139045 16 0 0 0 15
0.077804603 0.8018645 0.8144362 16 0 0 0 15
0.17409751 0.7501933 0.59750479 16 0 0 0 15
0.20243575 0.70684224 0.46681607 16 0 0 0 15
-0.073100694 0.83734173 0.68358624 16 0 0 0 15
-0.43798414 1.0172919 0.96884823 16 0 0 0 15
-0.22554927 0.97409415 1.1244152 16 0 0 0 15
0.16152748 0.7579698 0.67261028 16 0 0 0 15
-0.058547273 0.95666707 1.2862769 16 0 0 0 15
-0.1027415 0.86461133 0.65917832 16 0 0 0 15
-0.077189878 0.84913343 0.774189 16 0 0 0 15
0.38788378 0.75843781 1.0448005 16 0 0 0 15
-0.024627902 0.90661824 1.1519339 16 0 0 0 15
-0.4953393 0.95440131 0.48016131 16 0 0 0 15
-0.19481212 0.902457 0.70612234 16 0 0 0 15
0.38778564 0.67462909 0.66423368 16 0 0 0 15
-0.10898751 0.88502151 0.87244785 16 0 0 0 15
-0.16927858 0.93113804 1.0530349 16 0 0 0 15
0.27316609 0.69051164 0.47611654 16 0 0 0 15
-0.60249627 1.0460439 0.6523037 16 0 0 0 15
-0.2179378 0.89350063 0.64483094 16 0 0 0 15
-0.20018472 0.92805994 0.90148962 16 0 0 0 15
-0.28967887 0.98982072 1.0690737 16 0 0 0 15
-0.032917507 0.80607897 0.46909189 16 0 0 0 15
-0.24117193 0.8560307 0.41968417 16 0 0 0 15
0.50917512 0.63836104 0.80111188 16 0 0 0 15
0.49057871 0.67055368 0.81587332 16 0 0 0 15
0.39926368 0.50377244 0.83005065 17 0 0 0 15
0.029477894 0.64698493 0.99360257 17 0 0 0 15
-0.12229804 0.59515989 0.34814313 17 0 0 0 15
-0.0564548 0.60900652 0.5502705 17 0 0 0 15
-0.21224517 0.73004973 1.0333645 17 0 0 0 15
0.062307522 0.54908657 0.52843952 17 0 0 0 15
-0.47497016 0.79876888 0.9551298 17 0 0 0 15
-0.32126066 0.69956309 0.67213881 17 0 0 0 15
-0.51032495 0.82596958 0.88727123 17 0 0 0 15
0.033089668 0.53482836 0.35081196 17 0 0 0 15
-0.082190968 0.670084 0.91760719 17 0 0 0 15
0.12260975 0.61153895 0.96600789 17 0 0 0 15
0.29464871 0.50901157 0.70816904 17 0 0 0 15
0.33704263 0.54684734 1.0334684 17 0 0 0 15
0.089643843 0.60518378 0.8108114 17 0 0 0 15
-0.2476453 0.63416845 0.33358511 17 0 0 0 15
0.30666968 0.46578366 0.5742048 17 0 0 0 15
0.1018223 0.50989789 0.26390919 17 0 0 0 15
0.092484973 0.57327199 0.67712283 17 0 0 0 15
-0.30724674 0.67297477 0.42157003 17 0 0 0 15
0.24938196 0.51874876 0.59999657 17 0 0 0 15
0.090999156 0.59155715 0.75299948 17 0 0 0 15
-0.42527431 0.83399314 1.0635066 17 0 0 0 15
-0.21445425 0.74031568 1.0181246 17 0 0 0 15
-0.47925976 0.77074081 0.67141753 17 0 0 0 15
-0.23745841 0.67968613 0.68788069 17 0 0 0 15
-0.0083106346 0.6217649 0.71852267 17 0 0 0 15
-0.2682088 0.74930692 1.0385945 17 0 0 0 15
-0.22653896 0.67928022 0.71152967 17 0 0 0 15
-0.22497964 0.648785 0.54824412 17 0 0 0 15
0.13446489 0.56226569 0.60731739 17 0 0 0 15
-0.35266042 0.73049283 0.60683906 17 0 0 0 15
-0.6240865 0.86353707 0.79049438 17 0 0 0 15
-0.28466764 0.68739313 0.61696565 17 0 0 0 15
0.27048832 0.56543899 1.0027733 17 0 0 0 15
0.32716447 0.5206849 0.90882516 17 0 0 0 15
0.080500521 0.61592942 0.81082666 17 0 0 0 15
0.19330643 0.48727906 0.35329446 17 0 0 0 15
-0.56112444 0.80452853 0.63984483 17 0 0 0 15
-0.091833182 0.68161947 0.94901061 17 0 0 0 15
-0.28865492 0.73963475 0.80330455 18 0 0 0 15
-0.18487276 0.74692184 1.209556 18 0 0 0 15
-0.63272035 0.84677935 0.72925806 18 0 0 0 15
-0.71973735 0.87913936 0.59210777 18 0 0 0 15
0.000962344 0.60540628 0.47551927 18 0 0 0 15
-0.62666535 0.79630488 0.48216584 18 0 0 0 15
-0.10439736 0.60032934 0.25452495 18 0 0 0 15
-0.06425409 0.61502117 0.33093709 18 0 0 0 15
-0.40582359 0.71911407 0.47234023 18 0 0 0 15
-0.38852626 0.79438609 0.95571607 18 0 0 0 15
-0.47718486 0.7927115 0.72923583 18 0 0 0 15
0.09497375 0.54937482 0.40598664 18 0 0 0 15
0.10368212 0.56579763 0.47905076 18 0 0 0 15
-0.34417826 0.80086976 1.2038709 18 0 0 0 15
-0.41742736 0.82647341 1.2293149 18 0 0 0 15
-0.146073 0.68233454 0.73385155 18 0 0 0 15
-0.42817432 0.83981156 1.1410687 18 0 0 0 15
-0.26221964 0.74872476 0.80340499 18 0 0 0 15
-0.24057721 0.73293406 0.8986066 18 0 0 0 15
-0.15559079 0.63722247 0.45048791 18 0 0 0 15
-0.47682589 0.75093877 0.47784466 18 0 0 0 15
-0.069658555 0.67174131 0.82848895 18 0 0 0 15
0.25895125 0.59020495 1.0127524 18 0 0 0 15
-0.080714978 0.64332098 0.55413812 18 0 0 0 15
0.042808831 0.6561771 1.1516122 18 0 0 0 15
-0.78615487 0.87298924 0.59329593 18 0 0 0 15
-0.25487885 0.69441319 0.41798449 18 0 0 0 15
-0.38859743 0.76752007 0.69574487 18 0 0 0 15
-0.40896794 0.83457631 1.2350677 18 0 0 0 15
-0.00024920222 0.59373814 0.44966981 18 0 0 0 15
-0.59436136 0.86525851 1.0264133 18 0 0 0 15
-0.32909474 0.79102433 1.130937 18 0 0 0 15
-0.59063041 0.80252492 0.51787287 18 0 0 0 15
-0.32281131 0.71844637 0.33844563 18 0 0 0 15
-0.57812232 0.83400047 0.76353091 18 0 0 0 15
-0.59810656 0.81942999 0.59273976 18 0 0 0 15
0.0050461278 0.59720087 0.5986321 18 0 0 0 15
-0.41236624 0.79868221 0.92747641 18 0 0 0 15
-0.30508772 0.77020258 1.0544437 18 0 0 0 15
-0.446421 0.77451193 0.72538161 18 0 0 0 15
-0.2557939 0.78496271 1.1425599 19 0 0 0 15
-0.12953494 0.73554039 1.0764147 19 0 0 0 15
-0.1357491 0.61387295 0.3204332 19 0 0 0 15
-0.11733765 0.72392613 1.0903553 19 0 0 0 15
0.26945767 0.55500507 0.93697047 19 0 0 0 15
-0.2796396 0.82259649 1.2527506 19 0 0 0 15
-0.25579816 0.81452316 1.1576225 19 0 0 0 15
0.22850513 0.53936332 0.714131 19 0 0 0 15
-0.4520767 0.76888877 0.38721526 19 0 0 0 15
-0.65382773 0.86417514 0.57659256 19 0 0 0 15
-0.45396304 0.75270808 0.38561806 19 0 0 0 15
-0.48281536 0.82616478 0.71681029 19 0 0 0 15
-0.61939406 0.86741376 0.81983078 19 0 0 0 15
-0.21999253 0.6691311 0.53669751 19 0 0 0 15
0.39308438 0.49995291 0.75475258 19 0 0 0 15
-0.21970493 0.80630153 1.3101733 19 0 0 0 15
-0.02071262 0.67426479 0.93171465 19 0 0 0 15
-0.22459507 0.67281669 0.31460184 19 0 0 0 15
-0.22402592 0.74279499 0.9116767 19 0 0 0 15
-0.70510769 0.8829546 0.74441338 19 0 0 0 15
-0.18581194 0.65565002 0.38480559 19 0 0 0 15
0.10201389 0.62595254 0.88117987 19 0 0 0 15
0.15903348 0.5531258 0.59036964 19 0 0 0 15
-0.28752747 0.70389396 0.44980407 19 0 0 0 15
-0.12953974 0.69938135 0.80105442 19 0 0 0 15
-0.34174448 0.70488423 0.29230225 19 0 0 0 15
-0.5527845 0.80072743 0.47450563 19 0 0 0 15
-0.039810847 0.57706773 0.21058391 19 0 0 0 15
-0.096884884 0.6367811 0.41638198 19 0 0 0 15
-0.47897801 0.81574792 0.80943131 19 0 0 0 15
-0.00038415671 0.5908162 0.45364243 19 0 0 0 15
-0.6370247 0.87057292 0.50853693 19 0 0 0 15
-0.58104032 0.86132902 0.86533821 19 0 0 0 15
0.24301663 0.54399353 0.66385955 19 0 0 0 15
-0.38544589 0.8124848 0.89757335 19 0 0 0 15
0.011737461 0.67786127 0.9585219 19 0 0 0 15
-0.6801455 0.87642878 0.7167564 19 0 0 0 15
-0.29258174 0.78500372 0.90226412 19 0 0 0 15
-0.084645338 0.71180862 0.98063302 19 0 0 0 15
-0.37278873 0.76276278 0.63624638 19 0 0 0 15
0.9222737 -0.062813267 -1.5774965 0 0 0 0 16
1.1188186 -0.0083783902 -1.6783633 0 0 0 0 16
1.3259366 0.11745778 -2.1849859 0 0 0 0 16
1.3049927 -0.049514584 -1.5611827 0 0 0 0 16
0.71458077 0.00037576564 -1.8066479 0 0 0 0 16
0.76055181 0.056107488 -1.96543 0 0 0 0 16
1.2541947 0.056900848 -1.9599729 0 0 0 0 16
0.74811971 0.0060929973 -1.7384259 0 0 0 0 16
1.3671701 -0.089296214 -1.4478972 0 0 0 0 16
1.1854621 -0.0058022551 -1.7240472 0 0 0 0 16
1.2940921 0.091678083 -2.0892832 0 0 0 0 16
0.62728339 0.080430686 -2.04338 0 0 0 0 16
1.0105984 -0.059040248 -1.5348166 0 0 0 0 16
0.87227088 0.0049326583 -1.8171201 0 0 0 0 16
0.6024996 0.092700996 -2.1598725 0 0 0 0 16
1.1886764 -0.066674903 -1.4990557 0 0 0 0 16
1.0152289 0.031356059 -1.8434346 0 0 0 0 16
0.7082324 0.047678765 -1.9238261 0 0 0 0 16
0.74883193 0.11393402 -2.1664026 0 0 0 0 16
0.85789931 0.10225743 -2.1587632 0 0 0 0 16
0.73077428 -0.12484661 -1.3105508 0 0 0 0 16
1.3751873 -0.086466722 -1.4420606 0 0 0 0 16
1.1524333 0.05759972 -1.9471045 0 0 0 0 16
0.86542022 0.037694711 -1.9331989 0 0 0 0 16
0.53479391 0.08691629 -2.0305746 0 0 0 0 16
1.1176447 0.090378009 -2.0612047 0 0 0 0 16
1.110873 0.10600699 -2.0990865 0 0 0 0 16
0.75917828 -0.025477791 -1.6973306 0 0 0 0 16
0.82955909 0.015704285 -1.7573876 0 0 0 0 16
0.34365618 0.041530546 -2.0342991 0 0 0 0 16
0.8613041 -0.019364299 -1.750572 0 0 0 0 16
1.0755076 -0.11366447 -1.3132212 0 0 0 0 16
0.8785125 -0.049295496 -1.5912254 0 0 0 0 16
1.031372 0.026448337 -1.8622713 0 0 0 0 16
0.98829329 0.12908925 -2.2431934 0 0 0 0 16
0.8707155 0.0020271721 -1.7454231 0 0 0 0 16
0.75703573 -0.045388807 -1.639033 0 0 0 0 16
0.94001579 -0.067743137 -1.5292228 0 0 0 0 16
0.98477221 -0.01871771 -1.7680542 0 0 0 0 16
1.2805446 -0.0054051392 -1.6739124 0 0 0 0 16
0.40187323 0.019611795 -1.7513217 1 0 0 0 16
1.0976379 -0.011176717 -1.6159735 1 0 0 0 16
0.6597119 -0.082538448 -1.3686874 1 0 0 0 16
0.89035362 -0.10116187 -1.3280985 1 0 0 0 16
1.2513492 0.029467041 -1.7941525 1 0 0 0 16
0.54721159 -0.033296626 -1.4851147 1 0 0 0 16
0.58388156 -0.0081598088 -1.6155175 1 0 0 0 16
0.65595126 0.015642477 -1.7641411 1 0 0 0 16
1.2663953 -0.081291467 -1.3641942 1 0 0 0 16
0.68785477 -0.062350776 -1.4607743 1 0 0 0 16
0.95196772 0.059339225 -1.8749712 1 0 0 0 16
1.1689365 0.095808156 -2.0330086 1 0 0 0 16
0.86587286 0.048853237 -1.8667104 1 0 0 0 16
1.3814225 -0.13336809 -1.2657293 1 0 0 0 16
1.2674123 0.11922206 -2.0893574 1 0 0 0 16
0.75492585 0.0016384526 -1.7195562 1 0 0 0 16
1.0869056 0.12240313 -2.085052 1 0 0 0 16
0.6372605 0.063374214 -1.8917713 1 0 0 0 16
0.74052185 0.10448969 -1.980567 1 0 0 0 16
0.82465619 -0.17311847 -1.1041843 1 0 0 0 16
1.0008973 0.11174288 -2.0697527 1 0 0 0 16
1.3730001 -0.10247365 -1.3146677 1 0 0 0 16
0.54574412 0.063922748 -1.8948079 1 0 0 0 16
0.91331851 -0.059844907 -1.3837578 1 0 0 0 16
0.77368546 -0.10016158 -1.2823347 1 0 0 0 16
1.195774 0.074383751 -1.9540958 1 0 0 0 16
0.68070859 -0.056205694 -1.3801582 1 0 0 0 16
1.1490084 0.11800288 -2.120007 1 0 0 0 16
0.92006892 -0.03038471 -1.478817 1 0 0 0 16
1.1441017 0.11230797 -2.0564106 1 0 0 0 16
0.9720183 -0.0078293821 -1.6151929 1 0 0 0 16
1.2699404 0.12454884 -2.111481 1 0 0 0 16
1.3589801 0.027300851 -1.8311533 1 0 0 0 16
0.89287835 -0.018669141 -1.5938632 1 0 0 0 16
0.85843647 -0.02746734 -1.516003 1 0 0 0 16
0.76735115 0.11544491 -1.9827573 1 0 0 0 16
1.3473747 0.017840026 -1.6826456 1 0 0 0 16
0.85381186 -0.12819849 -1.1771337 1 0 0 0 16
1.4666797 -0.084423691 -1.403384 1 0 0 0 16
0.63516557 0.10936107 -1.9606103 1 0 0 0 16
0.78769118 0.072907507 -1.684321 2 0 0 0 16
0.54923707 0.080406956 -1.8017349 2 0 0 0 16
0.51252258 0.056899194 -1.6821258 2 0 0 0 16
0.88808942 0.014426495 -1.5885502 2 0 0 0 16
1.4444042 0.097487904 -1.7913562 2 0 0 0 16
0.68518639 -0.027066266 -1.366475 2 0 0 0 16
1.2700101 0.13681473 -1.8669385 2 0 0 0 16
1.2927508 0.046042982 -1.7035688 2 0 0 0 16
1.0702995 -0.074755505 -1.2239376 2 0 0 0 16
1.0156476 0.021182656 -1.5848722 2 0 0 0 16
0.42187464 0.075985044 -1.8028076 2 0 0 0 16
0.7491014 -0.06024779 -1.2573503 2 0 0 0 16
0.69052476 0.023204252 -1.528499 2 0 0 0 16
0.62811047 0.060882866 -1.7011317 2 0 0 0 16
1.1358936 0.20317738 -2.1627533 2 0 0 0 16
0.93522632 0.14861743 -1.9803051 2 0 0 0 16
0.57867515 -0.040297225 -1.3702561 2 0 0 0 16
0.55043501 0.10409865 -1.8610373 2 0 0 0 16
0.85503119 0.10266045 -1.8100383 2 0 0 0 16
0.49392736 0.0031099366 -1.5378935 2 0 0 0 16
0.40769854 0.08015129 -1.7830188 2 0 0 0 16
0.57821727 0.072563395 -1.7352502 2 0 0 0 16
1.0077727 0.013162161 -1.590593 2 0 0 0 16
0.94572264 0.18654309 -2.0586252 2 0 0 0 16
0.85628963 0.13117681 -1.9304491 2 0 0 0 16
1.2531054 0.1504904 -2.0367951 2 0 0 0 16
0.60221362 0.056106307 -1.6905469 2 0 0 0 16
1.0783113 0.15248688 -1.95239 2 0 0 0 16
1.3771468 0.0044902829 -1.456251 2 0 0 0 16
0.76032358 0.046489011 -1.6485672 2 0 0 0 16
0.7465499 -0.11073312 -1.1006945 2 0 0 0 16
0.80068982 0.042238884 -1.5703918 2 0 0 0 16
0.5908125 0.15713386 -1.9927673 2 0 0 0 16
1.4074008 0.11290818 -1.7634776 2 0 0 0 16
0.62545246 0.019168347 -1.5267752 2 0 0 0 16
1.1415347 -0.081313416 -1.2129368 2 0 0 0 16
0.89773363 0.14543933 -1.9429331 2 0 0 0 16
1.0940654 0.025375674 -1.4878026 2 0 0 0 16
0.91196591 -0.026612524 -1.3654102 2 0 0 0 16
0.6567201 -0.022129426 -1.3316897 2 0 0 0 16
1.130394 -0.012474487 -1.7844949 3 0 0 0 16
0.47832248 0.058070105 -1.9349405 3 0 0 0 16
1.1562905 0.076133311 -2.0596342 3 0 0 0 16
1.0667188 0.071935989 -2.1256711 3 0 0 0 16
0.94142205 -0.045268763 -1.6249325 3 0 0 0 16
1.2649676 -0.1228514 -1.449448 3 0 0 0 16
0.9321385 0.14172965 -2.2826431 3 0 0 0 16
0.63407338 0.071600325 -2.0808647 3 0 0 0 16
0.75762284 0.067721412 -1.9360621 3 0 0 0 16
1.0651747 0.065666616 -2.0217001 3 0 0 0 16
1.1338938 0.090303004 -2.1276217 3 0 0 0 16
0.83397883 0.076256201 -2.0742948 3 0 0 0 16
1.2506435 -0.011406794 -1.81384 3 0 0 0 16
0.36594674 0.082454801 -2.0383317 3 0 0 0 16
0.54874116 0.034157861 -1.8624146 3 0 0 0 16
1.1780514 -0.026787447 -1.7631658 3 0 0 0 16
0.78152317 0.043249544 -1.9074349 3 0 0 0 16
0.68734431 -0.023718517 -1.6741023 3 0 0 0 16
1.0764595 0.13880201 -2.2871592 3 0 0 0 16
1.1035942 0.097885758 -2.1528242 3 0 0 0 16
0.70088381 -0.059520047 -1.571673 3 0 0 0 16
1.1687512 0.039218888 -2.0449336 3 0 0 0 16
0.88033557 0.080821395 -2.0794101 3 0 0 0 16
0.66850811 0.01758063 -1.8121305 3 0 0 0 16
0.55359143 0.067699164 -2.0124848 3 0 0 0 16
0.57205182 0.020818206 -1.8507584 3 0 0 0 16
0.45028418 -0.02359625 -1.6421475 3 0 0 0 16
1.0826685 0.060880624 -1.9669191 3 0 0 0 16
0.66933811 -0.072602361 -1.4592828 3 0 0 0 16
0.75080252 -0.049285289 -1.5281971 3 0 0 0 16
0.89114785 0.040087696 -1.9444661 3 0 0 0 16
1.1860387 0.038489066 -1.9656699 3 0 0 0 16
0.38083789 0.042772096 -1.9581674 3 0 0 0 16
0.45578185 -0.098148242 -1.4577543 3 0 0 0 16
0.89758825 -0.098497421 -1.4656624 3 0 0 0 16
1.3348292 -0.10518071 -1.513667 3 0 0 0 16
0.98540026 -0.11302732 -1.3591949 3 0 0 0 16
0.44224283 -0.0018024602 -1.7731985 3 0 0 0 16
1.0734519 -0.07660526 -1.5927951 3 0 0 0 16
0.4343102 0.059381511 -1.9652338 3 0 0 0 16
0.98857033 0.048325274 -2.4074824 4 0 0 0 16
0.83071429 -0.099223465 -1.8885781 4 0 0 0 16
0.8859362 -0.17054139 -1.5853745 4 0 0 0 16
0.64641958 -0.13508372 -1.7436581 4 0 0 0 16
0.93698531 -0.11411458 -1.8114191 4 0 0 0 16
1.0431058 -0.051067967 -2.089323 4 0 0 0 16
1.1114039 0.0098342039 -2.2547567 4 0 0 0 16
1.1852098 -0.07663852 -1.9528475 4 0 0 0 16
1.0129478 -0.016807716 -2.1455932 4 0 0 0 16
1.1737008 0.071515657 -2.5130575 4 0 0 0 16
0.74927956 -0.034897 -2.1188016 4 0 0 0 16
0.52466846 -0.16132671 -1.6210471 4 0 0 0 16
0.7795043 0.035763398 -2.2819843 4 0 0 0 16
0.5411635 -0.091533735 -1.80235 4 0 0 0 16
1.1495275 -0.21268903 -1.4967026 4 0 0 0 16
1.4192708 -0.1785116 -1.6404128 4 0 0 0 16
1.0110376 -0.069672972 -1.9259064 4 0 0 0 16
1.1075928 -0.17322092 -1.6367733 4 0 0 0 16
1.0066543 0.043618392 -2.3894875 4 0 0 0 16
0.77714342 -0.018231945 -2.1695445 4 0 0 0 16
0.53823096 -0.034468301 -2.0777259 4 0 0 0 16
0.63148957 -0.14449811 -1.6958191 4 0 0 0 16
0.58670235 -0.21212788 -1.4606127 4 0 0 0 16
0.67747092 -0.13580087 -1.7196482 4 0 0 0 16
1.243832 -0.031756017 -2.1909153 4 0 0 0 16
0.94780195 -0.034420554 -2.1308498 4 0 0 0 16
0.8577469 0.060619466 -2.3525083 4 0 0 0 16
1.0809393 -0.086668201 -2.0057104 4 0 0 0 16
0.94274831 -0.16275659 -1.6792874 4 0 0 0 16
1.1314261 -0.21591993 -1.4779481 4 0 0 0 16
1.3112818 -0.082860187 -1.962518 4 0 0 0 16
1.0670501 -0.16774984 -1.6190215 4 0 0 0 16
0.67218167 -0.15503715 -1.6496629 4 0 0 0 16
0.64730847 -0.1033222 -1.832698 4 0 0 0 16
0.88532495 -0.1688059 -1.5985053 4 0 0 0 16
0.60508472 -0.060145944 -1.9901496 4 0 0 0 16
1.0861894 -0.028984083 -2.1602521 4 0 0 0 16
0.35004887 -0.043420743 -2.0148849 4 0 0 0 16
1.0392125 -0.12498741 -1.7727301 4 0 0 0 16
0.65656918 -0.22418283 -1.4409971 4 0 0 0 16
1.4618218 0.13340567 -2.0281475 5 0 0 0 16
0.90221745 0.12286003 -1.9750859 5 0 0 0 16
1.1442034 -0.007997808 -1.6080738 5 0 0 0 16
0.95364344 0.0067345095 -1.6101424 5 0 0 0 16
0.84451377 -0.15434523 -1.0531116 5 0 0 0 16
0.68533736 -0.0072661252 -1.4987733 5 0 0 0 16
1.5564693 -0.06432531 -1.4495225 5 0 0 0 16
0.78091508 0.1057068 -1.8527904 5 0 0 0 16
0.75174862 -0.0305082 -1.4328008 5 0 0 0 16
1.1971093 0.16758282 -2.1110697 5 0 0 0 16
1.305233 -0.10310221 -1.2179075 5 0 0 0 16
0.74143875 0.12815678 -2.0122592 5 0 0 0 16
1.4133354 0.13354024 -2.0673029 5 0 0 0 16
1.5611953 -0.03375626 -1.5310009 5 0 0 0 16
0.76642603 -0.088547856 -1.2656332 5 0 0 0 16
1.0329974 0.0061206897 -1.5934294 5 0 0 0 16
1.0059017 -0.051990669 -1.4173265 5 0 0 0 16
0.77554792 -0.077384457 -1.2485259 5 0 0 0 16
0.61405659 0.014124951 -1.5740032 5 0 0 0 16
1.5031295 -0.051308084 -1.5006496 5 0 0 0 16
1.0316747 0.17824233 -2.1111009 5 0 0 0 16
1.5922059 -0.091239534 -1.3686529 5 0 0 0 16
0.8156516 -0.1208365 -1.1206909 5 0 0 0 16
0.7302838 0.00046219802 -1.5342046 5 0 0 0 16
1.3098783 -0.089226283 -1.3034619 5 0 0 0 16
1.0528202 0.083220549 -1.8623127 5 0 0 0 16
1.1741029 0.14250129 -2.0727513 5 0 0 0 16
0.89373225 -0.099435039 -1.2149936 5 0 0 0 16
1.0502648 0.032086808 -1.6919842 5 0 0 0 16
0.52719104 0.10681519 -1.8335795 5 0 0 0 16
0.78845489 0.043577079 -1.696396 5 0 0 0 16
1.2953564 -0.062435377 -1.402927 5 0 0 0 16
1.1907685 0.13097775 -2.0233009 5 0 0 0 16
0.62954098 0.10997725 -1.8659222 5 0 0 0 16
1.2687218 0.033242978 -1.7547669 5 0 0 0 16
0.97536069 -0.12365767 -1.1783015 5 0 0 0 16
1.3917491 0.15262908 -2.115957 5 0 0 0 16
1.3785514 -0.058314033 -1.4163244 5 0 0 0 16
0.91044521 0.094077609 -1.8896936 5 0 0 0 16
0.66413194 0.031290036 -1.630428 5 0 0 0 16
0.83872414 -0.050302323 -1.9410088 6 0 0 0 16
1.4158591 -0.045959603 -2.0170739 6 0 0 0 16
0.59916478 -0.12824515 -1.6444652 6 0 0 0 16
1.2850541 -0.10045878 -1.734334 6 0 0 0 16
1.3258611 -0.1240609 -1.6517082 6 0 0 0 16
0.47452596 -0.057205983 -1.8861226 6 0 0 0 16
1.1355313 -0.15606828 -1.5752833 6 0 0 0 16
0.66045552 -0.13326423 -1.5392437 6 0 0 0 16
0.93278474 -0.019981593 -2.0953345 6 0 0 0 16
0.97641498 -0.14745575 -1.4979893 6 0 0 0 16
1.1056331 -0.095992818 -1.7548426 6 0 0 0 16
0.46022424 -0.07777632 -1.7787504 6 0 0 0 16
0.94895476 -0.19550981 -1.3378806 6 0 0 0 16
1.5307708 -0.12584564 -1.6804746 6 0 0 0 16
0.86156839 -0.078536168 -1.7784587 6 0 0 0 16
0.74110889 -0.18113878 -1.3323617 6 0 0 0 16
0.90046048 -0.18964572 -1.3585541 6 0 0 0 16
1.1987149 -0.18684247 -1.4277314 6 0 0 0 16
1.459095 -0.075913385 -1.886299 6 0 0 0 16
0.60468209 -0.097423255 -1.7923586 6 0 0 0 16
0.64345217 -0.14949028 -1.5422609 6 0 0 0 16
0.62319368 -0.075347334 -1.7873679 6 0 0 0 16
0.88544536 -0.058503669 -1.8384937 6 0 0 0 16
0.91830355 -0.025426626 -2.0248613 6 0 0 0 16
0.50503975 -0.026538914 -1.9232323 6 0 0 0 16
1.0769663 -0.087855615 -1.7180047 6 0 0 0 16
0.53823829 -0.12134151 -1.6597162 6 0 0 0 16
1.0042241 -0.10891259 -1.6820045 6 0 0 0 16
1.2332646 0.034154039 -2.238935 6 0 0 0 16
1.1516283 0.057851471 -2.3698993 6 0 0 0 16
0.84389865 -0.053007916 -1.8614483 6 0 0 0 16
0.42779338 -0.015979143 -1.9724145 6 0 0 0 16
1.2132963 -0.10432385 -1.7767601 6 0 0 0 16
0.8721922 -0.21179268 -1.2589025 6 0 0 0 16
1.2265868 -0.19002713 -1.3743732 6 0 0 0 16
1.5548489 -0.15076327 -1.5459667 6 0 0 0 16
1.0990089 -0.17355306 -1.3696319 6 0 0 0 16
1.2911552 -0.018684089 -2.1100507 6 0 0 0 16
1.0480822 -0.15850529 -1.5570941 6 0 0 0 16
0.78825718 -0.19928993 -1.2433534 6 0 0 0 16
0.7166943 -0.033400923 -1.9053037 7 0 0 0 16
0.55333948 -0.20370339 -1.3232822 7 0 0 0 16
0.27828872 0.032431401 -2.070276 7 0 0 0 16
0.99293399 0.054163568 -2.3085454 7 0 0 0 16
0.78741592 -0.063362941 -1.7930412 7 0 0 0 16
0.95203322 -0.19452304 -1.3901109 7 0 0 0 16
0.77921301 0.063088842 -2.2897475 7 0 0 0 16
1.0668365 0.055435043 -2.3153298 7 0 0 0 16
0.52937096 -0.13660043 -1.5054657 7 0 0 0 16
0.43668875 -0.036310818 -1.8098668 7 0 0 0 16
0.93912029 -0.015875818 -2.0696387 7 0 0 0 16
0.6692692 -0.13395081 -1.5691724 7 0 0 0 16
1.0740007 0.081395596 -2.3706346 7 0 0 0 16
0.72992939 -0.037971754 -1.9307321 7 0 0 0 16
1.0916915 -0.090526916 -1.8429694 7 0 0 0 16
1.2772962 -0.13334619 -1.6834935 7 0 0 0 16
1.2655132 -0.14909425 -1.6600757 7 0 0 0 16
1.3008951 -0.16101448 -1.652144 7 0 0 0 16
0.92554194 -0.20833561 -1.354262 7 0 0 0 16
0.97387689 0.071710445 -2.37412 7 0 0 0 16
0.30627474 0.036840722 -2.0583599 7 0 0 0 16
0.61703002 -0.16874439 -1.4577703 7 0 0 0 16
0.92945915 -0.1251315 -1.6734902 7 0 0 0 16
1.088918 -0.16581306 -1.5352107 7 0 0 0 16
1.2847623 -0.10850721 -1.7922144 7 0 0 0 16
0.92328578 -0.1238602 -1.6561021 7 0 0 0 16
0.56375456 0.032813404 -2.1392736 7 0 0 0 16
0.72576976 0.04305895 -2.2479985 7 0 0 0 16
1.0603045 -0.030694231 -2.0206428 7 0 0 0 16
0.69070297 -0.036342151 -1.9364922 7 0 0 0 16
0.59696722 -0.21355204 -1.2303451 7 0 0 0 16
1.1127335 -0.11083957 -1.677146 7 0 0 0 16
0.65214539 0.049996905 -2.239233 7 0 0 0 16
1.22769 -0.17459568 -1.6004642 7 0 0 0 16
1.0819432 -0.044834286 -1.9252532 7 0 0 0 16
0.82397383 0.034190591 -2.2317343 7 0 0 0 16
0.72313011 -0.014655961 -2.0261176 7 0 0 0 16
0.62485093 -0.034408487 -1.9167084 7 0 0 0 16
0.86112916 -0.060393158 -1.8727436 7 0 0 0 16
1.1432229 0.033003129 -2.2904103 7 0 0 0 16
0.31853139 0.080190711 -1.8829932 8 0 0 0 16
0.48648906 0.11292243 -2.001447 8 0 0 0 16
0.77166188 0.13644403 -2.197226 8 0 0 0 16
0.94165689 0.16128802 -2.3094378 8 0 0 0 16
0.80950594 -0.027702358 -1.607828 8 0 0 0 16
0.88202482 -0.092826046 -1.3128862 8 0 0 0 16
1.1064627 0.061544087 -2.0112715 8 0 0 0 16
1.0619049 0.13341202 -2.1920543 8 0 0 0 16
0.76795471 0.03596808 -1.8261834 8 0 0 0 16
0.8058635 -0.053370018 -1.4097148 8 0 0 0 16
1.046223 -0.024705641 -1.6916995 8 0 0 0 16
0.60407126 0.14015728 -2.1087785 8 0 0 0 16
0.79228085 0.042356804 -1.8105798 8 0 0 0 16
0.70946199 0.14623286 -2.1478679 8 0 0 0 16
1.2699115 -0.026679853 -1.6533573 8 0 0 0 16
0.70972967 0.12601516 -2.1414626 8 0 0 0 16
1.3919237 0.020225294 -1.7803423 8 0 0 0 16
0.3969627 0.044271883 -1.8107947 8 0 0 0 16
0.97724903 0.16449861 -2.2761247 8 0 0 0 16
0.5179382 0.039057646 -1.7806125 8 0 0 0 16
0.87260938 0.16514201 -2.3125601 8 0 0 0 16
0.60204136 -0.13037455 -1.2476776 8 0 0 0 16
0.41511053 0.061455872 -1.9022681 8 0 0 0 16
0.76954889 0.11269165 -2.0630918 8 0 0 0 16
1.4497397 -0.081678987 -1.540447 8 0 0 0 16
0.98816401 0.17904963 -2.3343787 8 0 0 0 16
0.75027949 0.15109898 -2.1321054 8 0 0 0 16
1.0674663 0.12755501 -2.1707098 8 0 0 0 16
0.60870278 0.15819959 -2.1851747 8 0 0 0 16
0.54579836 -0.024909936 -1.6016331 8 0 0 0 16
0.4990108 -0.05171793 -1.4397225 8 0 0 0 16
1.1792099 0.023342095 -1.8432243 8 0 0 0 16
0.56305349 0.090961799 -1.8662026 8 0 0 0 16
0.93144804 0.012501694 -1.6874474 8 0 0 0 16
0.45183441 0.099093586 -1.9811945 8 0 0 0 16
0.966919 -0.010144653 -1.7369897 8 0 0 0 16
0.86218584 -0.073089845 -1.4723608 8 0 0 0 16
0.89653236 -0.00011984388 -1.7352552 8 0 0 0 16
0.85274351 -0.012984243 -1.6928239 8 0 0 0 16
0.59853536 0.10254046 -1.9707774 8 0 0 0 16
1.2158681 -0.17961559 -1.4565036 9 0 0 0 16
1.0851818 -0.20793577 -1.3177322 9 0 0 0 16
0.8255682 0.017584436 -2.017338 9 0 0 0 16
1.146812 -0.019465569 -1.951938 9 0 0 0 16
0.95142448 -0.085432574 -1.7351047 9 0 0 0 16
1.1930871 -0.1764248 -1.4085931 9 0 0 0 16
0.88310313 0.04153828 -2.1111758 9 0 0 0 16
1.2902955 -0.037878435 -1.9026172 9 0 0 0 16
0.65003002 0.032587457 -2.0838201 9 0 0 0 16
1.0481498 0.0093938578 -2.0394604 9 0 0 0 16
0.98866999 -0.16194603 -1.4832208 9 0 0 0 16
0.83805138 0.0042528608 -2.0451176 9 0 0 0 16
0.43781215 -0.071279041 -1.7509725 9 0 0 0 16
1.1496294 0.029194973 -2.1116202 9 0 0 0 16
0.51097876 -0.026777778 -1.803756 9 0 0 0 16
1.4105824 -0.16931702 -1.4661567 9 0 0 0 16
0.71648538 -0.11635094 -1.5633146 9 0 0 0 16
1.1297543 -0.090044014 -1.672384 9 0 0 0 16
1.1800485 0.026075965 -2.0412188 9 0 0 0 16
1.5045917 -0.1605265 -1.4083636 9 0 0 0 16
1.4210135 -0.14416684 -1.552395 9 0 0 0 16
1.1589004 0.080149278 -2.2436442 9 0 0 0 16
1.1054161 -0.093009405 -1.6683433 9 0 0 0 16
1.0883586 -0.13784562 -1.5595504 9 0 0 0 16
0.71594393 -0.063148797 -1.7562759 9 0 0 0 16
0.678563 -0.2012451 -1.3649938 9 0 0 0 16
0.7259289 0.034282666 -2.0712085 9 0 0 0 16
1.3672019 -0.14537823 -1.5095663 9 0 0 0 16
0.80869883 -0.14389281 -1.510439 9 0 0 0 16
1.3512707 -0.13313822 -1.5655884 9 0 0 0 16
0.90112656 0.024111992 -2.0196092 9 0 0 0 16
0.72630423 -0.035496786 -1.8146492 9 0 0 0 16
0.6308074 -0.23744449 -1.1374255 9 0 0 0 16
0.9966746 0.00041006762 -2.0137644 9 0 0 0 16
1.1765646 -0.12239767 -1.5928452 9 0 0 0 16
1.2708523 -0.050234482 -1.8854582 9 0 0 0 16
0.75566506 -0.2095463 -1.2121593 9 0 0 0 16
1.1641837 0.092936575 -2.2710619 9 0 0 0 16
0.90851694 -0.20507531 -1.3014877 9 0 0 0 16
1.1893908 -0.21745554 -1.273159 9 0 0 0 16
0.71893179 -0.0029402566 -1.7254581 10 0 0 0 16
0.76402819 -0.068254858 -1.6026628 10 0 0 0 16
1.1033545 -0.054881632 -1.6099926 10 0 0 0 16
1.4231793 -0.11339601 -1.4882113 10 0 0 0 16
0.97841144 0.038346812 -1.9089814 10 0 0 0 16
0.38696721 -0.025462519 -1.6105106 10 0 0 0 16
1.090355 0.078492343 -2.0323813 10 0 0 0 16
0.7343148 -0.0514125 -1.6026599 10 0 0 0 16
0.41265917 -0.016732629 -1.6195 10 0 0 0 16
0.7773633 0.05084176 -1.9864899 10 0 0 0 16
0.736839 -0.10488281 -1.3979028 10 0 0 0 16
1.3359218 -0.043899473 -1.7426295 10 0 0 0 16
0.79182363 0.1000879 -2.1531243 10 0 0 0 16
1.3500057 -0.090313025 -1.596355 10 0 0 0 16
0.44781628 0.064262919 -1.8711438 10 0 0 0 16
1.1474489 0.087777361 -2.1224351 10 0 0 0 16
0.59540522 0.05416752 -1.8565494 10 0 0 0 16
0.7188136 0.021715494 -1.8258221 10 0 0 0 16
0.65596485 -0.052417371 -1.5096159 10 0 0 0 16
0.56883454 -0.031651996 -1.6470438 10 0 0 0 16
1.172332 0.063238122 -2.0755818 10 0 0 0 16
1.4091189 -0.078373387 -1.557333 10 0 0 0 16
0.95310229 0.094837219 -2.1681411 10 0 0 0 16
0.65679866 -0.027124846 -1.6841012 10 0 0 0 16
0.43819788 0.0032371702 -1.7612898 10 0 0 0 16
0.3175244 -0.013689141 -1.6857001 10 0 0 0 16
1.3045573 -0.10030334 -1.4853569 10 0 0 0 16
0.42899904 -0.04668358 -1.5557375 10 0 0 0 16
0.50459677 -0.11625477 -1.3040428 10 0 0 0 16
0.62425065 -0.089155048 -1.3997172 10 0 0 0 16
0.52092898 -0.040088061 -1.617578 10 0 0 0 16
0.82692546 -0.11678024 -1.3328815 10 0 0 0 16
1.0709192 0.10923587 -2.165988 10 0 0 0 16
0.88290292 0.060264796 -1.9490656 10 0 0 0 16
0.39419749 -0.037864089 -1.5480455 10 0 0 0 16
0.31608298 0.017663362 -1.7542974 10 0 0 0 16
0.41163853 0.047813796 -1.9308716 10 0 0 0 16
0.60129744 0.074334152 -2.0571678 10 0 0 0 16
0.39315933 -0.043892525 -1.5684217 10 0 0 0 16
0.6698429 -0.1739099 -1.1592876 10 0 0 0 16
1.313625 0.10268686 -1.9317862 11 0 0 0 16
0.87677699 0.14257373 -2.0223212 11 0 0 0 16
0.83713138 0.15650539 -2.0674608 11 0 0 0 16
0.41904384 0.1180535 -1.8681197 11 0 0 0 16
0.74122417 -0.021204427 -1.4753217 11 0 0 0 16
0.41937888 0.074467823 -1.807031 11 0 0 0 16
0.90786582 0.12871203 -1.9185722 11 0 0 0 16
1.1595939 0.0097217094 -1.5936581 11 0 0 0 16
0.86387748 0.10611222 -1.903586 11 0 0 0 16
0.74459344 -0.072759815 -1.2639149 11 0 0 0 16
0.98153961 0.083172612 -1.8373665 11 0 0 0 16
0.90774584 0.057622604 -1.7808276 11 0 0 0 16
0.80796283 -0.11724831 -1.0989803 11 0 0 0 16
0.80456269 0.15787652 -2.1138344 11 0 0 0 16
0.72974181 -0.056167055 -1.3462136 11 0 0 0 16
0.95383084 -0.053057991 -1.377845 11 0 0 0 16
0.91205263 0.05098122 -1.6465995 11 0 0 0 16
0.97435462 -0.055899542 -1.2881557 11 0 0 0 16
0.68945974 -0.081420109 -1.237779 11 0 0 0 16
1.3102342 0.10682039 -1.9183246 11 0 0 0 16
0.78238857 -0.052766629 -1.3368731 11 0 0 0 16
1.4234724 0.056438584 -1.7970622 11 0 0 0 16
1.0565856 0.044515058 -1.6942362 11 0 0 0 16
0.75720966 0.098525003 -1.9159223 11 0 0 0 16
0.6189298 0.13003701 -1.9375468 11 0 0 0 16
1.3701663 -0.010183517 -1.4888536 11 0 0 0 16
1.2849548 0.048086818 -1.7264695 11 0 0 0 16
0.75006837 -0.029664876 -1.4660126 11 0 0 0 16
0.75318128 0.083534017 -1.8413373 11 0 0 0 16
1.3479561 0.10219993 -1.8656417 11 0 0 0 16
1.0704639 0.10154997 -1.8833302 11 0 0 0 16
0.79748327 0.043662358 -1.6375324 11 0 0 0 16
0.93996167 -0.0009838359 -1.5448674 11 0 0 0 16
0.97766948 0.15618518 -2.0619752 11 0 0 0 16
0.56504542 0.086450242 -1.7244747 11 0 0 0 16
0.99847311 0.020919599 -1.6229626 11 0 0 0 16
0.96581441 -0.059291758 -1.2778568 11 0 0 0 16
1.4866167 -0.011503804 -1.542224 11 0 0 0 16
1.0241263 0.013054403 -1.6019112 11 0 0 0 16
0.69221586 0.11435483 -1.8873842 11 0 0 0 16
0.45402265 0.019018587 -1.7755084 12 0 0 0 16
0.7660346 -0.0080645913 -1.730209 12 0 0 0 16
0.58588588 0.016449736 -1.7745824 12 0 0 0 16
0.4668279 0.061276235 -1.8958648 12 0 0 0 16
0.55239737 -0.11590427 -1.30209 12 0 0 0 16
0.46428594 0.07132072 -1.9434876 12 0 0 0 16
1.1933101 0.027188042 -1.9812104 12 0 0 0 16
0.61110306 -0.073662736 -1.4507577 12 0 0 0 16
0.85106355 -0.083932288 -1.4732348 12 0 0 0 16
1.2335708 0.044942088 -1.9258704 12 0 0 0 16
0.66816664 -0.020686779 -1.694257 12 0 0 0 16
0.82614195 -0.056425568 -1.5041429 12 0 0 0 16
0.37510654 0.14199504 -2.1269679 12 0 0 0 16
0.34533313 0.0012415716 -1.6621672 12 0 0 0 16
0.37273705 0.10144643 -1.9769899 12 0 0 0 16
0.68811828 -0.084386706 -1.3748538 12 0 0 0 16
1.0354277 0.1155965 -2.2299447 12 0 0 0 16
0.81924826 0.13427757 -2.2432024 12 0 0 0 16
1.2399826 -0.018040033 -1.8023518 12 0 0 0 16
0.80495697 -0.084709831 -1.4887782 12 0 0 0 16
0.71463305 -0.14552186 -1.2783759 12 0 0 0 16
0.8343935 -0.028063638 -1.7418927 12 0 0 0 16
1.3551674 -0.077898741 -1.6078317 12 0 0 0 16
1.0857558 0.031227389 -1.9417285 12 0 0 0 16
0.2019252 0.064979628 -1.8650141 12 0 0 0 16
0.65508246 -0.017312162 -1.7106169 12 0 0 0 16
0.53279567 0.14927714 -2.2022769 12 0 0 0 16
1.2290015 -0.035899315 -1.7001498 12 0 0 0 16
1.0017495 0.0018269406 -1.8045967 12 0 0 0 16
0.23202096 0.099948294 -1.9793155 12 0 0 0 16
0.9903208 0.1750643 -2.4197917 12 0 0 0 16
0.23961353 0.046005916 -1.781752 12 0 0 0 16
0.58754444 -0.098274417 -1.3590126 12 0 0 0 16
0.79287696 -0.042129174 -1.5820384 12 0 0 0 16
0.96082532 -0.0075111031 -1.7754804 12 0 0 0 16
0.35578358 0.13968301 -2.0975688 12 0 0 0 16
1.185668 -0.046013907 -1.7413242 12 0 0 0 16
0.55493242 0.03662448 -1.9050624 12 0 0 0 16
0.86735338 0.060287058 -1.9591948 12 0 0 0 16
1.160346 -0.088893838 -1.4996979 12 0 0 0 16
1.2834699 -0.089298576 -1.6508106 13 0 0 0 16
0.63327163 -0.025187401 -1.8929992 13 0 0 0 16
1.0723646 0.13164379 -2.3913159 13 0 0 0 16
0.54985762 0.035101846 -2.1001906 13 0 0 0 16
1.258006 0.0089281276 -1.950785 13 0 0 0 16
1.2966484 -0.027775686 -1.8577458 13 0 0 0 16
0.98192877 -0.078265578 -1.6776801 13 0 0 0 16
0.58110213 -0.11574969 -1.5471704 13 0 0 0 16
0.78905785 0.031810433 -2.0919101 13 0 0 0 16
0.76689553 -0.1244033 -1.4823495 13 0 0 0 16
0.70289153 0.027346363 -2.1304686 13 0 0 0 16
0.67891616 -0.12228527 -1.5897558 13 0 0 0 16
0.62183702 -0.052431073 -1.7675873 13 0 0 0 16
0.4815557 0.028474431 -2.0331657 13 0 0 0 16
0.60742354 -0.18099889 -1.3144833 13 0 0 0 16
1.1027429 0.0098518878 -2.0419447 13 0 0 0 16
0.78826982 -0.054087888 -1.7882713 13 0 0 0 16
0.70885521 0.024343153 -2.0428231 13 0 0 0 16
0.62845993 -0.040184502 -1.8663985 13 0 0 0 16
1.0268495 0.018411713 -2.0501206 13 0 0 0 16
0.82087326 -0.056877129 -1.7370003 13 0 0 0 16
1.4478546 -0.097004801 -1.7050225 13 0 0 0 16
0.82671165 -0.19133256 -1.3197407 13 0 0 0 16
0.7211951 0.031270761 -2.0759978 13 0 0 0 16
1.3726593 -0.11174932 -1.5481267 13 0 0 0 16
1.386523 -0.041889712 -1.835112 13 0 0 0 16
1.0437639 0.081146054 -2.2693343 13 0 0 0 16
1.1475862 -0.0067087593 -1.9211446 13 0 0 0 16
0.97825915 0.03233349 -2.1497285 13 0 0 0 16
0.77093089 -0.12487259 -1.5452453 13 0 0 0 16
0.56279474 -0.10710796 -1.5992728 13 0 0 0 16
0.7486406 -0.079459392 -1.674927 13 0 0 0 16
0.98462611 -0.060288735 -1.7884294 13 0 0 0 16
0.71799254 -0.1896635 -1.2472728 13 0 0 0 16
0.93811131 0.068599328 -2.2466168 13 0 0 0 16
0.79224581 -0.0040517184 -1.9764111 13 0 0 0 16
0.47463432 -0.041650478 -1.8582696 13 0 0 0 16
1.0293754 -0.083235003 -1.6974539 13 0 0 0 16
0.33495477 0.014494481 -2.0096242 13 0 0 0 16
0.89279824 -0.1013476 -1.6213641 13 0 0 0 16
1.2592543 0.087751433 -2.1891978 14 0 0 0 16
1.2002931 0.10453455 -2.1398995 14 0 0 0 16
0.58433473 0.064950898 -1.9764243 14 0 0 0 16
0.70744908 0.11937652 -2.1717041 14 0 0 0 16
0.7506578 0.012056955 -1.8042747 14 0 0 0 16
0.81023246 0.01227011 -1.7835569 14 0 0 0 16
0.52283347 0.06863603 -2.0758424 14 0 0 0 16
1.218787 -0.097302631 -1.4521064 14 0 0 0 16
1.1126859 0.02952119 -1.89587 14 0 0 0 16
0.89585012 0.0015995834 -1.784964 14 0 0 0 16
0.80933207 0.035669271 -1.8843752 14 0 0 0 16
1.0312018 -0.05773069 -1.5721421 14 0 0 0 16
0.85614491 0.10718217 -2.1652091 14 0 0 0 16
0.75279266 0.062857315 -2.0390348 14 0 0 0 16
1.3896872 0.019213416 -1.9162782 14 0 0 0 16
0.72635829 0.06400606 -1.9539374 14 0 0 0 16
0.53298563 0.057260294 -1.97767 14 0 0 0 16
0.86567533 -0.037169185 -1.6887485 14 0 0 0 16
1.499215 -0.062995419 -1.6154006 14 0 0 0 16
1.1178597 0.042539287 -1.936015 14 0 0 0 16
1.0523407 0.11705084 -2.20208 14 0 0 0 16
0.74186879 0.10148614 -2.2023089 14 0 0 0 16
1.0275567 0.066090211 -2.0440755 14 0 0 0 16
0.83453768 -0.041365284 -1.6607854 14 0 0 0 16
0.36868045 0.014907906 -1.8276961 14 0 0 0 16
0.66540372 0.11633366 -2.1633546 14 0 0 0 16
1.1824467 0.067579247 -2.0451984 14 0 0 0 16
0.88428491 0.11310247 -2.1781518 14 0 0 0 16
1.2531061 0.061691977 -2.0024436 14 0 0 0 16
0.48531476 0.076346561 -2.051939 14 0 0 0 16
1.0665126 9.6517244e-05 -1.7879088 14 0 0 0 16
0.73982972 -0.078980014 -1.444568 14 0 0 0 16
0.94178969 -0.043121494 -1.5498629 14 0 0 0 16
0.88417566 0.13671678 -2.2759643 14 0 0 0 16
0.48694059 -0.0079121832 -1.7451186 14 0 0 0 16
0.87896901 -0.072317086 -1.447401 14 0 0 0 16
0.94141817 0.12340032 -2.2855182 14 0 0 0 16
0.88906997 -0.10627295 -1.3843583 14 0 0 0 16
1.2756271 -0.073418684 -1.4967992 14 0 0 0 16
1.1650295 0.024403304 -1.8591551 14 0 0 0 16
0.61798996 -0.0080000246 -1.7850028 15 0 0 0 16
0.52968878 -0.077692814 -1.5419204 15 0 0 0 16
1.0609713 -0.077675387 -1.5258374 15 0 0 0 16
0.57345927 0.066945828 -2.0507801 15 0 0 0 16
0.94144845 -0.041712265 -1.7078142 15 0 0 0 16
1.2582699 -0.10617027 -1.4486376 15 0 0 0 16
0.95129168 0.075052023 -2.1280768 15 0 0 0 16
0.86671335 -0.00045532928 -1.8568939 15 0 0 0 16
0.68576264 -0.051676534 -1.6822753 15 0 0 0 16
0.60099256 0.035322089 -1.9549122 15 0 0 0 16
1.1394837 0.057255082 -2.0765595 15 0 0 0 16
1.0418032 0.11732434 -2.2679021 15 0 0 0 16
1.1679281 -0.025225636 -1.7727917 15 0 0 0 16
0.46240911 0.057970203 -1.9587249 15 0 0 0 16
1.0940551 -0.056177314 -1.5275319 15 0 0 0 16
0.47617584 0.086270913 -2.1065276 15 0 0 0 16
1.2417988 -0.0094620809 -1.813602 15 0 0 0 16
0.50225943 -0.10659351 -1.479894 15 0 0 0 16
1.047899 -0.095096648 -1.5109191 15 0 0 0 16
1.0495729 0.1313079 -2.2685347 15 0 0 0 16
0.47810921 0.031422161 -1.9313505 15 0 0 0 16
1.0316858 -0.13347515 -1.4051636 15 0 0 0 16
0.96806282 0.056776453 -2.0307627 15 0 0 0 16
0.95024294 0.093106635 -2.1917667 15 0 0 0 16
0.85475975 -0.14198199 -1.3307661 15 0 0 0 16
0.85770428 -0.14000294 -1.3270674 15 0 0 0 16
0.97232741 -0.047780678 -1.6802891 15 0 0 0 16
0.74125773 0.0025835957 -1.8930212 15 0 0 0 16
0.88074678 -0.13041048 -1.4099306 15 0 0 0 16
1.2797741 0.039784808 -1.8916787 15 0 0 0 16
0.6799317 -0.16418664 -1.2490296 15 0 0 0 16
0.66394097 0.076912105 -2.1083081 15 0 0 0 16
1.2793888 -0.034071531 -1.7308265 15 0 0 0 16
1.0097899 0.059461646 -2.0571828 15 0 0 0 16
0.70536143 -0.03558179 -1.7256566 15 0 0 0 16
1.0291986 0.1206927 -2.2735627 15 0 0 0 16
0.39828202 -0.099711537 -1.5437332 15 0 0 0 16
0.36282635 0.042620659 -1.9870484 15 0 0 0 16
0.9412781 -0.12925944 -1.4113989 15 0 0 0 16
1.0969051 0.083534174 -2.1208069 15 0 0 0 16
0.94055587 0.16776384 -2.1720054 16 0 0 0 16
0.83741534 -0.067668401 -1.2904891 16 0 0 0 16
1.1024249 0.20448276 -2.3298254 16 0 0 0 16
1.22565 0.0022135612 -1.611322 16 0 0 0 16
1.2486304 0.094973989 -2.0531862 16 0 0 0 16
0.49806288 0.15322112 -2.1047909 16 0 0 0 16
0.54834867 -0.010324161 -1.4426702 16 0 0 0 16
1.1729462 0.088818632 -1.8864167 16 0 0 0 16
1.223772 0.070863008 -1.8774215 16 0 0 0 16
0.80988735 0.057853553 -1.7722805 16 0 0 0 16
1.2089854 0.032953832 -1.7120343 16 0 0 0 16
0.76270193 0.10814797 -1.9436035 16 0 0 0 16
0.77174509 0.11328623 -1.9718926 16 0 0 0 16
0.7952283 0.17625229 -2.2034013 16 0 0 0 16
0.86573154 0.090951853 -1.9631113 16 0 0 0 16
1.2708104 0.060368173 -1.7999606 16 0 0 0 16
0.57267493 0.10598104 -1.926944 16 0 0 0 16
0.82673323 -0.067421809 -1.2149079 16 0 0 0 16
0.86411297 0.040291026 -1.7131163 16 0 0 0 16
0.82980615 -0.031469427 -1.4208329 16 0 0 0 16
0.56374854 0.15151764 -2.1171927 16 0 0 0 16
1.1380959 -0.03402207 -1.4614563 16 0 0 0 16
0.40997538 0.16776024 -2.0580621 16 0 0 0 16
0.86675841 0.001811168 -1.5815998 16 0 0 0 16
0.82292384 0.091381475 -1.878042 16 0 0 0 16
0.65765589 -0.04491961 -1.3279743 16 0 0 0 16
0.94358408 -0.054068573 -1.2907122 16 0 0 0 16
0.52403307 0.071218267 -1.7856356 16 0 0 0 16
0.96654755 0.10443254 -1.9322798 16 0 0 0 16
0.72653568 0.15451854 -2.1428766 16 0 0 0 16
1.5110893 -0.0015237334 -1.5647558 16 0 0 0 16
0.90910256 -0.029849906 -1.4279902 16 0 0 0 16
0.58287209 0.03863072 -1.7361554 16 0 0 0 16
0.71616733 -0.026234811 -1.4575051 16 0 0 0 16
1.1323521 0.018276347 -1.6514961 16 0 0 0 16
0.73241264 0.082050726 -1.8387573 16 0 0 0 16
0.55894113 0.13083713 -2.0058835 16 0 0 0 16
0.34620366 0.11155134 -1.8680427 16 0 0 0 16
0.59496152 0.0080338446 -1.5343766 16 0 0 0 16
0.62718332 0.14051257 -2.122195 16 0 0 0 16
1.2971607 -0.23521112 -1.4643759 17 0 0 0 16
0.53497279 -0.13591661 -1.8723948 17 0 0 0 16
1.2074586 -0.2242666 -1.4394469 17 0 0 0 16
0.6208902 -0.10561418 -1.9128915 17 0 0 0 16
1.2291681 -0.16612546 -1.8280042 17 0 0 0 16
1.3162731 -0.23087615 -1.4825678 17 0 0 0 16
0.62684357 -0.082087651 -2.103626 17 0 0 0 16
0.63954198 -0.22746019 -1.4308318 17 0 0 0 16
0.66927671 -0.045172822 -2.1785328 17 0 0 0 16
0.97149509 -0.27205792 -1.3077826 17 0 0 0 16
0.40281805 -0.18198004 -1.6605849 17 0 0 0 16
1.0674585 -0.037511937 -2.339144 17 0 0 0 16
0.79306918 -0.061142575 -2.2098222 17 0 0 0 16
1.1262408 -0.10682636 -1.9423432 17 0 0 0 16
1.2940749 -0.2008166 -1.6595026 17 0 0 0 16
0.50669205 -0.11123602 -1.8376032 17 0 0 0 16
1.1971585 -0.053142633 -2.1621153 17 0 0 0 16
1.2125864 -0.16333704 -1.7619812 17 0 0 0 16
0.85961276 -0.2238467 -1.5382811 17 0 0 0 16
0.7514888 -0.15214765 -1.8196893 17 0 0 0 16
0.31259668 -0.12106591 -1.9028006 17 0 0 0 16
1.2083836 -0.25414407 -1.3593587 17 0 0 0 16
1.3158613 -0.23385215 -1.4927943 17 0 0 0 16
0.78183424 -0.17238255 -1.6576033 17 0 0 0 16
1.2586594 -0.12677382 -1.933642 17 0 0 0 16
0.79301858 -0.21576823 -1.5644559 17 0 0 0 16
1.1523889 -0.018587675 -2.3674865 17 0 0 0 16
0.85269821 -0.15248436 -1.9005009 17 0 0 0 16
1.2270067 -0.18049188 -1.6726722 17 0 0 0 16
1.1862302 -0.16772138 -1.7738365 17 0 0 0 16
1.0671835 -0.098629884 -2.0447783 17 0 0 0 16
0.68307763 -0.26837638 -1.2293881 17 0 0 0 16
1.3175652 -0.24698454 -1.4525998 17 0 0 0 16
1.0284423 -0.25322831 -1.4133797 17 0 0 0 16
1.020445 -0.20066035 -1.5781997 17 0 0 0 16
1.1180578 -0.064903468 -2.21349 17 0 0 0 16
1.0070817 -0.039761722 -2.2502947 17 0 0 0 16
1.2690959 -0.088095531 -2.1318433 17 0 0 0 16
1.0623683 -0.19283152 -1.6552978 17 0 0 0 16
1.0316396 -0.24313354 -1.4191915 17 0 0 0 16
0.69189501 -0.028140012 -1.7422277 18 0 0 0 16
0.99217099 -0.10997841 -1.4645954 18 0 0 0 16
1.4171377 -0.096522115 -1.5113983 18 0 0 0 16
0.91878885 0.072124913 -2.1124222 18 0 0 0 16
0.55510879 -0.050538909 -1.6902056 18 0 0 0 16
0.84620851 0.051096283 -2.1169736 18 0 0 0 16
1.2492373 -0.04219323 -1.6998637 18 0 0 0 16
1.141158 0.0068348399 -1.847227 18 0 0 0 16
1.1764772 -0.02109395 -1.7714038 18 0 0 0 16
0.46437305 0.032766707 -1.9971714 18 0 0 0 16
0.55420977 -0.096680999 -1.5207865 18 0 0 0 16
0.65433002 -0.016492518 -1.7999512 18 0 0 0 16
1.4013228 -0.075496309 -1.5723318 18 0 0 0 16
0.94140214 0.022110518 -1.8698902 18 0 0 0 16
1.2491912 -0.12887567 -1.3654842 18 0 0 0 16
1.1238108 0.016889285 -1.8924943 18 0 0 0 16
0.93423426 -0.051839553 -1.5698941 18 0 0 0 16
0.8742801 0.043485787 -1.9298654 18 0 0 0 16
0.34371221 0.000557761 -1.8765941 18 0 0 0 16
0.71293545 -0.098603122 -1.4670311 18 0 0 0 16
0.99726897 -0.13641813 -1.3631207 18 0 0 0 16
1.3228705 -0.062892929 -1.6162157 18 0 0 0 16
0.92117846 -0.051795747 -1.6463645 18 0 0 0 16
1.1432043 -0.10918412 -1.3938323 18 0 0 0 16
0.93165463 0.029019414 -1.9285395 18 0 0 0 16
0.91499031 0.068053015 -2.1518979 18 0 0 0 16
1.1674323 0.11907934 -2.2927368 18 0 0 0 16
1.062302 0.030718477 -2.0018957 18 0 0 0 16
0.66346365 -0.16366421 -1.289772 18 0 0 0 16
0.90088665 -0.14870587 -1.3305906 18 0 0 0 16
0.98670608 -0.01094602 -1.8816704 18 0 0 0 16
0.62056881 0.0065913135 -1.91232 18 0 0 0 16
0.63382047 -0.047370616 -1.685053 18 0 0 0 16
0.38614815 0.01071813 -1.8588723 18 0 0 0 16
0.92704809 0.065200701 -2.0909266 18 0 0 0 16
1.0405078 -0.021234481 -1.7113899 18 0 0 0 16
0.85640448 0.061841905 -2.022646 18 0 0 0 16
0.48735043 -0.051793378 -1.6252347 18 0 0 0 16
1.0132239 -0.1419532 -1.2353616 18 0 0 0 16
1.0441779 -0.0056539741 -1.8682767 18 0 0 0 16
0.73119467 -0.16713829 -1.4368184 19 0 0 0 16
0.46428394 -0.11200602 -1.5778432 19 0 0 0 16
1.1385844 -0.045563508 -1.8935782 19 0 0 0 16
0.4998461 -0.00059850054 -1.9575729 19 0 0 0 16
0.74809313 0.040439181 -2.1095538 19 0 0 0 16
0.6943084 -0.21570832 -1.2287097 19 0 0 0 16
0.32157859 0.032311358 -2.0657964 19 0 0 0 16
0.71807724 -0.18083486 -1.2693866 19 0 0 0 16
1.0359728 -0.164667 -1.3257902 19 0 0 0 16
0.73265862 -0.13742694 -1.5590056 19 0 0 0 16
0.99633092 -0.062336143 -1.7775612 19 0 0 0 16
0.55098271 -0.17535354 -1.3539071 19 0 0 0 16
0.79367542 0.051158637 -2.2627351 19 0 0 0 16
1.3295548 -0.070373937 -1.8858825 19 0 0 0 16
0.99212337 0.045881815 -2.1200011 19 0 0 0 16
1.0958797 -0.032685697 -1.9067008 19 0 0 0 16
1.0337461 -0.031801362 -1.9382954 19 0 0 0 16
0.3533667 -0.048803549 -1.6947256 19 0 0 0 16
1.1366973 0.029477872 -2.1669543 19 0 0 0 16
0.43443161 -0.017737633 -1.8950481 19 0 0 0 16
1.0719687 0.064223178 -2.3356485 19 0 0 0 16
0.67218852 0.022602145 -2.1506584 19 0 0 0 16
1.3300416 -0.038748365 -1.9188898 19 0 0 0 16
0.94973886 -0.19511887 -1.363322 19 0 0 0 16
0.806126 -0.011727097 -1.9161341 19 0 0 0 16
0.69506836 -0.21197475 -1.2554727 19 0 0 0 16
0.51493096 -0.05319244 -1.8282108 19 0 0 0 16
0.63329548 -0.027537648 -1.9205015 19 0 0 0 16
1.3481411 -0.14830828 -1.5069263 19 0 0 0 16
1.0188628 -0.12424647 -1.5186033 19 0 0 0 16
0.30839521 0.010596184 -1.9848716 19 0 0 0 16
0.78343117 -0.14251676 -1.4252621 19 0 0 0 16
0.60761774 -0.045320243 -1.7730259 19 0 0 0 16
1.1249924 0.0011216288 -2.057946 19 0 0 0 16
0.98216957 0.05443912 -2.1826525 19 0 0 0 16
0.93555123 -0.0022332917 -1.9972093 19 0 0 0 16
0.61349875 0.018304527 -2.0933599 19 0 0 0 16
1.1459955 -0.041799251 -1.921124 19 0 0 0 16
0.92277163 -0.16130318 -1.3560969 19 0 0 0 16
0.24811125 -0.015553506 -1.9478389 19 0 0 0 16
0.93829477 1.0556835 1.554497 0 0 0 0 17
0.43677831 0.97502095 1.6500431 0 0 0 0 17
0.86628908 0.71868187 1.5940481 0 0 0 0 17
0.68637288 1.1547406 1.5799888 0 0 0 0 17
1.2838924 0.46228513 1.5472776 0 0 0 0 17
0.61294073 0.97325456 1.6119144 0 0 0 0 17
0.97743005 0.88442856 1.5539012 0 0 0 0 17
0.65649045 0.8089143 1.6277242 0 0 0 0 17
1.3028306 1.2332224 1.4912744 0 0 0 0 17
0.90019095 0.23306064 1.6629416 0 0 0 0 17
1.3296082 0.61416423 1.5438344 0 0 0 0 17
0.50090933 0.51365513 1.6722193 0 0 0 0 17
1.2452018 0.65117759 1.553372 0 0 0 0 17
0.99001557 0.5713805 1.5921066 0 0 0 0 17
1.0299791 0.70102507 1.5498983 0 0 0 0 17
1.5030953 0.4386009 1.521065 0 0 0 0 17
1.1279548 0.90582824 1.5244272 0 0 0 0 17
0.43699202 0.80224669 1.67038 0 0 0 0 17
0.43715996 1.0089285 1.6353121 0 0 0 0 17
0.59808207 0.74852419 1.6445162 0 0 0 0 17
1.2189659 0.42776033 1.5627042 0 0 0 0 17
0.85939813 0.4517135 1.6404411 0 0 0 0 17
1.4396183 0.36213085 1.553445 0 0 0 0 17
1.0922697 0.97591162 1.5430672 0 0 0 0 17
1.2775867 1.0382823 1.4915448 0 0 0 0 17
1.0796202 0.53952032 1.570819 0 0 0 0 17
0.63793427 0.42573473 1.672549 0 0 0 0 17
1.2115757 1.0039353 1.5194746 0 0 0 0 17
0.97045612 0.46895149 1.620446 0 0 0 0 17
1.0416868 1.2571009 1.5189118 0 0 0 0 17
1.2777359 1.0871676 1.49608 0 0 0 0 17
0.64687568 1.1503655 1.5922008 0 0 0 0 17
1.3493085 0.9299258 1.5067915 0 0 0 0 17
1.3266969 1.0626911 1.4829955 0 0 0 0 17
0.94694799 0.72034061 1.5703459 0 0 0 0 17
0.77400666 0.22165094 1.6658868 0 0 0 0 17
1.1033225 0.41204974 1.5813811 0 0 0 0 17
0.91246468 1.2247921 1.5407312 0 0 0 0 17
0.93274885 1.0885512 1.5574342 0 0 0 0 17
1.1689476 0.76067895 1.5603901 0 0 0 0 17
0.5718773 0.43133441 1.8324132 1 0 0 0 17
1.0617663 0.29718524 1.7910841 1 0 0 0 17
0.52536255 0.95588714 1.7946802 1 0 0 0 17
1.1023037 0.40200076 1.7750918 1 0 0 0 17
1.15345 0.74438781 1.7264856 1 0 0 0 17
0.99111098 0.78253675 1.7548937 1 0 0 0 17
1.29523 0.87122864 1.6805089 1 0 0 0 17
1.4067104 0.70328212 1.6794548 1 0 0 0 17
0.79594344 0.45707312 1.8082336 1 0 0 0 17
0.82399821 0.58053982 1.7745273 1 0 0 0 17
1.430503 0.57549161 1.689574 1 0 0 0 17
0.67297435 0.83927411 1.7876152 1 0 0 0 17
0.49641761 0.61428773 1.8432932 1 0 0 0 17
0.86409032 0.52434021 1.7782632 1 0 0 0 17
0.92573076 0.41634935 1.7883787 1 0 0 0 17
0.86753738 0.28681397 1.8193283 1 0 0 0 17
0.76959097 0.96185875 1.7494538 1 0 0 0 17
1.309046 0.47090879 1.7193831 1 0 0 0 17
0.48391876 0.77032536 1.8244315 1 0 0 0 17
0.9707213 0.93759358 1.749824 1 0 0 0 17
0.47822848 1.0157806 1.8119673 1 0 0 0 17
0.57158726 0.56424206 1.8422998 1 0 0 0 17
0.89219481 0.69484943 1.781361 1 0 0 0 17
1.1783036 0.53560352 1.7422353 1 0 0 0 17
1.1545914 0.46800777 1.7435395 1 0 0 0 17
0.64752084 0.26526725 1.8500019 1 0 0 0 17
0.98046404 0.70603794 1.7522275 1 0 0 0 17
0.74247843 0.87273616 1.7707169 1 0 0 0 17
0.51193589 0.52040267 1.8462077 1 0 0 0 17
0.87190729 0.29623902 1.8174911 1 0 0 0 17
0.78111845 0.49363741 1.7940841 1 0 0 0 17
1.0729586 0.34694478 1.7829036 1 0 0 0 17
0.73979294 0.94790232 1.7782162 1 0 0 0 17
0.71918184 0.64373559 1.8122674 1 0 0 0 17
0.42817897 0.93603593 1.8259368 1 0 0 0 17
1.4090284 0.76831377 1.6773278 1 0 0 0 17
1.2660162 0.84323871 1.7107912 1 0 0 0 17
1.3228418 0.34406704 1.7202461 1 0 0 0 17
0.98380595 0.31636283 1.7836437 1 0 0 0 17
1.0875745 0.37320334 1.7552272 1 0 0 0 17
0.72615957 0.90837705 1.7417248 2 0 0 0 17
1.1186711 1.2091628 1.6549296 2 0 0 0 17
0.85879499 0.42915112 1.7663071 2 0 0 0 17
0.37506017 1.0616879 1.7904886 2 0 0 0 17
1.2857736 0.70515114 1.6686716 2 0 0 0 17
1.1388791 0.37446442 1.7232505 2 0 0 0 17
0.78597605 0.34174067 1.7864321 2 0 0 0 17
1.3144963 0.87523156 1.6604196 2 0 0 0 17
0.73549622 0.43933627 1.7833829 2 0 0 0 17
1.4362452 0.50127017 1.6425068 2 0 0 0 17
0.57277673 0.96496803 1.7573453 2 0 0 0 17
0.76431912 0.59393513 1.754546 2 0 0 0 17
0.73646224 1.2078297 1.6909045 2 0 0 0 17
0.90091491 0.97711003 1.6982579 2 0 0 0 17
0.91164172 1.1613989 1.6978675 2 0 0 0 17
0.76444483 0.74373364 1.7468511 2 0 0 0 17
1.2858123 0.90407211 1.6293408 2 0 0 0 17
0.81576163 0.50485188 1.7630993 2 0 0 0 17
0.62589914 0.30771878 1.8149554 2 0 0 0 17
1.1543385 0.81982142 1.6628443 2 0 0 0 17
1.0819787 1.1851337 1.6580639 2 0 0 0 17
0.53267753 0.48281851 1.8280559 2 0 0 0 17
0.85633606 0.29026797 1.767459 2 0 0 0 17
0.70143253 1.1372894 1.7332038 2 0 0 0 17
0.70339948 1.0662545 1.7161781 2 0 0 0 17
1.0031242 1.204969 1.6623355 2 0 0 0 17
1.1428314 0.5800817 1.6984782 2 0 0 0 17
1.0043286 0.97361726 1.680733 2 0 0 0 17
1.2935818 1.3371876 1.5835825 2 0 0 0 17
0.65901852 0.39525452 1.7980407 2 0 0 0 17
0.8867535 0.99792266 1.7010685 2 0 0 0 17
1.2433285 0.41410193 1.7018892 2 0 0 0 17
0.87806559 1.2606176 1.688518 2 0 0 0 17
1.2949903 1.0359 1.6136434 2 0 0 0 17
1.0921618 0.46117905 1.7189331 2 0 0 0 17
0.69070542 1.1587739 1.7092934 2 0 0 0 17
1.1732171 0.91569775 1.654346 2 0 0 0 17
0.78039539 0.40165696 1.7694751 2 0 0 0 17
0.96386659 0.69143057 1.7183332 2 0 0 0 17
0.85149783 0.63119191 1.733663 2 0 0 0 17
1.141101 0.57823807 1.6137295 3 0 0 0 17
1.0170964 0.40953717 1.6665435 3 0 0 0 17
0.60929692 0.93528098 1.6780639 3 0 0 0 17
0.6245212 0.36100712 1.7177297 3 0 0 0 17
0.63562411 0.63775259 1.690999 3 0 0 0 17
0.92518556 0.47237113 1.6557454 3 0 0 0 17
0.74162883 1.159672 1.6380843 3 0 0 0 17
1.2833453 1.0062151 1.534815 3 0 0 0 17
1.0131457 1.0147108 1.5882201 3 0 0 0 17
1.2406642 1.1338284 1.5342653 3 0 0 0 17
1.306807 0.87584293 1.5605798 3 0 0 0 17
1.3941225 0.76696306 1.532918 3 0 0 0 17
1.2354808 1.2328309 1.5520774 3 0 0 0 17
0.76798183 1.0091156 1.6511576 3 0 0 0 17
0.89656818 1.0739734 1.61373 3 0 0 0 17
0.46602562 0.64807612 1.7325388 3 0 0 0 17
0.55267286 0.34445927 1.7486131 3 0 0 0 17
1.0829141 0.9790554 1.5836358 3 0 0 0 17
0.70582479 0.38830027 1.7212164 3 0 0 0 17
1.2131102 0.8794511 1.5608536 3 0 0 0 17
1.3827766 0.61020637 1.5623475 3 0 0 0 17
1.2147348 0.35451749 1.6125696 3 0 0 0 17
0.94059151 0.57274932 1.6594739 3 0 0 0 17
0.83937633 0.88882303 1.6388475 3 0 0 0 17
1.2051888 0.7968685 1.5647904 3 0 0 0 17
0.92334145 0.6221242 1.6491206 3 0 0 0 17
1.0353369 1.1298943 1.5688082 3 0 0 0 17
1.2488409 0.90991557 1.5568217 3 0 0 0 17
0.77547812 0.62472498 1.6752579 3 0 0 0 17
0.82039601 0.35334703 1.7036173 3 0 0 0 17
0.8032822 0.66394985 1.6723427 3 0 0 0 17
0.93085068 0.23590282 1.6785709 3 0 0 0 17
1.2021474 0.65326333 1.5900073 3 0 0 0 17
0.76587826 0.61319602 1.7075275 3 0 0 0 17
1.0248661 0.31291926 1.6510679 3 0 0 0 17
1.3496131 0.95369804 1.5228533 3 0 0 0 17
1.4002882 0.4743697 1.576851 3 0 0 0 17
1.0162147 0.97945398 1.5943477 3 0 0 0 17
1.0005825 1.100355 1.5937691 3 0 0 0 17
0.70584202 0.99805892 1.6556214 3 0 0 0 17
1.2549102 0.71829158 1.4090658 4 0 0 0 17
1.0647089 1.1382669 1.4111558 4 0 0 0 17
0.58171827 0.51474154 1.5562971 4 0 0 0 17
1.3992513 0.56613046 1.3783942 4 0 0 0 17
1.2766719 1.1240292 1.3733099 4 0 0 0 17
1.1833428 0.79882193 1.4294708 4 0 0 0 17
0.76883411 0.73490655 1.4844123 4 0 0 0 17
1.1442602 0.91687369 1.4209353 4 0 0 0 17
1.1927457 0.24027561 1.4529141 4 0 0 0 17
0.78899848 0.7298336 1.5204099 4 0 0 0 17
1.0985417 0.45290321 1.476256 4 0 0 0 17
0.58854479 0.49969107 1.5725785 4 0 0 0 17
1.102288 0.69332027 1.4284884 4 0 0 0 17
0.76099402 0.25011417 1.5562991 4 0 0 0 17
1.1300714 0.41762418 1.4432199 4 0 0 0 17
1.3070693 0.86687952 1.3972503 4 0 0 0 17
1.2730091 0.44702965 1.4314188 4 0 0 0 17
1.2944626 0.60156757 1.4120628 4 0 0 0 17
1.225404 0.23021157 1.4590434 4 0 0 0 17
0.72104627 0.071761638 1.560864 4 0 0 0 17
0.6614325 0.23555574 1.5567267 4 0 0 0 17
1.3619188 0.55151623 1.4023339 4 0 0 0 17
0.63389963 0.52400351 1.5682527 4 0 0 0 17
0.98973292 0.53910726 1.4718194 4 0 0 0 17
0.82974386 0.13616824 1.5567255 4 0 0 0 17
1.2642021 1.1007637 1.3616105 4 0 0 0 17
1.4455938 0.50088745 1.398652 4 0 0 0 17
0.74464935 0.12935181 1.5621114 4 0 0 0 17
0.58106613 1.0394181 1.5079811 4 0 0 0 17
1.2279606 0.77771252 1.4251552 4 0 0 0 17
1.0116508 1.1062274 1.4170955 4 0 0 0 17
1.3619105 0.33872059 1.4225191 4 0 0 0 17
0.78041691 0.77590841 1.4880946 4 0 0 0 17
0.92069519 0.97739214 1.4479556 4 0 0 0 17
1.0857131 0.6686784 1.4528388 4 0 0 0 17
1.3935592 0.88749778 1.3634907 4 0 0 0 17
0.66298032 0.43958029 1.5519636 4 0 0 0 17
1.1348472 1.0395672 1.3963618 4 0 0 0 17
0.48570991 0.98566455 1.5349323 4 0 0 0 17
1.2148485 0.65645444 1.4195639 4 0 0 0 17
0.62847853 1.057274 1.7675058 5 0 0 0 17
0.96002764 0.68462384 1.7478087 5 0 0 0 17
0.67652744 0.46060935 1.7987391 5 0 0 0 17
1.3509109 1.0809903 1.6662421 5 0 0 0 17
1.2860337 0.33893576 1.7159901 5 0 0 0 17
0.64168137 0.85922313 1.7872325 5 0 0 0 17
1.0409182 0.63195747 1.755231 5 0 0 0 17
1.1633023 0.75989282 1.6985271 5 0 0 0 17
0.9627161 0.9988907 1.70636 5 0 0 0 17
0.8533619 1.036783 1.7406626 5 0 0 0 17
0.87655491 0.44050983 1.7743403 5 0 0 0 17
0.56750709 1.064178 1.7827592 5 0 0 0 17
0.92950535 0.97552717 1.7183439 5 0 0 0 17
1.0120605 0.5828265 1.7392554 5 0 0 0 17
0.53113812 0.97409099 1.7931066 5 0 0 0 17
1.2037402 0.40962458 1.7280473 5 0 0 0 17
1.4660339 0.297151 1.6847764 5 0 0 0 17
0.80058676 0.67126238 1.7911632 5 0 0 0 17
1.3026626 0.38116544 1.7028463 5 0 0 0 17
0.60751456 0.91705787 1.7803415 5 0 0 0 17
1.5646957 0.5187704 1.6653283 5 0 0 0 17
0.84202445 0.67790997 1.7604572 5 0 0 0 17
1.55856 0.47649255 1.6702694 5 0 0 0 17
1.46587 1.0738435 1.6394526 5 0 0 0 17
1.0317174 1.1036963 1.7149396 5 0 0 0 17
1.4467071 0.65341032 1.6794018 5 0 0 0 17
1.4858387 0.58189094 1.6553824 5 0 0 0 17
0.67838675 0.40365356 1.806291 5 0 0 0 17
1.0262436 1.0781543 1.704505 5 0 0 0 17
1.1144433 0.27990788 1.7387677 5 0 0 0 17
0.98756045 0.73013479 1.7492173 5 0 0 0 17
0.90056306 0.19768979 1.7941467 5 0 0 0 17
1.2300756 1.0046664 1.689949 5 0 0 0 17
0.99801368 1.1041657 1.7021103 5 0 0 0 17
0.65898687 0.47994915 1.8032618 5 0 0 0 17
1.0190247 0.68426073 1.7301688 5 0 0 0 17
1.4710774 0.47134322 1.6701537 5 0 0 0 17
0.88090307 1.1495677 1.7235665 5 0 0 0 17
0.86687505 0.4288049 1.77934 5 0 0 0 17
0.72422522 0.49706101 1.7896042 5 0 0 0 17
1.2988517 0.31726772 1.5575742 6 0 0 0 17
0.88403481 0.26668885 1.6282264 6 0 0 0 17
0.70190537 0.55688286 1.6337858 6 0 0 0 17
0.56433749 0.87146384 1.6154962 6 0 0 0 17
1.4174731 0.65200377 1.4981745 6 0 0 0 17
0.66278654 0.86081874 1.591612 6 0 0 0 17
1.3082075 1.1695607 1.4508277 6 0 0 0 17
1.252679 1.054373 1.485243 6 0 0 0 17
1.5071176 0.35558578 1.5086815 6 0 0 0 17
0.66970086 0.97998941 1.5792553 6 0 0 0 17
0.73377162 0.18510124 1.6614537 6 0 0 0 17
0.74628067 0.96052748 1.5777073 6 0 0 0 17
1.2771634 0.35953394 1.5478415 6 0 0 0 17
0.51165676 0.93268448 1.6319909 6 0 0 0 17
0.61467361 0.80423647 1.6286056 6 0 0 0 17
1.2986044 1.1123606 1.473593 6 0 0 0 17
1.0711274 0.5730778 1.5774467 6 0 0 0 17
0.97086984 0.52415407 1.5827746 6 0 0 0 17
0.95724118 0.56232601 1.5799958 6 0 0 0 17
0.58876032 1.071406 1.5922492 6 0 0 0 17
1.3461847 0.80233115 1.4923205 6 0 0 0 17
1.3800906 0.51461649 1.5298012 6 0 0 0 17
1.1112651 0.26523408 1.5928637 6 0 0 0 17
1.4144934 0.62252325 1.4849108 6 0 0 0 17
1.2270095 1.2930647 1.444584 6 0 0 0 17
1.3347093 1.1494114 1.4544742 6 0 0 0 17
1.0894945 0.54332525 1.5529855 6 0 0 0 17
0.5685026 0.57891273 1.648856 6 0 0 0 17
1.3684999 1.0270954 1.4575983 6 0 0 0 17
1.3561149 0.53275084 1.5050066 6 0 0 0 17
0.96012002 0.84083772 1.5589949 6 0 0 0 17
0.64788967 0.30577704 1.670184 6 0 0 0 17
0.96568125 0.97516042 1.5340962 6 0 0 0 17
1.1411258 0.64388812 1.5562216 6 0 0 0 17
0.7389673 0.42431679 1.6521742 6 0 0 0 17
0.62551647 0.54962748 1.6668801 6 0 0 0 17
1.1808087 0.42603034 1.560831 6 0 0 0 17
0.78919113 0.96760714 1.5472693 6 0 0 0 17
1.4397876 0.40530071 1.5353079 6 0 0 0 17
0.89706916 0.97985929 1.5426809 6 0 0 0 17
0.91512185 1.1346562 1.5102621 7 0 0 0 17
0.74464732 1.0143579 1.5524642 7 0 0 0 17
0.94273007 0.64596385 1.5601327 7 0 0 0 17
1.1371461 0.41172224 1.5544635 7 0 0 0 17
0.92027915 0.72745883 1.559728 7 0 0 0 17
1.2531302 0.49741283 1.5252147 7 0 0 0 17
1.0362661 0.96471751 1.5112292 7 0 0 0 17
0.8577798 0.92634052 1.5586108 7 0 0 0 17
1.2072219 0.28655323 1.5586953 7 0 0 0 17
0.65268612 0.23775461 1.6520089 7 0 0 0 17
0.66844738 1.0199006 1.5807751 7 0 0 0 17
0.78477412 0.48638052 1.6097771 7 0 0 0 17
0.83787143 0.7154423 1.5750302 7 0 0 0 17
1.3141299 0.51298141 1.5078274 7 0 0 0 17
1.1399007 0.22259328 1.5809135 7 0 0 0 17
0.60842401 0.69782043 1.6291006 7 0 0 0 17
0.85991186 0.74368101 1.5964195 7 0 0 0 17
0.75263286 0.10182389 1.6221544 7 0 0 0 17
1.2418348 0.765872 1.4919888 7 0 0 0 17
0.88671994 0.61657953 1.5791302 7 0 0 0 17
1.0503157 0.69801039 1.5387814 7 0 0 0 17
1.0097263 0.14777657 1.5676161 7 0 0 0 17
1.0824623 0.22950713 1.5741938 7 0 0 0 17
0.79046392 0.19160102 1.6461439 7 0 0 0 17
0.4698357 1.002444 1.6366248 7 0 0 0 17
1.1643971 0.5973224 1.52461 7 0 0 0 17
0.82488394 1.0019938 1.5535877 7 0 0 0 17
1.3291919 0.32483736 1.513543 7 0 0 0 17
0.80803168 0.24113905 1.6433563 7 0 0 0 17
0.51837188 0.39314073 1.6711082 7 0 0 0 17
0.91881371 0.14654285 1.6177781 7 0 0 0 17
0.54426503 0.60148579 1.6501563 7 0 0 0 17
0.65455782 0.18700381 1.662631 7 0 0 0 17
0.72915947 0.7026673 1.6094885 7 0 0 0 17
0.87843412 0.88084787 1.5468596 7 0 0 0 17
1.3327059 0.72818661 1.4914151 7 0 0 0 17
1.2929543 0.72612578 1.4848858 7 0 0 0 17
0.76787829 0.26323283 1.6275234 7 0 0 0 17
1.3511573 0.99251449 1.4462823 7 0 0 0 17
0.77848601 0.12195496 1.6571522 7 0 0 0 17
0.84692466 0.89674801 1.6041126 8 0 0 0 17
0.80644989 0.41288558 1.655563 8 0 0 0 17
1.1014795 0.36387849 1.5922074 8 0 0 0 17
0.65117645 0.92125118 1.6269398 8 0 0 0 17
0.96507794 0.35709834 1.6077299 8 0 0 0 17
1.0884326 1.2516479 1.5042974 8 0 0 0 17
0.87507582 0.26422924 1.6476985 8 0 0 0 17
1.3702468 1.2693655 1.4621342 8 0 0 0 17
0.86180764 0.56069577 1.6325181 8 0 0 0 17
0.62190771 0.6274398 1.6907022 8 0 0 0 17
1.1683488 1.2537118 1.4890176 8 0 0 0 17
1.210698 1.1997898 1.4925951 8 0 0 0 17
1.4599479 0.76990032 1.4604909 8 0 0 0 17
1.5493828 0.52483499 1.4735732 8 0 0 0 17
0.83540469 1.0797869 1.5885385 8 0 0 0 17
0.59084398 0.49705967 1.6810074 8 0 0 0 17
0.59934628 0.42603242 1.7013886 8 0 0 0 17
1.5490508 0.46282852 1.4485124 8 0 0 0 17
1.3663863 1.2036203 1.4501127 8 0 0 0 17
0.79354078 1.0839251 1.5971284 8 0 0 0 17
1.0133432 0.87296891 1.5816182 8 0 0 0 17
0.93915725 0.46397996 1.6276898 8 0 0 0 17
1.2347472 0.66070449 1.5275631 8 0 0 0 17
1.2288629 0.72902864 1.529406 8 0 0 0 17
1.123461 1.2365793 1.5030944 8 0 0 0 17
0.76463264 0.2215306 1.6464678 8 0 0 0 17
0.92681432 0.93985653 1.573697 8 0 0 0 17
1.3636876 0.60051996 1.5152713 8 0 0 0 17
0.74708122 1.0640067 1.6049248 8 0 0 0 17
1.4028602 1.2600478 1.4642217 8 0 0 0 17
0.96821916 0.84360462 1.577479 8 0 0 0 17
1.1877925 1.207075 1.4935204 8 0 0 0 17
0.86645293 0.84190243 1.6045657 8 0 0 0 17
1.4126318 0.34033525 1.4984994 8 0 0 0 17
0.96586144 1.0821147 1.5413004 8 0 0 0 17
1.5277162 0.55932319 1.4841021 8 0 0 0 17
1.0257841 0.36710829 1.6078949 8 0 0 0 17
0.78340548 1.0419235 1.6009861 8 0 0 0 17
1.4410393 0.34288493 1.5140015 8 0 0 0 17
1.3661405 1.2411388 1.4485787 8 0 0 0 17
0.98912084 0.25567463 1.7452619 9 0 0 0 17
0.59269524 1.0202785 1.7454764 9 0 0 0 17
0.9026196 0.67303944 1.7138447 9 0 0 0 17
1.2597378 0.83052301 1.6196245 9 0 0 0 17
0.61158055 0.8610658 1.7578992 9 0 0 0 17
0.7615335 0.93065912 1.7235546 9 0 0 0 17
1.1269377 0.37932017 1.7153995 9 0 0 0 17
1.2323542 0.92056936 1.615513 9 0 0 0 17
0.52628988 0.8713578 1.7778932 9 0 0 0 17
1.1663507 0.36879522 1.6841263 9 0 0 0 17
1.4303167 0.37407717 1.6234303 9 0 0 0 17
0.84742868 0.4454082 1.7409658 9 0 0 0 17
0.8876003 0.34078693 1.7401062 9 0 0 0 17
1.3572448 0.61518061 1.6134973 9 0 0 0 17
1.3473854 0.21905971 1.6544487 9 0 0 0 17
1.3503977 1.110929 1.5844303 9 0 0 0 17
1.1534868 0.82741576 1.652598 9 0 0 0 17
1.1828921 0.24913411 1.6864713 9 0 0 0 17
1.3108482 0.39102772 1.6598446 9 0 0 0 17
0.79844767 0.53930682 1.7452091 9 0 0 0 17
1.3357174 0.86603129 1.6126928 9 0 0 0 17
0.52869684 0.91221917 1.767047 9 0 0 0 17
0.78691524 0.78550118 1.7181387 9 0 0 0 17
0.95307434 0.46189892 1.7288311 9 0 0 0 17
1.0407242 0.48777863 1.6986394 9 0 0 0 17
1.0334401 0.80269957 1.6521546 9 0 0 0 17
1.4033267 0.32964772 1.611052 9 0 0 0 17
1.4316728 0.89521539 1.583609 9 0 0 0 17
1.2859433 0.91351902 1.5861793 9 0 0 0 17
1.1291001 0.9060033 1.6418129 9 0 0 0 17
0.69130355 0.29442349 1.791888 9 0 0 0 17
0.59274161 0.40635774 1.796921 9 0 0 0 17
1.2696797 0.35087392 1.6835713 9 0 0 0 17
0.84716374 0.69332486 1.7079864 9 0 0 0 17
0.75792795 0.39895853 1.7795967 9 0 0 0 17
0.66239268 0.16897614 1.8154737 9 0 0 0 17
1.3132722 0.29337603 1.6555133 9 0 0 0 17
1.0632021 1.1085501 1.6429813 9 0 0 0 17
1.3691653 0.28134179 1.642602 9 0 0 0 17
0.76853043 0.96080607 1.7230637 9 0 0 0 17
0.63121629 1.0476892 1.6714934 10 0 0 0 17
0.71418297 1.1363038 1.6576656 10 0 0 0 17
1.267341 0.86740273 1.584765 10 0 0 0 17
1.363379 0.6599372 1.5749289 10 0 0 0 17
0.6229378 0.76179624 1.7014401 10 0 0 0 17
1.3435889 0.63452876 1.5971426 10 0 0 0 17
0.425668 0.85504323 1.7367282 10 0 0 0 17
1.4045135 0.60684317 1.5938252 10 0 0 0 17
0.33060211 1.0922278 1.7308202 10 0 0 0 17
1.1154606 0.79156297 1.6222507 10 0 0 0 17
0.41901103 0.95458907 1.7295585 10 0 0 0 17
0.643619 0.27807394 1.7333205 10 0 0 0 17
0.44328508 0.48385215 1.778473 10 0 0 0 17
0.48212871 0.51287466 1.767015 10 0 0 0 17
0.68917984 0.7131409 1.6921228 10 0 0 0 17
0.72974569 0.80914754 1.6997684 10 0 0 0 17
1.2965958 0.74924791 1.5722356 10 0 0 0 17
1.1365603 0.66191614 1.6233901 10 0 0 0 17
0.58178294 0.23980203 1.7729607 10 0 0 0 17
1.3944443 0.60124266 1.5917935 10 0 0 0 17
1.3134876 0.36899742 1.6156942 10 0 0 0 17
1.1769569 1.0186769 1.5790491 10 0 0 0 17
0.89156711 1.0872546 1.6342725 10 0 0 0 17
0.97405654 0.83649278 1.6352912 10 0 0 0 17
0.98354167 0.83230722 1.6326118 10 0 0 0 17
0.83400112 0.46537301 1.70731 10 0 0 0 17
1.2479633 0.2904568 1.6413735 10 0 0 0 17
1.3626827 0.33041143 1.6053641 10 0 0 0 17
1.1618407 0.31549796 1.650624 10 0 0 0 17
1.184611 0.60938126 1.6076062 10 0 0 0 17
0.97643411 0.67504084 1.6433535 10 0 0 0 17
1.0992724 1.0492635 1.5893167 10 0 0 0 17
1.3133082 1.0524254 1.552074 10 0 0 0 17
0.55128092 0.68481469 1.7369007 10 0 0 0 17
0.86550862 1.0630997 1.6380453 10 0 0 0 17
0.71461016 0.76358956 1.6783788 10 0 0 0 17
1.0177972 0.51561815 1.6504107 10 0 0 0 17
0.60217142 0.575822 1.7315676 10 0 0 0 17
0.970658 0.25468239 1.6813881 10 0 0 0 17
0.84962523 0.7765578 1.6647304 10 0 0 0 17
0.84092551 0.64857888 1.7192199 11 0 0 0 17
0.87975401 0.30101573 1.7416068 11 0 0 0 17
0.57137716 0.67952287 1.7373966 11 0 0 0 17
1.1305093 1.1401658 1.6323382 11 0 0 0 17
1.3511964 0.46692863 1.6724879 11 0 0 0 17
0.60519874 0.25510055 1.7769806 11 0 0 0 17
0.39906842 0.64561826 1.7889552 11 0 0 0 17
0.56467944 1.1786599 1.7018955 11 0 0 0 17
0.91292191 0.78699899 1.6914811 11 0 0 0 17
1.013687 0.8359105 1.6910625 11 0 0 0 17
1.284757 0.32702312 1.6780342 11 0 0 0 17
0.76281428 0.61902779 1.7286561 11 0 0 0 17
0.82156378 1.0133457 1.6938442 11 0 0 0 17
0.62631464 0.57674384 1.7371287 11 0 0 0 17
0.69077569 1.1689796 1.7096593 11 0 0 0 17
1.0023029 1.1047214 1.6680193 11 0 0 0 17
0.47329026 0.82358807 1.7597522 11 0 0 0 17
1.3051143 0.60479021 1.6439905 11 0 0 0 17
0.57301414 0.75795263 1.7529411 11 0 0 0 17
0.9532699 0.6805976 1.7085749 11 0 0 0 17
1.1848602 0.4750123 1.6934505 11 0 0 0 17
0.85651517 1.0552707 1.6862411 11 0 0 0 17
0.89602625 0.59317607 1.7015612 11 0 0 0 17
0.98385292 0.63392174 1.6973082 11 0 0 0 17
1.1616114 1.226415 1.622177 11 0 0 0 17
1.1829059 0.35874543 1.6946361 11 0 0 0 17
0.79501265 0.26630834 1.7593048 11 0 0 0 17
0.58816713 0.67161793 1.754187 11 0 0 0 17
0.9943527 1.2290279 1.6354994 11 0 0 0 17
1.3083059 1.0051659 1.6143556 11 0 0 0 17
0.53558755 0.66779977 1.7719048 11 0 0 0 17
0.7397216 0.66599882 1.7361873 11 0 0 0 17
0.86985147 0.6065864 1.7144034 11 0 0 0 17
0.59023046 0.94564539 1.7219491 11 0 0 0 17
0.99918538 1.1979278 1.6567864 11 0 0 0 17
1.0104778 0.64067125 1.7068282 11 0 0 0 17
1.1302328 1.2221301 1.6344101 11 0 0 0 17
1.2586132 0.60157841 1.6641474 11 0 0 0 17
1.2467238 0.42875117 1.6902387 11 0 0 0 17
0.76283604 0.93071282 1.7021418 11 0 0 0 17
0.78915352 0.87991709 1.5829377 12 0 0 0 17
1.4185584 0.55245769 1.4631417 12 0 0 0 17
1.3130848 0.81912851 1.477439 12 0 0 0 17
1.2534763 0.42450592 1.5176891 12 0 0 0 17
0.68732798 0.69691318 1.6255988 12 0 0 0 17
0.8409766 0.72673833 1.5944759 12 0 0 0 17
1.4312667 0.55637884 1.4737071 12 0 0 0 17
0.60185564 0.51003963 1.671283 12 0 0 0 17
0.77815235 0.5908218 1.6194307 12 0 0 0 17
0.84250265 0.77835327 1.5805624 12 0 0 0 17
1.264871 0.89800954 1.4755944 12 0 0 0 17
0.47327468 0.95950741 1.6609086 12 0 0 0 17
0.96449661 0.81801999 1.5657982 12 0 0 0 17
1.0969477 0.71504194 1.552494 12 0 0 0 17
1.2668535 0.80290759 1.5010649 12 0 0 0 17
1.0667949 0.55851263 1.5637282 12 0 0 0 17
0.85205406 0.40229413 1.6116118 12 0 0 0 17
0.5063538 0.92343557 1.6523876 12 0 0 0 17
0.86045271 0.53278631 1.6058216 12 0 0 0 17
0.83385146 0.2525332 1.6319375 12 0 0 0 17
1.2778951 0.87464416 1.4966943 12 0 0 0 17
1.1259844 0.61476916 1.5345235 12 0 0 0 17
0.70814121 0.3745665 1.6612322 12 0 0 0 17
0.73229373 0.22606304 1.6814326 12 0 0 0 17
0.85384649 0.96454525 1.5662229 12 0 0 0 17
1.3619211 1.1528758 1.4307588 12 0 0 0 17
0.64606255 0.94329506 1.6015346 12 0 0 0 17
1.3216319 1.126732 1.4701567 12 0 0 0 17
0.58591872 0.9904415 1.6337402 12 0 0 0 17
1.3653681 0.38410455 1.4989552 12 0 0 0 17
1.0255125 1.0884107 1.5123974 12 0 0 0 17
1.1440188 1.0651889 1.4922812 12 0 0 0 17
1.255567 1.1745588 1.446746 12 0 0 0 17
0.79361075 0.99808788 1.5862997 12 0 0 0 17
1.4109844 0.9156009 1.4586973 12 0 0 0 17
0.51711142 0.59620184 1.6844103 12 0 0 0 17
1.2489178 0.9479121 1.4755551 12 0 0 0 17
0.8562994 0.32561308 1.6207135 12 0 0 0 17
0.87233961 0.19205508 1.6549226 12 0 0 0 17
0.79045707 0.4547635 1.6401403 12 0 0 0 17
0.72474331 0.60729933 1.6235216 13 0 0 0 17
0.76810002 0.94749886 1.575362 13 0 0 0 17
0.96848702 0.30101445 1.5970201 13 0 0 0 17
1.0049196 0.22260311 1.6025968 13 0 0 0 17
1.0343256 0.85938424 1.5250946 13 0 0 0 17
1.0066901 0.54483432 1.5718584 13 0 0 0 17
1.0938749 0.98071408 1.5031986 13 0 0 0 17
1.1812286 1.0916171 1.470541 13 0 0 0 17
0.99464589 0.22127487 1.6004804 13 0 0 0 17
1.2120734 1.0135859 1.4594004 13 0 0 0 17
1.1523832 0.95806408 1.4923896 13 0 0 0 17
1.3912966 0.30532619 1.4866371 13 0 0 0 17
1.4029422 0.71429175 1.456414 13 0 0 0 17
0.72143435 0.72872657 1.6246653 13 0 0 0 17
0.87075645 0.28972673 1.6208439 13 0 0 0 17
1.4489828 0.31462148 1.4582006 13 0 0 0 17
0.87435925 1.0248066 1.5453355 13 0 0 0 17
0.55904484 0.77557474 1.6372967 13 0 0 0 17
0.6184473 0.81754625 1.6357294 13 0 0 0 17
0.8232401 1.0791652 1.5431685 13 0 0 0 17
1.4313005 1.2645375 1.3941035 13 0 0 0 17
1.3890483 0.82642972 1.4461085 13 0 0 0 17
1.4022725 0.31183138 1.4889716 13 0 0 0 17
0.71946591 1.1008793 1.5763803 13 0 0 0 17
0.62662655 0.94231606 1.6283524 13 0 0 0 17
1.0712074 0.93690181 1.4899619 13 0 0 0 17
1.4624132 0.61235434 1.4456384 13 0 0 0 17
1.1617359 0.52867031 1.5281659 13 0 0 0 17
1.2955955 0.42056698 1.5073234 13 0 0 0 17
0.68441629 1.0322491 1.597392 13 0 0 0 17
1.623521 0.39951575 1.4126303 13 0 0 0 17
1.48861 0.62726307 1.4378309 13 0 0 0 17
1.3908155 0.75834894 1.4628859 13 0 0 0 17
1.5032117 0.98557967 1.4031829 13 0 0 0 17
0.91514552 1.0380926 1.5492957 13 0 0 0 17
0.77031183 0.12555251 1.6754127 13 0 0 0 17
0.81169558 0.58184236 1.6018423 13 0 0 0 17
1.2406663 0.86592412 1.482608 13 0 0 0 17
0.93067467 1.0537379 1.5224373 13 0 0 0 17
0.91405094 0.65726179 1.5685863 13 0 0 0 17
0.63898444 0.46889609 1.6019648 14 0 0 0 17
0.43080541 1.0686097 1.6092503 14 0 0 0 17
0.6888231 0.65967518 1.6014934 14 0 0 0 17
0.63525635 1.1169033 1.5440304 14 0 0 0 17
1.1850797 1.0785927 1.4631774 14 0 0 0 17
1.4281358 0.78869271 1.423751 14 0 0 0 17
1.1171976 1.2792084 1.435203 14 0 0 0 17
1.2956225 0.8725639 1.4479656 14 0 0 0 17
1.4091729 0.97342098 1.4066061 14 0 0 0 17
1.1817125 0.96248496 1.474833 14 0 0 0 17
0.61690104 0.21414006 1.6588459 14 0 0 0 17
1.3032479 0.89148015 1.4484932 14 0 0 0 17
1.074098 1.1804229 1.4548039 14 0 0 0 17
0.89397424 0.65012455 1.5631101 14 0 0 0 17
0.50167155 1.0689629 1.5990494 14 0 0 0 17
0.57798398 0.72803336 1.6070899 14 0 0 0 17
1.0125797 0.33526972 1.5393436 14 0 0 0 17
1.0116388 1.2590204 1.4631709 14 0 0 0 17
0.54684031 0.53200233 1.6423407 14 0 0 0 17
0.52144802 1.0188661 1.5924598 14 0 0 0 17
1.4420131 0.71766549 1.4340429 14 0 0 0 17
1.2120044 0.68024749 1.4946873 14 0 0 0 17
1.1107113 1.2415624 1.455024 14 0 0 0 17
1.2937948 0.73578393 1.4828349 14 0 0 0 17
1.3535519 0.93783867 1.4538022 14 0 0 0 17
0.95578837 0.79274529 1.5376207 14 0 0 0 17
1.3823538 0.85316408 1.4291362 14 0 0 0 17
1.1901419 0.43449235 1.5158924 14 0 0 0 17
0.94757318 0.34625459 1.6006382 14 0 0 0 17
1.0209389 0.80209392 1.5301641 14 0 0 0 17
0.92756504 0.90946305 1.5308895 14 0 0 0 17
1.3414717 0.4656738 1.4917237 14 0 0 0 17
0.56480217 0.37652075 1.6515597 14 0 0 0 17
0.88538444 0.27692333 1.5918406 14 0 0 0 17
1.1410908 1.215151 1.4467371 14 0 0 0 17
1.040971 0.45550752 1.5479375 14 0 0 0 17
0.45504519 1.1289593 1.5918475 14 0 0 0 17
1.006292 1.0301036 1.4831561 14 0 0 0 17
1.4314274 0.54520208 1.4459907 14 0 0 0 17
0.64839357 0.49867225 1.6100416 14 0 0 0 17
0.45205581 0.69706023 1.6670942 15 0 0 0 17
0.77677053 0.60405111 1.6087149 15 0 0 0 17
0.97120762 0.28987572 1.5884951 15 0 0 0 17
1.0311559 0.23924035 1.5877017 15 0 0 0 17
0.88725001 0.83508855 1.5710782 15 0 0 0 17
0.56238866 1.0684124 1.6048553 15 0 0 0 17
0.92050421 0.97196895 1.55742 15 0 0 0 17
1.1470536 0.55349016 1.5336515 15 0 0 0 17
0.98487532 0.57766187 1.5866135 15 0 0 0 17
0.80071974 0.89370066 1.5831157 15 0 0 0 17
0.88517088 0.23182055 1.6026105 15 0 0 0 17
1.1717173 1.2580453 1.4745239 15 0 0 0 17
0.58510953 0.1772497 1.6663327 15 0 0 0 17
1.3737862 0.55682117 1.4918063 15 0 0 0 17
1.1948222 0.91406924 1.4930226 15 0 0 0 17
0.90774924 1.0627543 1.5473053 15 0 0 0 17
0.93112218 0.51979965 1.5910133 15 0 0 0 17
0.53667879 0.86385506 1.625106 15 0 0 0 17
0.42878285 1.018783 1.6127484 15 0 0 0 17
1.0032172 0.24492483 1.5932082 15 0 0 0 17
1.0484961 0.84828222 1.541 15 0 0 0 17
0.55722374 0.60851181 1.6565613 15 0 0 0 17
1.1695831 1.1876006 1.4874265 15 0 0 0 17
0.43917373 1.079106 1.6339499 15 0 0 0 17
0.94989663 1.1299753 1.5277209 15 0 0 0 17
0.99112022 0.43196854 1.5906807 15 0 0 0 17
0.60582519 0.54786086 1.6640209 15 0 0 0 17
0.62231815 0.71169794 1.6284331 15 0 0 0 17
1.0346323 0.92407358 1.5219034 15 0 0 0 17
1.132539 0.96578085 1.4880229 15 0 0 0 17
0.99165618 0.93062735 1.5257565 15 0 0 0 17
0.52938825 0.4857783 1.6662508 15 0 0 0 17
1.1368551 1.2419873 1.4876026 15 0 0 0 17
0.8115865 0.93282354 1.5613133 15 0 0 0 17
0.41177183 1.0766667 1.6161178 15 0 0 0 17
1.1408662 0.28937423 1.557273 15 0 0 0 17
1.0847856 0.86559492 1.5277971 15 0 0 0 17
0.79873288 0.37545726 1.6183991 15 0 0 0 17
0.52931333 0.4227294 1.6660526 15 0 0 0 17
0.61736786 0.27006 1.6797397 15 0 0 0 17
1.2772894 1.1232792 1.5131632 16 0 0 0 17
0.96727192 0.62303877 1.647079 16 0 0 0 17
0.75619221 0.68585372 1.6597697 16 0 0 0 17
1.4723421 0.63428819 1.5243596 16 0 0 0 17
1.416077 0.97152305 1.5130627 16 0 0 0 17
1.405908 0.97413397 1.4854027 16 0 0 0 17
1.5227505 0.73124403 1.494464 16 0 0 0 17
1.1682363 1.148662 1.5057788 16 0 0 0 17
0.61975741 1.3059818 1.5998 16 0 0 0 17
1.2805009 1.2436528 1.476247 16 0 0 0 17
0.53467172 0.87825638 1.6866062 16 0 0 0 17
1.2840692 1.4250878 1.4647408 16 0 0 0 17
0.67363119 0.54576284 1.7079595 16 0 0 0 17
0.75207371 0.45922312 1.6681775 16 0 0 0 17
0.98471963 1.0840385 1.5539385 16 0 0 0 17
1.4225523 0.96722847 1.4997008 16 0 0 0 17
1.5054713 0.82641357 1.4963185 16 0 0 0 17
1.2532082 0.90866649 1.5365572 16 0 0 0 17
1.2211226 0.4583756 1.5880471 16 0 0 0 17
0.85767901 0.98045492 1.5890249 16 0 0 0 17
0.58427632 1.1685265 1.6251814 16 0 0 0 17
0.77621746 1.1960112 1.6001809 16 0 0 0 17
0.61159319 1.1603369 1.6155149 16 0 0 0 17
1.0546724 0.61541808 1.6145027 16 0 0 0 17
0.89681023 0.35953808 1.6783344 16 0 0 0 17
0.83303982 0.79831231 1.6239324 16 0 0 0 17
0.73752934 0.45920131 1.7026293 16 0 0 0 17
0.60444981 0.74656963 1.698831 16 0 0 0 17
1.4488497 1.0368218 1.4781052 16 0 0 0 17
1.2808717 0.70877755 1.5568943 16 0 0 0 17
1.1528467 0.55607623 1.5937116 16 0 0 0 17
0.71511573 1.0166265 1.6427257 16 0 0 0 17
1.453136 0.50161612 1.5442023 16 0 0 0 17
0.84276289 0.98437798 1.6107513 16 0 0 0 17
0.99580169 0.73897517 1.6137862 16 0 0 0 17
1.0500525 0.905114 1.5772856 16 0 0 0 17
0.72009933 1.229671 1.5937357 16 0 0 0 17
0.92115265 0.38446894 1.6684395 16 0 0 0 17
1.3473214 0.49175626 1.5584992 16 0 0 0 17
0.60670888 0.6948114 1.6923771 16 0 0 0 17
0.56577039 0.48418927 1.6964529 17 0 0 0 17
0.44212422 1.0302266 1.6314718 17 0 0 0 17
0.87071246 0.89603603 1.5520391 17 0 0 0 17
1.0004412 1.0521572 1.525376 17 0 0 0 17
0.81009609 0.80321419 1.6125034 17 0 0 0 17
1.1134945 0.81335002 1.5252215 17 0 0 0 17
1.3081475 0.72141027 1.5099679 17 0 0 0 17
1.2234305 0.71562797 1.5537717 17 0 0 0 17
0.79299688 1.1522597 1.5484277 17 0 0 0 17
1.0373074 0.49070179 1.5805367 17 0 0 0 17
0.66554928 0.94231617 1.6097866 17 0 0 0 17
1.0246012 0.4432354 1.5967195 17 0 0 0 17
1.383804 0.9953258 1.4620025 17 0 0 0 17
1.3373411 0.93025863 1.4548132 17 0 0 0 17
0.92945647 1.0236493 1.5402973 17 0 0 0 17
0.64652503 0.69755638 1.6572312 17 0 0 0 17
1.0376067 0.8155821 1.5562065 17 0 0 0 17
0.54388589 0.72843224 1.6528126 17 0 0 0 17
0.62338579 0.51806509 1.6719974 17 0 0 0 17
0.68135107 1.1103897 1.5679044 17 0 0 0 17
0.64395916 0.3459985 1.6874237 17 0 0 0 17
0.79445386 0.4883776 1.6410762 17 0 0 0 17
0.44231007 0.92618954 1.6525145 17 0 0 0 17
0.82506633 1.0375834 1.5641977 17 0 0 0 17
0.61869401 0.37064156 1.7031084 17 0 0 0 17
0.47640333 0.7604931 1.670408 17 0 0 0 17
0.90792143 0.48104826 1.6277324 17 0 0 0 17
0.97747141 0.46124691 1.6111133 17 0 0 0 17
0.60016787 0.42518845 1.7037126 17 0 0 0 17
1.251174 0.80378813 1.518039 17 0 0 0 17
1.444955 0.61576319 1.5032541 17 0 0 0 17
1.2317886 0.46702287 1.5613425 17 0 0 0 17
1.4097481 0.71585578 1.4873427 17 0 0 0 17
1.1420012 0.66105896 1.5484366 17 0 0 0 17
1.0209534 0.84148407 1.5488794 17 0 0 0 17
1.0381742 0.29774117 1.6240355 17 0 0 0 17
1.0010173 0.41863644 1.6185539 17 0 0 0 17
0.95502317 1.0560857 1.534236 17 0 0 0 17
0.74599332 0.93929422 1.5970902 17 0 0 0 17
1.2378086 1.1359388 1.4684083 17 0 0 0 17
0.8019734 0.4017342 1.6917 18 0 0 0 17
1.2718395 1.0766031 1.5427583 18 0 0 0 17
0.83864945 0.5612874 1.6549184 18 0 0 0 17
1.2560687 1.1106226 1.5427655 18 0 0 0 17
0.81310183 0.41355434 1.7089927 18 0 0 0 17
0.45409769 0.47559577 1.7585007 18 0 0 0 17
0.92947692 0.88613516 1.6333835 18 0 0 0 17
0.70398921 1.0157254 1.6225445 18 0 0 0 17
0.65799105 1.1143543 1.639752 18 0 0 0 17
0.70419419 1.044787 1.6452125 18 0 0 0 17
0.4819687 1.1055197 1.6822698 18 0 0 0 17
0.66596192 1.0938798 1.6320354 18 0 0 0 17
0.74083751 0.43994009 1.689544 18 0 0 0 17
0.62184662 1.0542406 1.6658102 18 0 0 0 17
0.36434844 0.68967277 1.7383989 18 0 0 0 17
1.1474631 1.2791919 1.530939 18 0 0 0 17
1.3345999 0.61351126 1.5937479 18 0 0 0 17
0.60976148 0.88452768 1.6644117 18 0 0 0 17
0.52846807 0.83755976 1.684774 18 0 0 0 17
1.0363286 0.65205681 1.625084 18 0 0 0 17
1.0952364 0.68516439 1.6219348 18 0 0 0 17
0.61554569 0.30335158 1.7374589 18 0 0 0 17
1.2339358 1.1222349 1.547182 18 0 0 0 17
1.2851987 0.3720181 1.5933902 18 0 0 0 17
0.6072647 0.64703119 1.6936938 18 0 0 0 17
0.75239784 0.28951845 1.6935848 18 0 0 0 17
0.81023568 1.0677321 1.6124724 18 0 0 0 17
0.90848166 0.52758533 1.6677086 18 0 0 0 17
0.45982215 0.69928598 1.697121 18 0 0 0 17
0.85051459 0.55367035 1.66456 18 0 0 0 17
0.44510216 1.1171596 1.6683639 18 0 0 0 17
0.51524049 0.52705705 1.7204043 18 0 0 0 17
0.45184261 0.92746633 1.6810988 18 0 0 0 17
0.49450827 0.5568679 1.7254071 18 0 0 0 17
1.106916 1.2045186 1.5414213 18 0 0 0 17
0.79645109 0.38359398 1.6919742 18 0 0 0 17
0.83200479 0.81147724 1.625085 18 0 0 0 17
0.61904413 0.93169224 1.6697487 18 0 0 0 17
0.69569856 0.47422072 1.7125386 18 0 0 0 17
0.83402324 1.1808285 1.607879 18 0 0 0 17
1.4312321 0.33454129 1.5155202 19 0 0 0 17
1.0108641 0.84545422 1.5640368 19 0 0 0 17
1.3656282 0.62947387 1.5045633 19 0 0 0 17
0.45127171 0.96267015 1.6471503 19 0 0 0 17
0.49397251 0.15584326 1.7065556 19 0 0 0 17
0.4316628 0.76746494 1.6618284 19 0 0 0 17
0.82260877 0.88106978 1.5899338 19 0 0 0 17
1.2144372 0.55354816 1.5372833 19 0 0 0 17
0.7157355 1.0853946 1.5634083 19 0 0 0 17
0.94983792 0.87324387 1.5588783 19 0 0 0 17
0.8713268 1.0071688 1.5721242 19 0 0 0 17
1.2656435 0.35734341 1.5555816 19 0 0 0 17
0.76950371 0.64220065 1.6128124 19 0 0 0 17
0.76670998 0.92317873 1.5800455 19 0 0 0 17
1.1656901 0.93114716 1.5012476 19 0 0 0 17
0.82832074 0.36143541 1.6164712 19 0 0 0 17
0.65389311 0.60804003 1.6364644 19 0 0 0 17
1.2638292 1.0234071 1.4947916 19 0 0 0 17
0.91072035 0.54648709 1.5990113 19 0 0 0 17
1.2194552 1.0172552 1.5031445 19 0 0 0 17
0.37104461 0.71482861 1.6631511 19 0 0 0 17
1.1802549 1.1587102 1.4825788 19 0 0 0 17
1.0605286 0.73294657 1.5393426 19 0 0 0 17
1.0694736 0.36826244 1.576009 19 0 0 0 17
1.3200101 0.47610727 1.5221856 19 0 0 0 17
0.96829706 0.57568651 1.56924 19 0 0 0 17
0.55440748 0.56834555 1.6510105 19 0 0 0 17
0.5639165 0.80380607 1.6348609 19 0 0 0 17
1.0299869 0.42446715 1.5866848 19 0 0 0 17
0.94034451 0.99013793 1.5490483 19 0 0 0 17
1.0327432 0.88647979 1.5376236 19 0 0 0 17
0.49017641 0.38607961 1.6965986 19 0 0 0 17
1.2508379 0.29541275 1.5534424 19 0 0 0 17
0.69945347 0.79612017 1.625468 19 0 0 0 17
1.087517 0.74105608 1.5346917 19 0 0 0 17
1.0322556 1.0956029 1.5117377 19 0 0 0 17
0.9155947 0.30628297 1.6268916 19 0 0 0 17
1.0970939 1.0013894 1.5152258 19 0 0 0 17
1.0152318 1.150226 1.5176499 19 0 0 0 17
1.2927601 0.30402988 1.5510263 19 0 0 0 17
-0.99877185 0.69267541 0.21872513 0 0 0 0 18
-0.95166975 0.31958473 0.76166803 0 0 0 0 18
-1.1666541 0.67827588 1.0917394 0 0 0 0 18
-0.87021661 0.43802616 0.089956902 0 0 0 0 18
-1.2240804 1.1705213 0.34378588 0 0 0 0 18
-1.2431684 1.0677725 0.69879162 0 0 0 0 18
-1.0539834 0.39491278 1.0091655 0 0 0 0 18
-1.1125053 0.69280303 0.70702147 0 0 0 0 18
-0.92599857 0.094090447 0.92162251 0 0 0 0 18
-0.90082085 0.20721215 0.65678555 0 0 0 0 18
-0.884776 0.33821511 0.32532552 0 0 0 0 18
-0.96378392 0.28990784 0.87399137 0 0 0 0 18
-1.1464633 0.76493216 0.73699337 0 0 0 0 18
-1.0959505 0.56764001 0.8513391 0 0 0 0 18
-1.1233215 0.98802042 0.26974127 0 0 0 0 18
-1.0955089 0.58309329 0.85407758 0 0 0 0 18
-0.98993015 0.30957362 0.83667225 0 0 0 0 18
-1.0989811 0.66708517 0.63899922 0 0 0 0 18
-1.0898561 0.54811341 0.91549414 0 0 0 0 18
-0.99454963 0.71682972 0.16001518 0 0 0 0 18
-0.93749583 0.21250026 0.82640398 0 0 0 0 18
-1.0368804 0.41618621 0.91951728 0 0 0 0 18
-0.99957037 0.64730126 0.45300248 0 0 0 0 18
-1.0052644 0.59813708 0.39409956 0 0 0 0 18
-0.98061323 0.37347513 0.73193675 0 0 0 0 18
-0.96659911 0.43059465 0.56392729 0 0 0 0 18
-1.2842079 0.85141462 1.0767728 0 0 0 0 18
-1.0233501 0.70627797 0.35788009 0 0 0 0 18
-0.88201958 0.46162862 0.13411571 0 0 0 0 18
-0.89846182 0.5700056 0.062380508 0 0 0 0 18
-1.2165676 0.69346631 1.1508534 0 0 0 0 18
-1.006587 0.35659298 0.84758872 0 0 0 0 18
-1.1146725 0.78224277 0.53036159 0 0 0 0 18
-1.2249985 1.1277299 0.4539704 0 0 0 0 18
-1.1171073 0.84823012 0.47394127 0 0 0 0 18
-1.1643443 1.0264852 0.37261364 0 0 0 0 18
-0.96815807 0.61405957 0.21292093 0 0 0 0 18
-0.88175797 0.10779662 0.81011063 0 0 0 0 18
-1.1107931 0.7230823 0.67008203 0 0 0 0 18
-1.1244539 0.82890588 0.50247169 0 0 0 0 18
-1.1683928 0.76197863 1.1494782 1 0 0 0 18
-1.2201315 1.2397112 0.57435799 1 0 0 0 18
-1.0653092 0.71775901 0.76734763 1 0 0 0 18
-0.93925703 0.50717103 0.55323821 1 0 0 0 18
-1.0161824 0.6917581 0.67203921 1 0 0 0 18
-0.91822588 0.56458747 0.48976132 1 0 0 0 18
-1.0542227 0.65321016 0.90318537 1 0 0 0 18
-0.98055476 0.31136569 1.0877583 1 0 0 0 18
-0.97230798 0.2989752 1.0893012 1 0 0 0 18
-1.1171244 0.71501613 0.97733873 1 0 0 0 18
-0.89534014 0.52139533 0.46543324 1 0 0 0 18
-1.2352655 1.1093599 0.80511075 1 0 0 0 18
-0.93283528 0.24687736 1.0157884 1 0 0 0 18
-1.0014013 0.76397812 0.48924956 1 0 0 0 18
-1.0105115 0.69646531 0.60236329 1 0 0 0 18
-0.91640818 0.31474343 0.74593502 1 0 0 0 18
-0.83106315 0.49125984 0.21712717 1 0 0 0 18
-1.0432605 0.65822393 0.86815 1 0 0 0 18
-0.90167624 0.26598182 0.76341128 1 0 0 0 18
-1.217105 0.9035942 1.1705374 1 0 0 0 18
-0.96657413 0.56391591 0.6238724 1 0 0 0 18
-1.1554861 1.174268 0.52019429 1 0 0 0 18
-0.9928714 0.64718902 0.55823576 1 0 0 0 18
-1.094189 0.74868906 0.89399374 1 0 0 0 18
-1.0957323 0.77812946 0.77549124 1 0 0 0 18
-0.976587 0.67417514 0.48861349 1 0 0 0 18
-1.0554572 0.83459771 0.58284163 1 0 0 0 18
-1.0282935 0.46182531 1.1282059 1 0 0 0 18
-1.2096959 0.9503454 1.0226359 1 0 0 0 18
-1.219698 1.0962943 0.85904592 1 0 0 0 18
-1.110288 0.5298779 1.2189162 1 0 0 0 18
-1.2013711 0.85148102 1.2157151 1 0 0 0 18
-1.1559107 0.98389113 0.75963372 1 0 0 0 18
-1.1462351 0.65927637 1.2767683 1 0 0 0 18
-1.2462596 1.0966768 0.93626809 1 0 0 0 18
-1.0758197 0.60361779 0.94575095 1 0 0 0 18
-1.1898702 0.97820318 0.90438467 1 0 0 0 18
-0.9422676 0.37423325 0.76821417 1 0 0 0 18
-0.88692087 0.5112887 0.38950527 1 0 0 0 18
-0.9145242 0.19682474 1.061359 1 0 0 0 18
-1.1152887 0.65537393 1.0189422 2 0 0 0 18
-1.2546308 1.1266309 0.79378659 2 0 0 0 18
-1.1406233 0.84908587 0.82361001 2 0 0 0 18
-1.181097 0.9084689 0.95015752 2 0 0 0 18
-1.1969064 0.87382239 1.0622394 2 0 0 0 18
-0.97084343 0.74395078 0.25296709 2 0 0 0 18
-1.0088567 0.37408203 1.1085235 2 0 0 0 18
-0.90151691 0.28922886 0.84377396 2 0 0 0 18
-1.1215667 0.838799 0.68495059 2 0 0 0 18
-1.0824392 0.52119535 1.1032711 2 0 0 0 18
-0.88508046 0.33561659 0.71385694 2 0 0 0 18
-0.90659684 0.47131243 0.42865181 2 0 0 0 18
-1.172369 0.75855064 1.0683552 2 0 0 0 18
-1.1136218 0.63732529 1.0818869 2 0 0 0 18
-1.0428383 0.86035335 0.34737977 2 0 0 0 18
-1.1472957 1.027558 0.57663351 2 0 0 0 18
-0.97019202 0.32039103 1.0506727 2 0 0 0 18
-0.90632719 0.56461298 0.34150451 2 0 0 0 18
-1.2418622 1.2394918 0.56638539 2 0 0 0 18
-1.1622024 1.096417 0.51825702 2 0 0 0 18
-1.0109738 0.59031236 0.6649586 2 0 0 0 18
-0.86573273 0.49717963 0.31520176 2 0 0 0 18
-1.0265112 0.86350131 0.36631158 2 0 0 0 18
-0.93123835 0.41229394 0.73944849 2 0 0 0 18
-1.2534106 0.93568599 1.1207082 2 0 0 0 18
-0.84958369 0.18672583 0.78566635 2 0 0 0 18
-1.018896 0.69314301 0.55246127 2 0 0 0 18
-1.2569329 1.0544749 0.94192469 2 0 0 0 18
-0.94772506 0.4100033 0.72214967 2 0 0 0 18
-1.1470399 0.99508184 0.64958793 2 0 0 0 18
-0.9176386 0.24323033 0.98015708 2 0 0 0 18
-1.2373234 1.1729932 0.62628728 2 0 0 0 18
-1.0258087 0.51487499 0.93428534 2 0 0 0 18
-1.1897824 0.75265414 1.1640532 2 0 0 0 18
-1.2003129 0.75442326 1.2387754 2 0 0 0 18
-1.0091045 0.70202029 0.4597047 2 0 0 0 18
-0.86686385 0.4097822 0.44071198 2 0 0 0 18
-1.0700327 0.64008099 0.84717619 2 0 0 0 18
-1.0687873 0.73036796 0.71690285 2 0 0 0 18
-1.182055 0.97311419 0.66653651 2 0 0 0 18
-1.1335595 0.86125219 0.57822752 3 0 0 0 18
-1.2221458 0.78577894 1.2764432 3 0 0 0 18
-1.0714253 0.8617425 0.39597267 3 0 0 0 18
-1.2785331 1.3014841 0.49265426 3 0 0 0 18
-1.2455273 0.90007317 1.2040468 3 0 0 0 18
-1.1732516 0.7688719 1.0681815 3 0 0 0 18
-1.2159199 0.81322396 1.2274364 3 0 0 0 18
-1.0959514 0.79919297 0.63940871 3 0 0 0 18
-1.061003 0.72770059 0.55396688 3 0 0 0 18
-1.1919324 0.90665317 0.85911924 3 0 0 0 18
-1.2290063 0.9337579 1.0422685 3 0 0 0 18
-0.95909971 0.43610644 0.49776226 3 0 0 0 18
-1.27812 0.94009817 1.1807405 3 0 0 0 18
-0.94438535 0.19754706 1.0270288 3 0 0 0 18
-1.0396354 0.41823295 1.0395536 3 0 0 0 18
-1.1578418 0.65408081 1.2140253 3 0 0 0 18
-1.0037076 0.59710991 0.4790827 3 0 0 0 18
-0.9644531 0.32477838 0.81671184 3 0 0 0 18
-0.97410673 0.27179727 1.0412725 3 0 0 0 18
-1.0750438 0.72397476 0.59783947 3 0 0 0 18
-1.1752506 1.0515587 0.4515712 3 0 0 0 18
-1.178622 0.92351729 0.85218471 3 0 0 0 18
-0.99975044 0.53148568 0.56645417 3 0 0 0 18
-1.0169123 0.39819682 0.92525202 3 0 0 0 18
-1.1382871 0.93024939 0.53695923 3 0 0 0 18
-0.95396888 0.34056926 0.82619989 3 0 0 0 18
-1.0687288 0.54117513 0.96202677 3 0 0 0 18
-0.93012542 0.20695743 0.8347857 3 0 0 0 18
-1.1127776 0.96639901 0.40846288 3 0 0 0 18
-1.1114472 0.89292449 0.46136963 3 0 0 0 18
-1.25302 1.0714791 0.86743003 3 0 0 0 18
-1.0967345 0.76109284 0.60044032 3 0 0 0 18
-1.1142299 0.58750683 1.1412767 3 0 0 0 18
-1.1280659 0.71748906 0.98842913 3 0 0 0 18
-1.1678034 0.64066565 1.1834667 3 0 0 0 18
-1.058557 0.49893194 0.89676976 3 0 0 0 18
-1.1700108 0.86955273 0.7858175 3 0 0 0 18
-1.2527968 0.9438616 1.1728964 3 0 0 0 18
-1.1499075 0.63597965 1.169377 3 0 0 0 18
-1.2338477 0.94006777 0.99570984 3 0 0 0 18
-0.89258182 0.32024181 0.39543554 4 0 0 0 18
-1.059358 0.89083236 0.18812262 4 0 0 0 18
-0.93417662 0.53752136 0.31458282 4 0 0 0 18
-1.1829269 1.0885299 0.55266887 4 0 0 0 18
-1.1626958 0.98425817 0.66055697 4 0 0 0 18
-1.0171686 0.56475323 0.5876745 4 0 0 0 18
-0.91083962 0.23925091 0.62717885 4 0 0 0 18
-1.0114108 0.44092992 0.76742822 4 0 0 0 18
-0.96720606 0.31792811 0.8202672 4 0 0 0 18
-0.89791185 0.4978641 0.26406837 4 0 0 0 18
-1.0262727 0.71910524 0.3697764 4 0 0 0 18
-1.1696805 0.80176455 0.8656882 4 0 0 0 18
-0.86173242 0.23089051 0.43475351 4 0 0 0 18
-1.0995218 0.95880234 0.27502787 4 0 0 0 18
-0.88907391 0.51467711 0.15771224 4 0 0 0 18
-1.0113443 0.51021999 0.70618314 4 0 0 0 18
-1.168046 0.7592122 1.0201111 4 0 0 0 18
-0.90858364 0.31969827 0.54920918 4 0 0 0 18
-1.1606293 0.91587174 0.69072402 4 0 0 0 18
-1.0060734 0.5077737 0.74267995 4 0 0 0 18
-0.9988296 0.58578706 0.45066723 4 0 0 0 18
-1.0202272 0.69936842 0.44094664 4 0 0 0 18
-0.99785495 0.31655225 0.93155527 4 0 0 0 18
-0.84059411 0.19648466 0.45419469 4 0 0 0 18
-1.1200287 0.69866627 0.77603185 4 0 0 0 18
-1.0676023 0.87909651 0.31723338 4 0 0 0 18
-0.89528048 0.40364924 0.23836105 4 0 0 0 18
-0.8512373 0.20494634 0.5590564 4 0 0 0 18
-1.0145063 0.59883624 0.56402498 4 0 0 0 18
-0.97756088 0.36550847 0.68871558 4 0 0 0 18
-0.88104963 0.19653594 0.5965395 4 0 0 0 18
-1.203424 1.1608546 0.47270048 4 0 0 0 18
-1.0339519 0.7495935 0.31086475 4 0 0 0 18
-1.1377679 0.7550925 0.9179945 4 0 0 0 18
-0.90524381 0.39602259 0.38715851 4 0 0 0 18
-0.94867474 0.32319239 0.78300071 4 0 0 0 18
-0.91870123 0.33078244 0.48129705 4 0 0 0 18
-0.98403031 0.33061919 0.82371163 4 0 0 0 18
-0.88234645 0.097046718 0.81366599 4 0 0 0 18
-0.98950374 0.56232578 0.47755104 4 0 0 0 18
-1.0784594 0.9677583 1.1672871 5 0 0 0 18
-0.99934834 1.2401626 0.4226892 5 0 0 0 18
-0.90054333 0.59183002 0.94432974 5 0 0 0 18
-0.89092791 0.63290966 0.81733525 5 0 0 0 18
-0.78630441 0.29695061 0.87932581 5 0 0 0 18
-0.74603409 0.20173039 0.77197087 5 0 0 0 18
-0.91569465 0.51196104 1.1101471 5 0 0 0 18
-0.82875985 0.87440926 0.28719541 5 0 0 0 18
-0.73696995 0.37224787 0.66097349 5 0 0 0 18
-1.0013318 0.97176898 0.79935145 5 0 0 0 18
-1.0127708 0.74861073 1.1515836 5 0 0 0 18
-0.77158028 0.33347458 0.77939409 5 0 0 0 18
-0.73968631 0.31133157 0.67085111 5 0 0 0 18
-0.87189162 0.44322646 1.0435681 5 0 0 0 18
-0.86832398 0.92267883 0.28044167 5 0 0 0 18
-0.8228187 0.67212611 0.49485391 5 0 0 0 18
-0.69753784 0.53236812 0.19991992 5 0 0 0 18
-1.0263137 0.81753314 1.127212 5 0 0 0 18
-0.77486587 0.45027915 0.54850191 5 0 0 0 18
-0.84508008 0.48236269 0.87739503 5 0 0 0 18
-1.07069 0.96745783 1.0041883 5 0 0 0 18
-0.68940771 0.53383839 0.12815486 5 0 0 0 18
-0.82332945 0.41630378 0.83419526 5 0 0 0 18
-1.0740343 0.86603057 1.1786292 5 0 0 0 18
-0.82632583 0.78446895 0.44208953 5 0 0 0 18
-1.0317516 1.1083665 0.7104215 5 0 0 0 18
-0.88599902 0.60172343 0.79036951 5 0 0 0 18
-0.71679586 0.56362307 0.13245012 5 0 0 0 18
-0.78027546 0.63141549 0.31404817 5 0 0 0 18
-0.90517026 0.83750147 0.66203243 5 0 0 0 18
-0.94154203 0.80197823 0.74616325 5 0 0 0 18
-0.80383617 0.27529141 0.89889044 5 0 0 0 18
-1.0207189 1.006925 0.80191243 5 0 0 0 18
-1.0516919 0.77939528 1.2323413 5 0 0 0 18
-0.91986287 0.86584383 0.56731057 5 0 0 0 18
-0.72078013 0.35425913 0.55308133 5 0 0 0 18
-0.93897599 0.7076875 0.83057362 5 0 0 0 18
-1.0792214 0.92165792 1.2913984 5 0 0 0 18
-1.0114387 0.88097626 0.91882157 5 0 0 0 18
-1.0247282 0.90544659 1.0540757 5 0 0 0 18
-0.92700332 0.29813358 0.8389042 6 0 0 0 18
-1.0156109 0.78197396 0.46150735 6 0 0 0 18
-0.99889022 0.49688762 0.93026322 6 0 0 0 18
-1.1184436 0.75642955 0.93934852 6 0 0 0 18
-0.98597544 0.49265096 0.79601055 6 0 0 0 18
-0.9039458 0.5255723 0.33189696 6 0 0 0 18
-0.87707627 0.2549786 0.76859993 6 0 0 0 18
-1.1566459 0.81614012 1.0957993 6 0 0 0 18
-0.88243538 0.20062247 0.86379725 6 0 0 0 18
-1.1243943 0.77004075 0.88240302 6 0 0 0 18
-0.83703411 0.54018396 0.034492664 6 0 0 0 18
-1.1665251 1.105163 0.62594676 6 0 0 0 18
-1.148783 1.0844289 0.55920351 6 0 0 0 18
-1.0857439 0.98053569 0.34583455 6 0 0 0 18
-1.081243 0.77714729 0.73431116 6 0 0 0 18
-1.0400368 0.89810342 0.32954562 6 0 0 0 18
-0.91447639 0.65070617 0.1933624 6 0 0 0 18
-0.94152975 0.56787127 0.47185016 6 0 0 0 18
-1.068207 0.80123931 0.57829475 6 0 0 0 18
-0.96820331 0.66550672 0.51818651 6 0 0 0 18
-0.9337315 0.6992557 0.1294179 6 0 0 0 18
-0.82960969 0.071992628 0.83743787 6 0 0 0 18
-0.8994109 0.53593409 0.29684967 6 0 0 0 18
-0.81763631 0.3994374 0.31248644 6 0 0 0 18
-1.11561 1.0933397 0.30096513 6 0 0 0 18
-1.0006229 0.52967751 0.74879974 6 0 0 0 18
-0.85892886 0.25902867 0.67428744 6 0 0 0 18
-0.9405387 0.58157325 0.46175072 6 0 0 0 18
-0.86812955 0.51218522 0.23786893 6 0 0 0 18
-1.0813831 0.59432203 1.0158553 6 0 0 0 18
-0.89889938 0.38276887 0.64231271 6 0 0 0 18
-0.86769688 0.28812188 0.70349872 6 0 0 0 18
-1.2178854 0.90350711 1.0936757 6 0 0 0 18
-0.92038804 0.57215953 0.35826916 6 0 0 0 18
-1.193818 0.86964387 1.1239142 6 0 0 0 18
-1.109 0.98759532 0.4988839 6 0 0 0 18
-0.93486279 0.73132396 0.16756578 6 0 0 0 18
-1.1337162 0.77052063 1.0172616 6 0 0 0 18
-0.82706273 0.26676536 0.44127145 6 0 0 0 18
-0.88999611 0.53719842 0.32719356 6 0 0 0 18
-1.1237037 0.59576845 1.1287768 7 0 0 0 18
-1.0317929 0.80873102 0.23813537 7 0 0 0 18
-0.8970269 0.46833786 0.3165102 7 0 0 0 18
-1.1839324 0.9863714 0.73771578 7 0 0 0 18
-1.1035846 0.97348022 0.30601344 7 0 0 0 18
-1.121716 0.85793781 0.58542395 7 0 0 0 18
-1.0576394 0.54039425 0.90729463 7 0 0 0 18
-1.0154517 0.38148552 0.9726221 7 0 0 0 18
-1.1811208 0.88420367 0.95462137 7 0 0 0 18
-0.9145267 0.34202766 0.54874247 7 0 0 0 18
-1.2310343 0.85709459 1.1661607 7 0 0 0 18
-1.1672648 0.92244023 0.77942169 7 0 0 0 18
-1.071009 0.73041046 0.68101656 7 0 0 0 18
-1.1516981 1.1271477 0.33065769 7 0 0 0 18
-1.1693002 0.89133519 0.86986464 7 0 0 0 18
-1.0742223 0.47473738 1.0207908 7 0 0 0 18
-0.88081586 0.15283115 0.68677419 7 0 0 0 18
-1.0403545 0.61075705 0.6817717 7 0 0 0 18
-0.87617242 0.21226589 0.61937135 7 0 0 0 18
-0.9179635 0.51171511 0.13385138 7 0 0 0 18
-1.0387456 0.76388502 0.36758247 7 0 0 0 18
-1.1536397 0.85290939 0.76690358 7 0 0 0 18
-1.0265231 0.58645332 0.65096951 7 0 0 0 18
-0.94276327 0.34902337 0.72444302 7 0 0 0 18
-0.99190378 0.26307532 0.97191542 7 0 0 0 18
-1.2324607 1.0073646 0.91087317 7 0 0 0 18
-0.97655469 0.50352836 0.53444946 7 0 0 0 18
-1.2162328 0.82828498 1.2551842 7 0 0 0 18
-0.90759033 0.55269879 0.099264719 7 0 0 0 18
-1.1040227 0.97093493 0.38300127 7 0 0 0 18
-1.1913712 1.0615213 0.72479898 7 0 0 0 18
-1.0019523 0.51553679 0.57849479 7 0 0 0 18
-0.86038536 0.26713073 0.43182412 7 0 0 0 18
-1.1635808 1.0269829 0.6224665 7 0 0 0 18
-1.189523 1.1709889 0.45254672 7 0 0 0 18
-1.1550962 0.76764113 1.0439937 7 0 0 0 18
-0.9773981 0.47082758 0.53238636 7 0 0 0 18
-1.1973633 1.0013423 0.83431065 7 0 0 0 18
-1.0966645 0.52652031 1.0914245 7 0 0 0 18
-0.94607365 0.2066983 0.93105322 7 0 0 0 18
-1.1440597 1.2749027 0.39950284 8 0 0 0 18
-1.1269763 1.0933831 0.59099954 8 0 0 0 18
-1.0191438 0.66736621 0.8359158 8 0 0 0 18
-0.82316333 0.35557294 0.4737733 8 0 0 0 18
-1.0140152 0.80381578 0.57547379 8 0 0 0 18
-0.932742 0.34765568 1.0443469 8 0 0 0 18
-1.0817314 0.80425829 0.93206137 8 0 0 0 18
-1.150521 0.94922745 1.0835704 8 0 0 0 18
-0.84295237 0.34903753 0.60584915 8 0 0 0 18
-1.030019 0.98039395 0.3101083 8 0 0 0 18
-0.9418087 0.71915543 0.35792592 8 0 0 0 18
-0.89843315 0.63974684 0.25172749 8 0 0 0 18
-0.8714264 0.56172049 0.32331166 8 0 0 0 18
-1.1591893 1.1144317 0.7627219 8 0 0 0 18
-1.087411 0.98914367 0.60562748 8 0 0 0 18
-1.1843649 1.2974567 0.56186968 8 0 0 0 18
-1.1770321 1.02791 1.0278717 8 0 0 0 18
-0.8288914 0.24962178 0.7274853 8 0 0 0 18
-1.1485071 1.1216407 0.71416181 8 0 0 0 18
-0.93610328 0.65537077 0.47722128 8 0 0 0 18
-1.1908265 1.1711651 0.80657029 8 0 0 0 18
-1.0025963 0.71172166 0.73635185 8 0 0 0 18
-0.81663573 0.38230968 0.35380509 8 0 0 0 18
-1.0816894 0.82013917 0.96581632 8 0 0 0 18
-1.1226977 1.1922799 0.45707548 8 0 0 0 18
-0.89477396 0.65235829 0.25771204 8 0 0 0 18
-1.117375 1.0026 0.67687094 8 0 0 0 18
-0.89475322 0.40450728 0.75509745 8 0 0 0 18
-0.86046785 0.51823264 0.36047572 8 0 0 0 18
-0.99779773 0.80284184 0.42588091 8 0 0 0 18
-1.1081507 0.81553435 1.0473344 8 0 0 0 18
-1.1847302 1.2221905 0.71618301 8 0 0 0 18
-1.0356412 0.84489423 0.6075837 8 0 0 0 18
-0.97613126 0.44557211 1.1055754 8 0 0 0 18
-0.89112616 0.34781694 0.82596749 8 0 0 0 18
-0.915003 0.6935693 0.36357859 8 0 0 0 18
-0.82782567 0.26253432 0.68195045 8 0 0 0 18
-1.1295619 1.2182275 0.38933423 8 0 0 0 18
-0.81409913 0.34439248 0.42911854 8 0 0 0 18
-1.1637954 1.1980381 0.66673082 8 0 0 0 18
-1.1553104 1.1539704 0.55274594 9 0 0 0 18
-0.98054963 0.75444359 0.52154911 9 0 0 0 18
-1.0468482 0.85843241 0.54989028 9 0 0 0 18
-1.0146912 0.64316934 0.71584433 9 0 0 0 18
-0.83624679 0.45351401 0.38414812 9 0 0 0 18
-0.84394282 0.10840419 0.89021933 9 0 0 0 18
-0.94621074 0.52596599 0.72929585 9 0 0 0 18
-1.0814486 0.77388036 1.0806758 9 0 0 0 18
-0.89677364 0.21550162 1.0278332 9 0 0 0 18
-1.0678804 0.80104911 0.79313958 9 0 0 0 18
-1.0171893 0.65953857 0.86707544 9 0 0 0 18
-1.0477937 0.88136029 0.51646584 9 0 0 0 18
-1.1425595 0.72767305 1.3823842 9 0 0 0 18
-0.88518196 0.34157437 0.71887589 9 0 0 0 18
-0.99520141 0.51029164 1.0351715 9 0 0 0 18
-1.0287098 0.69885135 0.86860842 9 0 0 0 18
-0.91529018 0.65688515 0.29713687 9 0 0 0 18
-0.91055059 0.4452168 0.74546319 9 0 0 0 18
-0.82173473 0.45176563 0.26722515 9 0 0 0 18
-1.0331612 0.77446502 0.66530734 9 0 0 0 18
-0.99460161 0.7654798 0.46157953 9 0 0 0 18
-0.95496815 0.5221867 0.76278222 9 0 0 0 18
-0.95632261 0.74610811 0.37581211 9 0 0 0 18
-0.82045484 0.34803918 0.47064582 9 0 0 0 18
-1.1236548 0.77060324 1.0860552 9 0 0 0 18
-1.0957714 1.0442902 0.54889411 9 0 0 0 18
-0.86435211 0.42941937 0.5381301 9 0 0 0 18
-1.0308022 0.8863706 0.4029685 9 0 0 0 18
-0.99361819 0.62689668 0.86653537 9 0 0 0 18
-0.96966398 0.48400995 0.91425538 9 0 0 0 18
-1.0114243 0.73555452 0.6457836 9 0 0 0 18
-1.0679835 0.72022069 1.0204929 9 0 0 0 18
-0.85822421 0.16467769 0.88613278 9 0 0 0 18
-1.0253351 0.49961597 1.1121712 9 0 0 0 18
-1.1498488 0.93431377 0.88467258 9 0 0 0 18
-0.83359838 0.47773424 0.20584886 9 0 0 0 18
-0.93504912 0.69994229 0.30640456 9 0 0 0 18
-0.84166008 0.23805247 0.75332499 9 0 0 0 18
-0.90367794 0.34651211 0.85338634 9 0 0 0 18
-0.97085768 0.58574831 0.68803734 9 0 0 0 18
-1.251446 1.2184345 0.57103771 10 0 0 0 18
-1.2181683 1.1473881 0.60157174 10 0 0 0 18
-1.1868452 0.95447266 0.67890847 10 0 0 0 18
-1.167865 0.77563488 0.87567115 10 0 0 0 18
-0.9968577 0.48949355 0.52028686 10 0 0 0 18
-1.2328013 1.1447203 0.59185749 10 0 0 0 18
-0.95687014 0.22400905 0.76929367 10 0 0 0 18
-1.2370218 0.9815653 0.88555455 10 0 0 0 18
-1.077638 0.72506624 0.63494384 10 0 0 0 18
-1.2839763 1.0931615 0.86311889 10 0 0 0 18
-0.92096591 0.29835463 0.5550307 10 0 0 0 18
-0.94964862 0.27545425 0.73434103 10 0 0 0 18
-1.0830543 0.73270601 0.48183927 10 0 0 0 18
-1.0830594 0.79262209 0.42783418 10 0 0 0 18
-1.2926383 1.0534084 1.0170293 10 0 0 0 18
-1.0479474 0.7461347 0.33738104 10 0 0 0 18
-1.0020409 0.5076347 0.59698611 10 0 0 0 18
-1.2706215 0.8850798 1.1427995 10 0 0 0 18
-0.94771308 0.5458113 0.30225492 10 0 0 0 18
-0.96375144 0.52479988 0.32392263 10 0 0 0 18
-1.1727778 1.0854338 0.4805007 10 0 0 0 18
-1.1985797 0.87489438 0.85108846 10 0 0 0 18
-1.1536756 0.87325084 0.70906979 10 0 0 0 18
-1.0385983 0.39862007 0.93783557 10 0 0 0 18
-1.1234328 0.58797759 1.008829 10 0 0 0 18
-1.3067403 1.07023 1.0249889 10 0 0 0 18
-1.1875287 1.0782182 0.50068194 10 0 0 0 18
-1.0979389 0.54373294 0.86161387 10 0 0 0 18
-1.0257486 0.26122165 1.0158309 10 0 0 0 18
-1.0250522 0.61350858 0.52001327 10 0 0 0 18
-1.2770746 0.89533854 1.1305001 10 0 0 0 18
-1.054161 0.35852054 0.99873728 10 0 0 0 18
-1.0152909 0.28081179 0.98816186 10 0 0 0 18
-0.99986762 0.64856189 0.32493517 10 0 0 0 18
-1.2433453 0.81183028 1.2030736 10 0 0 0 18
-1.2553146 0.81553787 1.156597 10 0 0 0 18
-1.0763234 0.63303214 0.69747895 10 0 0 0 18
-0.9058423 0.40838683 0.28754041 10 0 0 0 18
-1.2480674 0.86110514 1.145067 10 0 0 0 18
-0.97685599 0.1267743 0.96867341 10 0 0 0 18
-1.0542247 0.90113389 0.35966611 11 0 0 0 18
-1.0243897 0.39653143 0.92238235 11 0 0 0 18
-0.90381181 0.3552081 0.52206951 11 0 0 0 18
-1.2314781 0.85709846 1.0270318 11 0 0 0 18
-1.1991349 1.0194194 0.69565821 11 0 0 0 18
-1.0511955 0.62272501 0.65478635 11 0 0 0 18
-0.93920088 0.47136167 0.51601565 11 0 0 0 18
-1.2195339 0.88860571 0.8680805 11 0 0 0 18
-0.8951757 0.36758262 0.43526995 11 0 0 0 18
-1.195797 0.86134446 0.92033488 11 0 0 0 18
-0.94294667 0.29008746 0.76284599 11 0 0 0 18
-1.0311183 0.64723074 0.61553603 11 0 0 0 18
-1.0363032 0.83967334 0.36748534 11 0 0 0 18
-1.1412404 0.87317544 0.60535747 11 0 0 0 18
-1.1107873 0.84029925 0.59812528 11 0 0 0 18
-0.93205535 0.71064293 0.13760896 11 0 0 0 18
-1.10404 0.73970801 0.72796416 11 0 0 0 18
-0.98103303 0.62313336 0.50698864 11 0 0 0 18
-0.96523094 0.75141358 0.23936109 11 0 0 0 18
-1.0796525 0.73637587 0.63681763 11 0 0 0 18
-1.2471454 0.90007055 1.0777242 11 0 0 0 18
-1.1486951 1.0348829 0.58096069 11 0 0 0 18
-1.1843995 0.86634254 0.83379012 11 0 0 0 18
-1.1444619 0.56308806 1.0884231 11 0 0 0 18
-1.2263802 1.1076753 0.70424521 11 0 0 0 18
-1.2883013 1.0917954 0.9769246 11 0 0 0 18
-1.0517681 0.7461645 0.54864067 11 0 0 0 18
-1.1818413 1.1416312 0.47503895 11 0 0 0 18
-1.1562459 0.87160176 0.70689052 11 0 0 0 18
-1.1530823 0.73443258 0.97946823 11 0 0 0 18
-1.1026257 0.62895697 0.8979494 11 0 0 0 18
-1.2210515 1.0223588 0.77574372 11 0 0 0 18
-1.0605456 0.64064276 0.73227906 11 0 0 0 18
-0.93498838 0.21883251 0.85257268 11 0 0 0 18
-0.88670635 0.39901611 0.36416355 11 0 0 0 18
-1.0884509 1.0343038 0.30616984 11 0 0 0 18
-0.99101484 0.53383917 0.60974765 11 0 0 0 18
-1.2640955 0.97000271 1.0551435 11 0 0 0 18
-1.1321368 0.87706059 0.67519605 11 0 0 0 18
-1.1222999 0.93315405 0.47610229 11 0 0 0 18
-0.99606025 0.60949767 0.60411376 12 0 0 0 18
-1.2380309 1.1456456 0.91949022 12 0 0 0 18
-0.91838801 0.34783763 0.56635851 12 0 0 0 18
-1.1126027 0.69144666 1.1368406 12 0 0 0 18
-1.2282715 1.242288 0.61968488 12 0 0 0 18
-1.0795064 0.92496628 0.39711797 12 0 0 0 18
-1.05955 0.63508487 0.74521828 12 0 0 0 18
-1.1865788 1.242577 0.41460243 12 0 0 0 18
-1.2465138 1.1290107 0.97037607 12 0 0 0 18
-0.92572838 0.59056973 0.16460605 12 0 0 0 18
-1.2584039 1.2845689 0.58560097 12 0 0 0 18
-1.1146605 0.79383641 0.85478181 12 0 0 0 18
-1.189894 0.84816515 1.1606061 12 0 0 0 18
-1.2593061 0.9863081 1.189739 12 0 0 0 18
-0.98971575 0.55240494 0.6498698 12 0 0 0 18
-1.1829108 1.063082 0.73615593 12 0 0 0 18
-0.97357547 0.30411446 0.96133095 12 0 0 0 18
-1.2162236 1.1900302 0.59919477 12 0 0 0 18
-1.0532446 0.44124591 1.0632852 12 0 0 0 18
-1.0337251 0.77300918 0.36221665 12 0 0 0 18
-0.9620344 0.38803795 0.72491789 12 0 0 0 18
-1.1711085 1.1401738 0.45596442 12 0 0 0 18
-1.0233895 0.48245677 0.92357874 12 0 0 0 18
-1.2523494 1.2268668 0.77515185 12 0 0 0 18
-1.1954989 1.1280926 0.51079375 12 0 0 0 18
-1.0186241 0.62271106 0.51717687 12 0 0 0 18
-1.0701226 0.95233297 0.34797871 12 0 0 0 18
-1.0066291 0.68200469 0.46266708 12 0 0 0 18
-1.2498906 1.158893 0.86985958 12 0 0 0 18
-0.94386369 0.48502287 0.47072193 12 0 0 0 18
-1.1963595 0.89671761 1.1781569 12 0 0 0 18
-0.96573216 0.30007881 0.91341501 12 0 0 0 18
-0.99670726 0.48397887 0.78226507 12 0 0 0 18
-1.2011851 1.1630374 0.58853555 12 0 0 0 18
-1.1241478 1.090978 0.37859142 12 0 0 0 18
-0.99445063 0.43179575 0.78733933 12 0 0 0 18
-0.96494204 0.28135031 1.0096757 12 0 0 0 18
-1.0145488 0.50990409 0.71739054 12 0 0 0 18
-0.91282856 0.24843238 0.69652432 12 0 0 0 18
-1.2537718 1.2379917 0.65633172 12 0 0 0 18
-0.84201437 0.4603067 0.224986 13 0 0 0 18
-0.85653317 0.21632501 1.0478429 13 0 0 0 18
-0.94345737 0.55004567 0.71151298 13 0 0 0 18
-0.88130647 0.37212873 0.62384599 13 0 0 0 18
-1.1074708 1.0375859 0.4188582 13 0 0 0 18
-0.88578498 0.34936708 0.62663054 13 0 0 0 18
-0.97124416 0.50279009 0.91888356 13 0 0 0 18
-0.96507531 0.55010402 0.79327422 13 0 0 0 18
-0.85935146 0.45727566 0.35680065 13 0 0 0 18
-0.81594688 0.1565937 0.93589145 13 0 0 0 18
-0.83709556 0.41093975 0.25383794 13 0 0 0 18
-0.78076303 0.26039758 0.40764821 13 0 0 0 18
-0.98377264 0.53516752 0.82442099 13 0 0 0 18
-0.92624915 0.49243781 0.61303324 13 0 0 0 18
-0.89019287 0.58801448 0.21080056 13 0 0 0 18
-0.96510607 0.52309006 0.76781762 13 0 0 0 18
-1.117139 0.86999625 0.94861484 13 0 0 0 18
-0.89529812 0.59387738 0.25360018 13 0 0 0 18
-0.89721435 0.34263247 0.80056578 13 0 0 0 18
-1.050607 0.58716351 1.1291598 13 0 0 0 18
-0.94145817 0.67968929 0.36286554 13 0 0 0 18
-1.1229632 1.0771301 0.40933061 13 0 0 0 18
-1.1208272 0.92469192 0.84535873 13 0 0 0 18
-1.1503967 0.88374412 1.0997552 13 0 0 0 18
-1.1745698 0.97941667 0.84551722 13 0 0 0 18
-0.79868895 0.12528555 0.75575989 13 0 0 0 18
-0.84714645 0.40199926 0.35682309 13 0 0 0 18
-1.0010772 0.49593866 1.0832064 13 0 0 0 18
-0.82788599 0.32676062 0.42269793 13 0 0 0 18
-1.1250247 0.7550782 1.2110183 13 0 0 0 18
-1.0455865 0.87722319 0.39059186 13 0 0 0 18
-0.78237623 0.13309769 0.74090374 13 0 0 0 18
-1.1235209 0.94814056 0.72544432 13 0 0 0 18
-0.9730463 0.41984892 1.0539083 13 0 0 0 18
-1.0023812 0.57929373 0.90896982 13 0 0 0 18
-0.79545963 0.10735068 0.78468019 13 0 0 0 18
-1.1220412 1.0114669 0.41039866 13 0 0 0 18
-1.0528039 0.68045878 0.94268966 13 0 0 0 18
-1.0131232 0.70163763 0.67162615 13 0 0 0 18
-1.0758234 0.70846879 1.000752 13 0 0 0 18
-0.85366714 0.12264488 0.81488144 14 0 0 0 18
-1.1985136 0.81057763 1.1520168 14 0 0 0 18
-0.9373939 0.42313978 0.58817643 14 0 0 0 18
-1.1376815 1.0125399 0.51035738 14 0 0 0 18
-0.94550574 0.50345898 0.51623309 14 0 0 0 18
-1.0878967 0.90707833 0.38802707 14 0 0 0 18
-0.95227337 0.7389136 0.11692392 14 0 0 0 18
-0.84546912 0.34239256 0.39612648 14 0 0 0 18
-0.92726916 0.55980569 0.39936501 14 0 0 0 18
-1.0536656 0.51524693 1.0607287 14 0 0 0 18
-0.9457345 0.29561117 0.85212708 14 0 0 0 18
-1.0754112 0.7028299 0.80093926 14 0 0 0 18
-0.83879566 0.1589594 0.7488274 14 0 0 0 18
-0.85094506 0.42765638 0.28905836 14 0 0 0 18
-1.0789919 0.81469655 0.6210621 14 0 0 0 18
-1.093021 0.83114731 0.6532169 14 0 0 0 18
-0.9649033 0.75861162 0.15886928 14 0 0 0 18
-0.90400279 0.55159885 0.2120562 14 0 0 0 18
-1.2128559 1.0674102 0.81720859 14 0 0 0 18
-1.2261448 1.2984246 0.4174794 14 0 0 0 18
-0.97633791 0.51977551 0.70156676 14 0 0 0 18
-1.2375571 1.1532042 0.72993743 14 0 0 0 18
-1.228798 1.0473734 0.86050379 14 0 0 0 18
-1.127663 0.97275347 0.4969756 14 0 0 0 18
-0.96689904 0.39633659 0.8271262 14 0 0 0 18
-1.151392 0.93256736 0.82564068 14 0 0 0 18
-0.98513299 0.64975494 0.49860013 14 0 0 0 18
-0.85399389 0.35183367 0.3583414 14 0 0 0 18
-1.193489 1.2309021 0.29229605 14 0 0 0 18
-0.89442754 0.44261733 0.39250261 14 0 0 0 18
-1.2068189 1.0702636 0.75059587 14 0 0 0 18
-1.1333162 1.0396919 0.33200836 14 0 0 0 18
-1.1646838 0.80557042 1.0498331 14 0 0 0 18
-1.0268612 0.87649703 0.19607419 14 0 0 0 18
-0.97883916 0.46057242 0.81658143 14 0 0 0 18
-0.94670928 0.51191276 0.56663418 14 0 0 0 18
-1.0009038 0.74719071 0.27645743 14 0 0 0 18
-1.0518024 0.88029253 0.40949258 14 0 0 0 18
-0.9947626 0.78899473 0.25778735 14 0 0 0 18
-1.1025691 0.94684219 0.50273526 14 0 0 0 18
-1.156837 0.76806396 0.35402963 15 0 0 0 18
-1.3351203 1.1782137 0.50008708 15 0 0 0 18
-1.1593428 0.44904146 1.0299903 15 0 0 0 18
-1.1421959 0.40776697 0.99407965 15 0 0 0 18
-1.0500338 0.31841117 0.76325989 15 0 0 0 18
-1.0495214 0.59500951 0.25994325 15 0 0 0 18
-0.99739045 0.52798772 0.15594795 15 0 0 0 18
-1.0527368 0.48077315 0.48353574 15 0 0 0 18
-1.2010144 0.68635511 0.72466028 15 0 0 0 18
-1.0845021 0.52011126 0.55814344 15 0 0 0 18
-1.1712413 0.58820164 0.76734686 15 0 0 0 18
-1.2743751 0.79131341 0.88004112 15 0 0 0 18
-1.3241804 0.97793466 0.79795939 15 0 0 0 18
-1.3485886 0.86319602 1.0355952 15 0 0 0 18
-1.1131554 0.65909588 0.45845929 15 0 0 0 18
-1.2285148 0.89891905 0.47373646 15 0 0 0 18
-1.2355453 0.963826 0.33638501 15 0 0 0 18
-0.98805875 0.3465111 0.4622598 15 0 0 0 18
-1.2085754 0.92607665 0.3228381 15 0 0 0 18
-1.192802 0.59326339 0.87500787 15 0 0 0 18
-0.94748843 0.37245822 0.16040041 15 0 0 0 18
-1.0962558 0.59905529 0.39748964 15 0 0 0 18
-1.318918 0.76019442 1.2565243 15 0 0 0 18
-1.3342438 0.93945527 0.90741313 15 0 0 0 18
-0.9614405 0.37068403 0.20762025 15 0 0 0 18
-1.159108 0.46917209 0.98194414 15 0 0 0 18
-1.0733168 0.38324478 0.73336834 15 0 0 0 18
-1.3724527 0.86295724 1.1896873 15 0 0 0 18
-1.3432866 0.74426442 1.172026 15 0 0 0 18
-1.1004424 0.74353558 0.20662341 15 0 0 0 18
-1.0767592 0.37971762 0.71450925 15 0 0 0 18
-1.2910384 1.1482371 0.40278345 15 0 0 0 18
-1.132018 0.58478326 0.49897474 15 0 0 0 18
-1.3493195 1.1083839 0.66570485 15 0 0 0 18
-1.2328759 0.58151037 1.022764 15 0 0 0 18
-1.2274212 0.91258603 0.47214785 15 0 0 0 18
-1.1721168 0.40808809 1.0602669 15 0 0 0 18
-1.3075942 1.0513637 0.51129168 15 0 0 0 18
-1.020247 0.51010239 0.27315703 15 0 0 0 18
-1.0554647 0.19562589 0.98520553 15 0 0 0 18
-1.0371236 0.77253008 1.0447181 16 0 0 0 18
-0.83178264 0.51240122 0.40535608 16 0 0 0 18
-1.021589 0.97480327 0.52775514 16 0 0 0 18
-1.1156626 1.0564501 0.81402963 16 0 0 0 18
-0.9790566 0.86713731 0.47427383 16 0 0 0 18
-1.1808114 1.2033283 0.80071455 16 0 0 0 18
-1.1655008 1.1886342 0.94306505 16 0 0 0 18
-0.96849841 0.8545779 0.35662162 16 0 0 0 18
-1.0566893 0.83158708 0.9599188 16 0 0 0 18
-1.0611832 1.0626714 0.51311868 16 0 0 0 18
-1.0913171 0.97677952 0.85849154 16 0 0 0 18
-1.1569299 0.97540033 1.2041456 16 0 0 0 18
-0.82930958 0.39922962 0.56638831 16 0 0 0 18
-0.994304 0.92213428 0.41852978 16 0 0 0 18
-1.0627297 1.1588651 0.29239237 16 0 0 0 18
-1.1273518 0.95687222 1.1140387 16 0 0 0 18
-0.98214597 0.96537608 0.25367168 16 0 0 0 18
-1.010214 0.70845008 0.95965189 16 0 0 0 18
-1.1465515 1.0610526 0.93456596 16 0 0 0 18
-0.84688246 0.47586647 0.61953026 16 0 0 0 18
-1.1615107 1.3112117 0.62795222 16 0 0 0 18
-1.1833918 1.4458725 0.42092547 16 0 0 0 18
-1.0935298 1.1323249 0.50710094 16 0 0 0 18
-0.86835086 0.48146316 0.75089169 16 0 0 0 18
-1.0533826 0.96861446 0.60497999 16 0 0 0 18
-1.1374491 1.1348424 0.85034049 16 0 0 0 18
-0.90750158 0.53326595 0.75536442 16 0 0 0 18
-1.0644031 0.91474545 0.9222163 16 0 0 0 18
-1.1509621 1.1577265 0.80294603 16 0 0 0 18
-1.1987216 1.0547011 1.172114 16 0 0 0 18
-1.1702498 1.3537066 0.45822904 16 0 0 0 18
-1.1075169 0.91425163 1.059149 16 0 0 0 18
-1.1529787 1.1180288 0.95810479 16 0 0 0 18
-1.0064046 0.98007166 0.29066202 16 0 0 0 18
-1.1900086 1.0518601 1.1811498 16 0 0 0 18
-1.0964646 1.0742111 0.6782738 16 0 0 0 18
-1.0774015 0.82364362 1.0903434 16 0 0 0 18
-1.0092702 1.0608411 0.26268688 16 0 0 0 18
-1.2012129 1.3313823 0.62368965 16 0 0 0 18
-0.99201339 0.71953732 0.8632772 16 0 0 0 18
-0.85456538 0.43001342 0.12086372 17 0 0 0 18
-1.1882972 0.9025259 0.80121791 17 0 0 0 18
-1.1664766 1.0421321 0.49589923 17 0 0 0 18
-1.1920094 0.78957784 1.1498055 17 0 0 0 18
-0.97450197 0.27028048 0.96815187 17 0 0 0 18
-1.1431673 0.97010654 0.48742047 17 0 0 0 18
-1.1656842 0.83728164 0.92456901 17 0 0 0 18
-1.1458675 0.87814027 0.76114523 17 0 0 0 18
-1.038667 0.55525583 0.7885741 17 0 0 0 18
-1.0297496 0.56505418 0.76873398 17 0 0 0 18
-0.92656392 0.13951223 0.96562934 17 0 0 0 18
-1.0821397 0.72402805 0.62788105 17 0 0 0 18
-0.86023706 0.15115553 0.62756902 17 0 0 0 18
-0.99727738 0.41496241 0.87351 17 0 0 0 18
-1.1058502 0.6823011 0.85875076 17 0 0 0 18
-0.84051722 0.39097518 0.059694421 17 0 0 0 18
-1.1190227 0.84483081 0.65645689 17 0 0 0 18
-0.89567488 0.50163406 0.18879446 17 0 0 0 18
-1.0718384 0.47216487 1.1026998 17 0 0 0 18
-1.0525695 0.70779681 0.50718415 17 0 0 0 18
-1.213926 0.87265295 1.0188799 17 0 0 0 18
-1.0877262 0.66090435 0.83679867 17 0 0 0 18
-1.1756499 0.65358037 1.2110184 17 0 0 0 18
-1.2484047 0.88139641 1.1320747 17 0 0 0 18
-0.96583319 0.56209195 0.407763 17 0 0 0 18
-0.99500954 0.41132495 0.911991 17 0 0 0 18
-1.047769 0.62123096 0.64212638 17 0 0 0 18
-1.1537412 0.92942256 0.66639823 17 0 0 0 18
-1.0264821 0.80135423 0.19897684 17 0 0 0 18
-0.84935719 0.28870308 0.30406335 17 0 0 0 18
-0.90961766 0.2725704 0.70868266 17 0 0 0 18
-0.84927899 0.2455887 0.45658267 17 0 0 0 18
-1.0919378 0.89675713 0.34117931 17 0 0 0 18
-1.1876801 0.88888073 0.92908251 17 0 0 0 18
-1.0323602 0.44066301 0.98564315 17 0 0 0 18
-0.86454064 0.38727444 0.16023506 17 0 0 0 18
-1.0927641 0.5547846 1.0752957 17 0 0 0 18
-1.0871745 0.69839293 0.66884744 17 0 0 0 18
-1.0428956 0.51125091 0.85532933 17 0 0 0 18
-1.1877743 0.8738578 0.86269236 17 0 0 0 18
-1.2233312 0.91380346 0.54668832 18 0 0 0 18
-1.0984192 0.73526531 0.3717024 18 0 0 0 18
-1.1249987 0.53322756 0.86131519 18 0 0 0 18
-0.93865496 0.36275095 0.39014778 18 0 0 0 18
-1.2498538 0.91726822 0.7044881 18 0 0 0 18
-1.0903211 0.80784124 0.23742251 18 0 0 0 18
-1.3149247 0.89893335 1.0622641 18 0 0 0 18
-1.1643807 0.54003221 0.95805025 18 0 0 0 18
-0.95741957 0.47209349 0.22912477 18 0 0 0 18
-1.0759126 0.32300887 0.99991864 18 0 0 0 18
-1.3434212 0.95423752 1.0210352 18 0 0 0 18
-1.1892681 0.86318183 0.4869051 18 0 0 0 18
-1.2077082 0.92673278 0.47528628 18 0 0 0 18
-1.0236064 0.47947899 0.52656114 18 0 0 0 18
-0.96136892 0.48152912 0.24938439 18 0 0 0 18
-1.265345 1.1091267 0.4485127 18 0 0 0 18
-1.2570369 0.83936077 0.89393985 18 0 0 0 18
-0.94168973 0.28833359 0.42087758 18 0 0 0 18
-0.94348377 0.081951231 0.85975742 18 0 0 0 18
-1.2372003 0.62337381 1.1532053 18 0 0 0 18
-0.91701269 0.43754035 0.17328025 18 0 0 0 18
-1.0689098 0.78138566 0.3274456 18 0 0 0 18
-1.085058 0.53740817 0.68834883 18 0 0 0 18
-1.111129 0.51319766 0.82610267 18 0 0 0 18
-1.3033031 0.78183168 1.1825699 18 0 0 0 18
-1.242548 0.69249004 1.0891501 18 0 0 0 18
-0.98404127 0.28775916 0.6979785 18 0 0 0 18
-1.1010083 0.76148432 0.3348597 18 0 0 0 18
-1.183642 0.81997949 0.60400862 18 0 0 0 18
-1.0581167 0.75682324 0.18306613 18 0 0 0 18
-1.2901981 0.80102783 1.0723308 18 0 0 0 18
-1.0597619 0.46808714 0.63953531 18 0 0 0 18
-1.3504269 0.87926549 1.2631153 18 0 0 0 18
-1.0338861 0.67460698 0.20840897 18 0 0 0 18
-1.2844385 1.030018 0.75386703 18 0 0 0 18
-1.0680197 0.31922165 1.0007738 18 0 0 0 18
-1.228305 0.93234593 0.57378584 18 0 0 0 18
-1.0686132 0.51512724 0.61474353 18 0 0 0 18
-0.98910987 0.32231417 0.61371762 18 0 0 0 18
-1.278976 0.84705716 1.0124665 18 0 0 0 18
-1.1173133 0.59091616 0.76596779 19 0 0 0 18
-1.2393035 0.89718688 0.83422261 19 0 0 0 18
-1.2185208 0.7636196 0.88668722 19 0 0 0 18
-1.239077 1.0701059 0.42183238 19 0 0 0 18
-0.9943133 0.2578069 0.7050491 19 0 0 0 18
-1.0107529 0.54815143 0.28225937 19 0 0 0 18
-1.0494179 0.6712538 0.28611529 19 0 0 0 18
-0.95604551 0.17579493 0.68720067 19 0 0 0 18
-1.3168945 0.81673557 1.2053708 19 0 0 0 18
-1.297338 0.83903718 1.1517718 19 0 0 0 18
-1.3135579 0.96431601 1.0298067 19 0 0 0 18
-1.073172 0.79274541 0.16160354 19 0 0 0 18
-1.0521878 0.43495598 0.76247507 19 0 0 0 18
-0.92637366 0.48204929 0.089492731 19 0 0 0 18
-1.0885658 0.57570207 0.64338779 19 0 0 0 18
-0.94658709 0.4694739 0.10704584 19 0 0 0 18
-1.0426892 0.68970293 0.27401781 19 0 0 0 18
-1.0963289 0.67273331 0.53762281 19 0 0 0 18
-1.2315716 0.93868876 0.59411722 19 0 0 0 18
-1.2868341 0.80026305 1.1812354 19 0 0 0 18
-1.2746369 0.84780294 1.0450454 19 0 0 0 18
-1.0076605 0.65242243 0.1656561 19 0 0 0 18
-1.0712264 0.64313483 0.47227615 19 0 0 0 18
-1.2084348 1.1053575 0.29240707 19 0 0 0 18
-1.2194514 0.89562076 0.74726582 19 0 0 0 18
-1.0666989 0.675861 0.47556165 19 0 0 0 18
-0.935844 0.55332321 0.053381324 19 0 0 0 18
-1.2542732 0.83860141 0.9472639 19 0 0 0 18
-0.99704635 0.66971421 0.16168399 19 0 0 0 18
-1.0896301 0.36026731 0.96138209 19 0 0 0 18
-1.2194382 0.96670651 0.69360501 19 0 0 0 18
-1.2191879 0.89917773 0.72553492 19 0 0 0 18
-1.2960843 1.0852267 0.72549552 19 0 0 0 18
-1.1612126 0.54617238 1.0468603 19 0 0 0 18
-0.90447187 0.44446221 0.059895284 19 0 0 0 18
-1.0378929 0.57130539 0.41267577 19 0 0 0 18
-1.2553284 0.81427753 0.97251129 19 0 0 0 18
-1.2256105 1.1346658 0.3446607 19 0 0 0 18
-1.3337451 0.99975473 1.0044831 19 0 0 0 18
-1.1991086 0.81686425 0.74597311 19 0 0 0 18
-1.4069145 0.18159316 -0.99355745 0 0 0 0 19
-1.5617923 -0.065755606 -1.1834712 0 0 0 0 19
-1.1765853 0.54151565 -0.75442338 0 0 0 0 19
-1.4286586 0.19343796 -0.46547574 0 0 0 0 19
-1.4792556 0.032990407 -1.1937493 0 0 0 0 19
-1.227923 0.42132115 -1.5592721 0 0 0 0 19
-1.5685631 -0.10145754 -0.92055184 0 0 0 0 19
-1.4272009 0.14766824 -0.91037089 0 0 0 0 19
-1.2051672 0.44051996 -1.4726557 0 0 0 0 19
-1.4673966 0.028579529 -1.3450725 0 0 0 0 19
-1.1832782 0.50940853 -0.62171721 0 0 0 0 19
-1.4946604 0.044501878 -0.97621179 0 0 0 0 19
-1.5513781 -0.026713204 -0.78813666 0 0 0 0 19
-1.4490669 0.074954867 -0.68870068 0 0 0 0 19
-1.3180513 0.34469756 -0.57712686 0 0 0 0 19
-1.6070672 -0.15019405 -0.97972977 0 0 0 0 19
-1.3386654 0.29797238 -0.61249584 0 0 0 0 19
-1.3992134 0.18994436 -0.74056882 0 0 0 0 19
-1.5392959 -0.0028697033 -0.68925351 0 0 0 0 19
-1.4227927 0.15954922 -0.4983654 0 0 0 0 19
-1.1967539 0.44907826 -1.3319478 0 0 0 0 19
-1.4158491 0.16687821 -0.89408726 0 0 0 0 19
-1.2158824 0.46495578 -1.2229558 0 0 0 0 19
-1.4083571 0.19865559 -0.50385857 0 0 0 0 19
-1.4447002 0.073515758 -1.3921676 0 0 0 0 19
-1.2012447 0.49456376 -0.69167441 0 0 0 0 19
-1.3961588 0.21131548 -0.7250914 0 0 0 0 19
-1.4054542 0.1945053 -0.74327618 0 0 0 0 19
-1.3337753 0.31838116 -0.59180683 0 0 0 0 19
-1.5254613 -0.050797399 -1.3743776 0 0 0 0 19
-1.5516385 -0.061895847 -1.3132567 0 0 0 0 19
-1.3512877 0.26740947 -1.0824836 0 0 0 0 19
-1.187097 0.46169901 -1.5585557 0 0 0 0 19
-1.5418371 -0.027023677 -1.1221645 0 0 0 0 19
-1.2579863 0.36418575 -1.5012926 0 0 0 0 19
-1.550619 -0.03043733 -0.93475431 0 0 0 0 19
-1.4477714 0.15113612 -0.55789983 0 0 0 0 19
-1.2521417 0.43123022 -1.0576606 0 0 0 0 19
-1.1013737 0.64975488 -1.0242742 0 0 0 0 19
-1.167309 0.58106977 -0.67905873 0 0 0 0 19
-1.3085953 0.3637245 -0.67450267 1 0 0 0 19
-1.4708048 0.16570221 -0.51698011 1 0 0 0 19
-1.4994719 0.074259445 -1.0207989 1 0 0 0 19
-1.4935501 0.11183261 -0.34307712 1 0 0 0 19
-1.5927187 -0.052796956 -1.1131471 1 0 0 0 19
-1.4694469 0.10241997 -0.90491593 1 0 0 0 19
-1.4924448 0.094706431 -1.1408429 1 0 0 0 19
-1.3078294 0.33955017 -1.2614304 1 0 0 0 19
-1.6541224 -0.15121625 -1.0107235 1 0 0 0 19
-1.6685098 -0.17008749 -1.0048203 1 0 0 0 19
-1.2232214 0.45624804 -1.2064713 1 0 0 0 19
-1.2691041 0.36623788 -1.2573245 1 0 0 0 19
-1.245801 0.43045655 -0.56244367 1 0 0 0 19
-1.3342001 0.33593631 -0.90826041 1 0 0 0 19
-1.5516605 0.0079542203 -1.0130812 1 0 0 0 19
-1.4687514 0.11602582 -0.75815731 1 0 0 0 19
-1.4998035 0.066037357 -1.1101642 1 0 0 0 19
-1.1427366 0.6315161 -0.48836482 1 0 0 0 19
-1.4525564 0.12683298 -1.0099885 1 0 0 0 19
-1.1366417 0.60897958 -0.92510796 1 0 0 0 19
-1.007517 0.7983579 -0.66605127 1 0 0 0 19
-1.421689 0.17932788 -1.0406032 1 0 0 0 19
-1.2584333 0.42084947 -0.60908401 1 0 0 0 19
-1.2679623 0.4091098 -1.1115127 1 0 0 0 19
-1.1761295 0.53816432 -1.1206598 1 0 0 0 19
-1.2039797 0.5360505 -0.58765465 1 0 0 0 19
-1.3074147 0.37458864 -0.48446605 1 0 0 0 19
-1.4974085 0.11022133 -0.40011349 1 0 0 0 19
-1.6397861 -0.13161445 -0.88008863 1 0 0 0 19
-1.1392066 0.63523757 -0.62092108 1 0 0 0 19
-1.1643587 0.5604859 -1.0294539 1 0 0 0 19
-1.2549193 0.39407316 -1.3489414 1 0 0 0 19
-1.1508547 0.56639731 -0.71475041 1 0 0 0 19
-1.310892 0.31260076 -1.3320849 1 0 0 0 19
-1.1539742 0.62310582 -0.52133375 1 0 0 0 19
-1.1199155 0.621898 -1.062436 1 0 0 0 19
-1.5149868 0.045215119 -0.60620344 1 0 0 0 19
-1.1223087 0.59390444 -1.1863657 1 0 0 0 19
-1.089759 0.66685408 -0.86964893 1 0 0 0 19
-1.0882812 0.63043094 -1.1406015 1 0 0 0 19
-1.3854046 0.23308635 -0.6264115 2 0 0 0 19
-1.2197028 0.49593261 -1.2541699 2 0 0 0 19
-1.459667 0.12607571 -0.67764789 2 0 0 0 19
-1.5695269 -0.025126336 -0.78231543 2 0 0 0 19
-1.5048337 0.089121692 -0.48541757 2 0 0 0 19
-1.0526063 0.75625694 -0.58053392 2 0 0 0 19
-1.4576974 0.15193087 -0.47259787 2 0 0 0 19
-1.4595869 0.13504082 -0.34356576 2 0 0 0 19
-1.5826802 -0.024982357 -0.6725027 2 0 0 0 19
-1.2594906 0.45155248 -1.0887258 2 0 0 0 19
-1.2977774 0.37674555 -0.91354489 2 0 0 0 19
-1.2672811 0.43027022 -0.65800345 2 0 0 0 19
-1.1897098 0.51846045 -0.93971437 2 0 0 0 19
-1.4836544 0.11413807 -0.62912881 2 0 0 0 19
-1.2860323 0.41418776 -1.1721919 2 0 0 0 19
-1.6347092 -0.14418124 -1.0299013 2 0 0 0 19
-1.1640335 0.58588094 -0.65788448 2 0 0 0 19
-1.5471026 0.031381238 -1.112434 2 0 0 0 19
-1.6060572 -0.087113276 -0.86223739 2 0 0 0 19
-1.3746918 0.2383091 -0.51870596 2 0 0 0 19
-1.4786489 0.094229743 -0.88497728 2 0 0 0 19
-1.5778251 -0.084737077 -1.204766 2 0 0 0 19
-1.3977566 0.20802173 -1.1261566 2 0 0 0 19
-1.2638321 0.42142782 -1.0298544 2 0 0 0 19
-1.1359476 0.62538874 -0.53408051 2 0 0 0 19
-1.5855626 -0.033963598 -0.83793217 2 0 0 0 19
-1.1097162 0.69034082 -0.76409435 2 0 0 0 19
-1.5157815 0.059255987 -0.5700177 2 0 0 0 19
-1.5133927 0.062880687 -0.75789446 2 0 0 0 19
-1.1828099 0.58452702 -0.59494042 2 0 0 0 19
-1.2502879 0.40307924 -0.6973033 2 0 0 0 19
-1.5308254 0.053554721 -0.73828638 2 0 0 0 19
-1.3966992 0.17443295 -0.61745715 2 0 0 0 19
-1.3686436 0.27661464 -1.0839522 2 0 0 0 19
-1.1792051 0.55255264 -1.3456999 2 0 0 0 19
-1.4012212 0.23806472 -0.93317693 2 0 0 0 19
-1.1272053 0.63924336 -0.72812241 2 0 0 0 19
-1.1941757 0.54447526 -0.61621994 2 0 0 0 19
-1.5880904 -0.018138351 -0.82797933 2 0 0 0 19
-1.1661202 0.60734528 -0.54345602 2 0 0 0 19
-1.2322572 0.67171174 -0.51794684 3 0 0 0 19
-1.533991 0.21826501 -0.52497631 3 0 0 0 19
-1.6392888 0.10137257 -0.40090567 3 0 0 0 19
-1.2042786 0.66171759 -0.65242493 3 0 0 0 19
-1.3635271 0.48108491 -0.40940881 3 0 0 0 19
-1.3097832 0.51190424 -1.367631 3 0 0 0 19
-1.4843725 0.28204447 -0.86725146 3 0 0 0 19
-1.4522022 0.33394238 -0.40095034 3 0 0 0 19
-1.3613456 0.44121468 -0.46644086 3 0 0 0 19
-1.2534102 0.56240112 -1.1950822 3 0 0 0 19
-1.1886203 0.72303015 -0.84898508 3 0 0 0 19
-1.4247738 0.3707923 -1.192095 3 0 0 0 19
-1.3801322 0.41153553 -1.1369617 3 0 0 0 19
-1.4417694 0.34632921 -0.44854206 3 0 0 0 19
-1.7763611 -0.15140066 -1.1622984 3 0 0 0 19
-1.4878325 0.25448263 -0.69090885 3 0 0 0 19
-1.2918561 0.5112009 -1.3056387 3 0 0 0 19
-1.4648407 0.29045013 -0.79632413 3 0 0 0 19
-1.1516467 0.75591511 -0.82124829 3 0 0 0 19
-1.5199445 0.27235094 -0.4297353 3 0 0 0 19
-1.4288543 0.36343095 -1.3174014 3 0 0 0 19
-1.4214618 0.36065075 -0.62935275 3 0 0 0 19
-1.5219826 0.25384027 -0.91404408 3 0 0 0 19
-1.2378657 0.6322428 -0.80499589 3 0 0 0 19
-1.1886475 0.68601924 -0.75663084 3 0 0 0 19
-1.4403461 0.36845028 -0.46730873 3 0 0 0 19
-1.4805515 0.28481814 -1.2618171 3 0 0 0 19
-1.3130008 0.5072034 -1.4079776 3 0 0 0 19
-1.5181489 0.23485357 -0.54039383 3 0 0 0 19
-1.1997511 0.68685937 -0.91730964 3 0 0 0 19
-1.5129888 0.24330758 -0.29846275 3 0 0 0 19
-1.1581719 0.77404189 -0.61788726 3 0 0 0 19
-1.6333499 0.061071273 -0.87883466 3 0 0 0 19
-1.8052255 -0.17146966 -1.0935692 3 0 0 0 19
-1.7142102 -0.07247109 -0.85627037 3 0 0 0 19
-1.6270913 0.056048539 -0.65758783 3 0 0 0 19
-1.2859085 0.53220189 -0.90792429 3 0 0 0 19
-1.4737885 0.26737598 -0.79802656 3 0 0 0 19
-1.4104457 0.37903729 -1.2797114 3 0 0 0 19
-1.4263616 0.3576206 -0.75609934 3 0 0 0 19
-1.3639777 0.25891763 -1.3428447 4 0 0 0 19
-1.2090286 0.47329462 -0.69517803 4 0 0 0 19
-1.1642065 0.56733418 -0.77285546 4 0 0 0 19
-1.3883324 0.20704691 -0.93492579 4 0 0 0 19
-1.1503402 0.58644778 -1.2922179 4 0 0 0 19
-1.4186898 0.18950421 -0.52854455 4 0 0 0 19
-1.3787228 0.27342844 -0.90029049 4 0 0 0 19
-1.407055 0.19196054 -1.500861 4 0 0 0 19
-1.6056318 -0.10007247 -1.4190379 4 0 0 0 19
-1.3719394 0.23412149 -0.99725145 4 0 0 0 19
-1.4858922 0.098363481 -1.3982134 4 0 0 0 19
-1.2645938 0.45070019 -0.60512704 4 0 0 0 19
-1.5420346 0.069448382 -0.90367365 4 0 0 0 19
-1.5491267 0.019297419 -0.85558748 4 0 0 0 19
-1.2324389 0.44686127 -1.480621 4 0 0 0 19
-1.4539789 0.13856561 -1.0978973 4 0 0 0 19
-1.3893852 0.28843048 -0.53730863 4 0 0 0 19
-1.2574998 0.44283161 -0.94766974 4 0 0 0 19
-1.3025904 0.34728444 -1.5721102 4 0 0 0 19
-1.0466493 0.73543549 -0.86691982 4 0 0 0 19
-1.3853792 0.25388291 -1.0644437 4 0 0 0 19
-1.2297037 0.47043845 -0.69644052 4 0 0 0 19
-1.3605766 0.29758292 -0.82237929 4 0 0 0 19
-1.5487517 0.026453681 -1.3621203 4 0 0 0 19
-1.4217745 0.19156891 -0.59370154 4 0 0 0 19
-1.5616933 0.0081384694 -0.50376743 4 0 0 0 19
-1.3878713 0.26073822 -0.73462194 4 0 0 0 19
-1.26903 0.43273041 -0.62929279 4 0 0 0 19
-1.0931678 0.6528393 -1.022365 4 0 0 0 19
-1.6983472 -0.16080672 -1.2050699 4 0 0 0 19
-1.541315 0.057066657 -0.90554762 4 0 0 0 19
-1.3998696 0.2296773 -1.0744392 4 0 0 0 19
-1.5603852 0.011790654 -0.60995704 4 0 0 0 19
-1.4043157 0.23330493 -0.66957855 4 0 0 0 19
-1.3951962 0.23891565 -0.78397501 4 0 0 0 19
-1.4548478 0.19642961 -0.7818889 4 0 0 0 19
-1.5547869 0.017923715 -1.2104398 4 0 0 0 19
-1.4807788 0.092387088 -1.1339731 4 0 0 0 19
-1.1202457 0.60119575 -1.0522784 4 0 0 0 19
-1.3501405 0.29852751 -0.6740495 4 0 0 0 19
-1.0695522 0.60519069 -1.3385805 5 0 0 0 19
-1.2573888 0.35764277 -0.55305725 5 0 0 0 19
-1.3166528 0.26737902 -1.3183222 5 0 0 0 19
-1.2234869 0.40918103 -0.4558976 5 0 0 0 19
-1.1893828 0.42508271 -0.84175068 5 0 0 0 19
-1.3899398 0.20242061 -0.79854786 5 0 0 0 19
-0.88294709 0.83596057 -0.70768559 5 0 0 0 19
-1.230808 0.38120523 -0.84329069 5 0 0 0 19
-1.0740525 0.56182539 -1.3097478 5 0 0 0 19
-1.3789213 0.18051121 -1.3052373 5 0 0 0 19
-1.3435805 0.24482784 -1.1913818 5 0 0 0 19
-1.1180016 0.5676021 -0.61677402 5 0 0 0 19
-1.5082312 0.031947393 -0.80919963 5 0 0 0 19
-1.417075 0.10924045 -1.1987031 5 0 0 0 19
-1.3474931 0.2011632 -1.3213189 5 0 0 0 19
-1.4842165 0.02666191 -1.1372266 5 0 0 0 19
-1.4602821 0.11790979 -0.52854252 5 0 0 0 19
-1.0213014 0.64019597 -1.2459625 5 0 0 0 19
-1.5291215 0.017597426 -1.0282642 5 0 0 0 19
-1.171111 0.44644833 -1.266615 5 0 0 0 19
-1.1196641 0.50841224 -1.2348851 5 0 0 0 19
-1.4439161 0.19395775 -0.32872567 5 0 0 0 19
-0.91436869 0.78585559 -0.79389983 5 0 0 0 19
-0.88740396 0.86059719 -0.66739929 5 0 0 0 19
-1.0003079 0.68717015 -0.64401448 5 0 0 0 19
-1.0897419 0.58972353 -0.88616252 5 0 0 0 19
-0.89481825 0.82362509 -0.76247263 5 0 0 0 19
-1.1256377 0.53652155 -0.7391088 5 0 0 0 19
-1.3880628 0.21759784 -0.61573631 5 0 0 0 19
-1.5234414 0.0045068795 -0.92816061 5 0 0 0 19
-0.84555972 0.91157776 -0.62964725 5 0 0 0 19
-1.1260883 0.54634374 -0.59959358 5 0 0 0 19
-1.1797299 0.49256846 -0.39660203 5 0 0 0 19
-0.9640488 0.76338786 -0.98256785 5 0 0 0 19
-1.1027148 0.60086316 -0.48667109 5 0 0 0 19
-1.428629 0.1572457 -0.75118142 5 0 0 0 19
-1.4018457 0.13867155 -0.85351217 5 0 0 0 19
-1.2881578 0.36793894 -0.45235428 5 0 0 0 19
-1.361595 0.22167823 -0.48724931 5 0 0 0 19
-0.88609809 0.85691369 -0.71213967 5 0 0 0 19
-1.5735011 -0.082186759 -0.9681924 6 0 0 0 19
-1.5176218 0.017076517 -0.74652022 6 0 0 0 19
-1.5144532 -0.018937567 -1.2266015 6 0 0 0 19
-1.5645564 -0.050310135 -0.81988847 6 0 0 0 19
-1.3905337 0.22991572 -0.65482908 6 0 0 0 19
-1.1773946 0.43432954 -1.2410145 6 0 0 0 19
-1.1246141 0.56604755 -0.73848212 6 0 0 0 19
-1.0474578 0.69571775 -0.81555158 6 0 0 0 19
-1.1709286 0.46743664 -1.3816971 6 0 0 0 19
-1.1887844 0.46216181 -1.1729681 6 0 0 0 19
-1.5906966 -0.081403561 -0.79947364 6 0 0 0 19
-1.1050109 0.59368962 -0.91764027 6 0 0 0 19
-1.2214558 0.39801866 -1.1588866 6 0 0 0 19
-1.2310617 0.3694652 -1.2256156 6 0 0 0 19
-1.4729986 0.059221648 -0.91846555 6 0 0 0 19
-1.2005459 0.43627757 -1.378432 6 0 0 0 19
-1.071961 0.62691987 -0.8205235 6 0 0 0 19
-1.3847198 0.18939584 -1.1987118 6 0 0 0 19
-1.3728787 0.21707153 -0.69676524 6 0 0 0 19
-1.4543662 0.11922849 -0.80848002 6 0 0 0 19
-1.2751769 0.35492182 -0.66804355 6 0 0 0 19
-1.4391332 0.11927082 -1.049319 6 0 0 0 19
-1.46093 0.033686467 -1.2283175 6 0 0 0 19
-1.3110451 0.26907378 -1.1836345 6 0 0 0 19
-1.5165917 -0.0044768192 -0.68222517 6 0 0 0 19
-1.3991978 0.15905075 -0.92239463 6 0 0 0 19
-1.1417716 0.51288646 -1.0467224 6 0 0 0 19
-1.1723529 0.44102627 -1.3102529 6 0 0 0 19
-1.5909847 -0.13652688 -1.2929636 6 0 0 0 19
-1.1751175 0.50424129 -0.84332591 6 0 0 0 19
-1.3899689 0.2431194 -0.54162383 6 0 0 0 19
-1.0714543 0.64954478 -0.80006307 6 0 0 0 19
-1.2677016 0.3907668 -0.61836022 6 0 0 0 19
-1.4990835 0.018821271 -0.94755316 6 0 0 0 19
-1.1321139 0.5167008 -1.1706687 6 0 0 0 19
-1.1365336 0.50843853 -1.4258444 6 0 0 0 19
-1.3562735 0.22143479 -1.2366561 6 0 0 0 19
-1.1825365 0.47025096 -1.0916609 6 0 0 0 19
-1.1368967 0.56209576 -0.88972777 6 0 0 0 19
-1.3820126 0.17322963 -1.299612 6 0 0 0 19
-1.2714639 0.50444514 -1.2225958 7 0 0 0 19
-1.2299174 0.57118881 -0.79252636 7 0 0 0 19
-1.7835515 -0.17723723 -1.2436585 7 0 0 0 19
-1.7444267 -0.12219575 -1.1177123 7 0 0 0 19
-1.2038957 0.61843705 -0.84242874 7 0 0 0 19
-1.6522721 0.0039283079 -1.2717092 7 0 0 0 19
-1.2079409 0.59713387 -1.2023242 7 0 0 0 19
-1.2687441 0.4949019 -1.4996408 7 0 0 0 19
-1.4634192 0.24152058 -1.2102787 7 0 0 0 19
-1.6466542 0.0027749529 -1.0510514 7 0 0 0 19
-1.3690964 0.3751196 -1.4212252 7 0 0 0 19
-1.1125836 0.71551818 -0.96414357 7 0 0 0 19
-1.5724406 0.089291982 -1.2695596 7 0 0 0 19
-1.5402186 0.17381346 -0.67997831 7 0 0 0 19
-1.24858 0.54233891 -1.180338 7 0 0 0 19
-1.1166127 0.72607994 -0.73868859 7 0 0 0 19
-1.6450315 0.042937148 -0.79003078 7 0 0 0 19
-1.5374982 0.15794513 -0.744569 7 0 0 0 19
-1.7270652 -0.10705624 -1.2814873 7 0 0 0 19
-1.1076527 0.72646761 -0.80446064 7 0 0 0 19
-1.5557469 0.14302005 -1.3867695 7 0 0 0 19
-1.3428301 0.39489198 -1.302267 7 0 0 0 19
-1.3023769 0.47129801 -0.90315276 7 0 0 0 19
-1.6540095 0.010625236 -0.71790427 7 0 0 0 19
-1.2643311 0.52562231 -1.1966679 7 0 0 0 19
-1.4653111 0.26178753 -1.1504227 7 0 0 0 19
-1.2446804 0.54913825 -1.1223682 7 0 0 0 19
-1.26995 0.51856744 -1.1069481 7 0 0 0 19
-1.6760478 0.0047343113 -0.92636806 7 0 0 0 19
-1.6604238 -0.04687269 -1.2712963 7 0 0 0 19
-1.2944407 0.48295343 -0.52383834 7 0 0 0 19
-1.1421144 0.69842303 -0.89334881 7 0 0 0 19
-1.6790963 -0.018656239 -1.0475274 7 0 0 0 19
-1.3163916 0.45227373 -0.90168065 7 0 0 0 19
-1.5205082 0.19874801 -0.39831886 7 0 0 0 19
-1.4877353 0.172208 -1.0464544 7 0 0 0 19
-1.46285 0.24728286 -1.0134164 7 0 0 0 19
-1.4178851 0.31023827 -0.63142103 7 0 0 0 19
-1.4623032 0.26306793 -1.0826527 7 0 0 0 19
-1.4965701 0.24413386 -0.54332596 7 0 0 0 19
-1.3603414 0.42953905 -0.43114671 8 0 0 0 19
-1.4924064 0.24472541 -1.371332 8 0 0 0 19
-1.7159768 -0.064586394 -1.048821 8 0 0 0 19
-1.3798608 0.42431924 -0.44036487 8 0 0 0 19
-1.3980076 0.36563861 -0.4553543 8 0 0 0 19
-1.4898871 0.25145102 -0.38690197 8 0 0 0 19
-1.2990122 0.48169249 -0.74150747 8 0 0 0 19
-1.2316759 0.59127313 -1.4830973 8 0 0 0 19
-1.3131645 0.4907833 -0.79101932 8 0 0 0 19
-1.3962841 0.3823621 -1.2099969 8 0 0 0 19
-1.233236 0.59981948 -0.92081988 8 0 0 0 19
-1.2761264 0.55572945 -1.0138775 8 0 0 0 19
-1.6293219 0.075108595 -0.64184725 8 0 0 0 19
-1.5309711 0.22473116 -1.3490915 8 0 0 0 19
-1.7030013 -0.041141253 -1.0752785 8 0 0 0 19
-1.7547138 -0.11478393 -1.1251115 8 0 0 0 19
-1.6318151 0.03385121 -0.9519037 8 0 0 0 19
-1.3616178 0.44931009 -1.0095983 8 0 0 0 19
-1.4137344 0.31068572 -0.67708045 8 0 0 0 19
-1.4750713 0.26828918 -1.2138642 8 0 0 0 19
-1.4359509 0.29444215 -0.34822586 8 0 0 0 19
-1.1652107 0.69629312 -0.92374098 8 0 0 0 19
-1.2262441 0.60413468 -1.4237828 8 0 0 0 19
-1.4476266 0.29570273 -0.98737538 8 0 0 0 19
-1.577461 0.15470365 -0.47100616 8 0 0 0 19
-1.12483 0.75138175 -1.1180089 8 0 0 0 19
-1.2839447 0.52658272 -1.0350044 8 0 0 0 19
-1.4091327 0.34576482 -0.50080669 8 0 0 0 19
-1.3117357 0.50435573 -0.56688809 8 0 0 0 19
-1.610749 0.061668541 -1.1269581 8 0 0 0 19
-1.5189068 0.22085416 -1.2379189 8 0 0 0 19
-1.4861133 0.2343314 -0.78001958 8 0 0 0 19
-1.3242966 0.51316929 -0.56810707 8 0 0 0 19
-1.3986492 0.34604958 -0.77868742 8 0 0 0 19
-1.1574448 0.70757478 -0.89438623 8 0 0 0 19
-1.0409917 0.87672889 -0.75007242 8 0 0 0 19
-1.6150987 0.066863462 -1.236917 8 0 0 0 19
-1.3637904 0.41628349 -0.81139594 8 0 0 0 19
-1.1081522 0.74479884 -0.59068513 8 0 0 0 19
-1.6721419 -0.045058683 -1.0144906 8 0 0 0 19
-1.5161937 0.002330686 -0.96264189 9 0 0 0 19
-1.4497246 0.097645998 -0.53503644 9 0 0 0 19
-1.4403721 0.11569675 -1.0343069 9 0 0 0 19
-1.5510588 -0.038193107 -1.1006525 9 0 0 0 19
-1.4819292 0.054279901 -0.2893689 9 0 0 0 19
-1.4713902 0.086469427 -0.48535752 9 0 0 0 19
-1.5676624 -0.11815703 -0.90865344 9 0 0 0 19
-1.2317592 0.41518143 -0.5955506 9 0 0 0 19
-1.4974945 -0.0054587172 -1.0547417 9 0 0 0 19
-1.4328097 0.12745014 -1.2406511 9 0 0 0 19
-1.4581059 0.086146869 -1.2209224 9 0 0 0 19
-1.6082567 -0.15427743 -1.0062882 9 0 0 0 19
-1.1890508 0.4645915 -1.2181473 9 0 0 0 19
-1.0787368 0.63171941 -0.61157829 9 0 0 0 19
-1.5326241 -0.0083660353 -0.39235654 9 0 0 0 19
-1.6513654 -0.19506547 -0.9948644 9 0 0 0 19
-1.1449728 0.51137578 -1.1405138 9 0 0 0 19
-1.4250444 0.14726868 -0.45492154 9 0 0 0 19
-1.5010601 0.014858129 -0.4568308 9 0 0 0 19
-1.2488806 0.3797006 -1.3146595 9 0 0 0 19
-1.6430269 -0.20159668 -0.88444352 9 0 0 0 19
-1.562552 -0.041456807 -1.1292735 9 0 0 0 19
-1.2042413 0.45439824 -0.56551981 9 0 0 0 19
-1.6746846 -0.2494188 -0.99843192 9 0 0 0 19
-1.3065305 0.27407661 -1.158504 9 0 0 0 19
-1.0607536 0.67113185 -0.48533368 9 0 0 0 19
-1.4253 0.1131052 -0.3290965 9 0 0 0 19
-1.3871441 0.16924226 -1.1255389 9 0 0 0 19
-1.3370966 0.2491985 -0.53984302 9 0 0 0 19
-1.4863381 0.038410529 -0.32617086 9 0 0 0 19
-1.1377014 0.52412117 -0.76218331 9 0 0 0 19
-1.5899425 -0.11478967 -0.89487165 9 0 0 0 19
-1.2419996 0.39337531 -0.49461746 9 0 0 0 19
-1.4496447 0.1192003 -0.65183878 9 0 0 0 19
-1.5130049 0.0043268818 -0.23816556 9 0 0 0 19
-1.1040351 0.58351904 -0.6563766 9 0 0 0 19
-1.2937205 0.29296717 -0.46929732 9 0 0 0 19
-1.591777 -0.094063662 -0.9993124 9 0 0 0 19
-1.6314825 -0.17824738 -0.9366076 9 0 0 0 19
-1.1629065 0.47789845 -1.1661011 9 0 0 0 19
-1.6979949 0.031955838 -0.81594312 10 0 0 0 19
-1.3502089 0.45250928 -1.38833 10 0 0 0 19
-1.471185 0.31055626 -0.99155337 10 0 0 0 19
-1.3191047 0.53147984 -0.75070405 10 0 0 0 19
-1.3061938 0.53925455 -0.63981909 10 0 0 0 19
-1.6224351 0.14844738 -0.26479244 10 0 0 0 19
-1.3560669 0.48082924 -0.83966625 10 0 0 0 19
-1.167053 0.73584324 -0.72731036 10 0 0 0 19
-1.5561432 0.18734851 -1.1385694 10 0 0 0 19
-1.2893232 0.58575106 -0.62415928 10 0 0 0 19
-1.1702359 0.71629035 -1.0444609 10 0 0 0 19
-1.3832024 0.42377031 -1.2325363 10 0 0 0 19
-1.4268988 0.39829352 -0.8540498 10 0 0 0 19
-1.2230438 0.65985125 -1.0033307 10 0 0 0 19
-1.1640331 0.73001987 -0.64634633 10 0 0 0 19
-1.2373419 0.64778882 -0.82552224 10 0 0 0 19
-1.4578389 0.3174895 -0.94000214 10 0 0 0 19
-1.23296 0.65983635 -0.77115971 10 0 0 0 19
-1.6076927 0.1619104 -0.40877607 10 0 0 0 19
-1.6088108 0.14393634 -0.77592909 10 0 0 0 19
-1.610832 0.12879726 -0.7476154 10 0 0 0 19
-1.6639687 0.077618271 -0.68157184 10 0 0 0 19
-1.641961 0.099604473 -0.59286582 10 0 0 0 19
-1.70481 0.044016249 -0.99081504 10 0 0 0 19
-1.6753304 0.047705628 -1.1009841 10 0 0 0 19
-1.5361948 0.1952527 -1.2251383 10 0 0 0 19
-1.645028 0.094331026 -0.79403651 10 0 0 0 19
-1.4215547 0.43071717 -0.42034525 10 0 0 0 19
-1.5822129 0.15220258 -1.0935328 10 0 0 0 19
-1.6874964 -0.0043273559 -1.0501595 10 0 0 0 19
-1.4488934 0.36916947 -0.5502215 10 0 0 0 19
-1.3531237 0.50188607 -0.86341691 10 0 0 0 19
-1.4199773 0.40955108 -0.65485364 10 0 0 0 19
-1.2001064 0.64576685 -1.3177609 10 0 0 0 19
-1.6753789 0.053218033 -0.87103492 10 0 0 0 19
-1.7595761 -0.08325883 -1.0181 10 0 0 0 19
-1.213716 0.65944219 -1.2896217 10 0 0 0 19
-1.6335114 0.11580476 -0.95368338 10 0 0 0 19
-1.6022836 0.12927513 -0.91916043 10 0 0 0 19
-1.6059848 0.13928665 -0.63327575 10 0 0 0 19
-1.0281192 0.86556053 -0.80414897 11 0 0 0 19
-1.2981262 0.42836508 -1.0193222 11 0 0 0 19
-1.2103497 0.55407691 -0.99212784 11 0 0 0 19
-1.08566 0.72661507 -1.1747779 11 0 0 0 19
-1.4953202 0.20923935 -0.41410664 11 0 0 0 19
-1.4285644 0.25949284 -1.2896674 11 0 0 0 19
-1.2738523 0.53355348 -0.75551009 11 0 0 0 19
-1.6184921 0.004960801 -1.0315944 11 0 0 0 19
-1.2531798 0.54305011 -0.70141673 11 0 0 0 19
-1.3839417 0.31392297 -1.1406232 11 0 0 0 19
-1.4058573 0.24414125 -1.4235407 11 0 0 0 19
-1.4360857 0.28856874 -0.82277602 11 0 0 0 19
-1.3248134 0.44969004 -1.038442 11 0 0 0 19
-1.3725554 0.41401055 -0.71467525 11 0 0 0 19
-1.1834245 0.62500769 -0.77277726 11 0 0 0 19
-1.4292349 0.25207725 -1.1392195 11 0 0 0 19
-1.5764754 0.082585722 -1.0715333 11 0 0 0 19
-1.3978224 0.29771897 -1.2506996 11 0 0 0 19
-1.4318367 0.26633075 -0.92602181 11 0 0 0 19
-1.6846901 -0.094628967 -1.1472589 11 0 0 0 19
-1.4712932 0.15638211 -1.3584235 11 0 0 0 19
-1.2293859 0.5715583 -0.96022391 11 0 0 0 19
-1.6081766 0.024807721 -1.0765795 11 0 0 0 19
-1.1310059 0.71934843 -0.63736749 11 0 0 0 19
-1.3789866 0.36076725 -0.68408251 11 0 0 0 19
-1.43897 0.22663949 -1.1274418 11 0 0 0 19
-1.4102488 0.32131124 -1.0081809 11 0 0 0 19
-1.460526 0.21559383 -1.1026769 11 0 0 0 19
-1.2611538 0.54451489 -0.5106343 11 0 0 0 19
-1.4508944 0.273725 -0.91523194 11 0 0 0 19
-1.3699797 0.3842189 -0.77591592 11 0 0 0 19
-1.1439934 0.68865621 -0.66644728 11 0 0 0 19
-1.1094069 0.74012822 -0.74231505 11 0 0 0 19
-1.0520885 0.81562817 -0.80496973 11 0 0 0 19
-1.3953969 0.29684618 -1.2431626 11 0 0 0 19
-1.2312119 0.58228755 -0.54233831 11 0 0 0 19
-1.4071528 0.32926443 -0.81115824 11 0 0 0 19
-1.367098 0.3888984 -0.63418263 11 0 0 0 19
-1.4014282 0.31359243 -0.99665904 11 0 0 0 19
-1.4756156 0.23930921 -0.97760862 11 0 0 0 19
-1.3514068 0.64229161 -1.5139072 12 0 0 0 19
-1.8075264 -0.0059880586 -1.0261476 12 0 0 0 19
-1.6576633 0.24581751 -1.0302523 12 0 0 0 19
-1.7652385 0.060824029 -0.97546679 12 0 0 0 19
-1.502701 0.38907602 -0.70917398 12 0 0 0 19
-1.5672948 0.32286504 -0.78230476 12 0 0 0 19
-1.7513003 0.095395274 -1.0588692 12 0 0 0 19
-1.3876903 0.55857134 -0.7831704 12 0 0 0 19
-1.229925 0.76322317 -0.79180616 12 0 0 0 19
-1.465502 0.45844451 -1.0577354 12 0 0 0 19
-1.2938048 0.68955398 -0.76795536 12 0 0 0 19
-1.4326588 0.50391161 -0.5972122 12 0 0 0 19
-1.5546356 0.35645133 -1.0241076 12 0 0 0 19
-1.3295099 0.64345044 -1.1356827 12 0 0 0 19
-1.7409681 0.09713275 -0.74354297 12 0 0 0 19
-1.3781489 0.59545928 -1.1576279 12 0 0 0 19
-1.6740055 0.17452586 -0.86504245 12 0 0 0 19
-1.6066447 0.22157876 -0.65544277 12 0 0 0 19
-1.3420155 0.63385707 -0.5319894 12 0 0 0 19
-1.7107444 0.12386309 -0.66180837 12 0 0 0 19
-1.3292974 0.66226476 -1.2149469 12 0 0 0 19
-1.7906822 0.049364585 -1.0853565 12 0 0 0 19
-1.3749425 0.56191939 -0.87833577 12 0 0 0 19
-1.6705681 0.20342258 -1.2959858 12 0 0 0 19
-1.2316484 0.75985134 -0.8901217 12 0 0 0 19
-1.1493181 0.87169689 -0.62704325 12 0 0 0 19
-1.7787682 0.070854172 -1.2028822 12 0 0 0 19
-1.6539259 0.2375381 -1.0872593 12 0 0 0 19
-1.3756937 0.59381515 -0.85007751 12 0 0 0 19
-1.5678347 0.30976102 -0.33489126 12 0 0 0 19
-1.6298172 0.22694044 -1.0595255 12 0 0 0 19
-1.4969548 0.4019531 -0.73957986 12 0 0 0 19
-1.4611357 0.44952202 -0.53405881 12 0 0 0 19
-1.3703413 0.58969104 -0.96472484 12 0 0 0 19
-1.5312234 0.36148381 -1.2742018 12 0 0 0 19
-1.5248613 0.4006097 -1.2389951 12 0 0 0 19
-1.4644308 0.43296042 -0.59051055 12 0 0 0 19
-1.574495 0.3112531 -1.2726744 12 0 0 0 19
-1.2547894 0.75053501 -1.1701753 12 0 0 0 19
-1.3085246 0.6430794 -1.2846012 12 0 0 0 19
-1.4596126 0.10824006 -1.2436352 13 0 0 0 19
-1.3902346 0.17554778 -0.7380861 13 0 0 0 19
-1.4539473 0.10127133 -0.66012979 13 0 0 0 19
-1.1488793 0.52086222 -0.51874679 13 0 0 0 19
-1.7092081 -0.2747913 -1.05925 13 0 0 0 19
-1.4442658 0.11810467 -0.61285233 13 0 0 0 19
-1.4322367 0.13721898 -0.7673648 13 0 0 0 19
-1.3804053 0.2209872 -0.73485065 13 0 0 0 19
-1.3870285 0.22834432 -0.74101549 13 0 0 0 19
-1.5115621 0.030264964 -1.1405678 13 0 0 0 19
-1.3371212 0.31050095 -1.3426515 13 0 0 0 19
-1.3848362 0.24433878 -1.1511326 13 0 0 0 19
-1.4427792 0.082972743 -0.57198161 13 0 0 0 19
-1.4137988 0.16295113 -0.76324421 13 0 0 0 19
-1.6866033 -0.23817897 -1.1299434 13 0 0 0 19
-1.2137361 0.4710381 -1.4438717 13 0 0 0 19
-1.3923117 0.1685849 -0.89618677 13 0 0 0 19
-1.3018293 0.34441587 -1.2241328 13 0 0 0 19
-1.2717034 0.3928735 -0.92797101 13 0 0 0 19
-1.594692 -0.12104156 -1.2052559 13 0 0 0 19
-1.6975876 -0.27190438 -1.1148127 13 0 0 0 19
-1.4694024 0.06986665 -0.84094739 13 0 0 0 19
-1.3959835 0.19854061 -1.0695308 13 0 0 0 19
-1.1656621 0.50870377 -1.0581018 13 0 0 0 19
-1.2814969 0.35934022 -0.84682643 13 0 0 0 19
-1.4205748 0.12501934 -0.96747351 13 0 0 0 19
-1.1921585 0.49402893 -0.73520327 13 0 0 0 19
-1.5314486 -0.027829738 -0.35380712 13 0 0 0 19
-1.59576 -0.10885096 -0.73788655 13 0 0 0 19
-1.434767 0.12230268 -0.4423708 13 0 0 0 19
-1.226289 0.45341888 -1.037735 13 0 0 0 19
-1.4030375 0.21421477 -1.2367592 13 0 0 0 19
-1.5551773 -0.040261362 -0.85765862 13 0 0 0 19
-1.3491442 0.28185242 -1.0576736 13 0 0 0 19
-1.3531525 0.25612774 -1.0828866 13 0 0 0 19
-1.6588912 -0.19059682 -1.2073827 13 0 0 0 19
-1.260105 0.42014909 -1.4055922 13 0 0 0 19
-1.3526037 0.25432518 -0.77894783 13 0 0 0 19
-1.4599133 0.096538812 -0.75403774 13 0 0 0 19
-1.451228 0.13200612 -0.90564889 13 0 0 0 19
-1.2136881 0.59252405 -0.73215359 14 0 0 0 19
-1.4436758 0.27788687 -0.96080679 14 0 0 0 19
-1.4654899 0.22348161 -0.95120084 14 0 0 0 19
-1.2184854 0.60842252 -0.66352236 14 0 0 0 19
-1.5036634 0.17833175 -0.42130369 14 0 0 0 19
-1.2685634 0.4841989 -1.4283482 14 0 0 0 19
-1.3758272 0.34296855 -1.3710402 14 0 0 0 19
-1.1089072 0.69188291 -1.1954033 14 0 0 0 19
-1.1613646 0.64179152 -1.2387936 14 0 0 0 19
-1.3275387 0.43786728 -1.2847577 14 0 0 0 19
-1.2285831 0.6102758 -0.65046853 14 0 0 0 19
-1.156247 0.62798512 -1.3558348 14 0 0 0 19
-1.327445 0.42336524 -1.1650271 14 0 0 0 19
-1.1774324 0.66309118 -0.71963102 14 0 0 0 19
-1.0908946 0.77517521 -0.74734384 14 0 0 0 19
-1.5146731 0.16131616 -1.1961716 14 0 0 0 19
-1.360363 0.36144027 -1.1421661 14 0 0 0 19
-1.3894188 0.3431772 -0.89278162 14 0 0 0 19
-1.2885915 0.4427208 -1.4576287 14 0 0 0 19
-1.2406693 0.55340457 -0.94536346 14 0 0 0 19
-1.4838074 0.18090412 -0.76320398 14 0 0 0 19
-1.461615 0.27065703 -1.0591067 14 0 0 0 19
-1.102437 0.74695492 -0.75138462 14 0 0 0 19
-1.4134732 0.30964476 -0.79484314 14 0 0 0 19
-1.1440853 0.68185031 -0.97636509 14 0 0 0 19
-1.6791674 -0.072733812 -1.2552522 14 0 0 0 19
-1.6480291 -0.018517209 -1.0721598 14 0 0 0 19
-1.3896749 0.32442445 -1.0698169 14 0 0 0 19
-1.6173445 0.017265249 -1.2669388 14 0 0 0 19
-1.2244655 0.58705252 -1.1142088 14 0 0 0 19
-1.4649307 0.23154809 -0.86669695 14 0 0 0 19
-1.068783 0.798994 -0.84069437 14 0 0 0 19
-1.5709841 0.0802911 -0.81860203 14 0 0 0 19
-1.5712526 0.033983063 -1.170536 14 0 0 0 19
-1.1695173 0.65052301 -1.3200577 14 0 0 0 19
-1.2489086 0.54031563 -1.2536649 14 0 0 0 19
-1.2522645 0.50976557 -0.91883832 14 0 0 0 19
-1.1270623 0.71579909 -0.70243984 14 0 0 0 19
-1.1635299 0.67690766 -0.69728112 14 0 0 0 19
-1.2097317 0.54257846 -1.3779666 14 0 0 0 19
-1.6622766 0.052583035 -0.55458182 15 0 0 0 19
-1.6622183 0.015055012 -0.72932309 15 0 0 0 19
-1.3087329 0.5441035 -1.1629281 15 0 0 0 19
-1.7393745 -0.10750613 -1.2311296 15 0 0 0 19
-1.3991299 0.37782705 -1.5377251 15 0 0 0 19
-1.2069292 0.67533296 -0.76536649 15 0 0 0 19
-1.7214441 -0.1177342 -0.91043681 15 0 0 0 19
-1.3420238 0.46763235 -0.95256662 15 0 0 0 19
-1.4236929 0.35314885 -1.0193322 15 0 0 0 19
-1.7076821 -0.065584034 -1.1211175 15 0 0 0 19
-1.4780656 0.2298407 -1.2791723 15 0 0 0 19
-1.6979265 -0.04395793 -1.0398387 15 0 0 0 19
-1.4569995 0.31690347 -0.86172366 15 0 0 0 19
-1.6699747 -0.012217526 -1.2040657 15 0 0 0 19
-1.8041865 -0.22590473 -1.2502962 15 0 0 0 19
-1.5673053 0.11855143 -1.3337122 15 0 0 0 19
-1.491541 0.25794816 -0.91717768 15 0 0 0 19
-1.4378413 0.3444764 -0.52868372 15 0 0 0 19
-1.3651425 0.40394691 -1.1218066 15 0 0 0 19
-1.2939954 0.55088001 -0.75790477 15 0 0 0 19
-1.1228397 0.78739691 -0.69304901 15 0 0 0 19
-1.5599972 0.16639745 -0.62271863 15 0 0 0 19
-1.5404384 0.18510984 -1.022746 15 0 0 0 19
-1.420709 0.37570027 -0.75983107 15 0 0 0 19
-1.6380076 0.039999042 -1.214475 15 0 0 0 19
-1.4630308 0.31348345 -0.89873821 15 0 0 0 19
-1.3087701 0.52352744 -1.095192 15 0 0 0 19
-1.6010509 0.14039814 -0.87572145 15 0 0 0 19
-1.6873527 0.0048009758 -0.7659356 15 0 0 0 19
-1.4322497 0.34588614 -0.94364357 15 0 0 0 19
-1.2674906 0.57446003 -0.78181362 15 0 0 0 19
-1.5600024 0.14944163 -0.99586999 15 0 0 0 19
-1.5816964 0.12290296 -0.51443386 15 0 0 0 19
-1.3113538 0.49826092 -1.3382049 15 0 0 0 19
-1.3232658 0.45044309 -1.5190486 15 0 0 0 19
-1.5819881 0.14143819 -0.42071548 15 0 0 0 19
-1.4169284 0.37501568 -1.0175642 15 0 0 0 19
-1.5208088 0.1976676 -1.1529545 15 0 0 0 19
-1.4383802 0.34785172 -0.63011676 15 0 0 0 19
-1.656569 0.02590427 -1.31865 15 0 0 0 19
-1.3532354 0.48288152 -0.43921295 16 0 0 0 19
-1.0716099 0.81079704 -1.0373122 16 0 0 0 19
-1.350091 0.48678678 -0.82527548 16 0 0 0 19
-1.3885243 0.34418875 -1.3809164 16 0 0 0 19
-1.4879074 0.26047933 -0.87849063 16 0 0 0 19
-1.1773795 0.6655463 -1.1067488 16 0 0 0 19
-1.4562581 0.3000665 -0.72242266 16 0 0 0 19
-1.4264401 0.36217463 -0.64187592 16 0 0 0 19
-1.5033389 0.25613576 -0.61289549 16 0 0 0 19
-1.1499501 0.77477509 -0.56283522 16 0 0 0 19
-1.327656 0.46460542 -1.2657106 16 0 0 0 19
-1.2181776 0.64819372 -0.65595454 16 0 0 0 19
-1.5259604 0.1537441 -1.1614597 16 0 0 0 19
-1.5243449 0.23065662 -0.55033314 16 0 0 0 19
-1.2051003 0.65476561 -0.85356146 16 0 0 0 19
-1.432445 0.32388347 -1.0408347 16 0 0 0 19
-1.3512368 0.39676297 -1.3757582 16 0 0 0 19
-1.289223 0.53758132 -1.0171224 16 0 0 0 19
-1.3383576 0.46938711 -1.0978172 16 0 0 0 19
-1.3415996 0.4386982 -1.1970557 16 0 0 0 19
-1.3317194 0.47676411 -1.3523692 16 0 0 0 19
-1.320683 0.50214082 -1.0131797 16 0 0 0 19
-1.4200647 0.36847389 -1.1711733 16 0 0 0 19
-1.080619 0.8343702 -0.94820213 16 0 0 0 19
-1.3154696 0.49366242 -0.56993049 16 0 0 0 19
-1.5044159 0.20350036 -1.2204052 16 0 0 0 19
-1.1121821 0.79226089 -1.0301757 16 0 0 0 19
-1.4886603 0.24863189 -0.86361229 16 0 0 0 19
-1.3604895 0.44115061 -1.3072147 16 0 0 0 19
-1.5219001 0.20310801 -0.71363747 16 0 0 0 19
-1.2950139 0.55715865 -0.56025177 16 0 0 0 19
-1.4554914 0.31218597 -0.48590928 16 0 0 0 19
-1.6781349 -0.06122674 -1.1592431 16 0 0 0 19
-1.4297683 0.36329776 -0.38524303 16 0 0 0 19
-1.2839677 0.56707573 -0.61461866 16 0 0 0 19
-1.3721946 0.43211991 -0.69327086 16 0 0 0 19
-1.1808525 0.6972698 -1.0472858 16 0 0 0 19
-1.3722607 0.39215189 -1.0903394 16 0 0 0 19
-1.2990426 0.52341163 -0.56095636 16 0 0 0 19
-1.4970883 0.23055468 -1.032563 16 0 0 0 19
-1.2693697 0.33815342 -1.3378196 17 0 0 0 19
-1.4977878 0.068557404 -0.58460283 17 0 0 0 19
-1.4620731 0.074332185 -1.375659 17 0 0 0 19
-1.3710158 0.22749017 -1.176778 17 0 0 0 19
-1.5568515 -0.07648474 -1.2048229 17 0 0 0 19
-1.4593779 0.066405848 -0.94851148 17 0 0 0 19
-1.1182406 0.59200734 -0.85271925 17 0 0 0 19
-1.1725637 0.4844346 -0.86526448 17 0 0 0 19
-1.0371305 0.70246232 -0.70911908 17 0 0 0 19
-1.0921683 0.62087995 -0.86372894 17 0 0 0 19
-1.2609991 0.400949 -0.70126194 17 0 0 0 19
-1.2533208 0.3903144 -0.97472936 17 0 0 0 19
-1.3511606 0.26123863 -0.859079 17 0 0 0 19
-1.5009015 0.012911653 -0.81011689 17 0 0 0 19
-1.5000559 0.026450761 -0.876719 17 0 0 0 19
-1.2842869 0.33473334 -1.2277665 17 0 0 0 19
-1.2643844 0.4140735 -0.57679969 17 0 0 0 19
-1.220322 0.44168219 -1.0797981 17 0 0 0 19
-1.1600209 0.53625482 -0.7567687 17 0 0 0 19
-1.3234751 0.26768777 -0.60881269 17 0 0 0 19
-1.2509459 0.34019098 -1.178748 17 0 0 0 19
-1.2902948 0.35524607 -0.5050813 17 0 0 0 19
-1.1661923 0.52124077 -0.57365447 17 0 0 0 19
-1.6034738 -0.047275413 -0.55719256 17 0 0 0 19
-1.2458547 0.37646723 -0.91106594 17 0 0 0 19
-1.5757369 -0.09052971 -1.2164487 17 0 0 0 19
-1.1588709 0.47920159 -0.97530758 17 0 0 0 19
-1.3661537 0.20816821 -0.64340299 17 0 0 0 19
-1.6402072 -0.16515096 -1.2471678 17 0 0 0 19
-1.1960363 0.50394732 -0.55953354 17 0 0 0 19
-1.681782 -0.23714073 -1.1443366 17 0 0 0 19
-1.4244279 0.16010578 -0.58628035 17 0 0 0 19
-1.2457734 0.43073618 -0.7823599 17 0 0 0 19
-1.1762695 0.46737415 -1.2578537 17 0 0 0 19
-1.6101786 -0.13352163 -1.2656007 17 0 0 0 19
-1.4460644 0.15764517 -0.75296307 17 0 0 0 19
-1.286898 0.38252166 -0.50432873 17 0 0 0 19
-1.1496285 0.51813841 -1.1910875 17 0 0 0 19
-1.4133052 0.1568163 -1.1778613 17 0 0 0 19
-1.3297408 0.30221164 -0.81417793 17 0 0 0 19
-1.4057263 0.28262731 -0.87310028 18 0 0 0 19
-1.7450835 -0.21043395 -1.2446287 18 0 0 0 19
-1.4246291 0.31349522 -0.72391808 18 0 0 0 19
-1.640183 -0.016635872 -0.54024929 18 0 0 0 19
-1.4466386 0.23415434 -1.1647029 18 0 0 0 19
-1.4551767 0.25434628 -0.80579573 18 0 0 0 19
-1.5587929 0.10474872 -0.83089429 18 0 0 0 19
-1.630085 -0.018456701 -0.88249314 18 0 0 0 19
-1.3195977 0.41827756 -0.96721596 18 0 0 0 19
-1.6721909 -0.058963574 -0.65913826 18 0 0 0 19
-1.7028421 -0.1621412 -1.1239561 18 0 0 0 19
-1.4492544 0.27376124 -0.47773677 18 0 0 0 19
-1.3896841 0.29571989 -1.4163587 18 0 0 0 19
-1.5526338 0.059246022 -1.1496052 18 0 0 0 19
-1.2601331 0.51806223 -0.73927224 18 0 0 0 19
-1.27744 0.48431027 -1.2731701 18 0 0 0 19
-1.677441 -0.085970692 -0.75792336 18 0 0 0 19
-1.454589 0.24630857 -0.95410651 18 0 0 0 19
-1.1101509 0.71328235 -0.8424753 18 0 0 0 19
-1.4843754 0.15771063 -1.0713794 18 0 0 0 19
-1.4557903 0.16482928 -1.1693445 18 0 0 0 19
-1.3706396 0.40885335 -0.58380336 18 0 0 0 19
-1.4164436 0.2568247 -1.2485079 18 0 0 0 19
-1.4474704 0.27250481 -0.67272913 18 0 0 0 19
-1.1965249 0.58103848 -1.0792931 18 0 0 0 19
-1.421068 0.3418518 -0.53964478 18 0 0 0 19
-1.2943256 0.50730199 -0.53794539 18 0 0 0 19
-1.6270182 0.0066893571 -0.52415925 18 0 0 0 19
-1.3759642 0.32522449 -1.0816458 18 0 0 0 19
-1.5621676 0.074524209 -1.1353577 18 0 0 0 19
-1.4014102 0.31655559 -1.2575167 18 0 0 0 19
-1.4405838 0.25323963 -1.0005617 18 0 0 0 19
-1.437418 0.25560418 -0.73534173 18 0 0 0 19
-1.4973171 0.1426162 -1.2694765 18 0 0 0 19
-1.1574247 0.66134864 -0.78241456 18 0 0 0 19
-1.4223439 0.30784076 -0.86257446 18 0 0 0 19
-1.2956073 0.45932403 -1.271221 18 0 0 0 19
-1.4273525 0.28234914 -0.54625249 18 0 0 0 19
-1.2467144 0.55341637 -0.71191764 18 0 0 0 19
-1.3792905 0.33656454 -1.2587484 18 0 0 0 19
-1.5502021 0.16946347 -1.1015818 19 0 0 0 19
-1.7978952 -0.21936849 -1.2669176 19 0 0 0 19
-1.4039639 0.36014023 -0.81574106 19 0 0 0 19
-1.6053418 0.13014095 -0.94620872 19 0 0 0 19
-1.6883619 0.025064588 -0.60481364 19 0 0 0 19
-1.6861496 -0.0044401647 -0.67167836 19 0 0 0 19
-1.4278607 0.30378559 -1.3998169 19 0 0 0 19
-1.2623523 0.51333982 -1.3323753 19 0 0 0 19
-1.1959411 0.6718657 -1.0043842 19 0 0 0 19
-1.2721663 0.56357014 -0.62594986 19 0 0 0 19
-1.3446052 0.42937601 -1.5617507 19 0 0 0 19
-1.48882 0.27421105 -0.76260304 19 0 0 0 19
-1.6257571 0.021849962 -1.3546972 19 0 0 0 19
-1.5139737 0.19492555 -1.0400845 19 0 0 0 19
-1.3769301 0.38130283 -0.82062072 19 0 0 0 19
-1.5634489 0.18040775 -0.5158512 19 0 0 0 19
-1.2655257 0.56294006 -0.67931157 19 0 0 0 19
-1.4351488 0.36383203 -0.56921887 19 0 0 0 19
-1.5210749 0.23234335 -0.70466244 19 0 0 0 19
-1.5610687 0.14007798 -0.75926006 19 0 0 0 19
-1.5199915 0.22235864 -0.54099512 19 0 0 0 19
-1.5491927 0.17451997 -0.55888724 19 0 0 0 19
-1.4332746 0.32100603 -0.82004422 19 0 0 0 19
-1.1971023 0.63702726 -0.98001933 19 0 0 0 19
-1.4781935 0.22388868 -1.310693 19 0 0 0 19
-1.5781369 0.080550157 -1.382948 19 0 0 0 19
-1.230449 0.63148725 -0.66238391 19 0 0 0 19
-1.6309514 0.03275685 -1.0071418 19 0 0 0 19
-1.358647 0.44726056 -0.51764518 19 0 0 0 19
-1.2854545 0.49461046 -1.5520796 19 0 0 0 19
-1.2242312 0.61043894 -0.75621647 19 0 0 0 19
-1.602461 0.12465828 -0.40714687 19 0 0 0 19
-1.4462161 0.303727 -1.1081308 19 0 0 0 19
-1.732461 -0.10839689 -1.0050745 19 0 0 0 19
-1.1914279 0.6796822 -0.70563149 19 0 0 0 19
-1.3758153 0.33947638 -1.3801707 19 0 0 0 19
-1.6666803 0.0035883745 -0.79116583 19 0 0 0 19
-1.7352414 -0.11268089 -1.1336812 19 0 0 0 19
-1.7908107 -0.16964328 -1.2709544 19 0 0 0 19
-1.2489781 0.56555271 -0.97127563 19 0 0 0 19
