# .PCD v0.7 - Point Cloud Data file format
VERSION 0.7
FIELDS x y z intensity normal_x normal_y normal_z curvature
SIZE 4 4 4 4 4 4 4 4
TYPE F F F F F F F F
COUNT 1 1 1 1 1 1 1 1
WIDTH 16000
HEIGHT 1
VIEWPOINT 0 0 0 1 0 0 0
POINTS 16000
DATA ascii
1.2783695 0.027368508 -1.7487715 0 0 0 0 0
0.45767778 0.0173041 -1.5021787 0 0 0 0 0
0.92925406 0.01423544 -1.1155185 0 0 0 0 0
1.3794943 0.025808223 -1.1651032 0 0 0 0 0
1.288378 0.0085669477 -0.96310318 0 0 0 0 0
0.70556021 0.029580045 -1.1116264 0 0 0 0 0
0.52094942 0.039892223 -1.344099 0 0 0 0 0
0.54473859 0.037958834 -1.5989873 0 0 0 0 0
1.0460138 0.034777373 -1.8963695 0 0 0 0 0
1.0810945 0.042083129 -1.5497508 0 0 0 0 0
0.56583208 0.019689035 -1.1441643 0 0 0 0 0
1.2758847 -0.00078180153 -1.2693452 0 0 0 0 0
0.46913743 0.033326343 -1.6039395 0 0 0 0 0
0.96041107 0.044329736 -1.3133285 0 0 0 0 0
0.85501784 0.016265161 -1.8321304 0 0 0 0 0
0.4571625 0.014187653 -1.4370672 0 0 0 0 0
1.2075351 0.031452332 -1.0603851 0 0 0 0 0
0.52422464 0.026972512 -1.4772835 0 0 0 0 0
1.1727333 0.017066134 -1.7276206 0 0 0 0 0
0.97774357 0.024570972 -1.5963106 0 0 0 0 0
0.81164122 0.036220897 -1.1819547 0 0 0 0 0
1.0425735 0.0060330583 -0.98609298 0 0 0 0 0
1.3757948 0.025394009 -1.5865595 0 0 0 0 0
0.98700052 0.032784428 -1.3407085 0 0 0 0 0
0.52273273 0.038456831 -1.5195302 0 0 0 0 0
1.2629552 0.034259945 -1.8547585 0 0 0 0 0
1.3728127 0.033784639 -1.2882166 0 0 0 0 0
0.53549469 0.016895736 -1.5038326 0 0 0 0 0
0.77477163 0.019713398 -1.6294544 0 0 0 0 0
1.4122837 0.023064798 -1.2841257 0 0 0 0 0
1.2262075 0.011444121 -1.5391768 0 0 0 0 0
0.7493217 0.028926283 -1.8787302 0 0 0 0 0
0.76201761 0.025768701 -1.7033044 0 0 0 0 0
0.8739357 0.018137716 -1.3435963 0 0 0 0 0
0.92626995 0.02758456 -1.515092 0 0 0 0 0
1.2276845 0.024341859 -1.5082215 0 0 0 0 0
0.47022137 0.03223661 -1.6635922 0 0 0 0 0
1.1885494 0.028827555 -1.675458 0 0 0 0 0
1.339341 0.030398315 -1.2068961 0 0 0 0 0
1.3841037 0.017518634 -1.2733399 0 0 0 0 0
0.87670189 0.021687731 -1.151843 1 0 0 0 0
0.72703063 0.023169769 -1.2661344 1 0 0 0 0
1.2888842 0.027343335 -1.25574 1 0 0 0 0
0.47836825 0.024793599 -1.5443932 1 0 0 0 0
1.0775003 0.04344726 -1.1997995 1 0 0 0 0
0.99162126 0.023124894 -1.162446 1 0 0 0 0
1.0595375 0.033528101 -1.5229443 1 0 0 0 0
0.58438975 0.026815658 -1.1945765 1 0 0 0 0
0.6318261 0.021431556 -1.1843392 1 0 0 0 0
1.2951933 0.0028065324 -1.1157377 1 0 0 0 0
0.93767375 0.014323152 -1.8803717 1 0 0 0 0
0.62759507 0.014070432 -1.1649177 1 0 0 0 0
0.79008198 0.033955801 -1.5682287 1 0 0 0 0
0.56673908 0.019290781 -1.3909055 1 0 0 0 0
0.65938431 0.029692169 -1.2242259 1 0 0 0 0
0.80576724 0.037556928 -1.455003 1 0 0 0 0
1.434409 0.019356348 -1.6577176 1 0 0 0 0
1.0980661 0.025453651 -0.93811136 1 0 0 0 0
1.2927022 0.034232069 -1.1998514 1 0 0 0 0
0.87904119 0.03355933 -1.0307729 1 0 0 0 0
1.0759178 0.011619229 -1.0262319 1 0 0 0 0
0.71419758 0.019994831 -1.8571371 1 0 0 0 0
1.3778187 0.030055653 -1.4152927 1 0 0 0 0
0.97626799 0.036492459 -1.6154187 1 0 0 0 0
0.57903033 0.035751402 -1.2746644 1 0 0 0 0
0.84251124 0.030683246 -1.0342174 1 0 0 0 0
1.1079662 0.047322035 -1.3357539 1 0 0 0 0
1.3362097 0.028987518 -1.6732054 1 0 0 0 0
0.47283292 0.033320464 -1.6525927 1 0 0 0 0
0.9979682 0.030798839 -1.5638062 1 0 0 0 0
0.93600053 0.030919103 -1.173162 1 0 0 0 0
0.78965616 0.026890386 -1.5548891 1 0 0 0 0
1.0714505 0.028511217 -1.2234368 1 0 0 0 0
0.85580564 0.031924486 -1.2774324 1 0 0 0 0
1.2698517 0.033459451 -1.1517003 1 0 0 0 0
1.2331411 0.015248652 -1.0147101 1 0 0 0 0
0.5863505 0.034597691 -1.6319456 1 0 0 0 0
0.57040995 0.021042971 -1.8527666 1 0 0 0 0
1.1680967 0.020718398 -1.6004788 1 0 0 0 0
0.68035316 0.035443429 -1.0335515 1 0 0 0 0
0.50910759 0.035131339 -1.0748097 2 0 0 0 0
1.3849421 0.026429972 -1.6780615 2 0 0 0 0
1.2282748 0.051643819 -1.6211556 2 0 0 0 0
1.2757093 0.027911291 -1.7059884 2 0 0 0 0
0.91591579 0.016864525 -1.0116059 2 0 0 0 0
0.99521536 0.0074878852 -1.7740895 2 0 0 0 0
0.88146871 0.017730268 -1.270373 2 0 0 0 0
0.49230677 0.032984175 -1.5039158 2 0 0 0 0
1.3044935 0.015999347 -1.5947893 2 0 0 0 0
1.2578279 0.02934245 -1.4448532 2 0 0 0 0
1.0630393 0.019918371 -1.7239137 2 0 0 0 0
0.72034508 0.036610994 -1.4834099 2 0 0 0 0
0.61286563 0.024050388 -1.4292186 2 0 0 0 0
1.2471209 0.01456647 -1.8340043 2 0 0 0 0
1.4225532 0.036632963 -1.2220705 2 0 0 0 0
1.4333293 0.030911757 -1.6942239 2 0 0 0 0
1.3597409 0.028084313 -1.6346923 2 0 0 0 0
1.1674061 0.041506339 -1.3143494 2 0 0 0 0
0.93650794 0.03325602 -1.5149179 2 0 0 0 0
1.3132217 0.028418889 -1.2585777 2 0 0 0 0
1.3426934 0.036524512 -1.0863168 2 0 0 0 0
0.45317134 0.019889813 -1.7496258 2 0 0 0 0
0.47173151 0.031330127 -1.1147732 2 0 0 0 0
0.69395679 0.02567644 -1.4894576 2 0 0 0 0
0.66510516 0.026173763 -1.3301452 2 0 0 0 0
1.0904336 0.021727243 -1.7177075 2 0 0 0 0
0.7498498 0.040126935 -1.3054996 2 0 0 0 0
1.0395396 0.030253008 -1.0585073 2 0 0 0 0
0.6747418 0.013757065 -1.398574 2 0 0 0 0
1.2599663 0.031724229 -1.2924881 2 0 0 0 0
0.72015148 0.030467777 -1.3899434 2 0 0 0 0
1.1682018 0.040456008 -1.4518523 2 0 0 0 0
1.0506961 0.017070472 -1.8695251 2 0 0 0 0
0.94483685 0.026633434 -0.94849789 2 0 0 0 0
1.1992348 0.03636181 -1.5790645 2 0 0 0 0
0.65480876 0.024378572 -1.7157928 2 0 0 0 0
0.60075051 0.026247984 -1.2915804 2 0 0 0 0
1.4356275 0.017370014 -1.1751156 2 0 0 0 0
0.63194293 0.027169311 -1.5330747 2 0 0 0 0
0.53712207 0.024967667 -1.1752577 2 0 0 0 0
0.49309534 0.013480112 -1.4147339 3 0 0 0 0
1.4017454 0.031259876 -1.6538469 3 0 0 0 0
1.0161709 0.052113164 -0.91335315 3 0 0 0 0
0.57171518 0.010806451 -1.6570971 3 0 0 0 0
0.97894853 0.025259705 -1.266609 3 0 0 0 0
1.1931185 0.028526749 -1.3679971 3 0 0 0 0
0.69676208 0.039981958 -1.6530621 3 0 0 0 0
0.55244625 0.032430757 -1.6528294 3 0 0 0 0
1.2545072 0.033198539 -1.5183352 3 0 0 0 0
0.61958212 0.033731848 -1.3269926 3 0 0 0 0
0.71286535 0.016937682 -0.92985409 3 0 0 0 0
1.3337544 0.027515015 -1.4129415 3 0 0 0 0
1.3962389 0.038950372 -1.642808 3 0 0 0 0
0.74649405 0.020573365 -1.4552615 3 0 0 0 0
1.3395066 0.031068552 -1.1630815 3 0 0 0 0
0.63686663 0.029209554 -1.4335312 3 0 0 0 0
1.3110725 0.041308295 -1.520816 3 0 0 0 0
0.64602989 0.0098226434 -1.0567992 3 0 0 0 0
1.1663959 0.0084575312 -1.5312697 3 0 0 0 0
0.62590158 0.0097636739 -1.5544007 3 0 0 0 0
1.370052 0.028114213 -1.7271695 3 0 0 0 0
0.74152917 0.020043561 -1.4702082 3 0 0 0 0
1.0355017 0.014540955 -1.6598108 3 0 0 0 0
0.77388978 0.025369566 -1.522186 3 0 0 0 0
1.3408844 0.025457988 -1.8302541 3 0 0 0 0
0.96263558 0.053154983 -1.9003758 3 0 0 0 0
1.2413534 0.029861316 -1.6593335 3 0 0 0 0
1.1318283 0.033460192 -1.0668253 3 0 0 0 0
1.3990757 0.043202315 -1.0726098 3 0 0 0 0
1.4208937 0.017259894 -0.95179397 3 0 0 0 0
0.95167464 0.040097471 -1.7777208 3 0 0 0 0
1.3736413 0.025064586 -1.2330846 3 0 0 0 0
0.70845443 0.025344798 -1.0995374 3 0 0 0 0
0.52382505 0.025025902 -1.1393522 3 0 0 0 0
0.48380303 0.026178576 -1.4037266 3 0 0 0 0
1.4081656 0.024167052 -1.1863054 3 0 0 0 0
0.8897475 0.039838981 -1.5395201 3 0 0 0 0
1.1538184 0.018048096 -1.6750522 3 0 0 0 0
1.0238768 0.017941065 -1.2076486 3 0 0 0 0
0.7941885 0.02753601 -1.07337 3 0 0 0 0
0.62352955 0.03315594 -1.8693876 4 0 0 0 0
1.342967 0.018099701 -1.0328048 4 0 0 0 0
1.2500664 0.033459675 -1.8327316 4 0 0 0 0
1.2255064 0.035480075 -1.8346121 4 0 0 0 0
1.1416167 0.029543966 -1.1643952 4 0 0 0 0
1.1064514 0.0098673711 -1.5732749 4 0 0 0 0
0.76406354 0.013951705 -1.2162431 4 0 0 0 0
0.49190781 0.021724449 -1.382573 4 0 0 0 0
0.80164802 0.036051288 -1.0227267 4 0 0 0 0
1.0876881 0.019443626 -1.7646259 4 0 0 0 0
1.1148016 0.034198876 -1.3092614 4 0 0 0 0
0.86836106 0.043696798 -1.0966691 4 0 0 0 0
0.86559504 0.030575955 -1.3339874 4 0 0 0 0
1.1341982 0.039663266 -1.8900484 4 0 0 0 0
0.72091359 0.032067984 -1.8304534 4 0 0 0 0
0.88582134 0.021543575 -1.0116662 4 0 0 0 0
1.430213 0.016814994 -1.688265 4 0 0 0 0
0.52612555 0.031876247 -1.3148221 4 0 0 0 0
0.4426004 0.020585706 -1.5194461 4 0 0 0 0
0.75739467 0.027206287 -1.4869289 4 0 0 0 0
0.76825494 0.018939042 -1.0453995 4 0 0 0 0
1.0621375 0.017846975 -1.475282 4 0 0 0 0
0.6510368 0.031715378 -1.6943204 4 0 0 0 0
1.1251997 0.022043832 -1.3872191 4 0 0 0 0
0.94405812 0.042475086 -1.7461926 4 0 0 0 0
0.58008611 0.023715094 -1.1422395 4 0 0 0 0
0.65045089 0.023960639 -1.5970917 4 0 0 0 0
0.55107367 0.029936315 -1.6438367 4 0 0 0 0
0.65977836 0.023608288 -1.8796552 4 0 0 0 0
1.2257383 0.012917274 -1.3557934 4 0 0 0 0
0.61850297 0.037466638 -1.3781456 4 0 0 0 0
0.49641281 0.025843935 -1.6812407 4 0 0 0 0
0.8185007 0.021344857 -1.7883078 4 0 0 0 0
0.87232989 0.0042108223 -1.8563107 4 0 0 0 0
1.0570714 0.041021001 -1.6999044 4 0 0 0 0
1.2573644 0.038830407 -1.8700837 4 0 0 0 0
0.65233761 0.028068224 -1.4095188 4 0 0 0 0
0.89543551 0.03599732 -1.4172482 4 0 0 0 0
1.1074077 0.02235353 -1.7050047 4 0 0 0 0
0.49333653 0.020372495 -1.6703991 4 0 0 0 0
0.67486978 0.015284741 -1.4813881 5 0 0 0 0
0.87368822 0.011963403 -1.3588634 5 0 0 0 0
1.1493741 0.028137779 -1.8530823 5 0 0 0 0
1.1800385 0.018791724 -1.4941283 5 0 0 0 0
0.44855267 0.026119294 -1.6605574 5 0 0 0 0
1.152807 0.037075717 -0.96713084 5 0 0 0 0
0.45378709 0.025691617 -1.880495 5 0 0 0 0
0.46745315 0.024185525 -1.426433 5 0 0 0 0
0.50025862 0.027051155 -1.2186255 5 0 0 0 0
0.61303777 0.0092603182 -1.4017179 5 0 0 0 0
1.206313 0.0069273096 -1.5898824 5 0 0 0 0
0.80687886 0.043671597 -1.5298246 5 0 0 0 0
1.0612234 0.039504096 -1.2178917 5 0 0 0 0
1.1814846 0.030526279 -1.3564998 5 0 0 0 0
0.81365335 0.050819933 -1.0646483 5 0 0 0 0
1.3723183 0.026948968 -1.4083695 5 0 0 0 0
1.2886288 0.040933918 -1.800819 5 0 0 0 0
0.93949085 0.037102751 -1.0675527 5 0 0 0 0
0.58282286 0.028940443 -1.7307205 5 0 0 0 0
1.223473 0.023758726 -1.6734096 5 0 0 0 0
1.1648555 0.034168258 -1.5467125 5 0 0 0 0
0.79636902 0.040962398 -1.2841879 5 0 0 0 0
1.1519912 0.031288017 -1.7542188 5 0 0 0 0
0.82803994 0.0057094316 -1.8184427 5 0 0 0 0
0.91108823 0.0080950949 -1.177712 5 0 0 0 0
0.88631243 0.025544832 -1.6985263 5 0 0 0 0
1.2393444 0.029997861 -1.0884786 5 0 0 0 0
0.71322298 0.030929973 -0.94992375 5 0 0 0 0
0.70065451 0.018088033 -1.5837708 5 0 0 0 0
0.59457982 0.040478777 -1.6173267 5 0 0 0 0
1.2560904 0.028384702 -0.94539171 5 0 0 0 0
0.72837186 0.012921114 -1.3278232 5 0 0 0 0
0.96389598 0.039435837 -1.8456026 5 0 0 0 0
0.94843662 0.024387754 -1.5505483 5 0 0 0 0
1.3609774 0.020620113 -1.0509056 5 0 0 0 0
1.3936459 0.020262104 -1.5080489 5 0 0 0 0
1.0503243 0.0298148 -1.4066561 5 0 0 0 0
1.1845486 0.027026262 -1.5728133 5 0 0 0 0
1.0588158 0.016415453 -1.749953 5 0 0 0 0
0.75725192 0.028894378 -1.5781749 5 0 0 0 0
1.1948156 0.015337396 -1.4008126 6 0 0 0 0
1.4338503 0.0259277 -1.156883 6 0 0 0 0
0.50815874 0.026798069 -1.1135341 6 0 0 0 0
0.60872018 0.026372047 -0.97680724 6 0 0 0 0
1.0365638 0.04103259 -1.5257682 6 0 0 0 0
0.8437385 0.029788699 -1.8305562 6 0 0 0 0
1.3248967 0.01874909 -1.1253568 6 0 0 0 0
0.9406206 0.028034592 -1.4393976 6 0 0 0 0
1.204146 0.035059642 -1.4128294 6 0 0 0 0
1.2665372 0.021235995 -1.4709581 6 0 0 0 0
0.56753325 0.043711655 -0.96926755 6 0 0 0 0
0.5432539 0.036800351 -1.1459687 6 0 0 0 0
1.4345431 0.032297567 -0.94066906 6 0 0 0 0
1.4004499 0.025343474 -1.46699 6 0 0 0 0
1.0938885 0.025821408 -1.4769553 6 0 0 0 0
0.73783582 0.038591012 -1.6050659 6 0 0 0 0
1.3747957 0.022909427 -1.4251841 6 0 0 0 0
0.89845908 0.031698182 -1.1215694 6 0 0 0 0
0.5386917 0.0083846748 -1.5734448 6 0 0 0 0
0.90079331 0.028948512 -1.6720976 6 0 0 0 0
1.3915737 0.027121058 -1.4276326 6 0 0 0 0
1.0942316 0.03583407 -1.1638557 6 0 0 0 0
0.46379396 0.010716846 -1.6220723 6 0 0 0 0
0.47892931 0.0098035615 -1.5309196 6 0 0 0 0
0.47544804 0.0045476616 -1.1628919 6 0 0 0 0
1.3611166 0.025798885 -1.4349538 6 0 0 0 0
1.0311205 0.012355825 -0.9195236 6 0 0 0 0
0.4617275 0.030434454 -1.6455795 6 0 0 0 0
0.86819667 0.04008222 -1.2869008 6 0 0 0 0
1.2619065 0.029250691 -1.201919 6 0 0 0 0
0.75122648 0.033432972 -1.2110779 6 0 0 0 0
0.5741021 0.025861902 -1.842263 6 0 0 0 0
0.56616235 0.011955003 -1.5717603 6 0 0 0 0
1.1714946 0.02537461 -0.90713829 6 0 0 0 0
0.97180998 0.022240134 -1.5023481 6 0 0 0 0
0.59716129 0.023716711 -1.3378927 6 0 0 0 0
1.0256484 0.030504167 -1.3272903 6 0 0 0 0
1.2180533 0.021600643 -1.0461518 6 0 0 0 0
0.48345751 0.023411378 -1.3308779 6 0 0 0 0
0.59068441 0.041831214 -1.5080544 6 0 0 0 0
1.4134514 0.045669667 -1.3126295 7 0 0 0 0
0.95356381 0.022611523 -1.1061431 7 0 0 0 0
1.0161321 0.040811818 -1.3209771 7 0 0 0 0
0.51968735 0.021238517 -1.7604213 7 0 0 0 0
0.61610007 0.044755016 -1.119248 7 0 0 0 0
0.49068347 0.0098143658 -1.1274803 7 0 0 0 0
0.60330611 0.015901225 -1.9000446 7 0 0 0 0
0.91757315 0.041740101 -1.7272037 7 0 0 0 0
0.81290781 0.0076602018 -1.2115042 7 0 0 0 0
0.52350557 0.013636461 -1.4108143 7 0 0 0 0
0.81264907 0.023285024 -1.1511631 7 0 0 0 0
0.71614933 0.029605797 -1.3123467 7 0 0 0 0
1.0855373 0.039603107 -1.6850924 7 0 0 0 0
0.8585586 0.016792504 -1.4514555 7 0 0 0 0
0.99294925 0.020730825 -1.5936971 7 0 0 0 0
0.58723736 0.0177096 -0.94410396 7 0 0 0 0
0.50137675 0.013982666 -1.6884309 7 0 0 0 0
0.89169854 0.041899811 -1.1771713 7 0 0 0 0
0.59380448 0.035908669 -1.3139268 7 0 0 0 0
0.72237772 0.021991771 -1.2824403 7 0 0 0 0
1.3574407 0.039056402 -1.663774 7 0 0 0 0
1.0595031 0.038802251 -1.3794962 7 0 0 0 0
0.78342044 0.025606643 -1.6912073 7 0 0 0 0
1.2665147 0.024293648 -1.6381431 7 0 0 0 0
1.434007 0.024412954 -1.3848765 7 0 0 0 0
1.0685835 0.020960012 -1.4375986 7 0 0 0 0
1.3856902 0.019552106 -1.2187625 7 0 0 0 0
0.66010261 0.017540034 -1.0188663 7 0 0 0 0
1.1622429 0.044116806 -1.7947748 7 0 0 0 0
0.63451457 0.02546286 -1.5336787 7 0 0 0 0
0.67297029 0.018909413 -0.98558837 7 0 0 0 0
1.2043921 0.027945671 -0.97852945 7 0 0 0 0
1.0186274 0.034833252 -1.1751249 7 0 0 0 0
1.108521 0.031359546 -1.4386219 7 0 0 0 0
1.4265453 0.021871613 -1.3233359 7 0 0 0 0
1.258342 0.025408324 -1.8145493 7 0 0 0 0
0.84937775 0.035152674 -1.2621818 7 0 0 0 0
0.61372179 0.016469447 -1.5885425 7 0 0 0 0
1.3202858 0.029888764 -1.7169447 7 0 0 0 0
1.173587 0.020695161 -1.7498531 7 0 0 0 0
1.2013741 0.043997746 -0.97152007 8 0 0 0 0
1.0215355 0.039564986 -1.0908976 8 0 0 0 0
0.46240169 0.018848758 -1.1464061 8 0 0 0 0
1.1062071 0.030345272 -1.2380972 8 0 0 0 0
0.52610123 0.015166347 -1.4402089 8 0 0 0 0
1.3041887 0.01709212 -1.0186082 8 0 0 0 0
0.68367755 0.013527338 -1.2722434 8 0 0 0 0
0.79861045 0.032908238 -1.7720096 8 0 0 0 0
0.61397076 0.029795567 -1.2115721 8 0 0 0 0
1.0120124 0.032116953 -1.5700922 8 0 0 0 0
0.54040849 0.024294758 -1.6602422 8 0 0 0 0
0.72219288 0.037843391 -1.3506297 8 0 0 0 0
1.1495034 0.028277421 -0.98283905 8 0 0 0 0
0.54720616 0.030395694 -1.450447 8 0 0 0 0
0.75546128 0.035447739 -1.7402565 8 0 0 0 0
0.85879016 0.017670294 -1.4256656 8 0 0 0 0
0.73130465 0.03533975 -1.3390559 8 0 0 0 0
1.1313992 0.022883192 -1.3512554 8 0 0 0 0
0.44938856 0.038651764 -0.94518071 8 0 0 0 0
0.66639382 0.022044415 -1.7804121 8 0 0 0 0
1.1321121 0.050224356 -1.688603 8 0 0 0 0
1.3528677 0.014030613 -1.6577101 8 0 0 0 0
0.4606733 0.018801296 -1.8464251 8 0 0 0 0
1.2276975 0.032518622 -1.3236433 8 0 0 0 0
0.48713493 0.017961761 -1.5213479 8 0 0 0 0
0.69416654 0.025721787 -1.2203835 8 0 0 0 0
0.5621956 0.007627673 -1.6958289 8 0 0 0 0
1.0493656 0.037084199 -1.3541068 8 0 0 0 0
1.4129466 0.030122662 -0.99880737 8 0 0 0 0
0.90305781 0.030215494 -1.7856809 8 0 0 0 0
0.70300299 0.024539424 -1.008786 8 0 0 0 0
0.64548928 0.024212064 -1.5446575 8 0 0 0 0
0.69971293 0.0030987337 -1.0398207 8 0 0 0 0
1.101806 0.025293527 -1.1869206 8 0 0 0 0
1.2966369 0.02094491 -1.054008 8 0 0 0 0
0.73041111 0.034727644 -1.1301684 8 0 0 0 0
0.62659961 0.0024112726 -1.6798325 8 0 0 0 0
0.57055122 0.014838207 -1.3717227 8 0 0 0 0
0.49617586 0.012963794 -1.2492945 8 0 0 0 0
0.4705056 0.02063594 -1.2218449 8 0 0 0 0
1.2231632 0.042746231 -1.564253 9 0 0 0 0
0.47991222 0.03114257 -1.8752717 9 0 0 0 0
0.47227436 0.034537103 -1.363605 9 0 0 0 0
1.3750453 0.02582179 -1.2918867 9 0 0 0 0
1.262418 0.028891396 -1.7846029 9 0 0 0 0
0.89754421 0.033388719 -1.8680348 9 0 0 0 0
1.4352963 0.020382555 -1.868907 9 0 0 0 0
0.45094916 0.025144313 -1.1109241 9 0 0 0 0
0.89602214 0.036049046 -0.90528518 9 0 0 0 0
0.57646662 0.023577441 -1.3552411 9 0 0 0 0
1.3306334 0.027090732 -1.2517451 9 0 0 0 0
1.3536428 0.028297959 -1.0273302 9 0 0 0 0
0.91100675 0.019810252 -1.1268305 9 0 0 0 0
1.1763731 0.035090599 -1.5778414 9 0 0 0 0
1.0967851 0.018706126 -1.3713081 9 0 0 0 0
1.241879 0.029624835 -1.8845026 9 0 0 0 0
0.70604485 0.022705778 -1.4770995 9 0 0 0 0
1.2201614 0.029726187 -0.90497226 9 0 0 0 0
0.90066433 0.022890801 -1.4576291 9 0 0 0 0
1.3026619 0.031112555 -1.77714 9 0 0 0 0
0.78357238 0.033313729 -1.3038907 9 0 0 0 0
0.45769241 0.022328656 -1.716494 9 0 0 0 0
1.2086596 0.021139557 -1.2389333 9 0 0 0 0
1.1284797 0.028341614 -1.2728531 9 0 0 0 0
1.2374437 0.026785379 -1.3878304 9 0 0 0 0
1.1103709 0.025163416 -1.3720678 9 0 0 0 0
0.82762378 0.026853492 -1.7014815 9 0 0 0 0
0.73228782 0.034946013 -1.6728435 9 0 0 0 0
1.0362618 0.038227793 -1.0289912 9 0 0 0 0
0.44846094 0.041545212 -1.5402275 9 0 0 0 0
1.212894 0.015266929 -1.1025083 9 0 0 0 0
1.1497674 0.028575705 -1.7120697 9 0 0 0 0
1.1225364 0.029754365 -1.4691839 9 0 0 0 0
0.52833188 0.015806627 -1.2785603 9 0 0 0 0
1.1202022 0.027124388 -1.8855735 9 0 0 0 0
0.88307858 0.04529402 -1.683377 9 0 0 0 0
0.5285176 0.018227339 -1.3580043 9 0 0 0 0
0.57927656 0.026959136 -1.7812881 9 0 0 0 0
1.2222184 0.049439311 -1.1538864 9 0 0 0 0
0.65459073 0.029934507 -1.3782761 9 0 0 0 0
0.79159254 0.029364828 -1.8951271 10 0 0 0 0
1.0885631 0.028049042 -1.0422765 10 0 0 0 0
1.0971718 0.015843609 -1.8165668 10 0 0 0 0
1.0225451 0.023839917 -1.0487187 10 0 0 0 0
0.54348868 0.017876655 -1.4936328 10 0 0 0 0
1.1776212 0.027918277 -1.824253 10 0 0 0 0
0.8188985 0.032253169 -1.789397 10 0 0 0 0
0.82828331 0.033115108 -1.0184128 10 0 0 0 0
0.50623345 0.04225998 -1.4880686 10 0 0 0 0
0.45879662 0.020507904 -1.0556194 10 0 0 0 0
0.6194855 0.033137437 -1.4351041 10 0 0 0 0
1.0906358 0.01422303 -1.1153854 10 0 0 0 0
0.68900049 0.040424522 -1.4186627 10 0 0 0 0
0.93817693 0.033024278 -1.1910582 10 0 0 0 0
0.98037642 0.016857263 -1.5284263 10 0 0 0 0
0.58766037 0.035412632 -1.613483 10 0 0 0 0
0.78138018 0.042313408 -1.3233945 10 0 0 0 0
1.259504 0.024409752 -0.95901638 10 0 0 0 0
0.84946603 0.031076858 -1.2259471 10 0 0 0 0
0.91647631 0.038976941 -0.9568494 10 0 0 0 0
0.98697263 0.034153417 -1.8174644 10 0 0 0 0
0.49998131 0.026828296 -1.2393428 10 0 0 0 0
0.9601863 0.025092635 -1.4106724 10 0 0 0 0
0.81042838 0.017719448 -0.95213974 10 0 0 0 0
0.59363371 0.00089635036 -0.95568937 10 0 0 0 0
0.80896109 0.033683158 -0.93819296 10 0 0 0 0
1.272365 0.037463624 -1.0105134 10 0 0 0 0
1.1795212 0.032349307 -1.2315925 10 0 0 0 0
0.75224 0.027532434 -1.530117 10 0 0 0 0
1.2680492 0.016810639 -1.0860126 10 0 0 0 0
1.39091 0.018686017 -1.2529305 10 0 0 0 0
0.56247753 0.036372792 -1.8370788 10 0 0 0 0
1.338238 0.026428511 -1.8098127 10 0 0 0 0
0.50470221 0.0256905 -1.6387776 10 0 0 0 0
0.89317381 0.021302091 -1.4030404 10 0 0 0 0
0.564174 0.02396515 -0.96262169 10 0 0 0 0
0.94062853 0.023551567 -1.203714 10 0 0 0 0
0.789487 0.021586273 -1.8418282 10 0 0 0 0
0.94159245 0.023950877 -1.6827129 10 0 0 0 0
0.72787076 0.041776162 -1.6579956 10 0 0 0 0
1.3833565 0.022704437 -1.5711936 11 0 0 0 0
0.47008699 0.018153725 -1.1614947 11 0 0 0 0
1.1730027 0.027944785 -1.8515403 11 0 0 0 0
1.4084398 0.029332643 -1.7684171 11 0 0 0 0
0.505961 0.023907894 -1.6420505 11 0 0 0 0
1.3140402 0.034796879 -1.80813 11 0 0 0 0
0.83680534 0.041538633 -0.96437454 11 0 0 0 0
1.1714481 0.024272995 -1.2318888 11 0 0 0 0
1.1412559 0.05203075 -1.1385832 11 0 0 0 0
1.0731747 0.028687034 -1.3574313 11 0 0 0 0
1.1317512 0.015756767 -1.8331473 11 0 0 0 0
0.52368367 0.010830672 -1.8770797 11 0 0 0 0
0.56256372 0.023420414 -1.8387582 11 0 0 0 0
1.4091779 0.013921869 -1.0226256 11 0 0 0 0
1.3571206 0.037509315 -1.5836058 11 0 0 0 0
1.3330588 0.040459 -1.7709392 11 0 0 0 0
0.92787105 0.004323489 -0.9583683 11 0 0 0 0
0.92606622 0.020430477 -1.0517924 11 0 0 0 0
1.1472255 0.031357139 -1.0887035 11 0 0 0 0
1.2583454 0.028977372 -1.7531809 11 0 0 0 0
0.84852946 0.024831405 -1.7307667 11 0 0 0 0
0.56697458 0.022418998 -1.7028507 11 0 0 0 0
0.84732896 0.042880867 -1.0153733 11 0 0 0 0
1.365343 0.03760599 -1.7658622 11 0 0 0 0
1.3735195 0.017261393 -1.3203257 11 0 0 0 0
0.60037696 0.037129946 -1.2765614 11 0 0 0 0
0.65247434 0.02911249 -1.4866585 11 0 0 0 0
0.73089075 0.023639275 -0.97263545 11 0 0 0 0
0.64850086 0.020613259 -1.8740071 11 0 0 0 0
1.1759589 0.028759519 -0.95187765 11 0 0 0 0
1.1231296 0.037076011 -1.0023443 11 0 0 0 0
1.0159055 0.024178503 -0.92382407 11 0 0 0 0
0.92191112 0.024123026 -1.7791821 11 0 0 0 0
1.2887188 0.037559848 -1.6598231 11 0 0 0 0
0.70745206 0.012201673 -1.7578745 11 0 0 0 0
1.3333962 0.033255793 -1.6965328 11 0 0 0 0
0.57608604 0.0047626882 -1.4803792 11 0 0 0 0
1.3862153 0.032273944 -1.3539505 11 0 0 0 0
0.70434451 0.039636966 -1.8700625 11 0 0 0 0
0.72813398 0.029010391 -1.384015 11 0 0 0 0
0.48165885 0.0012044479 -1.7859931 12 0 0 0 0
0.59456229 0.030141873 -1.5611106 12 0 0 0 0
0.44148359 0.017048987 -1.0871717 12 0 0 0 0
1.1665256 0.026993211 -0.93365455 12 0 0 0 0
1.0218441 0.032702196 -1.256452 12 0 0 0 0
1.108675 0.030286973 -1.6061691 12 0 0 0 0
1.132291 0.043073885 -1.5435458 12 0 0 0 0
0.68737149 0.017458808 -1.1197616 12 0 0 0 0
1.2977366 0.042087648 -1.551151 12 0 0 0 0
1.0450201 0.012937066 -0.9506259 12 0 0 0 0
1.379344 0.018824195 -1.5671257 12 0 0 0 0
0.59912884 0.00096745614 -1.3286418 12 0 0 0 0
1.0565528 0.033806227 -1.2484411 12 0 0 0 0
0.61120301 0.022250058 -1.8311473 12 0 0 0 0
0.87517262 0.012736757 -1.1043953 12 0 0 0 0
0.90754527 0.021831149 -1.802029 12 0 0 0 0
1.0639061 0.0035743332 -1.0517466 12 0 0 0 0
1.2412213 0.015370221 -1.6635195 12 0 0 0 0
1.1025586 0.017685182 -1.2325271 12 0 0 0 0
1.1716878 0.025676329 -1.8686926 12 0 0 0 0
0.80829185 0.032173026 -1.0417968 12 0 0 0 0
0.85456252 0.026845627 -1.1263031 12 0 0 0 0
0.93957889 0.039541554 -1.6278886 12 0 0 0 0
0.74637097 0.013552256 -1.1043587 12 0 0 0 0
1.3814803 0.045640018 -1.8036019 12 0 0 0 0
0.68268198 0.017383927 -0.91964406 12 0 0 0 0
1.0242987 0.016422521 -1.1184993 12 0 0 0 0
1.2289579 0.039000388 -1.6585454 12 0 0 0 0
0.62977731 0.030937381 -1.0972124 12 0 0 0 0
1.0987766 0.027354935 -1.3325118 12 0 0 0 0
0.50567287 0.029955853 -1.5913689 12 0 0 0 0
1.2362583 0.019958088 -0.99963975 12 0 0 0 0
0.9305746 0.030188123 -1.2737648 12 0 0 0 0
1.2873087 0.03475808 -1.014842 12 0 0 0 0
0.97717476 0.038099833 -0.96170217 12 0 0 0 0
0.59617448 0.028265508 -1.885214 12 0 0 0 0
0.89396966 0.039204467 -1.8755366 12 0 0 0 0
0.45554358 0.046496868 -1.6694847 12 0 0 0 0
0.69986868 0.039538849 -1.3311934 12 0 0 0 0
1.347823 0.014469435 -1.1147959 12 0 0 0 0
0.91597635 0.055631991 -0.94984514 13 0 0 0 0
0.45478523 0.016423503 -1.0290586 13 0 0 0 0
1.4338487 0.025401767 -1.6127392 13 0 0 0 0
1.4159106 0.019599792 -1.3434696 13 0 0 0 0
0.51177281 0.027447859 -1.8357027 13 0 0 0 0
0.58042437 0.028303107 -1.8269899 13 0 0 0 0
1.2772286 0.027983673 -1.3129964 13 0 0 0 0
1.4386593 0.031081045 -1.8736356 13 0 0 0 0
0.52944523 0.027004108 -1.83971 13 0 0 0 0
0.7947284 0.034730654 -1.4574131 13 0 0 0 0
0.75670278 0.037788313 -1.3331182 13 0 0 0 0
1.0700208 0.022037832 -1.2150339 13 0 0 0 0
0.79395854 0.04079989 -1.0368465 13 0 0 0 0
0.70483702 0.024744974 -1.4522825 13 0 0 0 0
0.88801366 0.032616396 -1.1108922 13 0 0 0 0
1.287763 0.026555201 -1.8004811 13 0 0 0 0
0.53725994 0.02311654 -1.5325629 13 0 0 0 0
1.2842959 0.038223717 -1.5422791 13 0 0 0 0
1.2166622 0.027150502 -1.4228891 13 0 0 0 0
0.69076252 0.03734358 -1.3297343 13 0 0 0 0
0.78575808 0.01942273 -1.8007736 13 0 0 0 0
1.4299765 0.027905168 -0.99289131 13 0 0 0 0
0.85850203 0.015578111 -1.7142956 13 0 0 0 0
0.60178852 0.028959388 -1.2988554 13 0 0 0 0
0.53246057 0.030203834 -1.7253481 13 0 0 0 0
0.96931577 0.046166364 -1.5475149 13 0 0 0 0
1.3199234 0.019416533 -1.2602303 13 0 0 0 0
0.55564892 0.011997799 -1.2992018 13 0 0 0 0
1.1012077 0.035240423 -1.7543113 13 0 0 0 0
0.56333941 0.032885075 -1.6710541 13 0 0 0 0
0.92672974 0.03196232 -0.91666287 13 0 0 0 0
1.1637095 0.033962123 -1.693837 13 0 0 0 0
0.96200073 0.02826458 -1.4436568 13 0 0 0 0
1.3593202 0.013330223 -0.9744525 13 0 0 0 0
0.6222052 0.031858765 -1.2918692 13 0 0 0 0
1.1508981 0.0095590567 -1.5548059 13 0 0 0 0
0.76561791 0.0070926663 -1.1244022 13 0 0 0 0
0.76089633 0.035418857 -1.2646165 13 0 0 0 0
0.91008031 0.032819264 -1.4637638 13 0 0 0 0
0.54242659 0.022593154 -1.0941525 13 0 0 0 0
1.1883456 0.028071584 -1.445473 14 0 0 0 0
1.0633757 0.026259692 -1.4405128 14 0 0 0 0
0.54977959 0.027650576 -0.93052012 14 0 0 0 0
1.0820745 0.038631346 -1.7174314 14 0 0 0 0
1.0452986 0.022438556 -1.8749368 14 0 0 0 0
0.68978119 0.04032214 -1.547769 14 0 0 0 0
0.92483342 0.021958616 -1.8367354 14 0 0 0 0
1.1737865 0.024396401 -1.0926288 14 0 0 0 0
1.1654639 0.036105219 -1.3315033 14 0 0 0 0
1.1695874 0.030385017 -1.8008205 14 0 0 0 0
1.2709175 0.017935324 -1.8236428 14 0 0 0 0
1.0469847 0.019536374 -1.0753146 14 0 0 0 0
1.3669004 0.029304558 -0.94612235 14 0 0 0 0
1.1409595 0.016543964 -1.2726239 14 0 0 0 0
1.3167914 0.026996557 -1.1116663 14 0 0 0 0
1.3825349 0.029747605 -1.6325089 14 0 0 0 0
1.182 0.033898648 -0.95164639 14 0 0 0 0
0.44268924 0.014980487 -1.0612091 14 0 0 0 0
0.75957924 0.02650574 -1.1612898 14 0 0 0 0
0.95130467 0.028984414 -1.176209 14 0 0 0 0
1.1688733 0.028600311 -1.6241163 14 0 0 0 0
1.2870957 0.021396549 -1.5424597 14 0 0 0 0
1.1384158 0.03169252 -0.98506343 14 0 0 0 0
0.6966989 0.02650556 -1.1521958 14 0 0 0 0
1.3945966 0.02189235 -1.1011652 14 0 0 0 0
0.51707602 0.023920588 -1.3785751 14 0 0 0 0
0.61410379 0.038979147 -1.3576779 14 0 0 0 0
1.1599286 0.034145087 -1.8229841 14 0 0 0 0
0.56901401 0.035934757 -1.6751854 14 0 0 0 0
1.1694223 0.045728173 -1.0541564 14 0 0 0 0
0.87971503 0.043216392 -1.8901082 14 0 0 0 0
0.55078351 0.024407739 -1.6578832 14 0 0 0 0
1.2126639 0.024226002 -0.98692936 14 0 0 0 0
1.3761499 0.023767056 -1.3736377 14 0 0 0 0
0.4976429 0.02992823 -1.8148549 14 0 0 0 0
1.052165 0.027127938 -1.2246054 14 0 0 0 0
0.65108472 0.017962804 -1.7036934 14 0 0 0 0
0.87012213 0.027648311 -1.0692812 14 0 0 0 0
0.99518496 0.025450066 -1.8982171 14 0 0 0 0
0.83117443 0.016983146 -0.94755358 14 0 0 0 0
0.52075928 0.033058338 -1.0898687 15 0 0 0 0
0.6360504 0.036874834 -1.3935039 15 0 0 0 0
0.66113454 0.031313024 -1.5598259 15 0 0 0 0
1.3934752 0.02347197 -1.5659474 15 0 0 0 0
0.46995103 0.0084905969 -1.5263385 15 0 0 0 0
0.89844954 0.017882053 -1.0253954 15 0 0 0 0
0.66118753 0.036315303 -1.8527958 15 0 0 0 0
0.87762249 0.0080421958 -1.445352 15 0 0 0 0
0.71688658 0.04679291 -1.3791162 15 0 0 0 0
1.0160186 0.019542133 -1.4353285 15 0 0 0 0
1.2575415 0.020016724 -1.024308 15 0 0 0 0
1.1691574 0.024310226 -1.2067592 15 0 0 0 0
1.3006762 0.034490161 -1.2745644 15 0 0 0 0
0.66355824 0.0274741 -1.4679075 15 0 0 0 0
1.1298881 0.033364329 -1.73562 15 0 0 0 0
1.0798787 0.023247048 -1.8724672 15 0 0 0 0
1.2532704 0.033352856 -1.1268913 15 0 0 0 0
0.55052918 0.038095478 -0.97931504 15 0 0 0 0
1.2862356 0.032994643 -1.166008 15 0 0 0 0
1.3972298 0.023382684 -1.104611 15 0 0 0 0
1.4072242 0.02277711 -1.2922369 15 0 0 0 0
1.0861162 0.048852414 -0.98139757 15 0 0 0 0
0.65625733 0.038963608 -1.1315012 15 0 0 0 0
1.2161862 0.025017414 -0.97023565 15 0 0 0 0
0.97177035 0.034716483 -1.6633673 15 0 0 0 0
0.64441711 0.022126703 -1.5178573 15 0 0 0 0
0.54779613 0.025802262 -1.6365167 15 0 0 0 0
0.61672497 0.018376471 -1.6347491 15 0 0 0 0
0.96016723 0.028546151 -1.5592096 15 0 0 0 0
0.8851667 0.026968556 -1.5220673 15 0 0 0 0
0.9314273 0.027383732 -1.6262978 15 0 0 0 0
0.75659823 0.013239678 -1.3198665 15 0 0 0 0
1.04096 0.027159104 -1.7844851 15 0 0 0 0
0.94680476 0.050630737 -1.7184944 15 0 0 0 0
0.79431939 0.027996041 -1.4497294 15 0 0 0 0
0.54194206 0.017546009 -1.1063391 15 0 0 0 0
0.79388297 0.01926787 -0.97453296 15 0 0 0 0
1.4053783 0.023028502 -1.2949035 15 0 0 0 0
0.94849777 0.024429725 -1.1887132 15 0 0 0 0
1.0626376 0.030044897 -1.6383274 15 0 0 0 0
1.2157571 0.031292133 -1.1736473 16 0 0 0 0
1.1820375 0.037088409 -1.7717308 16 0 0 0 0
1.261999 0.031117128 -1.8817306 16 0 0 0 0
1.0021576 0.026965713 -1.7344761 16 0 0 0 0
0.5995335 0.033455417 -1.8764813 16 0 0 0 0
1.2642053 0.023398908 -1.6800971 16 0 0 0 0
1.3633741 0.011748516 -1.152422 16 0 0 0 0
0.68378454 0.017529923 -1.8309278 16 0 0 0 0
1.2633731 0.034632206 -1.5713103 16 0 0 0 0
0.97033763 0.03830713 -1.6828756 16 0 0 0 0
1.1114031 0.035147503 -0.99868393 16 0 0 0 0
0.53346878 0.0445702 -1.6698797 16 0 0 0 0
1.4090514 0.036191117 -1.482447 16 0 0 0 0
0.57527184 0.032926273 -1.1859145 16 0 0 0 0
0.52702767 0.015973708 -1.275638 16 0 0 0 0
0.60907352 0.023506094 -1.3499881 16 0 0 0 0
1.4074583 0.02798455 -1.3840597 16 0 0 0 0
0.65530956 0.0088181542 -1.0152448 16 0 0 0 0
0.75000411 0.028655222 -1.273733 16 0 0 0 0
0.48070917 0.016542945 -0.94540435 16 0 0 0 0
0.69990367 0.037937131 -1.3435289 16 0 0 0 0
1.0173366 0.033036012 -1.3257737 16 0 0 0 0
0.47894272 0.030092327 -1.5870682 16 0 0 0 0
1.4326553 0.030070843 -1.5761538 16 0 0 0 0
1.4158887 0.025805363 -1.1148888 16 0 0 0 0
1.1113431 0.037590865 -1.5698513 16 0 0 0 0
0.97936583 0.023302149 -1.741877 16 0 0 0 0
1.2896812 0.056437757 -1.8779432 16 0 0 0 0
0.77944511 0.030222345 -1.2297995 16 0 0 0 0
1.2282965 0.028844794 -1.2398807 16 0 0 0 0
0.98635972 0.045364805 -1.5827094 16 0 0 0 0
0.68441439 0.047687322 -1.1760399 16 0 0 0 0
0.44909474 0.01024629 -1.3520719 16 0 0 0 0
0.75723249 0.042742159 -1.3113778 16 0 0 0 0
0.87839842 0.02459662 -1.5312124 16 0 0 0 0
0.57491869 0.015320258 -1.1439803 16 0 0 0 0
1.2269504 0.017460819 -1.1921514 16 0 0 0 0
1.1635894 0.022522867 -1.5395002 16 0 0 0 0
0.8541044 0.018421322 -1.7624059 16 0 0 0 0
0.93373275 0.047755394 -1.2373379 16 0 0 0 0
0.73001027 0.04770105 -1.1249667 17 0 0 0 0
0.56678462 0.031434797 -1.396605 17 0 0 0 0
0.5387072 0.027098034 -1.361181 17 0 0 0 0
1.1709291 0.030366149 -1.6362438 17 0 0 0 0
1.0238723 0.036438361 -1.8797256 17 0 0 0 0
0.68449801 0.027769083 -1.4287996 17 0 0 0 0
1.4289843 0.033452805 -1.1906756 17 0 0 0 0
0.68897903 0.010572407 -1.5757812 17 0 0 0 0
1.0192254 0.032924034 -1.8005029 17 0 0 0 0
0.86619681 0.0090506179 -1.4931247 17 0 0 0 0
0.82736385 0.032521885 -1.2934018 17 0 0 0 0
0.67956638 0.023200424 -1.7859296 17 0 0 0 0
0.48256826 0.016367974 -1.4172965 17 0 0 0 0
1.048907 0.026428616 -0.91925991 17 0 0 0 0
0.95559531 0.042693611 -1.1946632 17 0 0 0 0
0.64789569 0.022533542 -1.356149 17 0 0 0 0
1.1570264 0.031240677 -1.6217935 17 0 0 0 0
0.66262299 0.030166831 -1.4287641 17 0 0 0 0
0.48373127 0.019764725 -1.8410559 17 0 0 0 0
1.1725916 0.020292334 -1.4995915 17 0 0 0 0
0.91071272 0.032278571 -1.113192 17 0 0 0 0
0.95550138 0.04504757 -1.2616156 17 0 0 0 0
1.357738 0.026923396 -1.7095597 17 0 0 0 0
1.3961575 0.0096978666 -1.0735511 17 0 0 0 0
1.3815678 0.036093373 -0.90837413 17 0 0 0 0
1.0609307 0.033336759 -1.8084933 17 0 0 0 0
0.61250436 0.01574008 -1.2533941 17 0 0 0 0
0.64544576 0.022698015 -1.5527617 17 0 0 0 0
0.88887894 0.018431298 -1.5047978 17 0 0 0 0
0.6460216 0.032845255 -1.6387459 17 0 0 0 0
1.418552 0.034504175 -1.374099 17 0 0 0 0
0.65233612 0.032715708 -1.6014653 17 0 0 0 0
0.96721965 0.013074312 -1.2724733 17 0 0 0 0
1.4216673 0.031990211 -1.7789562 17 0 0 0 0
0.76804852 0.0071487566 -1.2353089 17 0 0 0 0
1.0309961 0.038027979 -1.2501897 17 0 0 0 0
1.2576791 0.01587656 -0.97586334 17 0 0 0 0
1.4086019 0.02036426 -1.398367 17 0 0 0 0
1.0166559 0.029327778 -1.5179434 17 0 0 0 0
1.0997192 0.042707622 -1.1496929 17 0 0 0 0
0.91615838 0.02101538 -1.7812414 18 0 0 0 0
1.2524788 0.033527892 -1.1292626 18 0 0 0 0
0.4803187 0.040797338 -1.5625728 18 0 0 0 0
1.2696487 0.033808295 -1.6226854 18 0 0 0 0
1.0555921 0.039674945 -1.5939786 18 0 0 0 0
0.97353137 0.044752371 -1.087994 18 0 0 0 0
1.430421 0.018286746 -1.2411519 18 0 0 0 0
1.0591279 0.023889426 -1.6479465 18 0 0 0 0
0.99790317 0.028353281 -1.8245865 18 0 0 0 0
1.2830784 0.038505513 -1.2434251 18 0 0 0 0
0.98867106 0.025103565 -1.300959 18 0 0 0 0
1.4013401 0.053604063 -1.7934461 18 0 0 0 0
0.87572533 0.031483635 -1.4050971 18 0 0 0 0
0.93793881 0.027126808 -1.295506 18 0 0 0 0
0.47376716 0.041864023 -1.5159752 18 0 0 0 0
1.3190175 0.03320352 -1.230021 18 0 0 0 0
0.559874 0.022706458 -1.8122493 18 0 0 0 0
1.0869246 0.034948923 -1.306139 18 0 0 0 0
1.1174283 0.044562072 -1.5854434 18 0 0 0 0
0.53241569 0.015746575 -1.7990509 18 0 0 0 0
1.1376512 0.025322327 -1.6872385 18 0 0 0 0
1.3651884 0.021519734 -1.4349775 18 0 0 0 0
0.70585614 0.018244598 -1.4459107 18 0 0 0 0
0.86229682 0.0098329838 -1.3231345 18 0 0 0 0
1.1569507 0.0096789896 -1.1944449 18 0 0 0 0
1.4082435 0.025502028 -1.199862 18 0 0 0 0
1.4209189 0.010468489 -0.91783416 18 0 0 0 0
0.67135704 0.03431857 -1.0236896 18 0 0 0 0
0.72880155 0.022501396 -1.4445691 18 0 0 0 0
1.1200708 0.01355957 -1.3889047 18 0 0 0 0
0.61529368 0.031456087 -1.4048795 18 0 0 0 0
0.90350533 0.049240746 -1.5931747 18 0 0 0 0
0.76934803 0.026550468 -1.8873787 18 0 0 0 0
0.72467762 0.011370015 -1.8243465 18 0 0 0 0
0.90582532 0.02739626 -1.0768486 18 0 0 0 0
1.4190569 0.036770139 -1.3575436 18 0 0 0 0
1.2443477 0.02014352 -1.2886372 18 0 0 0 0
1.1935501 0.018571921 -1.2274328 18 0 0 0 0
1.3377705 0.027790507 -1.5916948 18 0 0 0 0
1.0035168 0.014892946 -1.8354856 18 0 0 0 0
0.47565797 0.033164032 -1.7277083 19 0 0 0 0
1.1961629 0.032719281 -0.91490304 19 0 0 0 0
1.2753458 0.037062209 -1.4059929 19 0 0 0 0
1.4327949 0.033674099 -1.2740408 19 0 0 0 0
0.49823016 0.025605256 -1.7778887 19 0 0 0 0
1.3568543 0.015565691 -1.032225 19 0 0 0 0
0.54529965 0.010819288 -1.6208225 19 0 0 0 0
0.91216719 0.027977865 -1.0273417 19 0 0 0 0
1.2556205 0.024042135 -1.550579 19 0 0 0 0
0.62758601 0.02958608 -1.6802247 19 0 0 0 0
0.68582064 0.036542479 -1.2707462 19 0 0 0 0
1.2700611 0.024045616 -1.6385705 19 0 0 0 0
1.1053772 0.028103828 -0.97471577 19 0 0 0 0
0.64465904 0.041725989 -1.3670999 19 0 0 0 0
1.2916691 0.016534811 -1.7824941 19 0 0 0 0
0.83055061 0.024693189 -1.0145845 19 0 0 0 0
1.0679632 0.034025084 -1.0519018 19 0 0 0 0
0.93070018 0.027051715 -1.0320401 19 0 0 0 0
0.47157905 0.012064614 -1.2139504 19 0 0 0 0
1.3118308 0.036458984 -1.3092872 19 0 0 0 0
1.162318 0.019464795 -1.7422671 19 0 0 0 0
0.84144533 0.022733955 -1.1379935 19 0 0 0 0
1.2360271 0.027002044 -0.94899213 19 0 0 0 0
1.0875925 0.0334865 -1.3102746 19 0 0 0 0
1.0680144 0.00096493488 -1.2180485 19 0 0 0 0
1.0838258 0.047649659 -1.7962046 19 0 0 0 0
0.76533526 0.025470575 -1.5404732 19 0 0 0 0
0.81059092 0.031584185 -1.3290613 19 0 0 0 0
1.0377018 0.008440773 -0.92027265 19 0 0 0 0
1.2234265 0.023606922 -1.5173885 19 0 0 0 0
0.65063888 0.03675209 -1.0186054 19 0 0 0 0
0.64944154 0.025746537 -1.1637151 19 0 0 0 0
0.7627793 0.020525249 -1.1132584 19 0 0 0 0
0.53096724 0.037593614 -1.5537758 19 0 0 0 0
1.3015047 0.0097925365 -1.0445647 19 0 0 0 0
0.99468142 0.020498842 -1.5787749 19 0 0 0 0
0.7113902 0.028701354 -1.5394953 19 0 0 0 0
0.47858751 0.020058447 -1.1051979 19 0 0 0 0
1.1735247 0.01883316 -0.91112328 19 0 0 0 0
1.0710511 0.040315047 -1.2395762 19 0 0 0 0
1.4956152 0.56177765 0.23692644 0 0 0 0 1
1.488752 0.18796098 0.33324167 0 0 0 0 1
1.5064733 -0.11763958 0.888789 0 0 0 0 1
1.5138906 -0.17163269 0.66135126 0 0 0 0 1
1.4982104 -0.22935681 0.41927463 0 0 0 0 1
1.4674851 0.088838443 0.093917727 0 0 0 0 1
1.4792461 0.1770141 0.98827392 0 0 0 0 1
1.4861364 0.25791767 0.19182733 0 0 0 0 1
1.5030982 0.18612072 0.85895163 0 0 0 0 1
1.4800866 -0.32494408 0.5253821 0 0 0 0 1
1.4908774 0.12685168 0.32582435 0 0 0 0 1
1.4726995 0.39758176 0.27083179 0 0 0 0 1
1.5028805 0.1097178 1.0153581 0 0 0 0 1
1.5031325 0.5914458 0.56632417 0 0 0 0 1
1.4930371 -0.014487858 0.34166083 0 0 0 0 1
1.4984782 0.4011052 0.59841061 0 0 0 0 1
1.499346 0.077962615 1.0032438 0 0 0 0 1
1.4973421 -0.17320788 0.82731187 0 0 0 0 1
1.4850692 -0.081865959 0.92736602 0 0 0 0 1
1.4968053 0.079457007 0.72276151 0 0 0 0 1
1.510506 -0.19089086 0.11433051 0 0 0 0 1
1.4901763 -0.17712371 0.31769395 0 0 0 0 1
1.4912519 -0.2141488 0.45243186 0 0 0 0 1
1.487553 0.0253707 0.44287363 0 0 0 0 1
1.4943287 0.13747741 0.91715831 0 0 0 0 1
1.4962335 0.094942421 0.45937946 0 0 0 0 1
1.4946347 -0.053741176 1.0526112 0 0 0 0 1
1.4916645 0.0088048568 0.076918833 0 0 0 0 1
1.4837924 0.5468387 1.0390244 0 0 0 0 1
1.5075508 0.47065672 0.98724169 0 0 0 0 1
1.5085175 0.090005398 0.5029996 0 0 0 0 1
1.5028307 0.35705546 0.22784257 0 0 0 0 1
1.4894336 0.11348014 0.7222591 0 0 0 0 1
1.494045 0.27243105 0.61740655 0 0 0 0 1
1.5073063 0.00044671464 0.41631803 0 0 0 0 1
1.5031927 0.31097096 0.53325182 0 0 0 0 1
1.5062622 0.58941668 0.95200688 0 0 0 0 1
1.4958167 0.47268891 0.53139269 0 0 0 0 1
1.4910319 0.29534444 0.35026386 0 0 0 0 1
1.4925239 0.52276158 0.8679285 0 0 0 0 1
1.4998189 0.008890463 0.3573612 1 0 0 0 1
1.4907397 -0.24807075 0.39106858 1 0 0 0 1
1.5052156 -0.22847871 0.55995131 1 0 0 0 1
1.4986802 0.048815962 0.27353773 1 0 0 0 1
1.4979054 0.21033609 0.93996525 1 0 0 0 1
1.4954619 -0.13196366 0.099448174 1 0 0 0 1
1.5002972 0.22139178 0.30888134 1 0 0 0 1
1.4887077 -0.12905505 0.71974397 1 0 0 0 1
1.4875858 -0.27486286 0.97932261 1 0 0 0 1
1.5059687 0.12722506 0.94497871 1 0 0 0 1
1.4884179 0.07099285 0.96975571 1 0 0 0 1
1.497925 0.17089517 0.10193441 1 0 0 0 1
1.5035828 -0.32203603 0.46512568 1 0 0 0 1
1.5194834 -0.14323771 0.51649868 1 0 0 0 1
1.4989324 -0.17943293 0.78477103 1 0 0 0 1
1.4929911 -0.12421523 0.76028866 1 0 0 0 1
1.4858549 0.18795867 0.7351982 1 0 0 0 1
1.4873291 0.39481765 0.88940799 1 0 0 0 1
1.4908812 0.3430936 0.44397271 1 0 0 0 1
1.4847026 -0.15225604 0.14803566 1 0 0 0 1
1.4763309 -0.13495281 0.47207966 1 0 0 0 1
1.5032213 0.27007923 0.10921516 1 0 0 0 1
1.4881244 0.21594378 0.76276457 1 0 0 0 1
1.5092372 0.28804958 0.41082522 1 0 0 0 1
1.4923401 0.33961183 0.53560752 1 0 0 0 1
1.4969821 0.27926138 0.3639057 1 0 0 0 1
1.4937896 0.069332168 0.45149854 1 0 0 0 1
1.4811021 0.40046191 0.62761617 1 0 0 0 1
1.4842077 0.20510091 0.32960203 1 0 0 0 1
1.4871999 0.2102412 0.39926255 1 0 0 0 1
1.4771084 0.2997694 0.72166389 1 0 0 0 1
1.5063955 0.14818008 0.82802236 1 0 0 0 1
1.4928197 0.11598898 0.22713237 1 0 0 0 1
1.4799529 -0.11127926 0.63045812 1 0 0 0 1
1.5038916 -0.077791214 0.27703011 1 0 0 0 1
1.488237 0.28347838 0.98041725 1 0 0 0 1
1.5082128 -0.024659326 0.84997761 1 0 0 0 1
1.5016468 0.2565603 0.58722281 1 0 0 0 1
1.4890951 0.49546251 0.4885785 1 0 0 0 1
1.4884946 0.059221454 0.92170912 1 0 0 0 1
1.504112 0.046340238 0.14722112 2 0 0 0 1
1.5049963 0.33902001 1.0624925 2 0 0 0 1
1.503636 0.35905144 0.83242595 2 0 0 0 1
1.4959532 0.38058195 0.85131425 2 0 0 0 1
1.493643 0.58151484 0.071465783 2 0 0 0 1
1.4743536 -0.067368567 0.083787426 2 0 0 0 1
1.4881864 -0.33361068 0.30682164 2 0 0 0 1
1.4965106 0.2612946 0.10488097 2 0 0 0 1
1.4883176 0.61879295 0.06583973 2 0 0 0 1
1.4795545 -0.23621646 0.91994411 2 0 0 0 1
1.5034723 -0.092769891 0.93715852 2 0 0 0 1
1.5011727 0.27418786 0.91570252 2 0 0 0 1
1.491569 0.37667423 0.48502535 2 0 0 0 1
1.4879465 0.34650695 0.1208709 2 0 0 0 1
1.5052657 0.5330506 0.52358902 2 0 0 0 1
1.4917961 0.16583821 0.75265324 2 0 0 0 1
1.4736377 0.41747186 0.57030696 2 0 0 0 1
1.4856551 -0.11299168 0.86905342 2 0 0 0 1
1.4903537 -0.13692215 0.44782925 2 0 0 0 1
1.5017503 0.60496855 1.0099479 2 0 0 0 1
1.4955978 0.38689917 0.45058757 2 0 0 0 1
1.4962491 0.40370107 0.3225472 2 0 0 0 1
1.4895871 -0.20425738 0.7385084 2 0 0 0 1
1.5039265 0.033846494 0.55794156 2 0 0 0 1
1.5001291 0.079774372 0.1486848 2 0 0 0 1
1.4722731 -0.070418328 1.0626767 2 0 0 0 1
1.4990488 0.39149818 0.39026353 2 0 0 0 1
1.483047 0.43386087 0.67748231 2 0 0 0 1
1.4993147 0.61697811 1.0148629 2 0 0 0 1
1.4897833 0.23941055 0.78067625 2 0 0 0 1
1.4858793 0.028086051 0.10663448 2 0 0 0 1
1.4909083 0.58669794 0.47327432 2 0 0 0 1
1.5340722 0.45312259 0.18552279 2 0 0 0 1
1.48813 0.15332623 0.38579485 2 0 0 0 1
1.5008656 -0.32941052 0.61128575 2 0 0 0 1
1.4823203 0.20251408 0.81800026 2 0 0 0 1
1.5029668 0.17254813 0.88606399 2 0 0 0 1
1.4839561 -0.027461637 0.60937458 2 0 0 0 1
1.5010014 0.51136482 1.0333455 2 0 0 0 1
1.4842917 0.31475922 0.38160291 2 0 0 0 1
1.4997818 0.14723706 0.38143194 3 0 0 0 1
1.4951113 0.56035608 0.91847312 3 0 0 0 1
1.4831295 -0.06847588 0.9874047 3 0 0 0 1
1.4775862 -0.34821358 0.13762309 3 0 0 0 1
1.4629786 0.17591336 0.23287635 3 0 0 0 1
1.471895 -0.33113962 0.16431426 3 0 0 0 1
1.5022355 0.048934475 0.56263995 3 0 0 0 1
1.5082854 0.39521044 0.6638115 3 0 0 0 1
1.4924167 0.57354307 0.76104414 3 0 0 0 1
1.4746739 0.52392477 0.83892447 3 0 0 0 1
1.4907054 -0.10609573 0.82127035 3 0 0 0 1
1.5082844 -0.35018864 0.076336883 3 0 0 0 1
1.4877243 -0.32489797 0.083908409 3 0 0 0 1
1.4875745 0.43339106 0.74412876 3 0 0 0 1
1.4886115 -0.16544995 0.85899508 3 0 0 0 1
1.5007442 -0.19198281 0.7171796 3 0 0 0 1
1.4981079 0.20253259 0.32941499 3 0 0 0 1
1.4843899 -0.16028042 0.39991179 3 0 0 0 1
1.4919431 0.31077385 0.52586639 3 0 0 0 1
1.4873685 0.058113664 0.6844129 3 0 0 0 1
1.5106467 0.25902432 0.98449975 3 0 0 0 1
1.4895216 -0.27866405 0.81020695 3 0 0 0 1
1.4994551 -0.091661811 0.20366088 3 0 0 0 1
1.5078874 0.48956975 0.70911604 3 0 0 0 1
1.4917866 0.10344949 0.54732251 3 0 0 0 1
1.5037394 -0.30603635 0.27504325 3 0 0 0 1
1.4917412 -0.27544734 0.70999449 3 0 0 0 1
1.4863825 0.019399852 0.85925955 3 0 0 0 1
1.4826055 0.54245043 0.35582069 3 0 0 0 1
1.4793479 -0.12591302 0.74673098 3 0 0 0 1
1.501042 0.38143352 0.16629666 3 0 0 0 1
1.4795717 0.24038601 0.83626771 3 0 0 0 1
1.4784364 0.53245485 0.16712835 3 0 0 0 1
1.4997784 -0.13459688 0.90252095 3 0 0 0 1
1.496557 0.44842365 0.42016384 3 0 0 0 1
1.5084996 0.33924314 1.0627761 3 0 0 0 1
1.4869556 0.36607122 0.7912696 3 0 0 0 1
1.4859368 -0.12983248 0.47569251 3 0 0 0 1
1.501573 0.13635272 0.64493525 3 0 0 0 1
1.4794494 0.48108807 0.77430755 3 0 0 0 1
1.51332 -0.22815147 0.42141628 4 0 0 0 1
1.4972267 0.51761258 0.45519331 4 0 0 0 1
1.4854034 0.13098459 0.71495777 4 0 0 0 1
1.4708282 -0.089297913 0.94108987 4 0 0 0 1
1.4942154 -0.068890586 0.334461 4 0 0 0 1
1.5035112 0.39919221 1.0506527 4 0 0 0 1
1.4908602 -0.093273245 0.57606411 4 0 0 0 1
1.4939804 0.042564489 0.87898809 4 0 0 0 1
1.4945189 0.32549524 0.80138391 4 0 0 0 1
1.5030736 -0.10061209 0.56492615 4 0 0 0 1
1.4714423 -0.064430274 0.072157547 4 0 0 0 1
1.4792655 0.34702596 0.62485135 4 0 0 0 1
1.4907871 0.24292617 0.08812765 4 0 0 0 1
1.483326 -0.21284808 0.34589532 4 0 0 0 1
1.4972887 0.25515357 0.53372854 4 0 0 0 1
1.4897006 -0.043093935 0.61819959 4 0 0 0 1
1.5124967 -0.21387751 0.69983709 4 0 0 0 1
1.5125409 0.31713554 0.84778315 4 0 0 0 1
1.4991882 -0.13874197 0.52411073 4 0 0 0 1
1.4986684 -0.043863196 0.24957503 4 0 0 0 1
1.5052407 0.63988978 0.45907396 4 0 0 0 1
1.502978 0.29153696 0.53797245 4 0 0 0 1
1.5021429 -0.24006954 0.72156596 4 0 0 0 1
1.501056 -0.31946802 0.45903605 4 0 0 0 1
1.4779137 0.50158763 0.59926677 4 0 0 0 1
1.5011252 0.45861146 0.42441303 4 0 0 0 1
1.4907002 -0.27865341 1.0061502 4 0 0 0 1
1.485131 -0.28550777 0.1985012 4 0 0 0 1
1.4870179 0.3573373 0.37740326 4 0 0 0 1
1.4971799 0.13888676 0.37483895 4 0 0 0 1
1.4989105 0.32613495 0.28876886 4 0 0 0 1
1.4991971 0.48066449 0.47336262 4 0 0 0 1
1.4760121 -0.31119055 0.44575718 4 0 0 0 1
1.4900392 -0.33943817 0.71966785 4 0 0 0 1
1.5001651 0.4054077 0.12833405 4 0 0 0 1
1.4866037 0.62559944 0.6959247 4 0 0 0 1
1.4732769 0.63194883 0.8966437 4 0 0 0 1
1.4903448 -0.088237703 0.75557739 4 0 0 0 1
1.5004132 0.11723716 0.5933404 4 0 0 0 1
1.5003703 -0.33524388 0.16312243 4 0 0 0 1
1.4883854 0.38436663 0.32164684 5 0 0 0 1
1.4998244 0.1764414 1.0548828 5 0 0 0 1
1.4819862 0.32326573 0.08237955 5 0 0 0 1
1.5001843 0.60815704 0.89510977 5 0 0 0 1
1.4962354 0.50602084 0.52203798 5 0 0 0 1
1.4864048 -0.027221909 0.19138545 5 0 0 0 1
1.4828604 0.47980371 0.47058773 5 0 0 0 1
1.5041059 0.11967081 0.82461512 5 0 0 0 1
1.4932736 -0.25296375 0.26990595 5 0 0 0 1
1.4964348 0.45640334 1.0045305 5 0 0 0 1
1.4904217 0.15516703 0.442022 5 0 0 0 1
1.4840667 0.57933158 0.26338741 5 0 0 0 1
1.5130062 -0.22997268 0.69139552 5 0 0 0 1
1.5041494 -0.14914843 0.9209168 5 0 0 0 1
1.488296 0.4059203 1.0517622 5 0 0 0 1
1.4801195 -0.22252366 0.19446723 5 0 0 0 1
1.5073802 -0.0030172202 0.95581353 5 0 0 0 1
1.5115745 -0.18511628 0.76389098 5 0 0 0 1
1.4760658 -0.33391261 0.88065559 5 0 0 0 1
1.4970427 -0.34971499 1.0645711 5 0 0 0 1
1.4901371 -0.16726154 0.10699703 5 0 0 0 1
1.5082771 0.10596472 0.87492335 5 0 0 0 1
1.4850404 0.23950322 0.33907935 5 0 0 0 1
1.49454 -0.1972027 0.19815372 5 0 0 0 1
1.4945284 0.20477226 0.77450591 5 0 0 0 1
1.5005161 0.058859546 1.0029325 5 0 0 0 1
1.4957472 -0.26130027 0.4576146 5 0 0 0 1
1.4951947 0.024369344 0.54844445 5 0 0 0 1
1.5040869 0.21924086 0.25913057 5 0 0 0 1
1.4830704 0.32301146 0.29003724 5 0 0 0 1
1.5112172 0.63428581 0.35204262 5 0 0 0 1
1.485804 0.10458992 0.57171375 5 0 0 0 1
1.4936409 -0.10484955 0.2504594 5 0 0 0 1
1.5113827 0.32502654 0.75941026 5 0 0 0 1
1.4843361 -0.35042143 0.84681219 5 0 0 0 1
1.4931985 -0.053702436 0.95621461 5 0 0 0 1
1.4882076 0.34217021 1.0501035 5 0 0 0 1
1.4951845 0.33322972 0.52646792 5 0 0 0 1
1.48102 0.51473981 0.93182808 5 0 0 0 1
1.4931172 0.029717563 0.49900988 5 0 0 0 1
1.4848201 0.17873913 1.054945 6 0 0 0 1
1.4971058 0.15156537 0.14798631 6 0 0 0 1
1.4959618 -0.28606862 0.90194613 6 0 0 0 1
1.4752362 0.35938382 0.80883521 6 0 0 0 1
1.4992496 0.6443913 0.30532899 6 0 0 0 1
1.478967 0.121888 0.54118747 6 0 0 0 1
1.495198 -0.024921743 0.14868605 6 0 0 0 1
1.486203 0.081699461 0.30978921 6 0 0 0 1
1.4986902 0.40132344 0.067384101 6 0 0 0 1
1.4830263 -0.13003102 0.28415474 6 0 0 0 1
1.4915794 -0.013861812 0.41517466 6 0 0 0 1
1.4851282 0.085334197 0.10740278 6 0 0 0 1
1.4906822 -0.24411872 0.97279274 6 0 0 0 1
1.5173047 0.21049686 0.94523132 6 0 0 0 1
1.5071634 -0.12386228 0.47632277 6 0 0 0 1
1.4983501 -0.029112905 0.28292674 6 0 0 0 1
1.4888518 0.43432128 0.44451734 6 0 0 0 1
1.4820874 0.4273521 0.96417087 6 0 0 0 1
1.4913146 -0.17626071 0.77575266 6 0 0 0 1
1.4846692 -0.15285787 0.15506804 6 0 0 0 1
1.5043956 0.2001545 0.45455244 6 0 0 0 1
1.4810882 0.31954747 0.66373414 6 0 0 0 1
1.4959699 0.5406512 0.31052658 6 0 0 0 1
1.4809136 0.34826642 0.98676908 6 0 0 0 1
1.4903443 -0.1485133 0.27755895 6 0 0 0 1
1.4933543 -0.070101634 0.08700639 6 0 0 0 1
1.4961531 0.0003330984 0.36689582 6 0 0 0 1
1.5134584 0.60657215 1.0159273 6 0 0 0 1
1.4790615 -0.021210928 0.47840974 6 0 0 0 1
1.5069062 0.092465751 0.43976361 6 0 0 0 1
1.4776448 0.10587429 0.63517153 6 0 0 0 1
1.4879766 0.5356071 0.17924425 6 0 0 0 1
1.5017933 0.14900234 0.17545076 6 0 0 0 1
1.4863951 0.3621338 0.73252773 6 0 0 0 1
1.4970396 0.12834671 0.76806188 6 0 0 0 1
1.4868605 -0.20289195 0.62804222 6 0 0 0 1
1.4885405 0.53478593 0.2614617 6 0 0 0 1
1.494912 0.23238643 0.12813108 6 0 0 0 1
1.4903492 0.26251069 0.75438875 6 0 0 0 1
1.489886 0.054051049 0.84771591 6 0 0 0 1
1.4966416 0.34229866 0.63868648 7 0 0 0 1
1.4956619 0.05656065 0.93372673 7 0 0 0 1
1.4981619 0.013030588 0.6215359 7 0 0 0 1
1.5027231 0.62637061 0.42748675 7 0 0 0 1
1.4952203 -0.26729244 0.31976804 7 0 0 0 1
1.4824191 -0.18086378 0.78627288 7 0 0 0 1
1.4818848 0.10788345 0.76996076 7 0 0 0 1
1.4861991 0.39758435 0.54152769 7 0 0 0 1
1.5024961 0.28724885 0.063788854 7 0 0 0 1
1.4988062 0.12279136 0.96125489 7 0 0 0 1
1.4996077 0.34168431 0.91676551 7 0 0 0 1
1.5018649 -0.1079444 0.075124569 7 0 0 0 1
1.4945406 0.53680187 1.0200305 7 0 0 0 1
1.4971794 0.13811752 0.40141562 7 0 0 0 1
1.4982448 0.35088229 0.72859949 7 0 0 0 1
1.5117216 -0.052121945 1.0400004 7 0 0 0 1
1.4925455 0.26994979 0.090080731 7 0 0 0 1
1.4951037 0.33776087 0.28614897 7 0 0 0 1
1.4926438 0.022059018 0.35017741 7 0 0 0 1
1.4895748 0.45987436 0.27503014 7 0 0 0 1
1.4885786 0.3110368 0.87078285 7 0 0 0 1
1.4891537 0.36391434 0.86868811 7 0 0 0 1
1.501675 0.51951921 0.078265481 7 0 0 0 1
1.5033634 0.29579616 0.41173878 7 0 0 0 1
1.4987482 -0.032480303 0.60131902 7 0 0 0 1
1.4823228 -0.082055554 0.2833989 7 0 0 0 1
1.4887668 -0.089380629 0.90870517 7 0 0 0 1
1.5005683 -0.025535492 0.90681088 7 0 0 0 1
1.4903996 0.47897664 0.26844326 7 0 0 0 1
1.4956943 0.02387698 0.63328105 7 0 0 0 1
1.4872862 -0.030175781 0.51124305 7 0 0 0 1
1.4927468 0.49953634 0.76794511 7 0 0 0 1
1.501158 -0.26607549 0.18576765 7 0 0 0 1
1.479573 0.0013005857 0.76558959 7 0 0 0 1
1.4847509 -0.27588418 0.090732373 7 0 0 0 1
1.4826479 0.0088037653 0.32361144 7 0 0 0 1
1.4842879 0.39055073 0.24660908 7 0 0 0 1
1.5046288 0.60267508 0.71481013 7 0 0 0 1
1.5045729 0.6103909 0.54709542 7 0 0 0 1
1.5065756 0.13417129 0.61799663 7 0 0 0 1
1.4944803 0.39875644 0.12574477 8 0 0 0 1
1.4837691 -0.30723193 0.25785068 8 0 0 0 1
1.4917314 0.56340802 0.49194127 8 0 0 0 1
1.4851365 0.46661738 0.25783828 8 0 0 0 1
1.4878026 0.56456101 0.50338012 8 0 0 0 1
1.4814497 -0.22712886 1.0604773 8 0 0 0 1
1.4858069 0.52367216 0.87130135 8 0 0 0 1
1.4837619 0.2607463 0.98505276 8 0 0 0 1
1.4912218 -0.28050184 0.66155857 8 0 0 0 1
1.4974632 0.26000491 0.72140849 8 0 0 0 1
1.5061848 -0.077730477 1.0641532 8 0 0 0 1
1.4968994 -0.23773097 0.25089416 8 0 0 0 1
1.4866379 0.017552909 0.89550048 8 0 0 0 1
1.4855323 0.11074127 0.68474174 8 0 0 0 1
1.5022748 -0.34345216 0.2519314 8 0 0 0 1
1.4980839 -0.35054836 0.24401736 8 0 0 0 1
1.5053705 0.45290709 0.7202282 8 0 0 0 1
1.4981568 0.25594044 0.071133263 8 0 0 0 1
1.4924372 0.19236796 0.74715221 8 0 0 0 1
1.4861306 0.29201618 1.0135276 8 0 0 0 1
1.4872926 0.36693892 0.47461042 8 0 0 0 1
1.4794017 0.47140169 0.25271532 8 0 0 0 1
1.5013802 0.28769761 0.89230657 8 0 0 0 1
1.501789 0.36695731 0.44155332 8 0 0 0 1
1.4778076 -0.0398666 0.41174552 8 0 0 0 1
1.4931171 0.070366845 1.0611911 8 0 0 0 1
1.5140287 -0.053460166 1.0213215 8 0 0 0 1
1.4910911 -0.35061365 0.14408343 8 0 0 0 1
1.477048 0.038005631 0.32055673 8 0 0 0 1
1.5023772 0.10826892 0.55320132 8 0 0 0 1
1.4824234 0.50232345 0.87997961 8 0 0 0 1
1.4882014 -0.0061008073 1.0467291 8 0 0 0 1
1.5036504 0.51353991 0.25718999 8 0 0 0 1
1.4945377 0.54434794 0.27284193 8 0 0 0 1
1.5134807 0.57958275 0.75235146 8 0 0 0 1
1.4880379 -0.14702813 0.43884054 8 0 0 0 1
1.4930069 0.42067516 0.76259172 8 0 0 0 1
1.5124441 -0.043227419 0.76477581 8 0 0 0 1
1.4810983 0.39608133 0.072640516 8 0 0 0 1
1.5015252 0.098208018 0.23904809 8 0 0 0 1
1.4920094 -0.2332717 0.99416125 9 0 0 0 1
1.4915433 0.41426164 0.68938476 9 0 0 0 1
1.4965345 0.31215125 0.6113354 9 0 0 0 1
1.4934101 0.21944237 0.3047435 9 0 0 0 1
1.5036137 -0.28771204 0.98580748 9 0 0 0 1
1.4885994 0.26072338 0.42143649 9 0 0 0 1
1.4892503 -0.018286401 0.91661757 9 0 0 0 1
1.490272 0.085548013 0.73983461 9 0 0 0 1
1.4959869 0.15227644 0.53140223 9 0 0 0 1
1.4862872 -0.20319808 0.45723724 9 0 0 0 1
1.4901549 -0.12660819 0.72880495 9 0 0 0 1
1.4797195 -0.083905041 0.16207287 9 0 0 0 1
1.4901416 0.43371534 0.87064278 9 0 0 0 1
1.5114168 -0.26070306 0.24621506 9 0 0 0 1
1.4846507 -0.15609717 1.0316819 9 0 0 0 1
1.5008216 0.46801233 0.25450379 9 0 0 0 1
1.4866245 -0.28802401 0.50639766 9 0 0 0 1
1.4972461 0.13944116 0.56296104 9 0 0 0 1
1.4990233 -0.05243602 1.016793 9 0 0 0 1
1.4910535 0.31475204 0.44499665 9 0 0 0 1
1.4929239 0.52544767 0.55834866 9 0 0 0 1
1.5004412 -0.13845167 0.18323384 9 0 0 0 1
1.485441 -0.23699616 0.76734358 9 0 0 0 1
1.4784465 0.62387097 0.27809975 9 0 0 0 1
1.5023763 0.062349219 0.56762987 9 0 0 0 1
1.5014868 -0.21634299 0.6986773 9 0 0 0 1
1.4966496 0.29275376 0.90892494 9 0 0 0 1
1.4846582 0.30263701 0.57170635 9 0 0 0 1
1.4856845 0.35909173 0.14827077 9 0 0 0 1
1.509999 0.44608012 0.47734252 9 0 0 0 1
1.4919147 0.64215159 1.0094564 9 0 0 0 1
1.5006062 -0.27092671 0.17879193 9 0 0 0 1
1.5128793 -0.06344939 0.18692103 9 0 0 0 1
1.4960144 0.11652555 0.3619495 9 0 0 0 1
1.4964453 -0.012839385 0.93492115 9 0 0 0 1
1.4978896 -0.092939146 0.79291749 9 0 0 0 1
1.4867487 -0.31126967 0.19776905 9 0 0 0 1
1.4840094 0.59502953 0.20949651 9 0 0 0 1
1.4844406 0.0095112789 0.87989938 9 0 0 0 1
1.4933697 -0.31480739 1.0606722 9 0 0 0 1
1.4978286 -0.30338374 0.75150967 10 0 0 0 1
1.4893463 0.56796354 0.47168386 10 0 0 0 1
1.4881414 0.50500828 0.16775948 10 0 0 0 1
1.4902626 0.24609542 0.58466136 10 0 0 0 1
1.4931856 0.59379822 1.0159292 10 0 0 0 1
1.4992048 0.043867711 0.82297713 10 0 0 0 1
1.5128208 0.55111676 0.67408639 10 0 0 0 1
1.4945114 0.59825158 0.089741603 10 0 0 0 1
1.5026051 -0.063772321 0.39825192 10 0 0 0 1
1.4794075 -0.02625178 0.9632774 10 0 0 0 1
1.4995551 0.4648875 0.8439492 10 0 0 0 1
1.5018734 0.056044273 0.4244847 10 0 0 0 1
1.5184747 0.45307696 0.94844908 10 0 0 0 1
1.4949449 0.40100214 1.0044101 10 0 0 0 1
1.5029393 -0.20442052 0.095774479 10 0 0 0 1
1.5081558 0.1291602 0.50209492 10 0 0 0 1
1.5099081 0.23534156 0.47915962 10 0 0 0 1
1.4856336 -0.047807433 0.81350255 10 0 0 0 1
1.4908592 0.48028737 0.41212445 10 0 0 0 1
1.5157192 -0.063374251 0.80001003 10 0 0 0 1
1.4982865 0.38468158 0.64419156 10 0 0 0 1
1.4702274 -0.25933623 0.45335695 10 0 0 0 1
1.4770883 0.21422361 0.79739094 10 0 0 0 1
1.4819342 -0.30246878 0.49246544 10 0 0 0 1
1.5063769 -0.19681203 0.3348991 10 0 0 0 1
1.4987626 -0.10208066 0.45121899 10 0 0 0 1
1.4966223 0.38585627 0.90215677 10 0 0 0 1
1.4849247 -0.33365896 0.96893454 10 0 0 0 1
1.5025043 0.28276461 0.14035386 10 0 0 0 1
1.5025756 0.54903215 0.83610398 10 0 0 0 1
1.4978585 -0.32628107 0.95889324 10 0 0 0 1
1.487684 -0.14713839 0.77934498 10 0 0 0 1
1.494113 0.58210409 0.70753866 10 0 0 0 1
1.4965117 0.36982298 0.921202 10 0 0 0 1
1.5058948 -0.15598488 1.0521835 10 0 0 0 1
1.5028043 0.58314198 0.8756668 10 0 0 0 1
1.4931734 -0.12917913 0.9706558 10 0 0 0 1
1.4940975 -0.14809501 0.85397536 10 0 0 0 1
1.4961936 0.25676513 0.98729557 10 0 0 0 1
1.4880461 0.51996279 0.67390227 10 0 0 0 1
1.4995105 0.27306446 0.10808615 11 0 0 0 1
1.5030507 0.3156617 0.87165397 11 0 0 0 1
1.4840817 -0.077195011 0.70983005 11 0 0 0 1
1.4941123 0.54301137 0.5837999 11 0 0 0 1
1.5005407 -0.15031879 0.80397129 11 0 0 0 1
1.4840035 0.50440925 0.51894283 11 0 0 0 1
1.4960321 0.45656866 0.34839219 11 0 0 0 1
1.4961443 0.036302611 0.36148027 11 0 0 0 1
1.4842584 0.57710886 0.27230763 11 0 0 0 1
1.5088936 0.18605846 0.53746277 11 0 0 0 1
1.4969006 0.30547717 0.86623371 11 0 0 0 1
1.5062186 0.3584623 0.27176458 11 0 0 0 1
1.4840482 0.57723755 0.10456283 11 0 0 0 1
1.502771 0.54640859 0.42782509 11 0 0 0 1
1.4844465 0.25985876 0.38809469 11 0 0 0 1
1.4912182 -0.29011953 0.57477182 11 0 0 0 1
1.5033458 0.13370323 0.12394162 11 0 0 0 1
1.4889531 0.036975238 1.0228854 11 0 0 0 1
1.5092243 0.5745278 0.12906453 11 0 0 0 1
1.4990052 -0.11530159 0.90203011 11 0 0 0 1
1.4932621 0.010373238 1.0621564 11 0 0 0 1
1.4918673 -0.046758104 0.11181512 11 0 0 0 1
1.4995836 0.54552978 0.93898171 11 0 0 0 1
1.5144869 0.2337649 0.63185877 11 0 0 0 1
1.4982861 -0.11896116 0.54227209 11 0 0 0 1
1.5013517 0.12364659 0.66762364 11 0 0 0 1
1.4843793 -0.011658755 0.6186012 11 0 0 0 1
1.4829544 -0.13400935 0.60342622 11 0 0 0 1
1.4986567 -0.32281658 1.0149047 11 0 0 0 1
1.5074654 0.20835492 0.69776857 11 0 0 0 1
1.4972095 -0.14492704 0.70225561 11 0 0 0 1
1.4917955 0.62925649 0.39216682 11 0 0 0 1
1.4839504 0.027736541 0.46948022 11 0 0 0 1
1.4870993 0.5142976 0.47929895 11 0 0 0 1
1.5081855 0.47577626 0.51959771 11 0 0 0 1
1.4950092 -0.31771523 0.67408603 11 0 0 0 1
1.4880207 0.13762008 0.34779108 11 0 0 0 1
1.4919029 0.58590382 0.3832711 11 0 0 0 1
1.4851791 0.18395019 1.0159836 11 0 0 0 1
1.4817263 -0.3405669 0.39458063 11 0 0 0 1
1.4954355 0.38751927 0.45887411 12 0 0 0 1
1.4744406 -0.036858477 0.71413672 12 0 0 0 1
1.5004452 -0.14537075 0.59488577 12 0 0 0 1
1.4909604 -0.20890759 0.76174676 12 0 0 0 1
1.4969865 0.53794491 0.3810384 12 0 0 0 1
1.4970444 0.27811399 0.2976532 12 0 0 0 1
1.4809246 -0.13434075 0.20013759 12 0 0 0 1
1.4987329 0.14463106 0.30276692 12 0 0 0 1
1.5202639 0.55212373 0.46777135 12 0 0 0 1
1.5001367 0.089264125 0.60443175 12 0 0 0 1
1.506458 0.29817003 0.85903955 12 0 0 0 1
1.5009913 0.38545749 0.16157474 12 0 0 0 1
1.5024153 0.16575336 0.84528506 12 0 0 0 1
1.5039654 0.060870904 0.37144253 12 0 0 0 1
1.5018023 0.57999253 0.090733849 12 0 0 0 1
1.4845178 0.41085887 0.2193892 12 0 0 0 1
1.5045588 0.0066699442 0.5769195 12 0 0 0 1
1.4894414 0.053852875 0.9796772 12 0 0 0 1
1.4798691 0.16886018 0.16768986 12 0 0 0 1
1.4832954 -0.050398685 0.37335455 12 0 0 0 1
1.4888772 -0.059279073 0.83616179 12 0 0 0 1
1.4843899 -0.055838469 0.48456892 12 0 0 0 1
1.4983287 -0.24784906 0.50874877 12 0 0 0 1
1.5099065 -0.23504157 0.63143963 12 0 0 0 1
1.5018942 -0.1245174 0.87042576 12 0 0 0 1
1.5073189 -0.34594381 0.34402606 12 0 0 0 1
1.4878209 -0.022990631 0.94805396 12 0 0 0 1
1.4954146 0.61087286 0.83144134 12 0 0 0 1
1.4946365 0.39816254 0.24357174 12 0 0 0 1
1.5120829 -0.32388416 0.22816527 12 0 0 0 1
1.4944971 0.41969338 0.89580953 12 0 0 0 1
1.5019903 0.54704946 1.007725 12 0 0 0 1
1.5157828 -0.18185328 0.42980415 12 0 0 0 1
1.5045193 0.36181158 0.10770273 12 0 0 0 1
1.5023731 0.11365253 0.37679037 12 0 0 0 1
1.4849232 -0.33837634 0.39327249 12 0 0 0 1
1.5042379 -0.18527797 0.16495042 12 0 0 0 1
1.4868568 -0.21156237 0.11718374 12 0 0 0 1
1.4977121 0.40372527 0.54164267 12 0 0 0 1
1.4967182 0.088051416 0.7223348 12 0 0 0 1
1.5004214 -0.19714437 0.98220372 13 0 0 0 1
1.4962876 0.15939152 0.51980907 13 0 0 0 1
1.4972982 0.39342147 0.44675711 13 0 0 0 1
1.5071268 -0.18055072 0.44460309 13 0 0 0 1
1.5119625 0.19587006 0.55117577 13 0 0 0 1
1.5010055 -0.32047877 0.38084143 13 0 0 0 1
1.5046233 0.36768737 0.41786194 13 0 0 0 1
1.4975696 0.28932232 0.19859032 13 0 0 0 1
1.5027335 -0.22107524 0.92657703 13 0 0 0 1
1.4846925 0.25464159 0.28100607 13 0 0 0 1
1.4770769 -0.12082499 0.51455265 13 0 0 0 1
1.4983268 0.6074608 0.19931939 13 0 0 0 1
1.4887942 0.53490996 0.44283965 13 0 0 0 1
1.5210018 -0.0073690657 1.0504094 13 0 0 0 1
1.4832245 0.41894814 0.25306967 13 0 0 0 1
1.4877605 0.3966969 0.92511892 13 0 0 0 1
1.4837549 -0.31000015 0.85706758 13 0 0 0 1
1.4884866 0.37613344 0.85712337 13 0 0 0 1
1.4930446 0.3004005 0.20269991 13 0 0 0 1
1.4834543 0.19015341 0.23817134 13 0 0 0 1
1.4972726 0.17831813 0.69820076 13 0 0 0 1
1.4954368 0.16440701 0.93048859 13 0 0 0 1
1.4815634 -0.22836827 0.98821604 13 0 0 0 1
1.4888756 -0.33948693 0.59021962 13 0 0 0 1
1.4941332 0.18944731 0.35841703 13 0 0 0 1
1.4998264 0.3884958 0.54633671 13 0 0 0 1
1.4956588 -0.061129659 1.0604821 13 0 0 0 1
1.5040232 0.029995058 0.47618887 13 0 0 0 1
1.4963487 -0.18840319 0.76665276 13 0 0 0 1
1.5012814 0.04961849 0.90593451 13 0 0 0 1
1.507432 0.37693661 0.90147614 13 0 0 0 1
1.5057248 -0.34375975 0.74899703 13 0 0 0 1
1.4985335 0.14956221 0.74829769 13 0 0 0 1
1.4976374 0.051825352 0.76265091 13 0 0 0 1
1.4977766 -0.20087384 0.095601305 13 0 0 0 1
1.5038576 0.20785093 0.1741538 13 0 0 0 1
1.4888208 0.0091195321 0.18542475 13 0 0 0 1
1.487854 0.42758814 0.30984259 13 0 0 0 1
1.4837202 0.26003027 0.53450727 13 0 0 0 1
1.4874431 0.5155949 0.73908424 13 0 0 0 1
1.4921966 -0.22728266 0.7534923 14 0 0 0 1
1.4862971 0.39285383 0.2327425 14 0 0 0 1
1.5075903 -0.021359304 0.70258939 14 0 0 0 1
1.4906774 0.236368 0.76934367 14 0 0 0 1
1.4934791 -0.32642537 0.56167901 14 0 0 0 1
1.4849887 0.24933594 0.11444166 14 0 0 0 1
1.4949406 -0.17153427 0.33227298 14 0 0 0 1
1.4908683 0.48092556 1.0262202 14 0 0 0 1
1.5064571 -0.27028692 0.40796411 14 0 0 0 1
1.4914165 -0.063589245 0.23407356 14 0 0 0 1
1.5086123 -0.081585683 0.46828109 14 0 0 0 1
1.4810883 -0.13778119 0.51391923 14 0 0 0 1
1.5115203 0.3491357 0.78368938 14 0 0 0 1
1.4876105 -0.15395235 0.90719414 14 0 0 0 1
1.4766288 -0.26352316 0.48692963 14 0 0 0 1
1.487084 0.21485305 0.43380323 14 0 0 0 1
1.4911002 -0.21766262 0.55447888 14 0 0 0 1
1.5026717 0.5164479 0.54497844 14 0 0 0 1
1.4915198 0.37851763 0.21437512 14 0 0 0 1
1.4991155 -0.13918191 0.13169928 14 0 0 0 1
1.4823536 0.36156401 0.40421647 14 0 0 0 1
1.4868028 0.0063370843 0.51300955 14 0 0 0 1
1.5080748 0.0024773427 0.47184479 14 0 0 0 1
1.4870045 -0.055676721 1.0290749 14 0 0 0 1
1.5010247 0.59529215 0.81782299 14 0 0 0 1
1.4970181 0.56747472 0.41784734 14 0 0 0 1
1.489059 0.045215439 0.86085141 14 0 0 0 1
1.494812 0.33013263 0.92349237 14 0 0 0 1
1.5060004 -0.31386161 0.1865321 14 0 0 0 1
1.4914454 0.059301309 0.56470805 14 0 0 0 1
1.5018653 0.12045659 0.9750182 14 0 0 0 1
1.4849153 0.35463667 0.55792791 14 0 0 0 1
1.5031965 0.37650734 0.30037311 14 0 0 0 1
1.4971348 -0.10391799 0.78060836 14 0 0 0 1
1.499491 0.0062995395 0.19455208 14 0 0 0 1
1.498076 0.62867755 0.21422809 14 0 0 0 1
1.4883722 -0.15713042 0.25351983 14 0 0 0 1
1.4980133 0.050908897 0.7451998 14 0 0 0 1
1.4979783 -0.0023552838 0.53996277 14 0 0 0 1
1.5061656 0.51161826 0.32342839 14 0 0 0 1
1.5035079 0.28317854 0.63418537 15 0 0 0 1
1.510064 0.19274126 0.46120271 15 0 0 0 1
1.4634783 -0.31204528 1.0241685 15 0 0 0 1
1.5036058 0.28737271 0.8998785 15 0 0 0 1
1.4831096 0.50621676 0.13928874 15 0 0 0 1
1.4743096 0.23124762 0.67332721 15 0 0 0 1
1.4746826 0.096493028 0.48765853 15 0 0 0 1
1.5104001 0.042944837 0.19321714 15 0 0 0 1
1.4926095 0.63503182 0.27127013 15 0 0 0 1
1.5022585 0.53408486 0.74751639 15 0 0 0 1
1.4825039 0.49545935 0.74496323 15 0 0 0 1
1.4899739 -0.31262785 0.954916 15 0 0 0 1
1.483346 0.45340374 0.51337814 15 0 0 0 1
1.5054646 0.10276243 0.53445107 15 0 0 0 1
1.4874756 0.5852887 0.32652596 15 0 0 0 1
1.4758165 0.35665694 0.54110557 15 0 0 0 1
1.4994608 0.3612164 0.078566916 15 0 0 0 1
1.4853815 0.27688134 0.77771932 15 0 0 0 1
1.5043933 0.6143654 0.48502284 15 0 0 0 1
1.4814765 -0.22793779 0.199411 15 0 0 0 1
1.4964786 -0.23604828 0.54515874 15 0 0 0 1
1.4970862 0.17513183 0.58546859 15 0 0 0 1
1.4810524 0.28605425 0.70394164 15 0 0 0 1
1.4985932 0.37739193 0.76492393 15 0 0 0 1
1.4906509 -0.0065471283 0.53419054 15 0 0 0 1
1.4888675 0.11350559 0.20918868 15 0 0 0 1
1.5160331 -0.3396295 0.60086668 15 0 0 0 1
1.4957722 -0.017041562 0.56104344 15 0 0 0 1
1.5047112 -0.32061425 0.19616804 15 0 0 0 1
1.504586 -0.026286462 0.97880489 15 0 0 0 1
1.4967067 -0.0913077 0.14395222 15 0 0 0 1
1.5099683 0.52182359 0.96486068 15 0 0 0 1
1.4875975 0.53976107 0.62778074 15 0 0 0 1
1.4773135 0.35586169 0.73263794 15 0 0 0 1
1.4852487 0.023686282 0.24780416 15 0 0 0 1
1.5059696 0.049924504 0.6686058 15 0 0 0 1
1.4963968 0.35564134 0.23857841 15 0 0 0 1
1.4912192 -0.20008361 0.19397698 15 0 0 0 1
1.5046576 0.32396251 0.54578209 15 0 0 0 1
1.4989913 -0.17054346 0.3743301 15 0 0 0 1
1.4971262 0.35280588 0.99298668 16 0 0 0 1
1.4909124 0.34841144 0.98589128 16 0 0 0 1
1.5024868 -0.11962324 0.60372972 16 0 0 0 1
1.4885861 0.20570891 0.36641595 16 0 0 0 1
1.5076356 0.4853465 0.82115757 16 0 0 0 1
1.4957789 -0.052265808 0.66287774 16 0 0 0 1
1.4765127 0.17096962 0.92848039 16 0 0 0 1
1.5025947 -0.31879574 0.98616153 16 0 0 0 1
1.4817991 -0.057872772 0.72012967 16 0 0 0 1
1.4908102 -0.054516733 0.54099762 16 0 0 0 1
1.4986137 0.55424565 0.35400334 16 0 0 0 1
1.4855801 0.41586506 0.48493847 16 0 0 0 1
1.5035503 0.59223074 0.92643684 16 0 0 0 1
1.499145 -0.21010473 0.78313756 16 0 0 0 1
1.4994657 -0.3446036 1.0316147 16 0 0 0 1
1.4987872 0.34430769 0.86736614 16 0 0 0 1
1.4820356 0.15442021 0.95667833 16 0 0 0 1
1.4710174 0.34469417 0.55745035 16 0 0 0 1
1.492143 0.26920205 0.073613383 16 0 0 0 1
1.4802524 0.010174056 0.45209357 16 0 0 0 1
1.4991552 0.41368404 0.60009909 16 0 0 0 1
1.4747685 0.47694948 1.0219555 16 0 0 0 1
1.508517 0.52126378 0.46607202 16 0 0 0 1
1.4828207 -0.33071411 0.71549928 16 0 0 0 1
1.4890256 0.1379925 0.28611743 16 0 0 0 1
1.5175921 -0.1997316 0.07881517 16 0 0 0 1
1.4985684 0.28361288 0.45251954 16 0 0 0 1
1.5008662 0.64294142 0.76344395 16 0 0 0 1
1.4912157 0.14214186 0.52135676 16 0 0 0 1
1.4808191 -0.26244482 0.089922681 16 0 0 0 1
1.4894339 0.0011058007 0.483531 16 0 0 0 1
1.4824177 0.12014288 0.65106481 16 0 0 0 1
1.4841681 -0.34208703 0.34678751 16 0 0 0 1
1.4988086 0.063716412 0.52253449 16 0 0 0 1
1.499205 0.30102748 0.59692222 16 0 0 0 1
1.4812366 0.27810761 0.4256593 16 0 0 0 1
1.4988141 0.56406289 0.29044107 16 0 0 0 1
1.5027639 0.41617513 0.71485293 16 0 0 0 1
1.5087441 0.31592739 0.2758514 16 0 0 0 1
1.4896687 0.58024955 0.37282318 16 0 0 0 1
1.5152349 -0.32212794 0.38303414 17 0 0 0 1
1.498264 0.62106228 0.44687548 17 0 0 0 1
1.4945377 -0.25522539 1.0464398 17 0 0 0 1
1.5030508 0.0061990991 0.97151333 17 0 0 0 1
1.4904109 0.48985168 0.47161245 17 0 0 0 1
1.4993914 -0.13019292 0.26044065 17 0 0 0 1
1.4922878 0.02357576 0.88896829 17 0 0 0 1
1.5059279 -0.063972071 0.78045166 17 0 0 0 1
1.4914862 -0.27486804 1.0171986 17 0 0 0 1
1.5078038 -0.24726617 0.61837399 17 0 0 0 1
1.4941669 0.33921355 0.27757859 17 0 0 0 1
1.4879475 -0.29362041 0.19343169 17 0 0 0 1
1.479304 0.41399425 0.18341714 17 0 0 0 1
1.492702 0.62097311 0.56730705 17 0 0 0 1
1.4949965 0.6337204 0.76280612 17 0 0 0 1
1.4790251 -0.17684561 0.74465024 17 0 0 0 1
1.4899981 -0.16088507 1.0061382 17 0 0 0 1
1.5057992 -0.32125464 0.28480554 17 0 0 0 1
1.4879166 0.42715478 0.42373806 17 0 0 0 1
1.4860792 -0.02325475 0.30955648 17 0 0 0 1
1.4842901 -0.26713654 0.82759285 17 0 0 0 1
1.4963037 0.0088213338 0.20219046 17 0 0 0 1
1.4964616 -0.083579123 0.87961686 17 0 0 0 1
1.4746557 0.26643193 0.38244146 17 0 0 0 1
1.4972278 -0.050808333 0.98229432 17 0 0 0 1
1.4880021 -0.19172582 0.6605714 17 0 0 0 1
1.4900264 0.095458895 0.27934086 17 0 0 0 1
1.5117551 -0.15191443 0.61480576 17 0 0 0 1
1.4944868 0.16075467 0.80856562 17 0 0 0 1
1.4828026 -0.30054116 0.36743456 17 0 0 0 1
1.4938991 0.57544512 0.58287334 17 0 0 0 1
1.4845979 0.43298846 0.11897028 17 0 0 0 1
1.5030974 -0.25800464 0.9788391 17 0 0 0 1
1.4891829 0.53949356 0.34758836 17 0 0 0 1
1.5089686 0.34661779 0.3395569 17 0 0 0 1
1.4916725 0.59033757 0.89484721 17 0 0 0 1
1.5054561 -0.30195811 0.43114001 17 0 0 0 1
1.4957724 -0.27207232 0.51280838 17 0 0 0 1
1.4775622 -0.019642025 0.96235794 17 0 0 0 1
1.5037596 0.19265924 0.095756151 17 0 0 0 1
1.4987997 -0.11936284 1.0518698 18 0 0 0 1
1.4981948 0.27442703 0.18587621 18 0 0 0 1
1.4912808 0.10784958 0.075344056 18 0 0 0 1
1.5064297 -0.017650884 0.25437048 18 0 0 0 1
1.4915218 -0.21562907 0.60055727 18 0 0 0 1
1.4927858 0.55440003 0.7006076 18 0 0 0 1
1.4873164 0.23008712 0.11341522 18 0 0 0 1
1.4709575 -0.18690057 0.59751624 18 0 0 0 1
1.4996402 0.032622039 0.12589628 18 0 0 0 1
1.4964724 -0.28867319 0.33446878 18 0 0 0 1
1.4851633 0.38385746 0.76356691 18 0 0 0 1
1.5096735 0.51061976 0.39377692 18 0 0 0 1
1.5067822 0.062181182 1.0421039 18 0 0 0 1
1.4756547 0.4043462 0.96919078 18 0 0 0 1
1.4972641 0.3517642 0.56060565 18 0 0 0 1
1.490729 0.19821839 0.65785927 18 0 0 0 1
1.4917009 0.32146788 0.085078493 18 0 0 0 1
1.5119892 -0.23799051 1.027941 18 0 0 0 1
1.4852005 -0.32863608 0.4904401 18 0 0 0 1
1.4817826 -0.099798597 1.0362118 18 0 0 0 1
1.5060102 -0.0024287093 1.0453259 18 0 0 0 1
1.4931111 0.2656844 0.79127222 18 0 0 0 1
1.5075396 0.43810454 0.70614749 18 0 0 0 1
1.4868187 -0.24996939 0.9358781 18 0 0 0 1
1.5072594 0.42623195 0.6531809 18 0 0 0 1
1.5182173 0.57629591 0.38405403 18 0 0 0 1
1.4826676 0.24564832 1.025031 18 0 0 0 1
1.5007695 0.57017708 0.52230018 18 0 0 0 1
1.5005997 -0.047861487 0.06844604 18 0 0 0 1
1.496242 0.1841969 0.74963439 18 0 0 0 1
1.5021286 0.44707447 0.65488482 18 0 0 0 1
1.4825555 0.33104321 0.62613761 18 0 0 0 1
1.4929451 -0.31401145 0.69226122 18 0 0 0 1
1.4901804 0.11154732 0.56640631 18 0 0 0 1
1.4954975 0.44827163 0.10703464 18 0 0 0 1
1.5059921 0.15434547 0.38378394 18 0 0 0 1
1.486293 -0.16187665 0.18592289 18 0 0 0 1
1.4892551 0.34574339 0.75971359 18 0 0 0 1
1.5054541 0.19949277 0.10739988 18 0 0 0 1
1.5099295 0.28943357 0.87347323 18 0 0 0 1
1.4843897 0.26202613 0.12976211 19 0 0 0 1
1.4746608 0.46580812 0.67948723 19 0 0 0 1
1.5030241 0.36170128 0.11388902 19 0 0 0 1
1.4855071 0.53074896 0.45597014 19 0 0 0 1
1.5098125 0.46194759 0.84760278 19 0 0 0 1
1.5028174 0.6423974 0.2554079 19 0 0 0 1
1.511675 0.17782255 0.89207554 19 0 0 0 1
1.4869184 -0.33681294 0.99787021 19 0 0 0 1
1.4915859 0.49022934 0.43936515 19 0 0 0 1
1.4988827 -0.14699042 0.74570388 19 0 0 0 1
1.4887449 0.520787 0.41224915 19 0 0 0 1
1.4896868 0.2724078 0.78524292 19 0 0 0 1
1.4889399 0.33000517 0.17236561 19 0 0 0 1
1.4984713 0.35103455 0.55654383 19 0 0 0 1
1.4842749 0.57788265 0.84766984 19 0 0 0 1
1.5055965 -0.24722372 0.10548055 19 0 0 0 1
1.4865878 -0.31066909 0.2420802 19 0 0 0 1
1.5051359 0.51904148 0.64214259 19 0 0 0 1
1.4787498 0.49715334 0.49972665 19 0 0 0 1
1.5101478 -0.16887327 0.44254154 19 0 0 0 1
1.4907286 0.45630571 0.90885353 19 0 0 0 1
1.4979502 -0.30853164 0.25570917 19 0 0 0 1
1.5103894 0.12115662 1.0533674 19 0 0 0 1
1.4823643 0.5577181 0.53281713 19 0 0 0 1
1.4894279 0.38190025 0.93963492 19 0 0 0 1
1.4976267 -0.18050441 0.53099918 19 0 0 0 1
1.4912761 -0.21109314 0.48483932 19 0 0 0 1
1.4995058 0.5051387 0.62419367 19 0 0 0 1
1.5013776 0.035321981 0.52609682 19 0 0 0 1
1.4829526 0.60789239 0.14837965 19 0 0 0 1
1.4989458 0.54546821 0.62596375 19 0 0 0 1
1.4903247 -0.014326363 0.59047544 19 0 0 0 1
1.4600486 0.39026898 0.65196902 19 0 0 0 1
1.501754 -0.10081397 0.91450888 19 0 0 0 1
1.4830812 0.41753152 0.66479397 19 0 0 0 1
1.4967159 -0.018770233 0.79256344 19 0 0 0 1
1.5051093 0.56025428 0.36789167 19 0 0 0 1
1.5153413 0.0085117277 0.38098603 19 0 0 0 1
1.4779713 -0.21218555 0.3118037 19 0 0 0 1
1.5104793 -0.079886585 0.52738589 19 0 0 0 1
-1.1884626 0.60723239 0.73486263 0 0 0 0 2
-1.2786899 0.86668795 0.734761 0 0 0 0 2
-1.1437565 -0.0084362375 0.72839028 0 0 0 0 2
-1.4665507 0.90254378 0.74294341 0 0 0 0 2
-1.2906312 -0.050030939 0.73493528 0 0 0 0 2
-1.2337934 -0.045078211 0.73281205 0 0 0 0 2
-1.6868683 0.013157171 0.73110843 0 0 0 0 2
-1.8255914 0.36718082 0.72655529 0 0 0 0 2
-1.5459685 0.70286155 0.74902105 0 0 0 0 2
-1.3673118 0.10855822 0.72453237 0 0 0 0 2
-1.2439873 0.0018343952 0.74227315 0 0 0 0 2
-2.0264409 0.55064952 0.73453915 0 0 0 0 2
-1.2567408 0.89432526 0.73603052 0 0 0 0 2
-1.3129493 0.35323158 0.73324805 0 0 0 0 2
-1.7258103 0.82203066 0.72771937 0 0 0 0 2
-1.656988 0.17162849 0.73831737 0 0 0 0 2
-1.4976988 0.44839963 0.73201776 0 0 0 0 2
-1.3360585 -0.077330418 0.73252815 0 0 0 0 2
-1.3129348 0.56120974 0.7048375 0 0 0 0 2
-1.3230839 0.153008 0.72962499 0 0 0 0 2
-1.0652826 0.20544863 0.73813772 0 0 0 0 2
-1.7634147 0.011264753 0.73194957 0 0 0 0 2
-1.3781778 0.44058079 0.71357173 0 0 0 0 2
-1.4590641 0.15971814 0.72903991 0 0 0 0 2
-1.4235355 0.46634376 0.74114919 0 0 0 0 2
-1.6184903 0.37945423 0.74699199 0 0 0 0 2
-1.6256255 0.73584425 0.73283321 0 0 0 0 2
-1.3023618 0.61382645 0.73907244 0 0 0 0 2
-1.7942346 0.24236818 0.72963822 0 0 0 0 2
-1.4638566 0.31925026 0.71670395 0 0 0 0 2
-1.6459482 0.049495757 0.74852663 0 0 0 0 2
-1.0607814 0.56002772 0.72095925 0 0 0 0 2
-1.3704594 0.67977923 0.72467458 0 0 0 0 2
-1.740587 0.43406484 0.729882 0 0 0 0 2
-1.8736293 0.11852533 0.71854901 0 0 0 0 2
-1.5690432 0.58214557 0.71928102 0 0 0 0 2
-1.3178949 0.57816464 0.72056079 0 0 0 0 2
-1.6713899 0.88644844 0.74164808 0 0 0 0 2
-1.8672836 0.29739746 0.73519403 0 0 0 0 2
-1.4157319 0.5295825 0.72540313 0 0 0 0 2
-1.9564307 0.81333375 0.72397065 1 0 0 0 2
-1.5202512 0.33869871 0.73847312 1 0 0 0 2
-1.1109414 0.077302031 0.71345299 1 0 0 0 2
-1.9646742 0.032537967 0.7366035 1 0 0 0 2
-1.3887893 -0.096580602 0.73307955 1 0 0 0 2
-1.295185 -0.054416545 0.72569484 1 0 0 0 2
-1.4649874 0.87409294 0.72283286 1 0 0 0 2
-1.5393233 0.12344103 0.70938295 1 0 0 0 2
-1.4628773 0.0084340191 0.74120694 1 0 0 0 2
-1.3750693 0.062493566 0.74452478 1 0 0 0 2
-1.6978992 0.3015587 0.71807009 1 0 0 0 2
-1.6361587 0.4454613 0.72759551 1 0 0 0 2
-1.7421046 0.74690866 0.74430025 1 0 0 0 2
-1.0461104 0.22278787 0.72497535 1 0 0 0 2
-1.2681952 0.84027505 0.73954368 1 0 0 0 2
-1.3006798 0.487194 0.73718494 1 0 0 0 2
-1.4361541 0.53951365 0.73753554 1 0 0 0 2
-1.7073749 0.23435287 0.74263865 1 0 0 0 2
-1.0786449 0.091230325 0.72265953 1 0 0 0 2
-1.4049691 0.45893404 0.72117215 1 0 0 0 2
-1.3327961 0.15100165 0.71951866 1 0 0 0 2
-1.8873256 0.0088830972 0.73052305 1 0 0 0 2
-1.5393555 0.4099392 0.75037396 1 0 0 0 2
-1.4247252 0.78809124 0.70504808 1 0 0 0 2
-1.6242089 0.56651109 0.73882467 1 0 0 0 2
-1.6823015 0.30736345 0.71748412 1 0 0 0 2
-1.2846684 0.52561516 0.74579138 1 0 0 0 2
-1.2429569 0.76066577 0.71924841 1 0 0 0 2
-1.6430149 -0.011826869 0.72932565 1 0 0 0 2
-2.0227304 0.4477016 0.72808856 1 0 0 0 2
-1.1158659 0.51380217 0.73708677 1 0 0 0 2
-1.896719 0.62561733 0.72683686 1 0 0 0 2
-1.9742568 -0.096947633 0.72325313 1 0 0 0 2
-2.0408351 0.45143986 0.73784316 1 0 0 0 2
-1.3330032 0.53011173 0.71548295 1 0 0 0 2
-1.3793626 0.4610455 0.74631363 1 0 0 0 2
-1.9113746 0.13455938 0.72587895 1 0 0 0 2
-1.6411465 0.79963273 0.72848552 1 0 0 0 2
-2.0143375 0.44402099 0.72316968 1 0 0 0 2
-1.8958545 0.78602111 0.7233882 1 0 0 0 2
-1.1135879 0.50263953 0.72715074 2 0 0 0 2
-1.1869203 0.86110127 0.739281 2 0 0 0 2
-1.1401058 0.74725538 0.7131142 2 0 0 0 2
-1.8243989 0.65224308 0.75038099 2 0 0 0 2
-1.9043888 0.27785811 0.71504819 2 0 0 0 2
-1.4351288 0.4533115 0.73544538 2 0 0 0 2
-1.3390703 -0.0093930922 0.7182371 2 0 0 0 2
-1.7844579 0.48251006 0.72170627 2 0 0 0 2
-1.3710805 0.22949339 0.73412108 2 0 0 0 2
-1.791999 0.2962791 0.72723973 2 0 0 0 2
-1.5114138 0.85651594 0.74210697 2 0 0 0 2
-1.6642398 0.095782667 0.72338706 2 0 0 0 2
-1.9379604 0.53710294 0.71732831 2 0 0 0 2
-1.8951807 0.84036225 0.72879905 2 0 0 0 2
-2.0118551 0.085776404 0.73366845 2 0 0 0 2
-1.9583373 0.47827819 0.7460919 2 0 0 0 2
-1.7508852 0.28932941 0.73212874 2 0 0 0 2
-1.8250756 0.4465892 0.72405744 2 0 0 0 2
-1.4147046 0.13942856 0.72881049 2 0 0 0 2
-1.4403698 0.08441934 0.7297135 2 0 0 0 2
-1.4307705 0.47519255 0.72092074 2 0 0 0 2
-1.9923797 0.022469811 0.72456998 2 0 0 0 2
-1.0508767 0.21017618 0.74141067 2 0 0 0 2
-1.5626324 0.63966864 0.73544192 2 0 0 0 2
-1.9123468 0.58327043 0.7264874 2 0 0 0 2
-1.9453995 0.79494005 0.71449131 2 0 0 0 2
-1.8865904 0.013841279 0.74330109 2 0 0 0 2
-1.226238 0.72598177 0.73270452 2 0 0 0 2
-1.54035 0.15587233 0.73032051 2 0 0 0 2
-1.0516957 -0.082980134 0.72511548 2 0 0 0 2
-1.1234796 0.74176854 0.75533879 2 0 0 0 2
-1.7307967 0.19891399 0.73889309 2 0 0 0 2
-1.2656826 0.056796383 0.73249096 2 0 0 0 2
-1.8612077 -0.09442687 0.73231173 2 0 0 0 2
-2.0079117 0.22378559 0.72115868 2 0 0 0 2
-1.7846464 0.6615597 0.74047536 2 0 0 0 2
-1.9400537 0.29694137 0.73485178 2 0 0 0 2
-1.3992693 0.36751011 0.73667699 2 0 0 0 2
-1.1810999 -0.035094339 0.73416853 2 0 0 0 2
-1.3876693 0.57956827 0.73757249 2 0 0 0 2
-1.221423 0.4535206 0.71059543 3 0 0 0 2
-1.2086761 -0.062261622 0.72033769 3 0 0 0 2
-1.9949155 0.26620337 0.73090959 3 0 0 0 2
-1.8168577 0.083959959 0.71859741 3 0 0 0 2
-1.8023005 0.72568983 0.73064697 3 0 0 0 2
-1.59767 0.64782655 0.73029846 3 0 0 0 2
-1.9715331 0.36317176 0.73496038 3 0 0 0 2
-1.4008369 0.1955824 0.73445022 3 0 0 0 2
-1.7205235 0.6900124 0.7214148 3 0 0 0 2
-1.1292818 0.29899254 0.73746139 3 0 0 0 2
-1.3078607 0.11742615 0.73004371 3 0 0 0 2
-1.0996368 0.88794667 0.73759788 3 0 0 0 2
-1.4917487 0.16126086 0.7420944 3 0 0 0 2
-1.0997849 0.84869707 0.75142783 3 0 0 0 2
-1.6314582 0.42540917 0.71990311 3 0 0 0 2
-1.444464 0.56786841 0.73074418 3 0 0 0 2
-1.1644914 0.50333673 0.71604043 3 0 0 0 2
-1.4501773 0.87701535 0.73366958 3 0 0 0 2
-1.7166595 0.81987584 0.73647428 3 0 0 0 2
-1.0727128 -0.016973982 0.73629344 3 0 0 0 2
-1.542509 0.48231769 0.72383922 3 0 0 0 2
-1.4432601 0.70024037 0.72318858 3 0 0 0 2
-1.8887235 0.40065086 0.74803132 3 0 0 0 2
-1.2329062 0.22740601 0.74149883 3 0 0 0 2
-1.6359066 0.01068858 0.72141802 3 0 0 0 2
-1.628942 0.6038534 0.71719861 3 0 0 0 2
-1.4943137 0.25049248 0.73297441 3 0 0 0 2
-1.3675931 0.18355441 0.72334445 3 0 0 0 2
-1.1695857 0.75920826 0.73395318 3 0 0 0 2
-1.8429677 0.38701016 0.72287601 3 0 0 0 2
-1.4795676 0.76120877 0.73228765 3 0 0 0 2
-1.7682056 0.61040998 0.74373239 3 0 0 0 2
-1.7752669 0.8355425 0.72678655 3 0 0 0 2
-2.0180557 0.37597549 0.73225838 3 0 0 0 2
-1.1868513 0.14991112 0.74291384 3 0 0 0 2
-1.8953627 0.017643452 0.7402634 3 0 0 0 2
-1.0430264 0.43160567 0.72686869 3 0 0 0 2
-1.1978905 0.44655865 0.72785312 3 0 0 0 2
-1.0560616 0.8828575 0.74082518 3 0 0 0 2
-1.5088581 0.16564427 0.72410792 3 0 0 0 2
-1.6019813 0.16885687 0.74171346 4 0 0 0 2
-1.5881468 0.19164585 0.72291452 4 0 0 0 2
-1.2499795 0.86051232 0.73290551 4 0 0 0 2
-1.602374 0.3324053 0.73526609 4 0 0 0 2
-1.1003007 0.31382576 0.74424785 4 0 0 0 2
-1.3081533 0.77975255 0.73341161 4 0 0 0 2
-1.0588362 0.7798146 0.72787982 4 0 0 0 2
-1.2116569 0.15575609 0.72577089 4 0 0 0 2
-1.9484502 0.11067852 0.73015362 4 0 0 0 2
-1.5355973 0.63894624 0.72474271 4 0 0 0 2
-1.6304922 0.050168678 0.72034043 4 0 0 0 2
-1.115541 0.42470682 0.72407556 4 0 0 0 2
-1.6621747 -0.073014691 0.7291705 4 0 0 0 2
-1.2770817 0.57837552 0.72703952 4 0 0 0 2
-1.493129 0.32264581 0.73564219 4 0 0 0 2
-1.867226 0.13550109 0.72458231 4 0 0 0 2
-1.3581475 0.52556205 0.72923201 4 0 0 0 2
-1.5412514 0.62968445 0.73578489 4 0 0 0 2
-1.7430993 0.72977859 0.75625592 4 0 0 0 2
-1.9853762 -0.080789082 0.71665281 4 0 0 0 2
-1.3633134 0.35005319 0.72642219 4 0 0 0 2
-1.5287683 0.59378988 0.74249721 4 0 0 0 2
-1.3605715 0.72775751 0.73165607 4 0 0 0 2
-1.778452 0.086372226 0.73046505 4 0 0 0 2
-1.6166712 0.55895805 0.71652013 4 0 0 0 2
-1.6928385 0.54547781 0.73298699 4 0 0 0 2
-2.0097902 0.036245339 0.7234329 4 0 0 0 2
-1.8147962 -0.026153654 0.74068075 4 0 0 0 2
-1.5431919 0.49303448 0.73521894 4 0 0 0 2
-1.0509304 0.38794854 0.72074848 4 0 0 0 2
-1.7038431 0.68565613 0.73181623 4 0 0 0 2
-1.3113422 0.11924553 0.73736584 4 0 0 0 2
-1.3153429 0.21820235 0.72740829 4 0 0 0 2
-1.6110368 0.89863932 0.73227632 4 0 0 0 2
-1.1441482 0.89374143 0.71099842 4 0 0 0 2
-1.4313463 0.43377718 0.7320118 4 0 0 0 2
-1.6241078 0.24389173 0.71311867 4 0 0 0 2
-1.4120502 0.31229559 0.73541141 4 0 0 0 2
-1.5194012 0.8176747 0.72729665 4 0 0 0 2
-1.7680303 -0.036625493 0.715617 4 0 0 0 2
-1.9873135 0.52645326 0.73372221 5 0 0 0 2
-1.768126 0.62825328 0.72669393 5 0 0 0 2
-1.2955507 0.55917633 0.7184093 5 0 0 0 2
-1.8839145 -0.043577444 0.74430358 5 0 0 0 2
-1.3417488 0.18953095 0.72034395 5 0 0 0 2
-1.3669734 0.18400212 0.73564523 5 0 0 0 2
-1.1364354 -0.051878553 0.74393207 5 0 0 0 2
-1.0541744 0.79183811 0.73837316 5 0 0 0 2
-1.3603767 0.037780914 0.72377384 5 0 0 0 2
-1.0939728 0.13260522 0.73298627 5 0 0 0 2
-1.0646417 0.81060612 0.72469491 5 0 0 0 2
-1.0663143 0.29176533 0.7424351 5 0 0 0 2
-1.7025821 0.64589077 0.73637825 5 0 0 0 2
-1.701697 -0.028440449 0.72658443 5 0 0 0 2
-1.6870309 0.42991215 0.73231632 5 0 0 0 2
-1.3066417 0.34721321 0.73415691 5 0 0 0 2
-1.1972686 0.44304764 0.72800875 5 0 0 0 2
-1.2571332 0.8806628 0.73396057 5 0 0 0 2
-1.8208652 0.59906751 0.73117173 5 0 0 0 2
-1.3393842 -0.029665671 0.72369611 5 0 0 0 2
-1.3508302 0.64413613 0.72431636 5 0 0 0 2
-2.0162849 0.052987315 0.72999465 5 0 0 0 2
-1.1965262 0.67306483 0.72538322 5 0 0 0 2
-1.7135354 0.56415445 0.7186026 5 0 0 0 2
-1.9993855 0.35428539 0.73377693 5 0 0 0 2
-1.9121048 0.78356755 0.7331571 5 0 0 0 2
-1.6451513 0.49041149 0.74418414 5 0 0 0 2
-1.6345819 0.36944124 0.72650737 5 0 0 0 2
-1.6397954 0.89111441 0.74213386 5 0 0 0 2
-1.2752093 0.25917524 0.72445863 5 0 0 0 2
-1.3086416 0.39762399 0.72334725 5 0 0 0 2
-1.4031736 0.64716995 0.72591239 5 0 0 0 2
-1.8032125 0.077370279 0.72932827 5 0 0 0 2
-1.4452567 0.39226499 0.76029456 5 0 0 0 2
-1.7521183 0.67100012 0.71730024 5 0 0 0 2
-1.7300175 0.23595403 0.72040391 5 0 0 0 2
-1.4560671 0.7515589 0.73868191 5 0 0 0 2
-1.1988466 0.12400761 0.73906308 5 0 0 0 2
-1.7849845 0.65416265 0.73256743 5 0 0 0 2
-1.3050184 -0.084475547 0.74682486 5 0 0 0 2
-1.8346173 0.75904155 0.73184156 6 0 0 0 2
-1.1870805 0.1970804 0.72280437 6 0 0 0 2
-1.9471133 0.30665907 0.74763846 6 0 0 0 2
-1.1925719 0.17234133 0.73571151 6 0 0 0 2
-1.7576194 0.12601604 0.72857368 6 0 0 0 2
-1.2438568 0.12955862 0.73528826 6 0 0 0 2
-1.7793902 0.16175365 0.72716451 6 0 0 0 2
-1.9192283 -0.078576364 0.7179504 6 0 0 0 2
-1.9844458 0.77627397 0.74958485 6 0 0 0 2
-1.2837998 0.39619774 0.72076339 6 0 0 0 2
-1.9272739 0.70562673 0.75754166 6 0 0 0 2
-1.6891886 0.41519308 0.72050524 6 0 0 0 2
-1.1902623 0.56895131 0.73787349 6 0 0 0 2
-1.33724 -0.019842604 0.7264204 6 0 0 0 2
-1.4072968 0.90141857 0.73689431 6 0 0 0 2
-1.9680648 -0.042879939 0.7246964 6 0 0 0 2
-1.6368513 0.70622009 0.73114049 6 0 0 0 2
-1.4353744 -0.094055891 0.72994483 6 0 0 0 2
-1.4458251 0.15536892 0.74072033 6 0 0 0 2
-1.773721 0.82373613 0.72807461 6 0 0 0 2
-1.1791803 0.81679124 0.74034089 6 0 0 0 2
-1.7379507 0.35428524 0.73201019 6 0 0 0 2
-2.0182076 0.83594441 0.71533066 6 0 0 0 2
-1.0840902 0.45866644 0.73992658 6 0 0 0 2
-1.6062617 0.18887895 0.72897238 6 0 0 0 2
-1.4523116 0.49610022 0.70922351 6 0 0 0 2
-1.9221718 -0.02375483 0.73762083 6 0 0 0 2
-1.3792049 0.8635698 0.72779292 6 0 0 0 2
-2.0258536 0.2188459 0.73187196 6 0 0 0 2
-1.5188394 0.21759184 0.7387076 6 0 0 0 2
-1.6091006 0.66205454 0.71115327 6 0 0 0 2
-1.110658 0.25671852 0.73303777 6 0 0 0 2
-1.4452968 0.77248734 0.72094005 6 0 0 0 2
-1.245777 0.32413042 0.74291337 6 0 0 0 2
-1.9617895 0.80511725 0.74044555 6 0 0 0 2
-1.2714545 0.76388276 0.74222124 6 0 0 0 2
-1.682694 0.27976948 0.7208879 6 0 0 0 2
-1.925207 0.30463576 0.74438626 6 0 0 0 2
-1.8974525 0.12408341 0.71530688 6 0 0 0 2
-1.9019095 0.64779615 0.73705775 6 0 0 0 2
-1.452455 0.41555896 0.71881098 7 0 0 0 2
-1.1670746 0.36387491 0.7298941 7 0 0 0 2
-1.155448 0.21796647 0.72033751 7 0 0 0 2
-1.587031 0.14846702 0.72647268 7 0 0 0 2
-1.3189387 0.84505028 0.72282749 7 0 0 0 2
-1.0911702 -0.080041237 0.71821439 7 0 0 0 2
-1.3603776 0.76054227 0.72820163 7 0 0 0 2
-1.5823252 0.10729649 0.7248401 7 0 0 0 2
-1.7861891 -0.08677984 0.74755663 7 0 0 0 2
-1.9679555 -0.013051042 0.73092318 7 0 0 0 2
-1.6900933 0.57931685 0.74563277 7 0 0 0 2
-1.3973926 -0.019313347 0.73005438 7 0 0 0 2
-1.5269014 0.66169411 0.7368018 7 0 0 0 2
-1.8951424 0.037351776 0.73820519 7 0 0 0 2
-1.8864166 0.45683658 0.71451962 7 0 0 0 2
-1.221251 0.14127547 0.73300904 7 0 0 0 2
-1.6915451 0.35489324 0.74695307 7 0 0 0 2
-1.2919624 0.032866422 0.73450595 7 0 0 0 2
-1.977488 0.2803131 0.7449339 7 0 0 0 2
-1.3357615 0.046113532 0.72369504 7 0 0 0 2
-2.0029945 0.34036586 0.71936882 7 0 0 0 2
-1.4773309 0.36639258 0.7358129 7 0 0 0 2
-1.7737526 0.046690539 0.72937191 7 0 0 0 2
-1.4871351 0.47273657 0.75425428 7 0 0 0 2
-1.4089186 0.56613016 0.71280098 7 0 0 0 2
-1.834497 -0.049962461 0.72498739 7 0 0 0 2
-1.4614466 -0.035021514 0.7442292 7 0 0 0 2
-2.0378897 -0.030033028 0.73269618 7 0 0 0 2
-2.0318975 0.064202353 0.72421116 7 0 0 0 2
-1.5515079 0.75060701 0.70402902 7 0 0 0 2
-1.1106914 0.8623575 0.75479329 7 0 0 0 2
-1.5820757 0.33717135 0.72806442 7 0 0 0 2
-1.9820306 0.15773368 0.7269876 7 0 0 0 2
-1.7165709 0.33781907 0.72407007 7 0 0 0 2
-1.3889873 0.24980643 0.72892624 7 0 0 0 2
-2.0302839 0.13535732 0.73040545 7 0 0 0 2
-1.6733485 0.25978604 0.7242251 7 0 0 0 2
-1.0724525 0.0085008573 0.7311874 7 0 0 0 2
-1.7113904 0.17018577 0.72130454 7 0 0 0 2
-1.121829 -0.00076402101 0.72780752 7 0 0 0 2
-1.7081592 0.42309439 0.72735703 8 0 0 0 2
-1.7225496 0.88782281 0.73820394 8 0 0 0 2
-1.4649442 0.32217848 0.71073699 8 0 0 0 2
-1.4649174 0.42675135 0.73978376 8 0 0 0 2
-1.2562233 -0.078938194 0.73874581 8 0 0 0 2
-1.6923399 0.76848567 0.72299004 8 0 0 0 2
-1.9246148 0.21877407 0.73757452 8 0 0 0 2
-1.4102741 0.1079889 0.733428 8 0 0 0 2
-1.1825525 0.83114398 0.73575616 8 0 0 0 2
-1.1546696 0.023492947 0.70701945 8 0 0 0 2
-1.1562954 0.1797573 0.73086244 8 0 0 0 2
-2.0075417 0.58461356 0.72247505 8 0 0 0 2
-1.4299989 0.64397579 0.73279846 8 0 0 0 2
-1.306953 0.8144927 0.72217053 8 0 0 0 2
-1.1140255 0.84386176 0.7321794 8 0 0 0 2
-1.2348245 0.16385131 0.72195649 8 0 0 0 2
-1.2172621 0.87522465 0.73987985 8 0 0 0 2
-1.1354634 0.66714305 0.7297318 8 0 0 0 2
-1.0852491 0.52054507 0.73388642 8 0 0 0 2
-1.528155 0.1026237 0.72511375 8 0 0 0 2
-1.0566407 0.24682571 0.71960491 8 0 0 0 2
-1.4352092 0.8930189 0.74559271 8 0 0 0 2
-1.8435514 0.11035134 0.74314576 8 0 0 0 2
-1.996986 0.78653234 0.73626268 8 0 0 0 2
-1.2714295 0.66276509 0.73441523 8 0 0 0 2
-1.6530153 0.12248231 0.73444504 8 0 0 0 2
-1.0868584 0.42857662 0.72722739 8 0 0 0 2
-1.9320922 -0.039804157 0.73741573 8 0 0 0 2
-1.9544637 0.7778973 0.7228986 8 0 0 0 2
-1.4618628 0.32491967 0.7223227 8 0 0 0 2
-2.0039325 0.48262861 0.72618371 8 0 0 0 2
-1.9674215 -0.0046831812 0.72450936 8 0 0 0 2
-1.6773146 0.81183702 0.73186177 8 0 0 0 2
-1.3007212 0.37816307 0.73881286 8 0 0 0 2
-1.5526514 0.79663253 0.7190913 8 0 0 0 2
-1.5084084 0.31542063 0.74080092 8 0 0 0 2
-1.7193643 -0.022514349 0.73332113 8 0 0 0 2
-1.8496696 0.19051988 0.73762023 8 0 0 0 2
-1.9907141 0.076710574 0.7417717 8 0 0 0 2
-1.2963858 0.66980314 0.74348956 8 0 0 0 2
-1.999913 0.69291115 0.75700766 9 0 0 0 2
-1.1975898 0.58972853 0.71687371 9 0 0 0 2
-1.8338041 0.65200078 0.73512995 9 0 0 0 2
-1.4264234 0.28604081 0.72392344 9 0 0 0 2
-1.4210131 0.72428751 0.73794925 9 0 0 0 2
-1.6058651 0.35563192 0.72106409 9 0 0 0 2
-1.4535502 0.7532599 0.72738796 9 0 0 0 2
-2.0389218 0.68365121 0.74803472 9 0 0 0 2
-1.3191969 0.42060608 0.73465061 9 0 0 0 2
-1.2651105 -0.0074418192 0.73378366 9 0 0 0 2
-1.369856 0.45317179 0.74140698 9 0 0 0 2
-1.0509441 0.18584666 0.71822011 9 0 0 0 2
-1.7050291 0.88037044 0.73040152 9 0 0 0 2
-1.9192615 0.32032913 0.7460705 9 0 0 0 2
-1.7325244 0.18499665 0.71902168 9 0 0 0 2
-1.4374061 -0.075514637 0.73691183 9 0 0 0 2
-1.4626292 0.72679842 0.74801439 9 0 0 0 2
-1.2922684 0.76973349 0.73139727 9 0 0 0 2
-1.6790839 0.31660604 0.72358614 9 0 0 0 2
-1.3872501 0.23155695 0.71063036 9 0 0 0 2
-1.5938728 0.67141169 0.7403143 9 0 0 0 2
-1.7603385 0.23728184 0.73833102 9 0 0 0 2
-1.4264716 0.74722713 0.7333802 9 0 0 0 2
-1.2235146 0.73775989 0.70066023 9 0 0 0 2
-1.4473706 0.83954376 0.73384506 9 0 0 0 2
-1.7671334 0.26461563 0.74154073 9 0 0 0 2
-1.1880422 0.45347703 0.73659033 9 0 0 0 2
-1.7469186 0.8085162 0.72860473 9 0 0 0 2
-1.6640151 -0.0077103418 0.73493546 9 0 0 0 2
-1.2681179 0.63367522 0.72459668 9 0 0 0 2
-1.7961254 0.20919578 0.73807859 9 0 0 0 2
-1.4399312 0.38935193 0.7354244 9 0 0 0 2
-1.3103757 0.88150847 0.72573346 9 0 0 0 2
-1.0964582 0.597332 0.73287249 9 0 0 0 2
-1.4225597 0.045771111 0.7259559 9 0 0 0 2
-1.9918634 0.0069802003 0.7374016 9 0 0 0 2
-1.2240579 0.81943476 0.7268362 9 0 0 0 2
-1.1624018 0.81269145 0.73312306 9 0 0 0 2
-1.1757985 0.1193122 0.7342239 9 0 0 0 2
-1.1448798 0.65512753 0.73576349 9 0 0 0 2
-1.5067089 0.47633845 0.71820116 10 0 0 0 2
-1.1477211 0.73036951 0.73733872 10 0 0 0 2
-1.3551981 0.74534875 0.72252589 10 0 0 0 2
-1.152855 0.33839086 0.72992986 10 0 0 0 2
-1.6662476 0.32805726 0.74053782 10 0 0 0 2
-1.297049 0.14090811 0.71903276 10 0 0 0 2
-1.8513478 0.88189834 0.72292686 10 0 0 0 2
-2.0049789 -0.019147838 0.72448719 10 0 0 0 2
-1.6248604 0.31688729 0.72334957 10 0 0 0 2
-1.5684845 0.83542877 0.72197407 10 0 0 0 2
-1.300982 0.66225153 0.74074024 10 0 0 0 2
-1.8702192 0.85282922 0.74305838 10 0 0 0 2
-1.9187067 0.45284766 0.74446565 10 0 0 0 2
-1.1510001 0.038175266 0.72859085 10 0 0 0 2
-1.1289858 0.087871388 0.73209852 10 0 0 0 2
-1.871756 0.69859815 0.74698323 10 0 0 0 2
-1.7912003 0.47712734 0.74982929 10 0 0 0 2
-1.8458071 0.49045503 0.74458212 10 0 0 0 2
-1.7700557 0.71899223 0.71943671 10 0 0 0 2
-1.6258008 0.086876228 0.72768283 10 0 0 0 2
-1.5006653 0.63402373 0.74191678 10 0 0 0 2
-1.1263011 -0.024341583 0.71263379 10 0 0 0 2
-1.3306867 0.36032563 0.73056185 10 0 0 0 2
-1.519424 0.71382201 0.71879727 10 0 0 0 2
-1.9685999 0.77929199 0.71918595 10 0 0 0 2
-1.7241877 0.34567457 0.72925854 10 0 0 0 2
-1.7182416 0.37159681 0.72817934 10 0 0 0 2
-1.6030574 0.43772799 0.7373116 10 0 0 0 2
-1.5726848 0.68995565 0.73794252 10 0 0 0 2
-1.5412756 0.09583021 0.73254782 10 0 0 0 2
-1.107506 0.022625355 0.73438656 10 0 0 0 2
-1.2078218 0.33589038 0.72634733 10 0 0 0 2
-1.6066839 0.51043546 0.72575223 10 0 0 0 2
-1.7352338 0.060053624 0.74608815 10 0 0 0 2
-1.3925753 0.58385307 0.71762997 10 0 0 0 2
-1.9177583 0.39392513 0.72162265 10 0 0 0 2
-1.1013894 0.80392367 0.72957569 10 0 0 0 2
-1.8194343 0.60589325 0.72941101 10 0 0 0 2
-1.1957403 0.2684004 0.73740637 10 0 0 0 2
-1.8625135 0.44302452 0.7302655 10 0 0 0 2
-1.7859758 0.19841129 0.73667645 11 0 0 0 2
-1.3442256 0.48852259 0.72163022 11 0 0 0 2
-1.6921079 0.52747244 0.74259019 11 0 0 0 2
-1.8694224 0.15550587 0.71027929 11 0 0 0 2
-1.8660337 0.020459844 0.7229932 11 0 0 0 2
-1.1481192 0.28178892 0.73745281 11 0 0 0 2
-1.2350466 0.60921067 0.7196613 11 0 0 0 2
-1.8236786 0.59310502 0.73308164 11 0 0 0 2
-1.9478854 0.36161909 0.73400712 11 0 0 0 2
-1.2092801 0.6817227 0.73307008 11 0 0 0 2
-1.8735178 -0.042592496 0.72589856 11 0 0 0 2
-1.9116536 0.17030899 0.72429729 11 0 0 0 2
-1.913106 0.50608993 0.71345347 11 0 0 0 2
-1.4349425 0.8578648 0.71490413 11 0 0 0 2
-1.6307799 0.33162588 0.71755141 11 0 0 0 2
-1.2505796 0.24945013 0.73182422 11 0 0 0 2
-1.6286035 -0.067315623 0.72713751 11 0 0 0 2
-1.5837754 0.27128881 0.73848188 11 0 0 0 2
-1.324343 0.16058722 0.71903586 11 0 0 0 2
-1.7112029 0.0001096824 0.73161089 11 0 0 0 2
-1.128819 0.57682353 0.7313782 11 0 0 0 2
-1.6907148 0.22731653 0.72876507 11 0 0 0 2
-1.4599329 0.72286874 0.72740018 11 0 0 0 2
-1.8958838 0.36349091 0.73228407 11 0 0 0 2
-1.087759 -0.00036509568 0.73822254 11 0 0 0 2
-1.4915552 0.26420537 0.71657068 11 0 0 0 2
-1.2473462 0.36534891 0.73846787 11 0 0 0 2
-1.4808137 0.57717514 0.72128087 11 0 0 0 2
-1.4917818 0.58281636 0.70985854 11 0 0 0 2
-1.6678563 0.34653136 0.7337656 11 0 0 0 2
-1.2159662 0.16992974 0.73651814 11 0 0 0 2
-1.4123708 0.86215162 0.7416324 11 0 0 0 2
-1.5368884 0.90347701 0.73935586 11 0 0 0 2
-1.6483133 0.58197773 0.73953205 11 0 0 0 2
-1.9578447 0.57542199 0.71633846 11 0 0 0 2
-1.9008694 0.53086782 0.73098153 11 0 0 0 2
-1.0846206 0.23083685 0.71324867 11 0 0 0 2
-1.5856692 0.44254261 0.71810967 11 0 0 0 2
-1.8843526 0.20498817 0.71504813 11 0 0 0 2
-1.1207355 0.33208448 0.7324264 11 0 0 0 2
-1.5583837 0.76210815 0.72474217 12 0 0 0 2
-1.814461 0.39102614 0.74400705 12 0 0 0 2
-1.6432586 0.14523536 0.74639112 12 0 0 0 2
-1.0449792 0.67137432 0.72402638 12 0 0 0 2
-1.4040484 0.60465461 0.74698234 12 0 0 0 2
-1.6077709 0.50681794 0.72497976 12 0 0 0 2
-1.6130404 0.34653586 0.7398957 12 0 0 0 2
-1.2852738 0.18986899 0.74159706 12 0 0 0 2
-1.8924512 0.38723925 0.71832222 12 0 0 0 2
-1.340337 0.7116406 0.73253965 12 0 0 0 2
-1.883006 0.83096904 0.75342381 12 0 0 0 2
-1.4857638 -0.03765009 0.72800577 12 0 0 0 2
-1.1073903 0.70152771 0.72989011 12 0 0 0 2
-1.30382 -0.0091433702 0.7173804 12 0 0 0 2
-2.0279248 -0.056194175 0.71905303 12 0 0 0 2
-1.715181 0.48040369 0.71406823 12 0 0 0 2
-1.4578834 0.81692022 0.71818763 12 0 0 0 2
-1.7592539 0.018556863 0.72563118 12 0 0 0 2
-1.0820314 0.48931807 0.72168905 12 0 0 0 2
-1.7789234 0.51604486 0.72693819 12 0 0 0 2
-1.378682 0.13427037 0.71964818 12 0 0 0 2
-1.686416 0.86259246 0.71185935 12 0 0 0 2
-1.7164427 0.85218632 0.73621327 12 0 0 0 2
-1.5511947 0.82147896 0.73952585 12 0 0 0 2
-1.6613305 0.39065123 0.7216692 12 0 0 0 2
-1.350771 0.41224205 0.71153843 12 0 0 0 2
-1.7265995 0.00042021627 0.71774757 12 0 0 0 2
-1.7643229 0.80050975 0.740924 12 0 0 0 2
-1.6158104 0.14182121 0.73515713 12 0 0 0 2
-1.311041 0.096449792 0.74153733 12 0 0 0 2
-1.7994007 0.87447995 0.71627319 12 0 0 0 2
-1.1952496 0.23018743 0.74203622 12 0 0 0 2
-1.939364 0.21882302 0.70411092 12 0 0 0 2
-1.7640524 0.63096237 0.72507596 12 0 0 0 2
-1.2778639 -0.031424854 0.72531593 12 0 0 0 2
-2.0195196 0.56266338 0.74147487 12 0 0 0 2
-1.575474 -0.079770692 0.7289449 12 0 0 0 2
-1.5850281 0.31921312 0.73566455 12 0 0 0 2
-1.103626 0.48076394 0.72219014 12 0 0 0 2
-1.5209737 0.87004387 0.73586184 12 0 0 0 2
-1.6312125 0.13655458 0.74552506 13 0 0 0 2
-1.0818714 0.2824609 0.74441803 13 0 0 0 2
-1.718466 0.86755818 0.74538648 13 0 0 0 2
-1.6261972 0.14370731 0.74262625 13 0 0 0 2
-1.9496853 0.2526252 0.70860976 13 0 0 0 2
-1.5422902 0.89476281 0.74385482 13 0 0 0 2
-1.2901602 0.48783314 0.74062175 13 0 0 0 2
-1.4594249 0.077391841 0.74006075 13 0 0 0 2
-1.3927503 0.327943 0.7272554 13 0 0 0 2
-1.7752763 0.59000027 0.7240355 13 0 0 0 2
-1.977316 -0.064209364 0.73768878 13 0 0 0 2
-1.5782683 0.35674411 0.720671 13 0 0 0 2
-1.7676381 0.82027251 0.73324156 13 0 0 0 2
-1.7370751 0.08165092 0.7366811 13 0 0 0 2
-1.4805093 0.8454929 0.73220819 13 0 0 0 2
-1.5116673 0.038662344 0.73606008 13 0 0 0 2
-1.6243935 0.14211127 0.75306058 13 0 0 0 2
-1.6582714 0.5559293 0.72914499 13 0 0 0 2
-1.8131783 0.88075179 0.71475089 13 0 0 0 2
-1.6143514 -0.069362603 0.72645259 13 0 0 0 2
-1.9832721 0.46418399 0.73282862 13 0 0 0 2
-1.0676717 -0.069435999 0.72366059 13 0 0 0 2
-1.9757961 0.10702906 0.71572757 13 0 0 0 2
-1.5597852 0.54333907 0.73550725 13 0 0 0 2
-1.4065574 -0.062240325 0.73065102 13 0 0 0 2
-1.5408528 -0.064734362 0.73284268 13 0 0 0 2
-1.1941109 0.50811148 0.73387849 13 0 0 0 2
-1.1055187 0.74368072 0.74476618 13 0 0 0 2
-1.6081494 0.15537839 0.7306872 13 0 0 0 2
-1.6657809 0.16548662 0.71820861 13 0 0 0 2
-1.4766717 0.87502044 0.71915638 13 0 0 0 2
-1.6312653 0.2534385 0.74329615 13 0 0 0 2
-1.5727848 -0.057770822 0.75884569 13 0 0 0 2
-1.0607692 0.68025166 0.72942948 13 0 0 0 2
-1.3581797 0.04029756 0.71867138 13 0 0 0 2
-1.9866303 0.051983867 0.71329635 13 0 0 0 2
-1.1538788 0.12253131 0.73906291 13 0 0 0 2
-1.7281618 0.84318966 0.73010314 13 0 0 0 2
-1.081933 0.093991511 0.73993361 13 0 0 0 2
-1.9464318 -0.072319597 0.7316215 13 0 0 0 2
-1.3709126 0.84552699 0.73578298 14 0 0 0 2
-1.2189208 0.87177724 0.73044229 14 0 0 0 2
-1.9871258 0.87099552 0.73156106 14 0 0 0 2
-1.280901 0.17947763 0.73024464 14 0 0 0 2
-1.7431184 -0.041759003 0.73727238 14 0 0 0 2
-1.8704925 0.45295939 0.72069836 14 0 0 0 2
-1.7067612 0.80286026 0.72390366 14 0 0 0 2
-1.9541312 0.45008424 0.72256172 14 0 0 0 2
-1.0547278 0.85730666 0.73368442 14 0 0 0 2
-2.0145171 -0.035181038 0.73572922 14 0 0 0 2
-1.1230727 0.76809978 0.72217375 14 0 0 0 2
-1.6697035 0.14751028 0.7337333 14 0 0 0 2
-1.8004929 0.21011586 0.71638113 14 0 0 0 2
-1.1791195 0.29759979 0.73572654 14 0 0 0 2
-2.0189676 0.26582059 0.74064118 14 0 0 0 2
-1.8088546 0.16430669 0.72234333 14 0 0 0 2
-1.5933071 0.76972347 0.73116845 14 0 0 0 2
-1.3965591 0.59545219 0.73041219 14 0 0 0 2
-1.5468004 0.24852189 0.71891958 14 0 0 0 2
-1.5026832 0.69629288 0.722426 14 0 0 0 2
-1.9809258 0.17062743 0.73873764 14 0 0 0 2
-1.2990503 0.52434719 0.7362563 14 0 0 0 2
-1.5845617 0.16828658 0.74211913 14 0 0 0 2
-1.4972844 0.73283374 0.73955721 14 0 0 0 2
-1.4567113 0.14526938 0.72357512 14 0 0 0 2
-1.3755001 0.11957097 0.72064215 14 0 0 0 2
-1.7404493 0.61172378 0.71279442 14 0 0 0 2
-1.6595361 0.39217952 0.72285396 14 0 0 0 2
-1.0863849 0.11515967 0.73571426 14 0 0 0 2
-1.1303188 0.445355 0.7480976 14 0 0 0 2
-2.0039327 0.48454386 0.72074342 14 0 0 0 2
-1.9552748 0.47197813 0.74414724 14 0 0 0 2
-1.415146 0.65104735 0.72412533 14 0 0 0 2
-1.3230218 0.81002063 0.73344976 14 0 0 0 2
-1.2189212 0.21471386 0.72469896 14 0 0 0 2
-1.9785419 0.12493311 0.72074032 14 0 0 0 2
-2.0004873 0.85195225 0.7462725 14 0 0 0 2
-1.257048 0.84521997 0.74036467 14 0 0 0 2
-1.1705151 0.78982341 0.73348475 14 0 0 0 2
-1.6031995 0.61601847 0.73604393 14 0 0 0 2
-1.2222656 0.22390826 0.71409595 15 0 0 0 2
-1.2586014 -0.076080523 0.72920269 15 0 0 0 2
-1.7785866 0.15414469 0.72875053 15 0 0 0 2
-2.0384669 0.67527062 0.73071325 15 0 0 0 2
-1.5938197 0.67656219 0.7344318 15 0 0 0 2
-1.6839509 0.20308802 0.7377978 15 0 0 0 2
-1.6782904 0.15976921 0.73500896 15 0 0 0 2
-2.0257103 0.76981252 0.7209354 15 0 0 0 2
-1.1861063 0.32408872 0.7471627 15 0 0 0 2
-1.9437764 0.48706988 0.71024472 15 0 0 0 2
-1.8102319 0.072666153 0.73567015 15 0 0 0 2
-1.4919831 0.50248975 0.73169601 15 0 0 0 2
-1.4204556 0.69325548 0.73855716 15 0 0 0 2
-1.9316485 0.88412231 0.74035048 15 0 0 0 2
-1.6038905 -0.019270487 0.73732704 15 0 0 0 2
-1.0753635 0.58536649 0.73719084 15 0 0 0 2
-1.6274914 0.013681856 0.73500687 15 0 0 0 2
-1.9282554 0.37480468 0.71418107 15 0 0 0 2
-1.5726728 0.28709319 0.72000808 15 0 0 0 2
-1.321492 -0.064200431 0.7204988 15 0 0 0 2
-1.8358213 0.49536011 0.73509246 15 0 0 0 2
-1.6807777 0.73410499 0.73437977 15 0 0 0 2
-1.3515991 0.71416694 0.73255205 15 0 0 0 2
-1.4129363 0.73912513 0.74727112 15 0 0 0 2
-1.4817873 -0.017645001 0.73923951 15 0 0 0 2
-1.9679183 0.51449299 0.71741128 15 0 0 0 2
-1.0548636 0.83760482 0.72911781 15 0 0 0 2
-1.4402699 -0.039681878 0.73142028 15 0 0 0 2
-2.0114467 0.29649147 0.74193323 15 0 0 0 2
-1.5220809 0.25213146 0.75662053 15 0 0 0 2
-1.4538858 0.74953109 0.73686683 15 0 0 0 2
-1.5311534 0.093164131 0.71970642 15 0 0 0 2
-1.1150991 -0.028508181 0.73869008 15 0 0 0 2
-1.6856019 0.35193744 0.74157119 15 0 0 0 2
-1.4053253 0.8418138 0.72983444 15 0 0 0 2
-1.7763847 0.5285548 0.72641408 15 0 0 0 2
-1.8605336 0.15328948 0.73567677 15 0 0 0 2
-1.8011379 0.3332926 0.73871964 15 0 0 0 2
-1.5807731 0.012447943 0.72223234 15 0 0 0 2
-1.6612409 0.67632282 0.72129828 15 0 0 0 2
-1.4031667 0.83380598 0.73213285 16 0 0 0 2
-1.5036155 0.80481982 0.73338246 16 0 0 0 2
-1.6464981 0.18574224 0.72127253 16 0 0 0 2
-1.5672204 0.32195485 0.72506005 16 0 0 0 2
-1.8162348 0.52989805 0.73251849 16 0 0 0 2
-1.0604401 0.17628399 0.71353924 16 0 0 0 2
-1.0954878 -0.071294673 0.74310338 16 0 0 0 2
-1.7174195 0.45587936 0.72536552 16 0 0 0 2
-1.5346198 0.235438 0.72791016 16 0 0 0 2
-1.2493457 0.75572097 0.71797413 16 0 0 0 2
-1.802739 0.75556862 0.71887767 16 0 0 0 2
-1.8652639 0.37781674 0.73057568 16 0 0 0 2
-1.9567397 0.006441975 0.72362185 16 0 0 0 2
-1.809044 0.82822508 0.74451864 16 0 0 0 2
-1.807564 -0.013446933 0.73207748 16 0 0 0 2
-1.8332094 0.060417559 0.73851943 16 0 0 0 2
-1.4231427 0.88183802 0.72199154 16 0 0 0 2
-1.7711943 0.12520909 0.73267204 16 0 0 0 2
-1.8537043 0.20690598 0.72414553 16 0 0 0 2
-2.0371442 0.60813063 0.73651803 16 0 0 0 2
-1.2478687 0.69171172 0.72359711 16 0 0 0 2
-1.350518 -0.030991351 0.72527122 16 0 0 0 2
-1.4130119 -0.028877428 0.7334736 16 0 0 0 2
-1.5578058 -0.053165935 0.72114319 16 0 0 0 2
-1.1399722 0.3800303 0.74382645 16 0 0 0 2
-1.5963073 0.25551307 0.72340328 16 0 0 0 2
-1.5546377 0.68411589 0.75556678 16 0 0 0 2
-1.3710634 0.22165918 0.7330398 16 0 0 0 2
-1.3498658 0.59142631 0.71122319 16 0 0 0 2
-1.6074411 0.75245774 0.71534902 16 0 0 0 2
-1.9817566 0.59060919 0.72767448 16 0 0 0 2
-1.5027806 0.025803674 0.71446425 16 0 0 0 2
-1.9466939 0.59821266 0.72473359 16 0 0 0 2
-1.939042 -0.0087395171 0.72895777 16 0 0 0 2
-1.9131864 0.52460599 0.73165417 16 0 0 0 2
-1.1404113 0.88892645 0.74362904 16 0 0 0 2
-1.9238667 0.26186237 0.73998731 16 0 0 0 2
-1.465867 0.3404001 0.73324633 16 0 0 0 2
-1.0985519 0.25695947 0.74349922 16 0 0 0 2
-1.6778975 0.036227368 0.73797584 16 0 0 0 2
-1.7944176 0.32275259 0.72388899 17 0 0 0 2
-1.7232966 0.24929602 0.72875834 17 0 0 0 2
-1.0828787 0.077652596 0.70072073 17 0 0 0 2
-1.2760265 0.27679884 0.73486716 17 0 0 0 2
-2.0053422 0.60158604 0.72943985 17 0 0 0 2
-1.6808834 0.73163694 0.72682512 17 0 0 0 2
-1.5006466 0.13213673 0.74975497 17 0 0 0 2
-1.3780353 0.27614844 0.73067033 17 0 0 0 2
-1.5185254 0.14917587 0.74255264 17 0 0 0 2
-1.8928823 0.74073917 0.73822874 17 0 0 0 2
-1.3760481 0.73696572 0.73131937 17 0 0 0 2
-1.6621883 0.35961929 0.73158532 17 0 0 0 2
-1.7282255 0.12675481 0.74410719 17 0 0 0 2
-1.8585798 0.33189762 0.73101419 17 0 0 0 2
-1.9635496 0.71703559 0.72393095 17 0 0 0 2
-1.6207912 0.8608411 0.73518968 17 0 0 0 2
-1.9386498 0.79968047 0.73246515 17 0 0 0 2
-1.3309394 0.85698545 0.72864866 17 0 0 0 2
-1.1547047 0.34777862 0.73079282 17 0 0 0 2
-1.538976 0.68423235 0.74849027 17 0 0 0 2
-1.2554442 0.73751098 0.74329329 17 0 0 0 2
-2.0363107 0.69686931 0.7276113 17 0 0 0 2
-1.3504992 -0.041381955 0.74122137 17 0 0 0 2
-1.0513992 0.15237628 0.73891747 17 0 0 0 2
-1.8724551 0.4984839 0.72442073 17 0 0 0 2
-1.6301395 -0.048755981 0.71309596 17 0 0 0 2
-1.3803134 0.2115296 0.73039299 17 0 0 0 2
-1.6376402 0.31007031 0.73283261 17 0 0 0 2
-1.4899908 0.10965741 0.73461294 17 0 0 0 2
-1.6617897 0.37957665 0.71541333 17 0 0 0 2
-1.5785211 0.35383636 0.75046456 17 0 0 0 2
-1.0771307 0.544204 0.71965951 17 0 0 0 2
-1.543231 0.20350242 0.72503263 17 0 0 0 2
-1.8808562 0.45160434 0.72226679 17 0 0 0 2
-1.7977692 -0.0072504561 0.74011517 17 0 0 0 2
-1.3902323 0.42325515 0.71918505 17 0 0 0 2
-1.3013942 0.63082695 0.73381126 17 0 0 0 2
-1.5830559 0.59741503 0.71785218 17 0 0 0 2
-1.2375762 0.58645332 0.73480767 17 0 0 0 2
-1.8408056 0.059990034 0.73046958 17 0 0 0 2
-1.487089 0.28475764 0.73934293 18 0 0 0 2
-1.5879976 0.11607429 0.72867864 18 0 0 0 2
-1.8023171 0.71582896 0.72088182 18 0 0 0 2
-1.5871774 -0.081374042 0.74513096 18 0 0 0 2
-1.235134 0.75204349 0.70540768 18 0 0 0 2
-1.2426722 0.17842297 0.7379247 18 0 0 0 2
-1.8503356 0.18544772 0.73136616 18 0 0 0 2
-1.9372449 0.78955305 0.72973782 18 0 0 0 2
-1.2997805 0.43634775 0.70223731 18 0 0 0 2
-1.8759885 0.36801967 0.73015893 18 0 0 0 2
-1.9490083 0.17435592 0.73616606 18 0 0 0 2
-1.2252713 0.044474781 0.737041 18 0 0 0 2
-1.3051826 0.86386251 0.72133625 18 0 0 0 2
-1.6530004 0.14050932 0.72962672 18 0 0 0 2
-1.9151477 0.8724165 0.73717129 18 0 0 0 2
-1.1022726 -0.010313817 0.74694264 18 0 0 0 2
-1.4610168 0.044652093 0.73079729 18 0 0 0 2
-1.1406329 0.79172635 0.72839701 18 0 0 0 2
-1.8298366 0.62837034 0.72995436 18 0 0 0 2
-1.3301786 0.77141535 0.73479939 18 0 0 0 2
-1.5614896 0.79788828 0.71346802 18 0 0 0 2
-1.4981041 0.61347097 0.74208879 18 0 0 0 2
-1.8246853 -0.064902879 0.71849358 18 0 0 0 2
-1.0621455 0.69253981 0.74194282 18 0 0 0 2
-1.442517 0.64392704 0.72954375 18 0 0 0 2
-1.3381859 0.79874879 0.73055398 18 0 0 0 2
-1.4950925 0.76238102 0.729406 18 0 0 0 2
-1.7106392 0.68862724 0.74856192 18 0 0 0 2
-1.6253659 0.27493188 0.73363858 18 0 0 0 2
-1.3014566 0.27696967 0.74446619 18 0 0 0 2
-1.5259607 0.10787547 0.72819901 18 0 0 0 2
-1.4132487 0.23508091 0.72622174 18 0 0 0 2
-1.696221 0.34972072 0.75272691 18 0 0 0 2
-1.1346494 0.17044593 0.73009175 18 0 0 0 2
-1.4909756 0.04200533 0.72404057 18 0 0 0 2
-1.0808619 -0.019534197 0.74547839 18 0 0 0 2
-1.4436239 0.55688047 0.73625016 18 0 0 0 2
-1.8755909 0.18724923 0.73292685 18 0 0 0 2
-1.8624625 0.21248256 0.72419399 18 0 0 0 2
-1.2226965 0.67123896 0.73434567 18 0 0 0 2
-1.6097076 0.10192753 0.72510797 19 0 0 0 2
-1.7659223 0.51106 0.72555059 19 0 0 0 2
-1.8342043 0.82636064 0.72765237 19 0 0 0 2
-1.4109259 0.23526916 0.73668277 19 0 0 0 2
-1.5833399 0.12844452 0.73095763 19 0 0 0 2
-1.777411 0.36152729 0.72434545 19 0 0 0 2
-1.1920952 0.29707804 0.73958546 19 0 0 0 2
-1.2753851 0.65833265 0.72320873 19 0 0 0 2
-1.5437008 0.35427523 0.73049814 19 0 0 0 2
-1.5573843 0.29424742 0.72168702 19 0 0 0 2
-1.5382802 0.6774298 0.74736202 19 0 0 0 2
-1.1370406 0.6130532 0.73028517 19 0 0 0 2
-1.4093871 0.42664436 0.72955585 19 0 0 0 2
-1.9160712 -0.093463913 0.71704519 19 0 0 0 2
-1.509365 0.068690673 0.7245605 19 0 0 0 2
-1.5596918 -0.061472055 0.73657888 19 0 0 0 2
-1.2812355 0.58969826 0.72843975 19 0 0 0 2
-1.8510234 0.84619892 0.72869819 19 0 0 0 2
-1.3080292 0.27446136 0.74375105 19 0 0 0 2
-1.5710136 -0.032344464 0.72470164 19 0 0 0 2
-1.4614611 0.82385153 0.72908694 19 0 0 0 2
-1.7182307 0.090638377 0.74003798 19 0 0 0 2
-1.3284234 -0.073736757 0.71541893 19 0 0 0 2
-1.1553605 0.11150605 0.72722954 19 0 0 0 2
-1.3027637 0.56699657 0.7183252 19 0 0 0 2
-1.345601 0.75791097 0.73885381 19 0 0 0 2
-1.9287385 0.05801278 0.72953475 19 0 0 0 2
-1.2695837 0.84591931 0.73803574 19 0 0 0 2
-1.364639 0.2293881 0.73140466 19 0 0 0 2
-1.3301688 0.26858556 0.72900528 19 0 0 0 2
-1.1963013 0.038524464 0.72327209 19 0 0 0 2
-1.7720299 0.38794902 0.72518301 19 0 0 0 2
-1.3492552 0.63918573 0.72940034 19 0 0 0 2
-1.1631608 0.83350271 0.74296719 19 0 0 0 2
-1.1442622 -0.01366083 0.73162293 19 0 0 0 2
-1.3466539 0.83794177 0.73829544 19 0 0 0 2
-1.4856176 0.89004385 0.72710001 19 0 0 0 2
-1.8144085 0.6898976 0.73148692 19 0 0 0 2
-1.7821326 -0.073264696 0.72959995 19 0 0 0 2
-1.387622 0.72141594 0.70834374 19 0 0 0 2
1.8129793 1.1989986 -0.5995028 0 0 0 0 3
1.5862776 1.5359341 -0.42568648 0 0 0 0 3
2.04247 1.9615982 -0.81241286 0 0 0 0 3
1.8625395 1.5565172 -0.63104761 0 0 0 0 3
2.0806863 1.7885298 -0.79851705 0 0 0 0 3
1.7637956 1.8325027 -0.58031881 0 0 0 0 3
1.6965239 1.4773006 -0.51768768 0 0 0 0 3
1.8817154 1.6318498 -0.65813261 0 0 0 0 3
1.8982681 1.1173599 -0.62275159 0 0 0 0 3
2.1812661 1.4248852 -0.87683862 0 0 0 0 3
1.9683678 1.1425216 -0.6979847 0 0 0 0 3
2.109092 1.2138628 -0.80435055 0 0 0 0 3
2.1027813 1.6572754 -0.80131984 0 0 0 0 3
2.2025661 1.8292869 -0.90207416 0 0 0 0 3
1.9288656 1.0919032 -0.65282315 0 0 0 0 3
2.2235515 1.1686444 -0.86530697 0 0 0 0 3
2.1810484 1.8876888 -0.89314818 0 0 0 0 3
2.1569352 1.4680358 -0.8403188 0 0 0 0 3
2.105566 0.93508804 -0.77160358 0 0 0 0 3
1.8994037 1.6245373 -0.67957467 0 0 0 0 3
2.2976727 1.6015664 -0.95214504 0 0 0 0 3
2.093859 1.228966 -0.78886336 0 0 0 0 3
1.8289802 1.8795469 -0.6130197 0 0 0 0 3
1.9317098 1.0302464 -0.64281118 0 0 0 0 3
2.3759294 1.5071245 -1.0003456 0 0 0 0 3
2.3991313 1.3705481 -0.9972502 0 0 0 0 3
1.7269069 1.619697 -0.55388993 0 0 0 0 3
1.993313 1.1085569 -0.70723635 0 0 0 0 3
1.4402654 1.6057266 -0.31812349 0 0 0 0 3
2.0926032 1.8974653 -0.81774557 0 0 0 0 3
1.6474507 1.7609001 -0.50508422 0 0 0 0 3
1.9565535 0.88914979 -0.67050838 0 0 0 0 3
2.3032167 1.6447647 -0.94802713 0 0 0 0 3
2.1708179 1.0983069 -0.82704866 0 0 0 0 3
2.1229959 1.3271562 -0.80415779 0 0 0 0 3
2.2352178 1.4877639 -0.91156274 0 0 0 0 3
1.8711574 1.5075099 -0.62768519 0 0 0 0 3
2.2551658 1.4744647 -0.9164446 0 0 0 0 3
1.6673636 1.1634365 -0.45527822 0 0 0 0 3
1.8312173 0.92139941 -0.57093483 0 0 0 0 3
1.6953709 1.6872209 -0.50826371 1 0 0 0 3
1.8401414 1.3125503 -0.59192449 1 0 0 0 3
2.0407076 1.4436074 -0.76569879 1 0 0 0 3
2.1507854 1.4033089 -0.84439647 1 0 0 0 3
1.7325134 1.7276664 -0.53540099 1 0 0 0 3
1.8842083 1.1074251 -0.61679226 1 0 0 0 3
2.2965915 1.2713748 -0.92958415 1 0 0 0 3
1.7240441 1.0339608 -0.51119167 1 0 0 0 3
1.8411241 1.4888189 -0.6124357 1 0 0 0 3
2.2181494 1.4670069 -0.88669872 1 0 0 0 3
1.7024651 1.8047702 -0.54612589 1 0 0 0 3
2.2039988 1.5305574 -0.88678432 1 0 0 0 3
1.8327539 1.6104975 -0.61761862 1 0 0 0 3
2.0146871 1.7533114 -0.76905793 1 0 0 0 3
1.956712 1.1195158 -0.67786801 1 0 0 0 3
2.432204 1.411774 -1.0439576 1 0 0 0 3
1.9097323 1.5434976 -0.66406757 1 0 0 0 3
2.0429814 1.8568646 -0.78079534 1 0 0 0 3
2.0807159 1.6004305 -0.77387106 1 0 0 0 3
2.1319964 1.9473143 -0.86613846 1 0 0 0 3
1.9367664 1.2611428 -0.66070956 1 0 0 0 3
1.9539405 1.0328817 -0.70164078 1 0 0 0 3
2.3261342 1.5545889 -0.97734761 1 0 0 0 3
1.6085111 1.5144598 -0.44089025 1 0 0 0 3
1.9705474 1.5015821 -0.70756578 1 0 0 0 3
1.9148701 1.7347056 -0.68615276 1 0 0 0 3
2.1742609 1.8935784 -0.89058369 1 0 0 0 3
2.1638985 1.9050097 -0.87366658 1 0 0 0 3
2.2493272 1.1903213 -0.90095204 1 0 0 0 3
2.0521147 1.1112422 -0.7408784 1 0 0 0 3
2.0568404 1.7624949 -0.800758 1 0 0 0 3
2.0077941 1.2420908 -0.72900015 1 0 0 0 3
1.9387809 0.95961678 -0.65295655 1 0 0 0 3
2.1664114 1.4638009 -0.87368238 1 0 0 0 3
2.0854957 1.3736076 -0.79687703 1 0 0 0 3
1.6865991 1.2268717 -0.48578396 1 0 0 0 3
2.1464808 2.0312781 -0.860304 1 0 0 0 3
1.9511857 1.059455 -0.6627081 1 0 0 0 3
2.3912799 1.399736 -1.010895 1 0 0 0 3
2.1021519 1.574515 -0.79649383 1 0 0 0 3
2.072413 1.561151 -0.80163693 2 0 0 0 3
1.9622531 1.2248698 -0.6827957 2 0 0 0 3
1.5025533 1.5281241 -0.35454413 2 0 0 0 3
2.0237362 1.3218 -0.74801797 2 0 0 0 3
2.2520733 1.5545316 -0.91914159 2 0 0 0 3
2.1286125 2.034657 -0.86898124 2 0 0 0 3
2.2303395 1.0716434 -0.84141958 2 0 0 0 3
1.858925 0.93866754 -0.60273498 2 0 0 0 3
1.5724242 1.3766899 -0.40750635 2 0 0 0 3
2.3940399 1.1475335 -1.006681 2 0 0 0 3
2.0301061 2.007206 -0.80075896 2 0 0 0 3
2.0058072 0.93753058 -0.70327091 2 0 0 0 3
1.7803662 1.7714812 -0.58974284 2 0 0 0 3
1.9381558 1.1596363 -0.67516929 2 0 0 0 3
1.6112109 1.64887 -0.45137393 2 0 0 0 3
1.929616 0.84224236 -0.64178437 2 0 0 0 3
1.9936799 1.9712203 -0.76113385 2 0 0 0 3
2.2448881 1.5877185 -0.94370633 2 0 0 0 3
2.0330145 1.2403082 -0.73778242 2 0 0 0 3
2.056994 1.2302265 -0.75679767 2 0 0 0 3
2.0226939 1.005687 -0.71815163 2 0 0 0 3
1.6819576 1.3637077 -0.49485207 2 0 0 0 3
1.9477187 0.9147321 -0.65580082 2 0 0 0 3
2.2656233 1.2151176 -0.90681493 2 0 0 0 3
2.1419821 1.1748413 -0.817523 2 0 0 0 3
2.1380336 1.4892309 -0.84101784 2 0 0 0 3
1.8373359 1.2545547 -0.60166579 2 0 0 0 3
1.8818885 1.6260382 -0.63580954 2 0 0 0 3
1.6743584 1.4541918 -0.47453681 2 0 0 0 3
2.1520557 1.0631851 -0.83079159 2 0 0 0 3
2.2141514 1.8185924 -0.93466157 2 0 0 0 3
2.0470214 1.7206094 -0.81230032 2 0 0 0 3
1.6983974 1.251526 -0.51032948 2 0 0 0 3
1.9208413 0.98037529 -0.64439529 2 0 0 0 3
2.0550575 1.3374639 -0.75479609 2 0 0 0 3
1.7790486 1.2765821 -0.5326634 2 0 0 0 3
1.5762509 1.4264312 -0.4307318 2 0 0 0 3
2.0096452 1.4313445 -0.73028296 2 0 0 0 3
2.0694294 0.9780339 -0.75511754 2 0 0 0 3
1.9648789 1.0973476 -0.68740273 2 0 0 0 3
1.9158344 1.7097225 -0.70323461 3 0 0 0 3
2.193361 1.7798071 -0.90282744 3 0 0 0 3
1.8865561 1.0368617 -0.63464624 3 0 0 0 3
2.2505176 1.3830688 -0.90873653 3 0 0 0 3
2.1585095 1.4643619 -0.84426856 3 0 0 0 3
1.8518984 0.92206341 -0.59593719 3 0 0 0 3
2.2469697 1.1783619 -0.88189352 3 0 0 0 3
2.1461902 1.1222578 -0.82723778 3 0 0 0 3
1.9210261 1.876495 -0.69655544 3 0 0 0 3
1.7227678 1.3906922 -0.49470708 3 0 0 0 3
2.0440373 0.90782213 -0.72473633 3 0 0 0 3
1.4928461 1.6407737 -0.37932673 3 0 0 0 3
2.1071811 1.6221837 -0.82619995 3 0 0 0 3
2.2110374 1.5655069 -0.89991349 3 0 0 0 3
2.1964707 1.833573 -0.89897108 3 0 0 0 3
1.9829837 1.7718302 -0.75756776 3 0 0 0 3
1.5640665 1.3365977 -0.39398897 3 0 0 0 3
1.5923864 1.2718823 -0.43956995 3 0 0 0 3
2.0082552 0.98799098 -0.70504767 3 0 0 0 3
1.8378685 1.5322971 -0.6151796 3 0 0 0 3
2.0174024 1.1435765 -0.74442768 3 0 0 0 3
1.6439929 1.6482048 -0.46185765 3 0 0 0 3
1.8358301 1.376476 -0.59368938 3 0 0 0 3
2.4960034 1.2664111 -1.0867797 3 0 0 0 3
1.5901922 1.6755568 -0.45940235 3 0 0 0 3
2.0131688 1.3433526 -0.71846873 3 0 0 0 3
2.1525044 1.2783887 -0.83596492 3 0 0 0 3
1.6824001 1.4607979 -0.51657277 3 0 0 0 3
1.6806873 1.1272573 -0.46260896 3 0 0 0 3
1.4995681 1.6038094 -0.34701091 3 0 0 0 3
1.7159419 1.7245411 -0.52024519 3 0 0 0 3
1.803702 1.651163 -0.60134536 3 0 0 0 3
1.7435901 1.5366888 -0.54424804 3 0 0 0 3
2.4628232 1.2349596 -1.0571834 3 0 0 0 3
2.2373645 1.2401836 -0.90604877 3 0 0 0 3
2.0535543 1.1724747 -0.77139479 3 0 0 0 3
1.7611656 1.4258844 -0.54638213 3 0 0 0 3
2.1733601 1.2535185 -0.85754204 3 0 0 0 3
2.01335 1.6659271 -0.76694596 3 0 0 0 3
1.5752838 1.6062249 -0.40385652 3 0 0 0 3
1.7270426 1.2338672 -0.51477057 4 0 0 0 3
1.6139734 1.339487 -0.42121494 4 0 0 0 3
1.8815591 1.8228074 -0.65409106 4 0 0 0 3
1.7619766 1.4240553 -0.54622847 4 0 0 0 3
1.6565946 1.1719849 -0.4551129 4 0 0 0 3
1.9918176 1.8866283 -0.75175089 4 0 0 0 3
2.2382939 1.386415 -0.90028632 4 0 0 0 3
2.0266559 1.8798002 -0.76434249 4 0 0 0 3
1.8010808 1.1668413 -0.58498824 4 0 0 0 3
2.1378646 1.2830883 -0.80166829 4 0 0 0 3
2.2372544 1.1206806 -0.88811505 4 0 0 0 3
1.6894097 1.6313326 -0.50852865 4 0 0 0 3
1.8177141 0.86674249 -0.54454714 4 0 0 0 3
2.0952702 1.8380396 -0.82048023 4 0 0 0 3
2.1118565 1.4887009 -0.81977654 4 0 0 0 3
1.7757134 1.6017525 -0.57858098 4 0 0 0 3
2.3330374 1.3794214 -0.96990901 4 0 0 0 3
1.8626478 0.95547557 -0.6104055 4 0 0 0 3
1.8706849 1.6869719 -0.64652807 4 0 0 0 3
1.6733571 1.7263892 -0.49362162 4 0 0 0 3
1.5996919 1.4631726 -0.44527245 4 0 0 0 3
2.1301126 1.8796113 -0.85618532 4 0 0 0 3
2.0202315 1.3972021 -0.74650019 4 0 0 0 3
1.4810562 1.5374342 -0.38030726 4 0 0 0 3
1.8968277 0.77850497 -0.61360705 4 0 0 0 3
1.7276349 1.3227853 -0.51901031 4 0 0 0 3
2.2064788 1.6895528 -0.90099341 4 0 0 0 3
2.4383945 1.341055 -1.0379487 4 0 0 0 3
2.188401 1.3926659 -0.85264957 4 0 0 0 3
2.3033006 1.1899997 -0.92089736 4 0 0 0 3
1.696981 1.3346894 -0.50753903 4 0 0 0 3
2.1584635 1.7287556 -0.86914605 4 0 0 0 3
1.7989254 1.4907547 -0.57675326 4 0 0 0 3
2.377682 1.3992372 -1.022836 4 0 0 0 3
2.0782857 1.9811232 -0.84190512 4 0 0 0 3
1.6963272 1.0754138 -0.48849076 4 0 0 0 3
1.8047944 1.24693 -0.57344705 4 0 0 0 3
2.1131358 1.2590342 -0.80837601 4 0 0 0 3
2.1086299 1.1949295 -0.79474312 4 0 0 0 3
1.6267846 1.4677452 -0.46706051 4 0 0 0 3
2.1184752 1.1403759 -0.80096054 5 0 0 0 3
1.744661 1.5914918 -0.52629912 5 0 0 0 3
2.218605 1.0670441 -0.88564229 5 0 0 0 3
1.8949909 1.4741477 -0.64793473 5 0 0 0 3
2.2100639 1.2888885 -0.87032861 5 0 0 0 3
2.0429318 0.99310172 -0.74002707 5 0 0 0 3
1.6646227 1.6923348 -0.48822397 5 0 0 0 3
2.2376385 1.4367294 -0.89592034 5 0 0 0 3
1.8115939 1.1476593 -0.57639283 5 0 0 0 3
1.7394491 1.6267071 -0.55592078 5 0 0 0 3
1.934316 0.8818211 -0.66413844 5 0 0 0 3
2.0854797 1.9269514 -0.80682325 5 0 0 0 3
1.6371864 1.3121957 -0.44923687 5 0 0 0 3
2.02475 1.8417777 -0.78176856 5 0 0 0 3
2.0141344 1.91822 -0.75853401 5 0 0 0 3
2.1575451 1.5865856 -0.86475539 5 0 0 0 3
2.2157302 1.7986039 -0.89974362 5 0 0 0 3
1.6872293 1.4297225 -0.52319241 5 0 0 0 3
2.1092446 1.4241585 -0.80889398 5 0 0 0 3
1.5530205 1.5631237 -0.4060505 5 0 0 0 3
2.3113372 1.6175691 -0.97768909 5 0 0 0 3
2.4473042 1.3024737 -1.0460334 5 0 0 0 3
2.3997164 1.4816 -1.0260894 5 0 0 0 3
2.023387 1.0935644 -0.72622806 5 0 0 0 3
2.3646543 1.3940589 -0.98139143 5 0 0 0 3
2.2431009 1.5456207 -0.92254186 5 0 0 0 3
1.8366518 1.3589704 -0.61906058 5 0 0 0 3
1.6976694 1.236849 -0.50028867 5 0 0 0 3
1.5410302 1.6026599 -0.39700887 5 0 0 0 3
1.8250722 1.0812265 -0.57362849 5 0 0 0 3
2.0049307 1.3785057 -0.7276246 5 0 0 0 3
1.8193443 1.3800948 -0.57359654 5 0 0 0 3
1.8500365 1.4971062 -0.62077349 5 0 0 0 3
2.060333 1.4318169 -0.80637485 5 0 0 0 3
2.2304795 1.3773519 -0.90772837 5 0 0 0 3
2.2898054 1.6694148 -0.93585455 5 0 0 0 3
1.8691883 1.2792857 -0.6388762 5 0 0 0 3
1.6269138 1.4674367 -0.45869532 5 0 0 0 3
1.6069459 1.7095056 -0.46892446 5 0 0 0 3
1.9492213 1.2855885 -0.67771816 5 0 0 0 3
2.1788428 1.0700644 -0.84028822 6 0 0 0 3
1.5626923 1.4344884 -0.3942433 6 0 0 0 3
2.3924735 1.4535937 -1.0143322 6 0 0 0 3
2.1694295 1.8931242 -0.90828365 6 0 0 0 3
2.1075387 1.2132937 -0.78436464 6 0 0 0 3
2.0210254 1.0224539 -0.72766036 6 0 0 0 3
1.9811243 1.3482562 -0.71618915 6 0 0 0 3
2.3470328 1.2511084 -0.95645255 6 0 0 0 3
2.0585361 1.2112523 -0.76477128 6 0 0 0 3
2.2233224 1.181246 -0.88310099 6 0 0 0 3
2.1995966 1.5389564 -0.87142003 6 0 0 0 3
1.804593 1.7209595 -0.60461527 6 0 0 0 3
1.7615345 1.6044263 -0.55149943 6 0 0 0 3
1.8129345 1.1028907 -0.56833494 6 0 0 0 3
1.8921387 0.97499979 -0.63053006 6 0 0 0 3
1.7319819 1.6667989 -0.55877769 6 0 0 0 3
1.7038175 1.0870165 -0.47671619 6 0 0 0 3
1.8888901 1.7070029 -0.65282637 6 0 0 0 3
1.9983463 1.9874594 -0.76880324 6 0 0 0 3
2.1475186 1.2172643 -0.82566351 6 0 0 0 3
1.669924 1.5112629 -0.48381355 6 0 0 0 3
2.020035 1.7785653 -0.7520203 6 0 0 0 3
2.3109293 1.5447549 -0.96850866 6 0 0 0 3
1.7248732 1.1231025 -0.50571805 6 0 0 0 3
2.2071307 1.0021377 -0.84178329 6 0 0 0 3
1.6067477 1.598407 -0.45395109 6 0 0 0 3
1.6788979 1.1897548 -0.46927801 6 0 0 0 3
2.1764932 1.4996291 -0.88420802 6 0 0 0 3
1.8905953 1.3150499 -0.62991583 6 0 0 0 3
1.8108436 1.2164719 -0.57818407 6 0 0 0 3
1.6041147 1.3840359 -0.44357637 6 0 0 0 3
2.1249311 1.3313617 -0.80334234 6 0 0 0 3
2.1999741 1.6981168 -0.88752109 6 0 0 0 3
1.8959959 1.8351446 -0.67429179 6 0 0 0 3
1.9223578 0.99864429 -0.63145471 6 0 0 0 3
1.9337109 1.0782534 -0.651703 6 0 0 0 3
1.7825584 1.0162103 -0.55625522 6 0 0 0 3
2.0030663 0.90163791 -0.68800169 6 0 0 0 3
1.9485066 1.1633097 -0.64865726 6 0 0 0 3
1.9684216 1.5912926 -0.70698029 6 0 0 0 3
2.2583296 1.7445009 -0.93816274 7 0 0 0 3
1.9247891 1.7129148 -0.69990039 7 0 0 0 3
2.0614605 1.1855125 -0.76166576 7 0 0 0 3
1.9975871 1.0697086 -0.68258256 7 0 0 0 3
2.5188563 1.2621602 -1.1179212 7 0 0 0 3
1.8621633 1.4708186 -0.61715418 7 0 0 0 3
1.9121838 1.0480582 -0.63131112 7 0 0 0 3
2.2926331 1.6122609 -0.97723907 7 0 0 0 3
1.7860447 1.1024225 -0.54396904 7 0 0 0 3
1.6144384 1.2845004 -0.42969784 7 0 0 0 3
1.8890405 1.8731846 -0.68097121 7 0 0 0 3
2.1578243 1.990684 -0.87709647 7 0 0 0 3
1.7519779 1.2933178 -0.53047377 7 0 0 0 3
1.9191015 1.5037227 -0.67808205 7 0 0 0 3
1.6884515 1.5413616 -0.50981975 7 0 0 0 3
2.0822699 1.8762012 -0.80665833 7 0 0 0 3
1.8885845 1.6954169 -0.68359566 7 0 0 0 3
1.8241138 1.5802041 -0.60272694 7 0 0 0 3
2.1026108 1.3962604 -0.80185133 7 0 0 0 3
1.9216138 0.81143975 -0.62481946 7 0 0 0 3
1.7765089 1.8476574 -0.58284956 7 0 0 0 3
1.9197216 1.7328144 -0.68839067 7 0 0 0 3
1.9801226 1.7867042 -0.73885208 7 0 0 0 3
2.0818954 1.6315001 -0.79299676 7 0 0 0 3
2.0372543 1.5355493 -0.76665711 7 0 0 0 3
1.6887648 1.3362222 -0.498882 7 0 0 0 3
1.8581527 1.0758576 -0.61319393 7 0 0 0 3
1.7738432 1.158867 -0.54920286 7 0 0 0 3
1.8360955 1.3701468 -0.59802002 7 0 0 0 3
2.3474176 1.5384861 -0.97668272 7 0 0 0 3
1.8116165 1.2467079 -0.5621658 7 0 0 0 3
1.9133096 0.8379007 -0.60407239 7 0 0 0 3
1.8783237 1.0077492 -0.61497247 7 0 0 0 3
2.1589718 1.0939549 -0.82528681 7 0 0 0 3
2.3046415 1.2046633 -0.93843114 7 0 0 0 3
1.9124297 1.5703722 -0.67929459 7 0 0 0 3
1.702047 1.4279057 -0.51182866 7 0 0 0 3
2.0590012 1.746013 -0.77683502 7 0 0 0 3
1.7478076 1.058633 -0.51144278 7 0 0 0 3
2.3577905 1.4352982 -0.99414331 7 0 0 0 3
1.6434108 1.3335239 -0.45524088 8 0 0 0 3
1.9518428 1.0439706 -0.66097248 8 0 0 0 3
1.5557202 1.3543981 -0.40513554 8 0 0 0 3
2.3739448 1.3033875 -0.98134315 8 0 0 0 3
2.0842731 1.1358126 -0.74253076 8 0 0 0 3
1.6670959 1.140424 -0.47370189 8 0 0 0 3
2.1064179 1.5443362 -0.82680714 8 0 0 0 3
1.7527814 1.8172197 -0.5783208 8 0 0 0 3
2.0474732 1.4846324 -0.76291263 8 0 0 0 3
1.9978416 0.9893679 -0.69119364 8 0 0 0 3
2.0992677 1.4256905 -0.80730611 8 0 0 0 3
1.5761429 1.6585664 -0.43094462 8 0 0 0 3
1.9665095 1.1456261 -0.66895777 8 0 0 0 3
1.9786226 1.1497327 -0.70305663 8 0 0 0 3
1.6041125 1.6505959 -0.45233649 8 0 0 0 3
1.9288139 1.3154774 -0.65828305 8 0 0 0 3
1.8054819 1.4741013 -0.58986104 8 0 0 0 3
2.3199968 1.1526959 -0.92665464 8 0 0 0 3
2.3347712 1.5438122 -0.99188805 8 0 0 0 3
2.1309865 1.8287342 -0.85175794 8 0 0 0 3
1.9758183 0.876818 -0.68860221 8 0 0 0 3
2.3515756 1.1098148 -0.953816 8 0 0 0 3
2.0534742 0.95503259 -0.73274755 8 0 0 0 3
1.9372565 1.3395666 -0.70157421 8 0 0 0 3
2.0312493 1.2148378 -0.74322599 8 0 0 0 3
2.1865842 1.9414638 -0.89360911 8 0 0 0 3
1.8196065 1.5919312 -0.6252442 8 0 0 0 3
1.6958168 1.4602219 -0.53000665 8 0 0 0 3
2.058028 1.3268548 -0.77439779 8 0 0 0 3
2.4027288 1.3763376 -1.0164387 8 0 0 0 3
2.1147227 1.1432509 -0.80038577 8 0 0 0 3
2.1828227 1.7096546 -0.87056595 8 0 0 0 3
1.8743138 0.9622159 -0.60211056 8 0 0 0 3
1.7136954 1.6973474 -0.52706736 8 0 0 0 3
2.1679583 1.4461179 -0.84069222 8 0 0 0 3
2.1157553 1.5602785 -0.82227558 8 0 0 0 3
1.7044536 1.2202604 -0.496041 8 0 0 0 3
1.8469716 1.7698127 -0.62423348 8 0 0 0 3
2.3213739 1.1915282 -0.95977837 8 0 0 0 3
2.0709825 1.5422819 -0.7780692 8 0 0 0 3
1.6850682 1.3101919 -0.47960535 9 0 0 0 3
2.1592007 1.6368889 -0.83976567 9 0 0 0 3
1.7124939 1.5091102 -0.54694593 9 0 0 0 3
2.2724209 1.4628797 -0.93078268 9 0 0 0 3
2.0082626 1.3505559 -0.74865693 9 0 0 0 3
2.2786748 1.2686791 -0.92588013 9 0 0 0 3
1.7104062 1.5543007 -0.52960622 9 0 0 0 3
1.8886452 1.1153228 -0.64274091 9 0 0 0 3
1.7380639 1.0102355 -0.49824417 9 0 0 0 3
1.8774176 1.6241956 -0.63995099 9 0 0 0 3
1.8527341 1.1619866 -0.59826499 9 0 0 0 3
1.9268481 0.83623618 -0.63977396 9 0 0 0 3
2.0048766 1.8347069 -0.74513507 9 0 0 0 3
2.1178539 2.0531609 -0.85867167 9 0 0 0 3
1.8329104 0.97228324 -0.57140964 9 0 0 0 3
2.2888868 1.5853752 -0.9573729 9 0 0 0 3
1.9147466 1.4543231 -0.67486447 9 0 0 0 3
1.9804709 1.2081887 -0.70945007 9 0 0 0 3
1.6918818 1.1204712 -0.46599606 9 0 0 0 3
1.9376814 1.4789245 -0.66398501 9 0 0 0 3
2.1141534 1.2361213 -0.79472655 9 0 0 0 3
1.7069542 1.7877902 -0.52520442 9 0 0 0 3
2.1985137 1.8595234 -0.90198117 9 0 0 0 3
2.3888967 1.1911371 -1.0118014 9 0 0 0 3
1.7001379 1.7279035 -0.51917636 9 0 0 0 3
2.1244407 1.9590279 -0.82127178 9 0 0 0 3
2.3241637 1.2617308 -0.96049547 9 0 0 0 3
2.0020757 1.2015671 -0.70509738 9 0 0 0 3
1.6634796 1.7073405 -0.50676054 9 0 0 0 3
2.4336674 1.3963746 -1.0426457 9 0 0 0 3
1.6954877 1.7881259 -0.53667819 9 0 0 0 3
1.6332245 1.672966 -0.4589279 9 0 0 0 3
1.8079054 1.4318172 -0.56403881 9 0 0 0 3
1.7755949 1.5085285 -0.56077224 9 0 0 0 3
1.6389407 1.2923158 -0.43866122 9 0 0 0 3
1.7678075 0.95845401 -0.52433687 9 0 0 0 3
1.869765 1.1140885 -0.61668575 9 0 0 0 3
2.2440755 1.6610876 -0.90712112 9 0 0 0 3
1.9869424 1.9541852 -0.73456615 9 0 0 0 3
1.9204501 0.80903423 -0.61802441 9 0 0 0 3
1.572163 1.5941259 -0.40486166 10 0 0 0 3
1.8923192 1.5502684 -0.65501589 10 0 0 0 3
1.8062947 0.91170019 -0.55934048 10 0 0 0 3
2.3096576 1.3436437 -0.95311964 10 0 0 0 3
1.5177889 1.6334184 -0.39890096 10 0 0 0 3
1.708786 1.2662803 -0.49709365 10 0 0 0 3
2.2335992 1.6210654 -0.90935034 10 0 0 0 3
2.3620842 1.453015 -1.017374 10 0 0 0 3
2.07935 1.4842708 -0.79452813 10 0 0 0 3
1.5109113 1.4868149 -0.38343477 10 0 0 0 3
2.3773007 1.2669541 -0.99618191 10 0 0 0 3
1.7365149 1.7873758 -0.56453502 10 0 0 0 3
2.0517297 0.97628194 -0.72539461 10 0 0 0 3
2.155025 0.97126281 -0.81141675 10 0 0 0 3
2.036459 1.4524964 -0.76107848 10 0 0 0 3
2.1792133 1.942311 -0.89322901 10 0 0 0 3
1.9540912 1.1422921 -0.67411226 10 0 0 0 3
2.2534285 1.3028778 -0.87890249 10 0 0 0 3
1.885868 1.7153448 -0.65959716 10 0 0 0 3
1.8181325 1.1195817 -0.57928014 10 0 0 0 3
1.7819766 1.4495147 -0.5603016 10 0 0 0 3
2.0988193 1.3935829 -0.78369439 10 0 0 0 3
2.0916324 2.073895 -0.82737571 10 0 0 0 3
1.6034709 1.558296 -0.46263871 10 0 0 0 3
1.9234067 1.5841652 -0.66849536 10 0 0 0 3
1.8718499 0.90695864 -0.59512895 10 0 0 0 3
2.3553171 1.4032655 -1.0094864 10 0 0 0 3
1.7765064 1.4208294 -0.57588977 10 0 0 0 3
1.7052774 1.776481 -0.54434627 10 0 0 0 3
1.8330587 1.422545 -0.6014924 10 0 0 0 3
2.1818492 1.9169637 -0.88944304 10 0 0 0 3
1.5683125 1.3903114 -0.40106046 10 0 0 0 3
1.9435893 1.7167652 -0.72295439 10 0 0 0 3
1.6784067 1.4745204 -0.49872693 10 0 0 0 3
1.7269174 1.4708416 -0.52206814 10 0 0 0 3
1.6973121 1.3160002 -0.51416862 10 0 0 0 3
1.5631832 1.4689572 -0.40884838 10 0 0 0 3
1.9973245 1.5922208 -0.73855162 10 0 0 0 3
1.8520632 1.3141695 -0.59266019 10 0 0 0 3
2.216347 1.1619296 -0.87130809 10 0 0 0 3
2.1696341 1.0034897 -0.82699865 11 0 0 0 3
1.9414428 1.7206465 -0.71831751 11 0 0 0 3
1.4855683 1.5825815 -0.3528901 11 0 0 0 3
1.7006183 1.0991461 -0.50026602 11 0 0 0 3
2.2677362 1.4122951 -0.90722191 11 0 0 0 3
1.9634876 0.94977766 -0.65903884 11 0 0 0 3
1.9879251 1.9289525 -0.75492579 11 0 0 0 3
1.9699775 0.85801578 -0.65843916 11 0 0 0 3
2.4803317 1.2101235 -1.0733515 11 0 0 0 3
2.1475468 1.2664638 -0.81359965 11 0 0 0 3
2.381613 1.2321857 -1.0059228 11 0 0 0 3
1.7677048 1.457293 -0.55411321 11 0 0 0 3
1.9302456 0.79330552 -0.62158823 11 0 0 0 3
2.0426602 1.4247768 -0.78263688 11 0 0 0 3
2.2385116 1.0407773 -0.86995202 11 0 0 0 3
1.8828882 1.5049175 -0.64655381 11 0 0 0 3
1.9874942 1.0435485 -0.69868875 11 0 0 0 3
2.3814716 1.3134049 -0.99837476 11 0 0 0 3
1.7966142 1.5609066 -0.56091392 11 0 0 0 3
1.6326153 1.6657649 -0.47516051 11 0 0 0 3
1.5476353 1.4922376 -0.37975523 11 0 0 0 3
2.3087754 1.1686066 -0.9515658 11 0 0 0 3
2.0656948 1.4011227 -0.77494419 11 0 0 0 3
2.0955195 1.5243655 -0.80082434 11 0 0 0 3
1.715059 1.2589623 -0.49547797 11 0 0 0 3
2.1185722 1.6922482 -0.82411522 11 0 0 0 3
1.8447375 1.3415641 -0.62032217 11 0 0 0 3
1.664999 1.332567 -0.47891423 11 0 0 0 3
1.9733821 1.7588621 -0.71774262 11 0 0 0 3
2.1673567 1.7175115 -0.87039196 11 0 0 0 3
2.0747497 0.93443209 -0.76130342 11 0 0 0 3
2.4964097 1.256709 -1.0837426 11 0 0 0 3
1.9229144 0.880454 -0.63047618 11 0 0 0 3
1.7443368 1.5629205 -0.54449505 11 0 0 0 3
1.6599386 1.1547048 -0.44821826 11 0 0 0 3
1.5582666 1.5619715 -0.4045409 11 0 0 0 3
2.3068495 1.0980685 -0.91289783 11 0 0 0 3
2.4152908 1.1788208 -1.0227752 11 0 0 0 3
2.3345134 1.2724555 -0.97755206 11 0 0 0 3
1.9856493 1.0535691 -0.68610126 11 0 0 0 3
1.802907 1.3179879 -0.55731016 12 0 0 0 3
2.0663533 1.8868355 -0.81777239 12 0 0 0 3
2.3405411 1.5179375 -0.9940775 12 0 0 0 3
1.6649132 1.2378629 -0.46915472 12 0 0 0 3
1.7148188 1.4818842 -0.52893674 12 0 0 0 3
1.9265701 1.863076 -0.70340621 12 0 0 0 3
2.1723104 1.7289895 -0.84046137 12 0 0 0 3
1.8967615 1.7215552 -0.66392004 12 0 0 0 3
2.46102 1.2993783 -1.0615203 12 0 0 0 3
1.8578798 0.85229844 -0.58259159 12 0 0 0 3
1.6331447 1.4658438 -0.45846817 12 0 0 0 3
2.3180785 1.422297 -0.95615864 12 0 0 0 3
1.8188876 1.2060428 -0.60440212 12 0 0 0 3
2.2300966 1.6935248 -0.90095526 12 0 0 0 3
2.1010313 1.9767963 -0.84074283 12 0 0 0 3
2.0188479 0.89368564 -0.6854977 12 0 0 0 3
1.5835294 1.2865291 -0.42048496 12 0 0 0 3
1.9403296 1.0895872 -0.66852725 12 0 0 0 3
2.0450516 2.0541673 -0.79853666 12 0 0 0 3
1.5385985 1.4088403 -0.41246629 12 0 0 0 3
1.7626786 1.5737454 -0.56514251 12 0 0 0 3
2.2002282 1.6871605 -0.90895313 12 0 0 0 3
2.2664564 1.4474614 -0.94336772 12 0 0 0 3
2.1519637 1.0622602 -0.80979657 12 0 0 0 3
2.4765041 1.3499733 -1.0719368 12 0 0 0 3
2.0108001 2.008399 -0.79701287 12 0 0 0 3
1.7887027 1.6434965 -0.60383523 12 0 0 0 3
1.7083666 1.4407268 -0.51893604 12 0 0 0 3
1.6535296 1.5338727 -0.48725 12 0 0 0 3
2.2716153 1.4963588 -0.92119884 12 0 0 0 3
2.0207858 1.4458514 -0.74239808 12 0 0 0 3
2.3747683 1.3219999 -1.0032203 12 0 0 0 3
2.1249902 1.7075053 -0.84850448 12 0 0 0 3
1.9602923 1.1571412 -0.68391365 12 0 0 0 3
1.7793475 1.173805 -0.55456436 12 0 0 0 3
1.9762079 1.5440933 -0.70492142 12 0 0 0 3
2.0395551 1.5731822 -0.75953192 12 0 0 0 3
1.7035832 1.1055702 -0.50409454 12 0 0 0 3
1.8848621 0.96438545 -0.59674788 12 0 0 0 3
1.8152404 1.7265083 -0.60989583 12 0 0 0 3
2.1362391 1.3016065 -0.80027837 13 0 0 0 3
1.7391851 1.0558227 -0.50619256 13 0 0 0 3
2.1213441 2.0179651 -0.84134185 13 0 0 0 3
1.8985351 1.4847587 -0.66853988 13 0 0 0 3
1.8543049 1.9158835 -0.62977028 13 0 0 0 3
1.6650137 1.6877327 -0.5110088 13 0 0 0 3
2.0135999 1.8773859 -0.76369488 13 0 0 0 3
2.2577929 1.7573541 -0.9504838 13 0 0 0 3
1.617098 1.6464895 -0.43936497 13 0 0 0 3
2.0138452 2.002506 -0.78160948 13 0 0 0 3
2.1571572 1.8214955 -0.88502347 13 0 0 0 3
1.788345 1.3068631 -0.56447971 13 0 0 0 3
1.9824272 1.6419264 -0.72034395 13 0 0 0 3
2.4054909 1.295933 -1.0303903 13 0 0 0 3
1.8500121 0.88389856 -0.58199626 13 0 0 0 3
2.1310482 1.2013686 -0.82002074 13 0 0 0 3
1.6016382 1.5291058 -0.43351379 13 0 0 0 3
1.6513996 1.3776455 -0.4810662 13 0 0 0 3
1.9932376 1.0371783 -0.69560134 13 0 0 0 3
1.4848391 1.6414595 -0.37165713 13 0 0 0 3
1.7413543 1.0717545 -0.50348103 13 0 0 0 3
1.5542861 1.4323833 -0.40825433 13 0 0 0 3
2.0695181 1.3402904 -0.77036697 13 0 0 0 3
2.1266134 1.7710756 -0.86374032 13 0 0 0 3
1.5454202 1.5623962 -0.39645314 13 0 0 0 3
1.6345476 1.393856 -0.45009819 13 0 0 0 3
2.0272861 1.4241138 -0.75135046 13 0 0 0 3
1.7435355 1.7422081 -0.56287014 13 0 0 0 3
2.0565419 1.3693643 -0.74686551 13 0 0 0 3
2.090538 1.0870157 -0.79532713 13 0 0 0 3
2.3537118 1.3735422 -0.97478223 13 0 0 0 3
2.0342205 1.7090225 -0.77279437 13 0 0 0 3
1.7512726 1.4440422 -0.51490647 13 0 0 0 3
2.0175393 0.97100729 -0.70900822 13 0 0 0 3
1.8693011 1.8596514 -0.6684224 13 0 0 0 3
2.2563803 1.7004011 -0.94863307 13 0 0 0 3
2.124542 1.7603424 -0.85190094 13 0 0 0 3
1.5297524 1.539789 -0.37428826 13 0 0 0 3
2.0578871 1.0250036 -0.72382587 13 0 0 0 3
1.6710418 1.1070569 -0.47790089 13 0 0 0 3
1.98847 0.86096197 -0.6565671 14 0 0 0 3
1.7898662 1.2260665 -0.57203227 14 0 0 0 3
1.9906009 1.2937852 -0.71562767 14 0 0 0 3
2.0930688 1.4362671 -0.81834501 14 0 0 0 3
1.6475509 1.7061719 -0.4954479 14 0 0 0 3
1.9084573 1.8268496 -0.6855008 14 0 0 0 3
1.5190672 1.6149924 -0.39177278 14 0 0 0 3
2.291842 1.1760285 -0.92990232 14 0 0 0 3
1.8807771 1.4037763 -0.64556104 14 0 0 0 3
2.1914725 1.4209809 -0.87703425 14 0 0 0 3
1.5993276 1.7087718 -0.42297682 14 0 0 0 3
2.2119575 1.4127175 -0.86760664 14 0 0 0 3
2.3003914 1.4987786 -0.94575274 14 0 0 0 3
2.2031019 1.0158345 -0.85420102 14 0 0 0 3
1.6542174 1.2279385 -0.47498953 14 0 0 0 3
1.6789292 1.2079997 -0.48699924 14 0 0 0 3
2.1740181 1.1487889 -0.83422405 14 0 0 0 3
2.0231133 1.9675899 -0.76423854 14 0 0 0 3
2.0545604 1.4415967 -0.76783854 14 0 0 0 3
2.0673516 0.9621557 -0.73662335 14 0 0 0 3
2.2110639 1.3450813 -0.88036323 14 0 0 0 3
1.9137801 1.8987345 -0.70181632 14 0 0 0 3
1.739368 1.0971762 -0.52525711 14 0 0 0 3
2.0114901 1.6254145 -0.73587948 14 0 0 0 3
1.6432823 1.3218174 -0.47462285 14 0 0 0 3
2.1994116 1.6255249 -0.89169312 14 0 0 0 3
2.0191298 1.0518324 -0.73381168 14 0 0 0 3
2.2377405 1.3410459 -0.90170908 14 0 0 0 3
2.0980244 1.5660067 -0.80761015 14 0 0 0 3
1.897771 1.1723255 -0.65690678 14 0 0 0 3
2.0263255 1.4112238 -0.75701082 14 0 0 0 3
2.0159628 1.5257591 -0.73752791 14 0 0 0 3
2.0102885 1.0103327 -0.71112806 14 0 0 0 3
2.2176232 1.3522036 -0.88798791 14 0 0 0 3
2.0635636 1.3626053 -0.77968091 14 0 0 0 3
2.2006619 1.6982282 -0.87778443 14 0 0 0 3
1.7561326 1.7555813 -0.5666098 14 0 0 0 3
2.0551932 1.0252126 -0.75758475 14 0 0 0 3
1.9002386 1.0776293 -0.63545972 14 0 0 0 3
2.2760396 1.1325215 -0.92718208 14 0 0 0 3
2.3525538 1.3514835 -0.99360079 15 0 0 0 3
2.033088 1.8622764 -0.78711408 15 0 0 0 3
1.7596252 1.7926061 -0.5984863 15 0 0 0 3
1.7873259 1.0570933 -0.56427336 15 0 0 0 3
2.1298964 1.8746479 -0.85661793 15 0 0 0 3
1.7573043 1.2785516 -0.51983571 15 0 0 0 3
1.5952232 1.5345433 -0.42883006 15 0 0 0 3
1.9017907 1.7917837 -0.66149336 15 0 0 0 3
1.8857465 1.0162239 -0.63082826 15 0 0 0 3
1.9104311 1.023555 -0.6299786 15 0 0 0 3
2.3497443 1.5057266 -1.006711 15 0 0 0 3
1.5198563 1.5007219 -0.3905347 15 0 0 0 3
1.8576759 1.6695343 -0.63757461 15 0 0 0 3
1.7739075 1.3968488 -0.56714994 15 0 0 0 3
2.1395524 1.4726516 -0.82641554 15 0 0 0 3
2.0839999 1.7356912 -0.81126636 15 0 0 0 3
1.6528742 1.4775851 -0.4646706 15 0 0 0 3
1.7995214 1.1524322 -0.56236476 15 0 0 0 3
2.3923049 1.2160443 -0.99127626 15 0 0 0 3
1.7540052 1.645872 -0.59174073 15 0 0 0 3
2.1403735 1.8737862 -0.8703537 15 0 0 0 3
2.3009603 1.699707 -0.96909148 15 0 0 0 3
2.4217823 1.2621762 -1.0425508 15 0 0 0 3
2.3066804 1.4969846 -0.95798123 15 0 0 0 3
1.8877506 1.1534251 -0.63461846 15 0 0 0 3
2.1790915 1.9166031 -0.89844131 15 0 0 0 3
2.3284194 1.4703538 -0.97203034 15 0 0 0 3
1.9674395 1.4557762 -0.68618768 15 0 0 0 3
2.0099971 1.9296358 -0.77488559 15 0 0 0 3
1.4317595 1.5796775 -0.33889586 15 0 0 0 3
2.3590364 1.1829809 -0.98927367 15 0 0 0 3
1.7808365 1.3138498 -0.54609114 15 0 0 0 3
1.8088076 0.9203195 -0.55467796 15 0 0 0 3
2.0781145 1.594088 -0.79124159 15 0 0 0 3
2.4775159 1.2798964 -1.0724059 15 0 0 0 3
1.8261014 1.2917011 -0.58120447 15 0 0 0 3
1.9018927 1.2676028 -0.649266 15 0 0 0 3
2.1879604 1.605194 -0.88932616 15 0 0 0 3
1.7565882 1.6420456 -0.56462663 15 0 0 0 3
2.095108 1.6803014 -0.81309325 15 0 0 0 3
1.6941344 1.7436568 -0.51485777 16 0 0 0 3
2.0130062 1.2695094 -0.72763264 16 0 0 0 3
2.3523433 1.2726438 -0.99782962 16 0 0 0 3
1.9991261 1.6472604 -0.73852724 16 0 0 0 3
2.0242486 1.0739573 -0.73008955 16 0 0 0 3
1.5882354 1.6227709 -0.4596296 16 0 0 0 3
1.6791557 1.5944411 -0.49701735 16 0 0 0 3
2.0725806 0.95065403 -0.74936825 16 0 0 0 3
1.7593845 1.1438121 -0.53412676 16 0 0 0 3
1.4499325 1.6097822 -0.33433172 16 0 0 0 3
2.3372636 1.344267 -0.97368848 16 0 0 0 3
1.9022852 1.4370831 -0.66298729 16 0 0 0 3
1.863318 1.6662513 -0.6375019 16 0 0 0 3
2.2032418 1.8353142 -0.90362138 16 0 0 0 3
2.2988591 1.1711853 -0.94643003 16 0 0 0 3
1.4724462 1.6074564 -0.34313393 16 0 0 0 3
1.8844577 1.7706311 -0.63166237 16 0 0 0 3
2.1787841 1.4206984 -0.84442741 16 0 0 0 3
1.7258446 1.5390278 -0.51334053 16 0 0 0 3
1.6637545 1.5270245 -0.48894385 16 0 0 0 3
2.1990008 1.111985 -0.85869843 16 0 0 0 3
2.0483975 1.9988095 -0.80176258 16 0 0 0 3
2.5003572 1.276629 -1.0685242 16 0 0 0 3
2.2189007 1.8614976 -0.91932839 16 0 0 0 3
2.4069929 1.3428333 -1.00652 16 0 0 0 3
1.6508251 1.2149811 -0.47071564 16 0 0 0 3
2.2323053 1.2169007 -0.88008267 16 0 0 0 3
1.9376236 1.1144388 -0.66716725 16 0 0 0 3
2.195097 1.895156 -0.91611969 16 0 0 0 3
1.7296265 1.1102711 -0.49558204 16 0 0 0 3
2.0120232 1.9922124 -0.761141 16 0 0 0 3
1.8952212 1.3966599 -0.65960699 16 0 0 0 3
2.089658 0.93786091 -0.76027137 16 0 0 0 3
2.1874583 1.5695642 -0.8850103 16 0 0 0 3
2.2834041 1.7098554 -0.95123422 16 0 0 0 3
2.0707898 1.3435906 -0.797539 16 0 0 0 3
2.084548 1.6387874 -0.82302362 16 0 0 0 3
2.0430222 1.3076354 -0.74662632 16 0 0 0 3
1.7921172 1.4844419 -0.57168823 16 0 0 0 3
2.0363293 1.8855867 -0.79180628 16 0 0 0 3
1.6419301 1.2011359 -0.44045123 17 0 0 0 3
1.9036654 1.7913941 -0.67799747 17 0 0 0 3
1.759443 1.5154903 -0.55415541 17 0 0 0 3
2.233573 1.119768 -0.88371152 17 0 0 0 3
2.2027178 1.8194803 -0.88221961 17 0 0 0 3
2.0710528 1.9112476 -0.83146399 17 0 0 0 3
1.8693997 1.2508997 -0.59436113 17 0 0 0 3
1.8800461 1.7691026 -0.66974288 17 0 0 0 3
1.6948894 1.7009188 -0.52445716 17 0 0 0 3
2.3026905 1.3120099 -0.94198418 17 0 0 0 3
1.9510012 0.88307142 -0.65103579 17 0 0 0 3
2.2286346 1.3659319 -0.88758588 17 0 0 0 3
2.3262539 1.6310023 -0.9908123 17 0 0 0 3
1.5907216 1.5309646 -0.44420028 17 0 0 0 3
2.1115065 1.2761692 -0.78410995 17 0 0 0 3
2.2072334 1.565199 -0.89252824 17 0 0 0 3
2.2218142 1.3043443 -0.88927054 17 0 0 0 3
1.7241547 1.1318811 -0.50230622 17 0 0 0 3
2.4361725 1.2676609 -1.0699987 17 0 0 0 3
1.7069557 1.7485352 -0.54056424 17 0 0 0 3
2.1829746 1.266672 -0.84157652 17 0 0 0 3
2.1744177 1.2834918 -0.8439303 17 0 0 0 3
1.7252369 1.1341518 -0.50232881 17 0 0 0 3
2.136677 1.3701812 -0.82815278 17 0 0 0 3
2.1686375 0.98917687 -0.81223929 17 0 0 0 3
1.7208784 1.4445204 -0.543253 17 0 0 0 3
2.028929 1.7092947 -0.76271063 17 0 0 0 3
2.1169264 1.8956026 -0.86434716 17 0 0 0 3
1.9741758 1.0302284 -0.68176365 17 0 0 0 3
1.6324933 1.3459069 -0.457416 17 0 0 0 3
2.1347277 1.5154486 -0.81690407 17 0 0 0 3
2.0317616 1.9184601 -0.76712966 17 0 0 0 3
1.9415802 1.8888824 -0.71515459 17 0 0 0 3
1.9095522 1.3258177 -0.65247905 17 0 0 0 3
2.0228634 1.6535876 -0.73986286 17 0 0 0 3
1.7722549 1.5300711 -0.5878098 17 0 0 0 3
2.407181 1.3440698 -1.0392232 17 0 0 0 3
2.1355848 1.8845377 -0.86310893 17 0 0 0 3
1.8399204 0.82349402 -0.57383758 17 0 0 0 3
2.0658021 1.1139107 -0.75390005 17 0 0 0 3
1.7931263 1.7162182 -0.61315286 18 0 0 0 3
2.0131683 1.0777776 -0.7092824 18 0 0 0 3
2.2501562 1.1385642 -0.90099978 18 0 0 0 3
1.9130838 0.94622386 -0.61345983 18 0 0 0 3
2.3055055 1.2079208 -0.94330794 18 0 0 0 3
1.7918992 0.88018286 -0.55523497 18 0 0 0 3
1.7837995 1.4367502 -0.57200402 18 0 0 0 3
2.3237288 1.1965963 -0.95215452 18 0 0 0 3
1.8285464 1.021704 -0.61005688 18 0 0 0 3
1.9318886 1.4502208 -0.69155884 18 0 0 0 3
1.8263639 1.6011348 -0.60221487 18 0 0 0 3
1.8586304 1.1261086 -0.6028409 18 0 0 0 3
2.0340559 1.8677841 -0.78087389 18 0 0 0 3
1.8708442 0.79454708 -0.57631248 18 0 0 0 3
2.3301301 1.6453375 -0.98547029 18 0 0 0 3
1.9626199 1.6361777 -0.73225403 18 0 0 0 3
1.9635494 1.7308686 -0.72570026 18 0 0 0 3
1.9936963 1.0385797 -0.68915009 18 0 0 0 3
1.626687 1.4684237 -0.47073069 18 0 0 0 3
2.0867281 0.98384172 -0.77921385 18 0 0 0 3
2.3781683 1.4101919 -1.0058545 18 0 0 0 3
1.9588943 1.1056037 -0.65295637 18 0 0 0 3
1.7465514 1.2847092 -0.55517673 18 0 0 0 3
2.399642 1.1928254 -1.0088043 18 0 0 0 3
1.7099314 1.4581861 -0.54523772 18 0 0 0 3
2.1014698 1.7296395 -0.82820654 18 0 0 0 3
1.8013875 1.6063395 -0.60082495 18 0 0 0 3
2.0155652 1.1489003 -0.7222724 18 0 0 0 3
2.1218276 1.5321152 -0.8347643 18 0 0 0 3
1.9284718 1.4510573 -0.68569285 18 0 0 0 3
2.1625431 1.2679899 -0.84151113 18 0 0 0 3
1.8533676 1.7256207 -0.63450313 18 0 0 0 3
1.5851957 1.7118164 -0.43784133 18 0 0 0 3
1.6706796 1.417971 -0.50204384 18 0 0 0 3
2.4173787 1.2448933 -1.034071 18 0 0 0 3
2.0043461 0.87296164 -0.68996179 18 0 0 0 3
1.8089715 1.2636368 -0.56978983 18 0 0 0 3
1.5923543 1.5950764 -0.46896559 18 0 0 0 3
1.7247864 1.522137 -0.55256963 18 0 0 0 3
2.2176893 1.3004854 -0.8843891 18 0 0 0 3
2.2201636 1.6858658 -0.93041766 19 0 0 0 3
1.8775879 1.3443195 -0.64124626 19 0 0 0 3
1.9967372 1.5088896 -0.71194446 19 0 0 0 3
2.1900575 1.1599545 -0.84583491 19 0 0 0 3
1.9127388 1.3340534 -0.68027419 19 0 0 0 3
1.7849061 1.8225616 -0.61117357 19 0 0 0 3
1.8500482 1.5131979 -0.62065309 19 0 0 0 3
1.4871179 1.5656259 -0.36540008 19 0 0 0 3
2.4865217 1.2884046 -1.0723331 19 0 0 0 3
2.0357635 0.94972682 -0.73155433 19 0 0 0 3
2.2675202 1.3387154 -0.92549998 19 0 0 0 3
2.0846908 1.8877012 -0.83604378 19 0 0 0 3
2.1375964 0.99887156 -0.81572384 19 0 0 0 3
1.9684709 1.6066035 -0.71251804 19 0 0 0 3
1.8313973 1.0675082 -0.59205717 19 0 0 0 3
2.0177979 1.026993 -0.71933687 19 0 0 0 3
1.8600217 1.849829 -0.65583664 19 0 0 0 3
1.9032375 1.4689281 -0.68300319 19 0 0 0 3
1.874209 0.83629978 -0.58821833 19 0 0 0 3
2.3016965 1.6289195 -0.94523531 19 0 0 0 3
1.9698168 1.7924353 -0.73458827 19 0 0 0 3
1.7608465 0.97590381 -0.53389007 19 0 0 0 3
1.9756459 1.9742439 -0.74735725 19 0 0 0 3
2.0878248 1.4765328 -0.79420084 19 0 0 0 3
1.8380287 1.1507504 -0.59482086 19 0 0 0 3
2.2254007 1.4006943 -0.91531372 19 0 0 0 3
1.6765261 1.4558445 -0.51423502 19 0 0 0 3
1.7610453 1.3187281 -0.53162986 19 0 0 0 3
2.1620212 1.4697509 -0.85807073 19 0 0 0 3
1.893006 1.651219 -0.66295534 19 0 0 0 3
1.9677867 0.92129529 -0.67105204 19 0 0 0 3
1.5346551 1.3968952 -0.39661673 19 0 0 0 3
1.8962705 1.6369805 -0.68750471 19 0 0 0 3
1.6970209 1.7822191 -0.5409711 19 0 0 0 3
2.0031917 1.8847611 -0.75156748 19 0 0 0 3
1.9881861 1.2890385 -0.69504261 19 0 0 0 3
2.1361239 1.491519 -0.81786036 19 0 0 0 3
2.0241292 1.2682605 -0.74380958 19 0 0 0 3
2.1887264 1.5224589 -0.87233305 19 0 0 0 3
1.7768469 1.779092 -0.58683288 19 0 0 0 3
0.86120552 -0.89209163 1.487613 0 0 0 0 4
1.0109373 -0.9150486 0.88682979 0 0 0 0 4
1.0623125 -1.592566 1.0906777 0 0 0 0 4
0.98877901 -1.4846678 1.2864994 0 0 0 0 4
1.0115038 -1.144145 0.98010296 0 0 0 0 4
0.95636141 -0.92430168 1.0996804 0 0 0 0 4
0.9363578 -1.5481913 1.6053724 0 0 0 0 4
0.95546848 -1.4952154 1.6153022 0 0 0 0 4
0.9254089 -1.1526743 1.3199075 0 0 0 0 4
1.051947 -1.0451143 0.78426135 0 0 0 0 4
0.96236795 -1.1079621 1.1166253 0 0 0 0 4
1.0104537 -1.0226489 0.95231473 0 0 0 0 4
0.8467114 -1.0096686 1.751593 0 0 0 0 4
0.88970971 -1.2028978 1.6375662 0 0 0 0 4
1.056167 -1.5556672 1.0737349 0 0 0 0 4
1.0046072 -1.2073225 1.1184696 0 0 0 0 4
0.91143477 -0.86169678 1.3471916 0 0 0 0 4
0.88196796 -1.0306613 1.5299675 0 0 0 0 4
0.91004151 -1.0617387 1.4999807 0 0 0 0 4
0.98122036 -1.6288319 1.4525651 0 0 0 0 4
0.82841569 -1.0969218 1.8484813 0 0 0 0 4
0.84135365 -0.93242049 1.6076462 0 0 0 0 4
1.0281553 -1.2346553 0.93713087 0 0 0 0 4
1.0286438 -1.4462098 1.1121715 0 0 0 0 4
1.001102 -1.3909162 1.2004393 0 0 0 0 4
0.91222227 -1.0818022 1.4268868 0 0 0 0 4
0.92737699 -0.61640871 1.0945394 0 0 0 0 4
0.84275579 -1.1131768 1.7241071 0 0 0 0 4
0.96580011 -1.0527524 1.2356002 0 0 0 0 4
1.0169584 -1.3636395 1.1681876 0 0 0 0 4
1.094822 -1.3340495 0.83701777 0 0 0 0 4
1.0368676 -1.4045187 1.0787897 0 0 0 0 4
0.89361173 -0.6774013 1.2415651 0 0 0 0 4
0.99532312 -1.483108 1.219654 0 0 0 0 4
1.016639 -0.90557003 0.94301242 0 0 0 0 4
0.90607691 -1.1279839 1.5355365 0 0 0 0 4
0.93988067 -0.56949121 1.073022 0 0 0 0 4
1.0682107 -1.8004568 1.2482803 0 0 0 0 4
0.88345975 -0.71091586 1.278052 0 0 0 0 4
1.0258764 -0.91866624 0.89475179 0 0 0 0 4
0.98342842 -1.2765762 1.2705739 1 0 0 0 4
0.9023931 -1.1274536 1.6091605 1 0 0 0 4
0.95951533 -1.4435188 1.5823475 1 0 0 0 4
0.93423784 -1.1673908 1.4186333 1 0 0 0 4
0.87751263 -1.3306053 1.7413355 1 0 0 0 4
1.0739073 -1.2990555 0.90572798 1 0 0 0 4
1.0400898 -1.5856521 1.2774242 1 0 0 0 4
0.86900413 -1.1706284 1.6756822 1 0 0 0 4
0.85152614 -1.2065535 1.7773525 1 0 0 0 4
0.96139753 -0.92780817 1.1590508 1 0 0 0 4
1.1001419 -1.3735639 0.84280318 1 0 0 0 4
0.92835432 -1.0457672 1.2405825 1 0 0 0 4
0.97823322 -1.2516123 1.2336518 1 0 0 0 4
0.9490509 -1.4483215 1.5483664 1 0 0 0 4
0.92985666 -0.77512115 1.1938423 1 0 0 0 4
1.0898777 -1.5300528 0.92556119 1 0 0 0 4
1.0797794 -1.3109498 0.88011211 1 0 0 0 4
0.85762691 -1.0169637 1.6531588 1 0 0 0 4
1.0343344 -1.6477374 1.1584501 1 0 0 0 4
0.99308866 -0.84611833 0.92396027 1 0 0 0 4
1.0189914 -1.1261837 0.95338398 1 0 0 0 4
1.01185 -1.7583927 1.3665793 1 0 0 0 4
0.86381054 -0.99905187 1.673668 1 0 0 0 4
0.99864072 -1.5660883 1.2975615 1 0 0 0 4
1.1299769 -1.3779452 0.6289072 1 0 0 0 4
0.97051162 -0.80973023 1.0509629 1 0 0 0 4
1.0052538 -1.0982614 1.0317534 1 0 0 0 4
0.9455623 -1.4263946 1.5260967 1 0 0 0 4
0.95395684 -1.3763626 1.4269625 1 0 0 0 4
0.97851545 -1.2984115 1.3509079 1 0 0 0 4
0.95662451 -0.83031988 1.0275398 1 0 0 0 4
1.0005563 -0.86318994 0.9639321 1 0 0 0 4
0.98644817 -1.4827226 1.3531181 1 0 0 0 4
0.8896749 -1.0897518 1.5555898 1 0 0 0 4
1.0570397 -1.5483061 1.1201224 1 0 0 0 4
0.85072613 -1.0794779 1.7527082 1 0 0 0 4
0.98017937 -1.5884337 1.4976819 1 0 0 0 4
1.0008255 -1.2203367 1.0765562 1 0 0 0 4
0.98183078 -1.1526078 1.0928035 1 0 0 0 4
0.91302466 -1.1590949 1.4213415 1 0 0 0 4
1.1533818 -1.3876336 0.57683802 2 0 0 0 4
0.99730003 -1.0167638 1.0712873 2 0 0 0 4
1.0401223 -0.91962171 0.84748417 2 0 0 0 4
1.0835725 -1.6678761 1.095297 2 0 0 0 4
1.0766443 -1.1918253 0.75090373 2 0 0 0 4
1.100945 -1.4035702 0.852781 2 0 0 0 4
0.91584682 -1.1250007 1.4059865 2 0 0 0 4
0.87002045 -1.1793022 1.7275096 2 0 0 0 4
0.98640114 -1.4984741 1.4007581 2 0 0 0 4
1.0966254 -1.6114749 1.0293934 2 0 0 0 4
0.84967411 -1.1186389 1.7968519 2 0 0 0 4
0.99413925 -1.0255406 1.0533798 2 0 0 0 4
0.94029087 -1.5167948 1.5412961 2 0 0 0 4
0.97290218 -1.511588 1.4667045 2 0 0 0 4
0.95819438 -0.79661715 1.0354339 2 0 0 0 4
1.0630437 -1.5905478 1.1181724 2 0 0 0 4
0.91812497 -1.235188 1.3993324 2 0 0 0 4
0.95224011 -0.7530852 1.0733616 2 0 0 0 4
1.0839831 -1.2544538 0.76504046 2 0 0 0 4
1.0292577 -1.7121421 1.3677908 2 0 0 0 4
1.0536895 -1.7549784 1.160951 2 0 0 0 4
1.0332144 -1.1178463 0.90175647 2 0 0 0 4
0.95099276 -1.4739918 1.5243385 2 0 0 0 4
1.0358962 -1.4208235 0.94686413 2 0 0 0 4
0.9150486 -0.98277885 1.4359061 2 0 0 0 4
0.95238662 -0.79245591 1.0903465 2 0 0 0 4
0.83867764 -0.87826151 1.5661472 2 0 0 0 4
1.0428702 -1.2102747 0.93949002 2 0 0 0 4
1.0593565 -1.297595 0.86745214 2 0 0 0 4
0.92422342 -1.2152616 1.5467051 2 0 0 0 4
0.91021484 -1.2119195 1.552018 2 0 0 0 4
1.0511863 -1.5477331 1.0638139 2 0 0 0 4
1.0998086 -1.4347103 0.83869588 2 0 0 0 4
1.1374599 -1.37656 0.64158112 2 0 0 0 4
1.0683886 -1.3547343 0.86945164 2 0 0 0 4
0.98923737 -0.86254722 0.96882617 2 0 0 0 4
1.0134373 -1.5272088 1.238742 2 0 0 0 4
1.0356812 -1.2422695 1.0315008 2 0 0 0 4
0.98342282 -1.5317982 1.3828896 2 0 0 0 4
0.99474478 -0.74145585 0.96401006 2 0 0 0 4
1.0504699 -1.1938599 0.9584223 3 0 0 0 4
0.96774668 -1.2782426 1.3786288 3 0 0 0 4
1.0345618 -1.7252967 1.2384875 3 0 0 0 4
1.0393637 -1.0640098 0.84572774 3 0 0 0 4
1.1055456 -1.4970164 0.81186646 3 0 0 0 4
0.98947644 -0.96447903 1.1191278 3 0 0 0 4
1.0240287 -1.3819932 1.1504449 3 0 0 0 4
1.119827 -1.2720665 0.66225851 3 0 0 0 4
1.0758592 -1.4051671 0.92887121 3 0 0 0 4
1.0152627 -1.3394352 1.1072354 3 0 0 0 4
0.95396417 -0.65901911 1.0299025 3 0 0 0 4
0.84781903 -0.99255049 1.7122175 3 0 0 0 4
0.86049277 -0.98979241 1.5465059 3 0 0 0 4
0.84906071 -0.95038122 1.6874583 3 0 0 0 4
1.0449237 -1.864472 1.3985171 3 0 0 0 4
0.86789042 -1.1503222 1.6478842 3 0 0 0 4
1.0486249 -1.7078812 1.220166 3 0 0 0 4
1.0503585 -1.7867541 1.2949079 3 0 0 0 4
0.96546954 -1.532611 1.5419496 3 0 0 0 4
0.91795808 -1.4687067 1.6651349 3 0 0 0 4
1.0512806 -1.3696218 1.0031149 3 0 0 0 4
0.98674744 -1.1103876 1.0244228 3 0 0 0 4
1.0319641 -1.3822323 1.1384292 3 0 0 0 4
1.0315374 -1.7011662 1.2714837 3 0 0 0 4
0.90881294 -0.93687928 1.3204921 3 0 0 0 4
1.0641742 -1.0993347 0.75390697 3 0 0 0 4
0.97161704 -1.7331622 1.4980178 3 0 0 0 4
0.99213666 -1.2770612 1.2981627 3 0 0 0 4
1.0254729 -0.93305063 0.85020638 3 0 0 0 4
1.0899397 -1.6449212 1.0058075 3 0 0 0 4
0.98139954 -1.2121471 1.1822094 3 0 0 0 4
1.0000453 -1.7561821 1.5038761 3 0 0 0 4
1.0258441 -1.5045673 1.1267687 3 0 0 0 4
0.98130643 -1.5794753 1.4240612 3 0 0 0 4
0.95376968 -0.86549336 1.1686705 3 0 0 0 4
0.94871926 -1.4871715 1.542792 3 0 0 0 4
1.0955417 -1.343213 0.81830198 3 0 0 0 4
0.86571836 -1.1993582 1.6597257 3 0 0 0 4
0.96747565 -1.4508444 1.4538747 3 0 0 0 4
1.0697374 -1.1783861 0.8696022 3 0 0 0 4
1.0163831 -1.7583562 1.4353215 4 0 0 0 4
1.0731566 -1.3349553 0.89582497 4 0 0 0 4
0.99443406 -1.1850957 1.1092439 4 0 0 0 4
0.90246022 -1.0847396 1.5110394 4 0 0 0 4
1.0037519 -0.98406023 1.0461005 4 0 0 0 4
0.84430045 -0.91488409 1.6317753 4 0 0 0 4
0.86828917 -1.1451387 1.6618959 4 0 0 0 4
1.0472194 -1.1688877 0.89820868 4 0 0 0 4
0.91414869 -1.1230552 1.4457204 4 0 0 0 4
0.99548578 -1.0341815 1.0619173 4 0 0 0 4
1.0876107 -1.5905757 0.94533831 4 0 0 0 4
0.90419024 -1.2359365 1.4742531 4 0 0 0 4
0.97977567 -0.91733003 0.92988265 4 0 0 0 4
0.84649646 -1.11805 1.6830564 4 0 0 0 4
0.99545187 -1.0791657 1.1048238 4 0 0 0 4
0.8959682 -1.1586448 1.5665927 4 0 0 0 4
1.0850718 -1.2357287 0.74060005 4 0 0 0 4
1.1390767 -1.3286054 0.65777099 4 0 0 0 4
0.92981708 -0.67588288 1.1224309 4 0 0 0 4
0.92984527 -1.0623404 1.3920653 4 0 0 0 4
0.94570667 -1.1539 1.3941174 4 0 0 0 4
0.99590456 -1.3744307 1.2215425 4 0 0 0 4
0.99212879 -1.3733546 1.2575634 4 0 0 0 4
0.86385733 -0.91264832 1.4876546 4 0 0 0 4
1.0369607 -1.5426143 1.2655035 4 0 0 0 4
1.0806745 -1.2434245 0.80236149 4 0 0 0 4
1.0289674 -1.5596422 1.0803813 4 0 0 0 4
0.85237962 -1.0497568 1.7543492 4 0 0 0 4
0.91680104 -1.1817222 1.4739938 4 0 0 0 4
0.98724347 -0.83292222 0.93194216 4 0 0 0 4
0.96357203 -0.85262221 1.088962 4 0 0 0 4
0.97872096 -1.3336447 1.3072834 4 0 0 0 4
0.97329634 -0.8407554 1.0572408 4 0 0 0 4
1.1067001 -1.2930458 0.78250188 4 0 0 0 4
0.90648079 -0.66260427 1.1846526 4 0 0 0 4
1.1026043 -1.3790138 0.70293188 4 0 0 0 4
0.9600516 -1.3990074 1.3848426 4 0 0 0 4
0.9424901 -1.1111772 1.2986002 4 0 0 0 4
1.0348575 -0.99822086 0.79860854 4 0 0 0 4
1.0191612 -1.5591122 1.2802742 4 0 0 0 4
1.0115702 -1.3894594 1.2044085 5 0 0 0 4
0.97391737 -0.75357062 0.98709965 5 0 0 0 4
1.0049669 -1.2178773 1.0501062 5 0 0 0 4
1.082247 -1.3965586 0.80069733 5 0 0 0 4
0.94773149 -0.78263938 1.1327673 5 0 0 0 4
1.0262703 -1.4420031 1.1019758 5 0 0 0 4
1.0473231 -1.3230441 0.95465833 5 0 0 0 4
0.9525075 -0.82535982 1.0445559 5 0 0 0 4
1.0518823 -1.1399332 0.8646884 5 0 0 0 4
1.125912 -1.4610313 0.72803015 5 0 0 0 4
0.89760131 -1.019644 1.5201782 5 0 0 0 4
1.0169243 -1.6832762 1.3790909 5 0 0 0 4
0.92651492 -1.2806116 1.4904373 5 0 0 0 4
0.98114514 -0.96173561 1.0899506 5 0 0 0 4
0.94297218 -1.1896715 1.3888457 5 0 0 0 4
0.87182081 -1.1103046 1.6525458 5 0 0 0 4
0.92384541 -0.73988509 1.138178 5 0 0 0 4
0.9715066 -1.3496736 1.2908665 5 0 0 0 4
0.98130476 -0.99105662 1.0203444 5 0 0 0 4
1.1129621 -1.4783858 0.78678018 5 0 0 0 4
0.89634252 -1.3712875 1.684872 5 0 0 0 4
0.93918514 -0.82045519 1.1082878 5 0 0 0 4
1.0307473 -1.7270098 1.3619614 5 0 0 0 4
1.0730562 -1.3853986 0.96589893 5 0 0 0 4
1.0567061 -1.5065656 1.1312323 5 0 0 0 4
1.1031036 -1.2848077 0.63395303 5 0 0 0 4
1.0859613 -1.2074008 0.73595756 5 0 0 0 4
1.0198352 -1.7219212 1.3878305 5 0 0 0 4
1.0291022 -1.3379748 1.0725017 5 0 0 0 4
0.98167801 -1.3095419 1.305051 5 0 0 0 4
1.0690004 -1.1038232 0.78021014 5 0 0 0 4
1.0243249 -1.0891938 1.01108 5 0 0 0 4
0.84527022 -1.1408552 1.7733569 5 0 0 0 4
0.97171801 -1.1257557 1.183535 5 0 0 0 4
0.93020749 -1.2280779 1.4416431 5 0 0 0 4
0.92640221 -0.9729321 1.3441836 5 0 0 0 4
1.0838101 -1.6096553 0.97576582 5 0 0 0 4
0.92531925 -0.80176294 1.2012291 5 0 0 0 4
0.9836818 -1.3767716 1.2715359 5 0 0 0 4
0.90980011 -1.0288056 1.3095218 5 0 0 0 4
0.86613929 -0.93251991 1.4933188 6 0 0 0 4
1.0604206 -1.8236437 1.3437234 6 0 0 0 4
1.0641801 -1.1888869 0.82787967 6 0 0 0 4
0.83095604 -1.0772841 1.809268 6 0 0 0 4
1.0512463 -1.2210487 0.84249508 6 0 0 0 4
0.86508793 -1.1991477 1.7974129 6 0 0 0 4
0.82951909 -1.0067921 1.7517042 6 0 0 0 4
0.98759931 -0.8623929 0.93166631 6 0 0 0 4
0.92078418 -0.95528781 1.3072153 6 0 0 0 4
1.0771017 -1.1831379 0.73227793 6 0 0 0 4
1.0640522 -1.4713455 1.0020028 6 0 0 0 4
1.0181817 -1.2179823 1.0702814 6 0 0 0 4
1.1162934 -1.6092339 0.92397553 6 0 0 0 4
0.94183606 -1.0083971 1.2689718 6 0 0 0 4
1.0751816 -1.6237537 1.0546757 6 0 0 0 4
0.96396196 -1.4799967 1.4841644 6 0 0 0 4
0.92983156 -1.2076467 1.4485279 6 0 0 0 4
0.9717986 -0.85555249 1.0785066 6 0 0 0 4
1.027124 -1.2026806 0.96070659 6 0 0 0 4
0.86164767 -0.80850637 1.4354888 6 0 0 0 4
0.93255836 -1.3318226 1.504086 6 0 0 0 4
0.96838599 -1.4938115 1.4316835 6 0 0 0 4
0.99018979 -1.3956969 1.2185227 6 0 0 0 4
1.0522712 -1.4485779 1.0756646 6 0 0 0 4
0.94127876 -1.3676964 1.4658239 6 0 0 0 4
1.0569495 -1.5932109 1.161862 6 0 0 0 4
0.98903555 -1.0946308 1.1657963 6 0 0 0 4
0.85762197 -0.96440065 1.5462661 6 0 0 0 4
1.0424976 -1.7713252 1.3101524 6 0 0 0 4
0.91246939 -1.1894343 1.5081002 6 0 0 0 4
0.94994038 -1.3965119 1.4651748 6 0 0 0 4
0.98432857 -1.3970305 1.289075 6 0 0 0 4
1.0548276 -1.6322838 1.1579506 6 0 0 0 4
0.90951103 -1.129334 1.562305 6 0 0 0 4
0.9511143 -1.245783 1.3658804 6 0 0 0 4
1.0134254 -1.8215891 1.452997 6 0 0 0 4
0.87740886 -1.2429607 1.7306231 6 0 0 0 4
0.93899763 -1.2567997 1.4671912 6 0 0 0 4
0.97404128 -1.125683 1.1601274 6 0 0 0 4
0.92770284 -1.1782556 1.4400603 6 0 0 0 4
0.9164682 -0.71809769 1.2002974 7 0 0 0 4
0.91214949 -0.71631902 1.2878979 7 0 0 0 4
1.052002 -1.4177269 0.95422798 7 0 0 0 4
1.0832673 -1.1403513 0.76401049 7 0 0 0 4
1.0176377 -1.0985674 1.0015181 7 0 0 0 4
0.88990533 -0.97628611 1.400064 7 0 0 0 4
0.99598235 -1.5938653 1.4004483 7 0 0 0 4
0.90942895 -0.85443521 1.3013474 7 0 0 0 4
1.0746722 -1.5239618 1.0090146 7 0 0 0 4
0.84859997 -1.0373566 1.6804941 7 0 0 0 4
1.1162289 -1.3527123 0.75317192 7 0 0 0 4
0.88485014 -1.2293185 1.6795243 7 0 0 0 4
1.0499089 -1.6831342 1.218998 7 0 0 0 4
0.88756281 -1.299957 1.7432487 7 0 0 0 4
1.0161946 -1.1549689 0.96920979 7 0 0 0 4
1.0335119 -1.406392 1.0762455 7 0 0 0 4
1.0144917 -1.2780321 1.1414257 7 0 0 0 4
0.92891282 -0.66646409 1.1365132 7 0 0 0 4
0.89614725 -1.2373115 1.5778334 7 0 0 0 4
1.0163355 -1.6786962 1.3078958 7 0 0 0 4
1.0071142 -1.6882966 1.3207479 7 0 0 0 4
0.90928286 -0.90371078 1.375439 7 0 0 0 4
0.96564066 -1.4075698 1.3508897 7 0 0 0 4
0.97608531 -1.1190014 1.1349738 7 0 0 0 4
0.98883069 -1.6436814 1.4868217 7 0 0 0 4
1.063247 -1.2952981 0.93377984 7 0 0 0 4
0.95326972 -0.63647556 1.0890471 7 0 0 0 4
0.93479043 -1.5319028 1.5857263 7 0 0 0 4
0.93730378 -1.269453 1.38808 7 0 0 0 4
0.99383658 -1.0772505 1.1101323 7 0 0 0 4
0.93068016 -1.0880318 1.3678442 7 0 0 0 4
0.98222023 -1.1627321 1.2250723 7 0 0 0 4
1.0512581 -1.0843486 0.82957131 7 0 0 0 4
1.0705166 -1.3997484 0.96978313 7 0 0 0 4
0.95368314 -1.1447222 1.3131911 7 0 0 0 4
0.89403218 -0.72081077 1.2909098 7 0 0 0 4
1.0406289 -1.800137 1.3281854 7 0 0 0 4
0.83298922 -1.1119881 1.7907687 7 0 0 0 4
1.072557 -1.3489181 0.86215258 7 0 0 0 4
0.91548115 -1.3013687 1.5032843 7 0 0 0 4
0.89241421 -0.95694458 1.5131836 8 0 0 0 4
0.90875012 -1.1988024 1.5333103 8 0 0 0 4
0.84221917 -1.1767176 1.6553798 8 0 0 0 4
0.97536939 -1.4178982 1.3485764 8 0 0 0 4
0.9358772 -1.2340543 1.4337068 8 0 0 0 4
0.96891165 -1.4026904 1.3226969 8 0 0 0 4
0.93148583 -1.4241148 1.5997891 8 0 0 0 4
1.0739831 -1.5388885 0.97209126 8 0 0 0 4
0.95551306 -0.82134473 1.1503147 8 0 0 0 4
0.95979929 -0.70265996 1.0353462 8 0 0 0 4
1.049606 -1.1027037 0.84277046 8 0 0 0 4
0.99065214 -1.5670285 1.4144795 8 0 0 0 4
0.88308048 -1.1946468 1.6773634 8 0 0 0 4
0.9814266 -0.93692631 1.0161637 8 0 0 0 4
1.0762073 -1.2770311 0.79946065 8 0 0 0 4
0.9028542 -1.1977484 1.6269267 8 0 0 0 4
0.91632783 -1.0724531 1.4515567 8 0 0 0 4
1.0778366 -1.3130265 0.7175473 8 0 0 0 4
1.0232112 -1.7876258 1.4294051 8 0 0 0 4
0.96637458 -0.7942338 0.99707013 8 0 0 0 4
0.95893359 -0.83005255 1.0477231 8 0 0 0 4
0.89429432 -1.1946765 1.6356074 8 0 0 0 4
0.88022 -1.0005555 1.5297993 8 0 0 0 4
0.95568544 -0.89390409 1.1530249 8 0 0 0 4
0.85829246 -0.93204069 1.6245017 8 0 0 0 4
1.050088 -1.2752126 1.0102409 8 0 0 0 4
1.0160449 -0.91441751 0.86312348 8 0 0 0 4
0.9635098 -1.1890872 1.1510059 8 0 0 0 4
1.0152801 -1.5004128 1.3455399 8 0 0 0 4
1.1377633 -1.3517956 0.62741977 8 0 0 0 4
0.91402197 -1.2149493 1.5093473 8 0 0 0 4
1.0977012 -1.5612327 0.95815438 8 0 0 0 4
0.93641043 -0.93214655 1.258325 8 0 0 0 4
1.025152 -1.5434587 1.2463551 8 0 0 0 4
1.0164266 -1.0760655 0.86255783 8 0 0 0 4
1.032334 -1.7282387 1.3591282 8 0 0 0 4
0.88038307 -0.85423267 1.4753152 8 0 0 0 4
0.95319426 -1.3111581 1.4076631 8 0 0 0 4
0.95110607 -1.4783479 1.4809119 8 0 0 0 4
1.0927684 -1.5671984 0.88317639 8 0 0 0 4
0.86447459 -1.0955745 1.6419517 9 0 0 0 4
1.0579413 -1.2066467 0.93265384 9 0 0 0 4
0.93737185 -0.79644907 1.1359448 9 0 0 0 4
1.0544158 -1.5343353 1.164203 9 0 0 0 4
0.82476759 -1.041098 1.8093864 9 0 0 0 4
0.94158441 -1.2950836 1.4249349 9 0 0 0 4
1.0422593 -1.017321 0.84390575 9 0 0 0 4
1.1066222 -1.4552295 0.85718471 9 0 0 0 4
1.0335199 -1.4401528 1.0513819 9 0 0 0 4
1.0761032 -1.4147494 0.89950246 9 0 0 0 4
1.0350845 -1.2761607 1.0731732 9 0 0 0 4
1.0245702 -1.8273313 1.3908821 9 0 0 0 4
0.93097025 -1.3502097 1.5785416 9 0 0 0 4
0.92335874 -1.0655556 1.4641097 9 0 0 0 4
0.88288891 -1.2138032 1.6770771 9 0 0 0 4
1.0119891 -1.7335564 1.4399381 9 0 0 0 4
0.91336954 -1.4126928 1.6900343 9 0 0 0 4
1.0431514 -1.2633966 0.95636964 9 0 0 0 4
0.85887378 -1.1198931 1.6905662 9 0 0 0 4
0.87311935 -1.134956 1.6390259 9 0 0 0 4
1.0969405 -1.3878171 0.76539922 9 0 0 0 4
0.92635489 -0.8555612 1.3200648 9 0 0 0 4
1.0703183 -1.631892 1.1086423 9 0 0 0 4
0.83907157 -1.1266857 1.8430461 9 0 0 0 4
0.91326737 -1.0677072 1.4450041 9 0 0 0 4
1.0172867 -1.7599708 1.3379638 9 0 0 0 4
1.0535291 -1.3724117 1.0030252 9 0 0 0 4
0.86336768 -0.96550238 1.6642308 9 0 0 0 4
1.1177601 -1.4009584 0.72098589 9 0 0 0 4
0.89610201 -0.90649748 1.3480369 9 0 0 0 4
1.1027038 -1.2967513 0.75465429 9 0 0 0 4
1.0134237 -1.260268 1.0083086 9 0 0 0 4
0.83449477 -0.92573464 1.6520916 9 0 0 0 4
0.92454904 -1.4146423 1.5751928 9 0 0 0 4
0.83758086 -1.0169396 1.7349107 9 0 0 0 4
1.0543275 -1.0939573 0.76359856 9 0 0 0 4
0.88527679 -0.83534175 1.4143181 9 0 0 0 4
0.89501965 -1.1879863 1.5724344 9 0 0 0 4
0.98585737 -0.99495846 1.0291952 9 0 0 0 4
0.86911225 -1.2003453 1.6238002 9 0 0 0 4
1.0123991 -1.6546719 1.3795887 10 0 0 0 4
1.003414 -0.88700056 0.92443645 10 0 0 0 4
1.0859464 -1.3777015 0.87857115 10 0 0 0 4
1.0640135 -1.1246582 0.77459699 10 0 0 0 4
1.0297691 -1.4679679 1.137043 10 0 0 0 4
0.92425847 -0.71871877 1.2043699 10 0 0 0 4
0.93886232 -0.58487535 1.0522727 10 0 0 0 4
0.94913715 -1.1901705 1.3137316 10 0 0 0 4
0.96101093 -1.102555 1.2091079 10 0 0 0 4
0.88690734 -1.2489185 1.642737 10 0 0 0 4
1.0925534 -1.3097702 0.78919715 10 0 0 0 4
0.97358584 -0.73896343 0.94822073 10 0 0 0 4
0.92783779 -1.1276107 1.4775004 10 0 0 0 4
1.0481732 -1.3297358 1.0198838 10 0 0 0 4
1.0474446 -1.6003085 1.0798939 10 0 0 0 4
0.86240131 -1.1445575 1.7576303 10 0 0 0 4
0.92191774 -0.73745847 1.2117392 10 0 0 0 4
1.0486377 -1.3157554 0.99565548 10 0 0 0 4
1.0444423 -1.4278126 1.1070983 10 0 0 0 4
1.0150657 -1.7574308 1.3535947 10 0 0 0 4
0.86882567 -0.83847493 1.4048697 10 0 0 0 4
0.97188002 -1.401495 1.3790591 10 0 0 0 4
1.1018606 -1.3393272 0.82166898 10 0 0 0 4
0.97574079 -0.92001677 0.9598906 10 0 0 0 4
0.97397596 -0.92387444 1.0916874 10 0 0 0 4
0.8746683 -0.81187242 1.4041584 10 0 0 0 4
1.0207455 -1.7577608 1.4368008 10 0 0 0 4
0.92566788 -1.2567881 1.5959642 10 0 0 0 4
1.0906532 -1.3202963 0.76324028 10 0 0 0 4
1.1238408 -1.3177592 0.65837634 10 0 0 0 4
0.99271148 -0.95182645 0.9951238 10 0 0 0 4
1.0038209 -1.6672143 1.3681104 10 0 0 0 4
0.85236609 -1.2007207 1.6953332 10 0 0 0 4
0.85587293 -1.0200762 1.6850575 10 0 0 0 4
0.87353051 -1.1686188 1.7305882 10 0 0 0 4
1.0216938 -1.4337499 1.0721551 10 0 0 0 4
1.0622712 -1.6119365 1.0969156 10 0 0 0 4
0.97217375 -1.1556282 1.2020105 10 0 0 0 4
0.9251343 -1.0158492 1.3006886 10 0 0 0 4
0.9161315 -0.85548204 1.2872154 10 0 0 0 4
0.88745916 -0.77284884 1.3388913 11 0 0 0 4
0.92355049 -0.90902436 1.2258158 11 0 0 0 4
0.99762666 -0.97686446 0.93193257 11 0 0 0 4
0.9277119 -1.3976347 1.5581429 11 0 0 0 4
0.90773022 -0.67622888 1.1969912 11 0 0 0 4
1.0929395 -1.3478043 0.76208913 11 0 0 0 4
0.94434011 -1.3441724 1.5173248 11 0 0 0 4
1.0367358 -1.3850372 1.0387617 11 0 0 0 4
0.95504045 -1.4635011 1.5009018 11 0 0 0 4
1.0628264 -1.3830124 1.0048983 11 0 0 0 4
0.99470079 -1.0632517 1.1157171 11 0 0 0 4
0.87050849 -1.1618661 1.6632851 11 0 0 0 4
0.95503485 -0.66645873 1.0212896 11 0 0 0 4
1.023764 -1.381578 1.1799372 11 0 0 0 4
0.90304971 -1.3286573 1.5478853 11 0 0 0 4
0.92737186 -1.0263262 1.2699921 11 0 0 0 4
1.1235962 -1.4191098 0.70204115 11 0 0 0 4
1.0527918 -1.2963322 0.96440578 11 0 0 0 4
1.034322 -0.99909556 0.81669492 11 0 0 0 4
0.89082354 -0.88281667 1.411015 11 0 0 0 4
0.94077659 -0.91275692 1.2038958 11 0 0 0 4
1.0109495 -1.1479231 0.97278297 11 0 0 0 4
0.9122023 -1.4056966 1.6756892 11 0 0 0 4
1.1071917 -1.3534456 0.74510753 11 0 0 0 4
1.07541 -1.2890912 0.87554216 11 0 0 0 4
0.9494589 -0.97189695 1.2457016 11 0 0 0 4
0.90986961 -0.76898485 1.1826575 11 0 0 0 4
1.002283 -0.94824439 0.90944958 11 0 0 0 4
1.1030431 -1.5502971 0.96161968 11 0 0 0 4
0.95267195 -1.2727901 1.3816918 11 0 0 0 4
0.98647922 -0.85481995 0.92594486 11 0 0 0 4
0.94544739 -0.79914671 1.0269868 11 0 0 0 4
1.0611595 -1.651597 1.1961447 11 0 0 0 4
1.0074955 -1.830251 1.4077718 11 0 0 0 4
0.97796744 -1.2559267 1.2452266 11 0 0 0 4
0.93772382 -1.4479519 1.5416616 11 0 0 0 4
0.86267924 -0.95543087 1.5434268 11 0 0 0 4
0.98807347 -0.91153532 1.040617 11 0 0 0 4
0.98865747 -1.6247828 1.4383732 11 0 0 0 4
1.0341076 -1.226728 0.95374858 11 0 0 0 4
1.061049 -1.7029173 1.2062122 12 0 0 0 4
1.0578334 -1.3187133 0.92913204 12 0 0 0 4
1.029593 -1.8678521 1.3829861 12 0 0 0 4
0.99391598 -1.3074018 1.1847192 12 0 0 0 4
0.99958557 -1.68538 1.4119115 12 0 0 0 4
0.9921031 -1.3167042 1.1914111 12 0 0 0 4
1.1078649 -1.3721156 0.73932147 12 0 0 0 4
0.92593729 -0.67598981 1.1994842 12 0 0 0 4
0.95680928 -0.79760891 1.0779408 12 0 0 0 4
0.98422331 -1.5767549 1.3713582 12 0 0 0 4
0.85398698 -1.1864996 1.7028598 12 0 0 0 4
1.0452658 -0.95248353 0.83487755 12 0 0 0 4
1.0927227 -1.5571316 0.95902807 12 0 0 0 4
1.0857049 -1.4790864 0.95831716 12 0 0 0 4
1.0213434 -1.8021821 1.440955 12 0 0 0 4
1.0567918 -1.4920272 0.99448991 12 0 0 0 4
0.87060469 -0.91425169 1.5151325 12 0 0 0 4
1.008024 -1.1170413 1.0337912 12 0 0 0 4
1.1043473 -1.3205446 0.73117661 12 0 0 0 4
0.85971004 -1.0791876 1.7033989 12 0 0 0 4
0.94647688 -1.2784231 1.3823788 12 0 0 0 4
0.98507577 -1.288419 1.1494446 12 0 0 0 4
1.0174799 -1.6634253 1.3363024 12 0 0 0 4
1.0169089 -1.6408749 1.3619189 12 0 0 0 4
1.0043458 -1.4983799 1.3443104 12 0 0 0 4
0.90088856 -1.2130674 1.59894 12 0 0 0 4
0.95595068 -1.3150676 1.4088655 12 0 0 0 4
0.93943977 -0.85531354 1.2165337 12 0 0 0 4
0.95813584 -1.0798522 1.2333493 12 0 0 0 4
1.0706522 -1.6210601 1.1005857 12 0 0 0 4
0.92018056 -1.4556664 1.5542128 12 0 0 0 4
0.89113569 -0.78009725 1.3961911 12 0 0 0 4
1.0456347 -1.4500494 1.116292 12 0 0 0 4
1.0894127 -1.3011587 0.7247107 12 0 0 0 4
1.0328065 -1.9087467 1.4115572 12 0 0 0 4
0.95588529 -1.3170997 1.3109716 12 0 0 0 4
0.86022562 -0.86044377 1.5063369 12 0 0 0 4
1.0909635 -1.3348185 0.77740282 12 0 0 0 4
0.97194988 -1.3859158 1.3932136 12 0 0 0 4
1.0616405 -1.1112798 0.75294697 12 0 0 0 4
0.93175 -1.0396359 1.272704 13 0 0 0 4
0.95779496 -1.5231155 1.4588598 13 0 0 0 4
0.93896747 -1.4408406 1.4564437 13 0 0 0 4
0.98928529 -1.1672015 1.041167 13 0 0 0 4
0.971156 -0.8811819 1.0646057 13 0 0 0 4
1.0553409 -1.6500241 1.1783688 13 0 0 0 4
0.91481721 -0.90229362 1.353586 13 0 0 0 4
0.98847467 -1.6148777 1.4387914 13 0 0 0 4
0.97058022 -1.1929138 1.2720126 13 0 0 0 4
0.93060905 -0.65652543 1.0711371 13 0 0 0 4
1.0912176 -1.3110765 0.81714696 13 0 0 0 4
0.9545511 -1.0656399 1.2328674 13 0 0 0 4
0.89865267 -1.4103847 1.6777124 13 0 0 0 4
0.96900398 -1.4083045 1.4301255 13 0 0 0 4
0.99940187 -1.5318267 1.3420799 13 0 0 0 4
0.83367616 -1.0648711 1.7949412 13 0 0 0 4
0.95867634 -1.4315063 1.3760824 13 0 0 0 4
1.0255778 -1.5030514 1.1699557 13 0 0 0 4
1.0572217 -1.4907948 1.0399232 13 0 0 0 4
1.0885689 -1.662714 1.0169002 13 0 0 0 4
1.048004 -1.5083516 1.133216 13 0 0 0 4
0.87746984 -1.1347179 1.5873498 13 0 0 0 4
0.96553099 -1.3319582 1.2657374 13 0 0 0 4
0.86788845 -1.067144 1.6265774 13 0 0 0 4
1.0820986 -1.6758008 1.0478898 13 0 0 0 4
1.0799696 -1.1773326 0.76549143 13 0 0 0 4
0.9568935 -0.92997956 1.1653497 13 0 0 0 4
1.0632457 -1.4343413 1.0231631 13 0 0 0 4
0.9797619 -1.1684382 1.2215426 13 0 0 0 4
0.91596168 -1.3253218 1.6620449 13 0 0 0 4
0.90740889 -1.3308731 1.6295601 13 0 0 0 4
1.0876724 -1.417596 0.79383796 13 0 0 0 4
0.98680103 -1.2941178 1.2578151 13 0 0 0 4
1.0972451 -1.4572195 0.87384641 13 0 0 0 4
1.0685285 -1.3329597 0.8548941 13 0 0 0 4
0.87861925 -1.0098699 1.5347812 13 0 0 0 4
0.92578959 -0.81668705 1.2634975 13 0 0 0 4
0.93100977 -1.5211987 1.6077385 13 0 0 0 4
0.96401274 -1.495571 1.4406307 13 0 0 0 4
0.88499796 -0.79145843 1.360808 13 0 0 0 4
0.89601165 -1.0108216 1.4670292 14 0 0 0 4
1.0114971 -1.1523426 1.0182323 14 0 0 0 4
0.99400902 -1.4298888 1.3257769 14 0 0 0 4
0.92850125 -0.93190688 1.2206916 14 0 0 0 4
0.95667583 -0.98611516 1.1530788 14 0 0 0 4
1.0997962 -1.2540118 0.67584592 14 0 0 0 4
0.95358986 -1.1394123 1.2931408 14 0 0 0 4
0.95798326 -1.5952669 1.5223821 14 0 0 0 4
1.1002896 -1.4287553 0.86924887 14 0 0 0 4
0.82174969 -1.1230581 1.862909 14 0 0 0 4
1.0285878 -1.3689816 1.1132779 14 0 0 0 4
1.0373787 -1.2256691 0.97709024 14 0 0 0 4
0.92047447 -1.14486 1.406791 14 0 0 0 4
1.0710052 -1.593987 1.0347382 14 0 0 0 4
0.88793027 -1.1462415 1.6213531 14 0 0 0 4
1.0676739 -1.8104929 1.2559044 14 0 0 0 4
0.83497882 -1.1753232 1.7427983 14 0 0 0 4
1.0112265 -1.7464969 1.4474293 14 0 0 0 4
1.1244448 -1.3806696 0.70427459 14 0 0 0 4
1.0329561 -1.3010831 1.0329419 14 0 0 0 4
1.0062977 -1.4530095 1.2520086 14 0 0 0 4
0.91629821 -1.3317618 1.6254593 14 0 0 0 4
0.90006393 -0.7146402 1.2524434 14 0 0 0 4
0.84027874 -1.0881139 1.7725626 14 0 0 0 4
1.0910236 -1.5030565 0.90026623 14 0 0 0 4
0.95856398 -1.113829 1.2367897 14 0 0 0 4
1.036437 -1.6567824 1.1698676 14 0 0 0 4
0.90301955 -1.0472554 1.4624462 14 0 0 0 4
1.044536 -1.6190532 1.2040592 14 0 0 0 4
0.97341996 -1.125622 1.1877915 14 0 0 0 4
0.95224446 -1.2970037 1.4111397 14 0 0 0 4
0.99583918 -1.4326787 1.237558 14 0 0 0 4
0.89078552 -1.2958134 1.5899249 14 0 0 0 4
1.0586865 -1.1152314 0.76940727 14 0 0 0 4
1.0835435 -1.3113358 0.86875302 14 0 0 0 4
0.93745369 -0.84594089 1.1734757 14 0 0 0 4
0.90114248 -0.95780009 1.4138714 14 0 0 0 4
0.94523287 -1.1595713 1.2960124 14 0 0 0 4
1.0614635 -1.4420019 0.97069234 14 0 0 0 4
0.93829608 -1.0337944 1.2984421 14 0 0 0 4
0.95671833 -1.2778312 1.3331212 15 0 0 0 4
0.91805786 -0.7572788 1.2238764 15 0 0 0 4
0.91256571 -0.82295787 1.2224668 15 0 0 0 4
0.87201357 -1.0231484 1.5497007 15 0 0 0 4
1.1309308 -1.3450125 0.60586512 15 0 0 0 4
0.97348988 -1.2510607 1.2872318 15 0 0 0 4
1.0235708 -1.5841656 1.2299615 15 0 0 0 4
1.0014402 -0.89173055 0.97940087 15 0 0 0 4
0.92981803 -1.0041738 1.4016861 15 0 0 0 4
1.0443908 -1.2776409 1.0482179 15 0 0 0 4
1.0598371 -1.255542 0.93770278 15 0 0 0 4
1.051874 -1.291917 0.93901736 15 0 0 0 4
1.1140293 -1.4061285 0.75403565 15 0 0 0 4
0.94945782 -1.0890433 1.3077804 15 0 0 0 4
0.85699803 -1.2924125 1.7582072 15 0 0 0 4
0.87845957 -0.6819275 1.2541891 15 0 0 0 4
0.94248229 -0.6184082 1.0315206 15 0 0 0 4
0.91503388 -1.0914649 1.419867 15 0 0 0 4
0.98120922 -0.85974914 1.0337971 15 0 0 0 4
0.93600225 -1.3584043 1.4453967 15 0 0 0 4
1.0266427 -1.5724915 1.2503725 15 0 0 0 4
0.90705639 -1.2368516 1.6282917 15 0 0 0 4
0.93763673 -0.62386048 1.0359902 15 0 0 0 4
1.0296195 -1.0992777 0.85993367 15 0 0 0 4
0.9502095 -1.3635453 1.4576789 15 0 0 0 4
0.9211238 -1.0800755 1.3732891 15 0 0 0 4
0.81838101 -0.99963057 1.7813551 15 0 0 0 4
0.970043 -1.1353008 1.1727042 15 0 0 0 4
1.0690565 -1.7273588 1.1218749 15 0 0 0 4
0.97255802 -1.1746289 1.1945673 15 0 0 0 4
1.0325145 -1.2801046 1.0581236 15 0 0 0 4
0.99564242 -1.6380363 1.3714163 15 0 0 0 4
0.89456797 -1.3622303 1.7351933 15 0 0 0 4
0.97786558 -1.2543238 1.2735223 15 0 0 0 4
0.90354437 -0.86718267 1.3824917 15 0 0 0 4
1.0124484 -1.3225216 1.1501226 15 0 0 0 4
0.8752529 -0.95032507 1.4759387 15 0 0 0 4
1.0353386 -1.629554 1.2391337 15 0 0 0 4
1.0145258 -1.1140786 0.98850268 15 0 0 0 4
0.97231138 -1.0838188 1.2210492 15 0 0 0 4
0.92552871 -1.4966519 1.5494342 16 0 0 0 4
0.90477073 -0.90292484 1.3246626 16 0 0 0 4
1.0201727 -1.6527413 1.3752205 16 0 0 0 4
1.0402415 -1.1365322 0.86744714 16 0 0 0 4
1.0389766 -1.3067201 1.0058929 16 0 0 0 4
1.0949346 -1.3911169 0.81287062 16 0 0 0 4
1.1544129 -1.3891764 0.59243339 16 0 0 0 4
1.0480316 -1.1989126 0.92112941 16 0 0 0 4
1.1374983 -1.3870097 0.6302852 16 0 0 0 4
0.93128467 -1.1338723 1.4253129 16 0 0 0 4
1.0385174 -1.1599404 0.91181523 16 0 0 0 4
0.97891831 -1.3112941 1.2047969 16 0 0 0 4
1.046223 -1.5055337 1.203693 16 0 0 0 4
0.90950549 -1.1580776 1.4669573 16 0 0 0 4
0.91269237 -1.2774812 1.5567259 16 0 0 0 4
0.9456265 -0.99942374 1.1957601 16 0 0 0 4
0.86342907 -1.265718 1.7603388 16 0 0 0 4
0.97117311 -1.3599629 1.447367 16 0 0 0 4
0.96860379 -1.5165009 1.5158995 16 0 0 0 4
0.97785735 -0.88960683 0.97737253 16 0 0 0 4
0.9419356 -1.3146137 1.4334935 16 0 0 0 4
0.88604289 -1.0377183 1.5324676 16 0 0 0 4
0.94709164 -1.073 1.2777746 16 0 0 0 4
0.95878881 -1.0262802 1.2020591 16 0 0 0 4
1.1148742 -1.4430947 0.6984973 16 0 0 0 4
1.0250431 -1.1530106 0.95789528 16 0 0 0 4
1.0068674 -1.2802923 1.1564212 16 0 0 0 4
0.94956243 -1.2117647 1.3413267 16 0 0 0 4
1.009222 -1.7211727 1.4080813 16 0 0 0 4
1.036333 -1.2236292 0.99352312 16 0 0 0 4
0.93336749 -1.2636276 1.4982514 16 0 0 0 4
1.1161441 -1.534687 0.85022062 16 0 0 0 4
0.99784017 -1.1228392 1.1002886 16 0 0 0 4
1.1023887 -1.5497166 0.8971808 16 0 0 0 4
0.91179413 -1.3337195 1.5737844 16 0 0 0 4
1.0461746 -1.548143 1.2148212 16 0 0 0 4
1.0503852 -1.7475978 1.3028333 16 0 0 0 4
1.0799644 -1.7083625 1.1201943 16 0 0 0 4
1.0297594 -1.8844123 1.4054363 16 0 0 0 4
1.0268164 -1.1535848 1.0015367 16 0 0 0 4
1.057272 -1.446223 0.98240608 17 0 0 0 4
0.96388614 -1.1797726 1.3036951 17 0 0 0 4
0.92357481 -1.283713 1.5342784 17 0 0 0 4
0.97453809 -1.0584704 1.0929677 17 0 0 0 4
1.0525541 -1.76247 1.2588521 17 0 0 0 4
0.97272158 -0.96281964 1.1102039 17 0 0 0 4
1.0608747 -1.1911083 0.89626759 17 0 0 0 4
1.0120045 -1.0101733 0.90651411 17 0 0 0 4
0.99845785 -1.4511255 1.2959304 17 0 0 0 4
0.96589214 -1.5912508 1.5966109 17 0 0 0 4
0.96964568 -0.74510211 1.0219846 17 0 0 0 4
0.87781852 -0.94614452 1.4460806 17 0 0 0 4
0.86988562 -0.8771866 1.4773066 17 0 0 0 4
0.93131727 -1.0888875 1.3015684 17 0 0 0 4
0.96858937 -1.1519818 1.2829736 17 0 0 0 4
1.0607094 -1.7190529 1.1385622 17 0 0 0 4
0.99905127 -0.97598678 1.0275321 17 0 0 0 4
0.95907372 -0.8732686 1.1075759 17 0 0 0 4
0.90436387 -1.0734652 1.5189466 17 0 0 0 4
0.84562874 -0.98374009 1.7625955 17 0 0 0 4
1.0256805 -1.2768151 1.0314574 17 0 0 0 4
0.9561643 -1.1499549 1.2382784 17 0 0 0 4
0.92769754 -0.71385813 1.1235126 17 0 0 0 4
1.0375333 -1.1766974 0.96491408 17 0 0 0 4
0.98696148 -0.96895069 1.0433657 17 0 0 0 4
0.87162673 -1.294376 1.7405518 17 0 0 0 4
0.97231942 -0.94390774 1.0595123 17 0 0 0 4
1.05945 -1.6069816 1.1386297 17 0 0 0 4
0.90180731 -0.63700402 1.1618524 17 0 0 0 4
1.0105542 -1.4199691 1.2038858 17 0 0 0 4
0.88074511 -0.93506324 1.4919163 17 0 0 0 4
1.0150899 -1.5660001 1.2841719 17 0 0 0 4
1.0120299 -1.6558813 1.297873 17 0 0 0 4
0.94524157 -1.1358598 1.2894328 17 0 0 0 4
0.93375582 -1.1758119 1.3866457 17 0 0 0 4
0.89905858 -0.68906683 1.2025206 17 0 0 0 4
1.0265467 -1.0559493 0.9330008 17 0 0 0 4
0.96555281 -1.3462284 1.3060539 17 0 0 0 4
1.0793782 -1.2553204 0.82811391 17 0 0 0 4
1.0821606 -1.2359098 0.78122127 17 0 0 0 4
0.83541602 -1.0962912 1.761349 18 0 0 0 4
0.95353538 -1.0756024 1.1893506 18 0 0 0 4
0.88072473 -0.76741141 1.3816111 18 0 0 0 4
0.95196819 -1.2979238 1.3553768 18 0 0 0 4
1.0174786 -1.2953129 1.122963 18 0 0 0 4
1.0044762 -1.3440983 1.1741078 18 0 0 0 4
0.85999048 -0.97127259 1.583526 18 0 0 0 4
0.95077479 -1.327917 1.4429003 18 0 0 0 4
0.95810676 -1.46427 1.3981974 18 0 0 0 4
0.91113448 -1.0803887 1.4960093 18 0 0 0 4
1.1055921 -1.3084568 0.69166839 18 0 0 0 4
1.0082541 -1.5100904 1.22384 18 0 0 0 4
1.0290678 -1.3199197 1.0617949 18 0 0 0 4
0.9276309 -1.3565356 1.496739 18 0 0 0 4
1.0989343 -1.6440597 0.97230339 18 0 0 0 4
1.051566 -1.6009392 1.2292818 18 0 0 0 4
0.96699822 -1.242008 1.3036535 18 0 0 0 4
1.1102587 -1.4663451 0.77899694 18 0 0 0 4
0.90894639 -0.810754 1.2736937 18 0 0 0 4
0.91937912 -0.99843931 1.386085 18 0 0 0 4
1.0359192 -1.1972486 1.0180875 18 0 0 0 4
0.92451656 -1.3986726 1.5902784 18 0 0 0 4
1.0176947 -1.6504946 1.3863516 18 0 0 0 4
1.0893711 -1.3939348 0.92365181 18 0 0 0 4
1.0345888 -1.5041556 1.1216584 18 0 0 0 4
0.99655545 -1.7428876 1.4099094 18 0 0 0 4
0.98801464 -1.6616586 1.4722308 18 0 0 0 4
0.99196321 -0.97182989 0.96953303 18 0 0 0 4
0.97388482 -0.87780988 1.0870279 18 0 0 0 4
0.9564141 -1.178812 1.293364 18 0 0 0 4
0.943102 -1.1485189 1.313208 18 0 0 0 4
0.918944 -1.3136196 1.6763673 18 0 0 0 4
0.86681563 -0.84333885 1.4479142 18 0 0 0 4
0.86142832 -0.99510181 1.5532371 18 0 0 0 4
1.0491779 -1.4718168 0.93794912 18 0 0 0 4
1.0189396 -1.4176126 1.1341665 18 0 0 0 4
1.0162263 -1.3099558 1.1825279 18 0 0 0 4
0.86957854 -0.8668654 1.4261817 18 0 0 0 4
0.93924206 -1.1314172 1.3531392 18 0 0 0 4
1.0269984 -1.1380144 0.9228546 18 0 0 0 4
1.0169618 -1.7620876 1.3963404 19 0 0 0 4
1.1051484 -1.2549642 0.71227425 19 0 0 0 4
0.9941994 -0.89795119 0.98347425 19 0 0 0 4
0.98652744 -1.0875627 1.1096127 19 0 0 0 4
1.0978241 -1.2986498 0.81062484 19 0 0 0 4
1.0320544 -1.5897155 1.182783 19 0 0 0 4
1.0094521 -1.1478837 1.083719 19 0 0 0 4
1.077316 -1.4278617 0.93702561 19 0 0 0 4
1.0203201 -1.2906587 1.1187568 19 0 0 0 4
1.0500491 -1.6665015 1.2556207 19 0 0 0 4
1.0357349 -1.2915056 1.0186343 19 0 0 0 4
0.95786977 -1.0699034 1.1924298 19 0 0 0 4
1.0567466 -1.478368 0.98717296 19 0 0 0 4
1.0479081 -1.5298487 1.0886045 19 0 0 0 4
0.94502854 -1.4817939 1.5033932 19 0 0 0 4
1.0017897 -1.7086656 1.3751469 19 0 0 0 4
1.0325314 -1.5698682 1.2002653 19 0 0 0 4
0.93372667 -1.3663801 1.4579978 19 0 0 0 4
1.0387478 -1.4095109 1.0417402 19 0 0 0 4
1.0977153 -1.6400757 0.97529525 19 0 0 0 4
1.1097828 -1.415002 0.70144194 19 0 0 0 4
1.0352371 -1.6463075 1.307431 19 0 0 0 4
0.85605979 -1.1505054 1.7313044 19 0 0 0 4
0.8982414 -1.3832356 1.7015911 19 0 0 0 4
1.0480304 -1.3678064 0.95967299 19 0 0 0 4
0.99009871 -1.6658311 1.4858257 19 0 0 0 4
1.0837978 -1.5693479 0.98643929 19 0 0 0 4
0.84372109 -1.1429106 1.8497821 19 0 0 0 4
0.9357813 -1.0804638 1.3141364 19 0 0 0 4
1.0924531 -1.2472268 0.74872625 19 0 0 0 4
1.0269524 -1.3855224 1.152337 19 0 0 0 4
0.94377339 -1.2678059 1.478771 19 0 0 0 4
1.0488292 -1.231954 0.84780174 19 0 0 0 4
1.0265398 -1.3485129 1.1938393 19 0 0 0 4
0.96298426 -1.5506029 1.5225508 19 0 0 0 4
1.0782032 -1.2793059 0.86663759 19 0 0 0 4
1.0311364 -1.3479761 1.0466348 19 0 0 0 4
0.9241699 -0.91220742 1.2787519 19 0 0 0 4
0.90309417 -0.99316913 1.4037422 19 0 0 0 4
1.0351439 -1.0221021 0.8197391 19 0 0 0 4
0.26501212 1.9103876 1.2527882 0 0 0 0 5
0.39547539 1.9877635 1.3472626 0 0 0 0 5
0.84506482 2.1551764 1.0995079 0 0 0 0 5
0.00040179887 1.6690993 0.83357024 0 0 0 0 5
0.10407209 1.8172815 1.1649971 0 0 0 0 5
-0.16228598 1.6887873 1.2579987 0 0 0 0 5
0.47894344 1.8167697 0.63061494 0 0 0 0 5
0.55140769 1.9631773 0.91142535 0 0 0 0 5
0.42430162 1.9708053 1.2271112 0 0 0 0 5
0.49069732 2.0123885 1.1971704 0 0 0 0 5
-0.20556703 1.5512156 0.88761443 0 0 0 0 5
0.57621765 1.939185 0.83674681 0 0 0 0 5
0.20797946 1.8365501 1.1266682 0 0 0 0 5
0.43590024 1.8908389 0.84987676 0 0 0 0 5
0.52644098 1.8973337 0.69360936 0 0 0 0 5
0.011570696 1.8107432 1.4001372 0 0 0 0 5
0.64289594 2.0970309 1.2273958 0 0 0 0 5
0.14550437 1.8062588 1.1186054 0 0 0 0 5
0.16546154 1.9352083 1.5518667 0 0 0 0 5
0.35735318 1.9798772 1.3120433 0 0 0 0 5
-0.22773132 1.5995394 1.0416101 0 0 0 0 5
0.72645146 2.0769794 1.0311486 0 0 0 0 5
0.096272491 1.6583691 0.629399 0 0 0 0 5
0.254632 1.9424793 1.4064481 0 0 0 0 5
0.17470811 1.7924258 0.95826727 0 0 0 0 5
0.45994294 2.0018797 1.2031205 0 0 0 0 5
0.22838514 1.7730637 0.88025993 0 0 0 0 5
0.61322159 2.0020726 0.92830306 0 0 0 0 5
0.56656164 1.9258246 0.76093954 0 0 0 0 5
-0.018427072 1.7594556 1.2113671 0 0 0 0 5
0.21646728 1.9529279 1.5495831 0 0 0 0 5
0.81459689 2.1479056 1.0929081 0 0 0 0 5
-0.14694211 1.6554844 1.1789147 0 0 0 0 5
0.44880742 1.8724225 0.9081493 0 0 0 0 5
0.23111798 1.8661295 1.1852111 0 0 0 0 5
0.017254267 1.683692 1.0031806 0 0 0 0 5
0.49711689 1.9627768 0.97903854 0 0 0 0 5
0.12119663 1.7368191 0.89614356 0 0 0 0 5
0.22082764 1.6813135 0.47454271 0 0 0 0 5
0.55916923 2.0048323 1.0175848 0 0 0 0 5
-0.065027788 1.6278864 0.83164155 1 0 0 0 5
0.047903359 1.7542869 1.1476512 1 0 0 0 5
0.33182627 1.773247 0.59151638 1 0 0 0 5
-0.036867779 1.6146322 0.72969538 1 0 0 0 5
0.38072646 1.7493621 0.48890325 1 0 0 0 5
-0.27687567 1.5700343 0.99575245 1 0 0 0 5
0.78830343 2.1284068 1.037407 1 0 0 0 5
0.22025654 1.928676 1.449587 1 0 0 0 5
0.1808313 1.6906902 0.6642701 1 0 0 0 5
0.40547428 1.887238 0.91886187 1 0 0 0 5
0.056656174 1.6855909 0.80837452 1 0 0 0 5
0.53491676 2.056895 1.2987977 1 0 0 0 5
0.33841377 1.9563254 1.3137205 1 0 0 0 5
0.11485805 1.9058477 1.5842463 1 0 0 0 5
-0.059885096 1.6490216 0.92798632 1 0 0 0 5
0.56186664 2.0760779 1.3058366 1 0 0 0 5
-0.23024108 1.5636735 0.98836797 1 0 0 0 5
0.46593753 1.9936591 1.1654904 1 0 0 0 5
0.089059338 1.8637516 1.4887208 1 0 0 0 5
-0.20033534 1.563246 0.85374546 1 0 0 0 5
0.52790594 1.9297246 0.86498147 1 0 0 0 5
0.16574295 1.821245 1.0484936 1 0 0 0 5
0.53185701 1.8757715 0.69169849 1 0 0 0 5
0.50704092 1.8889066 0.77820665 1 0 0 0 5
0.30224001 1.8106567 0.80250573 1 0 0 0 5
0.071633212 1.7734851 1.1038473 1 0 0 0 5
0.54775697 2.046994 1.2359264 1 0 0 0 5
0.20783439 1.8951269 1.3417728 1 0 0 0 5
0.69180089 2.0222304 0.91656083 1 0 0 0 5
0.62595183 1.9559351 0.75855839 1 0 0 0 5
0.21061327 1.7251915 0.73911631 1 0 0 0 5
0.58884364 1.9886549 0.98718822 1 0 0 0 5
0.25779098 1.9702791 1.4936883 1 0 0 0 5
-0.24294172 1.6095194 1.0930822 1 0 0 0 5
0.22659628 1.7739352 0.78587443 1 0 0 0 5
-0.19714262 1.5721401 0.93053377 1 0 0 0 5
0.21120842 1.8303782 1.0984086 1 0 0 0 5
-0.0011834176 1.783963 1.2979114 1 0 0 0 5
0.31000283 1.8958033 1.1168436 1 0 0 0 5
0.5113017 1.8650727 0.59572786 1 0 0 0 5
0.70835114 2.0082533 0.82864064 2 0 0 0 5
0.27564505 1.7385411 0.6735571 2 0 0 0 5
-0.036676757 1.7694803 1.3415231 2 0 0 0 5
0.51923907 1.9013079 0.69294536 2 0 0 0 5
0.17314768 1.9382249 1.5073267 2 0 0 0 5
-0.027350713 1.6196501 0.69697118 2 0 0 0 5
0.34826893 1.6952475 0.3718878 2 0 0 0 5
0.28794509 1.8750197 1.1104246 2 0 0 0 5
-0.10037569 1.6835324 1.1526757 2 0 0 0 5
0.48224115 2.0265191 1.4039317 2 0 0 0 5
-0.0078611532 1.6902652 1.0036094 2 0 0 0 5
0.32495493 1.9146491 1.1686785 2 0 0 0 5
0.20179929 1.7778587 0.88365245 2 0 0 0 5
0.27950132 1.7016817 0.49276948 2 0 0 0 5
-0.064265609 1.7131536 1.1692867 2 0 0 0 5
0.23914188 1.7446815 0.76629204 2 0 0 0 5
-0.31168124 1.5097462 0.97518784 2 0 0 0 5
0.08611282 1.782329 1.1984527 2 0 0 0 5
0.35446948 1.7971323 0.72894448 2 0 0 0 5
-0.092019223 1.7569771 1.3434738 2 0 0 0 5
0.18929386 1.7471482 0.82002443 2 0 0 0 5
-0.10184908 1.574344 0.75546277 2 0 0 0 5
0.47209039 1.9331192 0.86275345 2 0 0 0 5
0.15262693 1.7933445 1.073673 2 0 0 0 5
-0.019394344 1.6734059 1.0056512 2 0 0 0 5
0.65059584 2.0791426 1.1783183 2 0 0 0 5
0.31041509 1.9724101 1.4119641 2 0 0 0 5
0.23593017 1.8407058 1.0704012 2 0 0 0 5
0.089166574 1.8037246 1.2551652 2 0 0 0 5
0.61800498 1.9978008 0.88893092 2 0 0 0 5
0.16538006 1.7910712 1.0052878 2 0 0 0 5
-0.23394504 1.5834806 1.0082021 2 0 0 0 5
0.39228526 1.9475968 1.2478101 2 0 0 0 5
0.60074091 1.9074056 0.67873442 2 0 0 0 5
0.56190825 1.9469626 0.81091011 2 0 0 0 5
0.34660241 1.7076854 0.41195875 2 0 0 0 5
0.42225611 1.8355567 0.67511004 2 0 0 0 5
0.028583532 1.816782 1.3427126 2 0 0 0 5
0.12274371 1.6623093 0.6642065 2 0 0 0 5
0.1721511 1.8598473 1.2017653 2 0 0 0 5
-0.21435547 1.6039628 1.0834211 3 0 0 0 5
-0.0096015772 1.647802 0.81910628 3 0 0 0 5
0.71014833 2.0225165 0.90265703 3 0 0 0 5
0.45336467 1.983077 1.1770127 3 0 0 0 5
0.12088111 1.7082675 0.87305927 3 0 0 0 5
0.50921297 2.0468323 1.3529401 3 0 0 0 5
0.27976286 1.9739878 1.5382118 3 0 0 0 5
0.23174119 1.9201088 1.3572469 3 0 0 0 5
0.13308719 1.8533391 1.3427205 3 0 0 0 5
0.10229806 1.833349 1.3731735 3 0 0 0 5
0.0058874222 1.6253088 0.73475718 3 0 0 0 5
0.17803375 1.936373 1.5237577 3 0 0 0 5
-0.21682832 1.5812875 0.93021971 3 0 0 0 5
0.52011389 1.8921402 0.68782198 3 0 0 0 5
0.17629841 1.9091736 1.3898447 3 0 0 0 5
-0.011930178 1.7952707 1.3978933 3 0 0 0 5
0.47640908 2.0478358 1.3407372 3 0 0 0 5
-0.10255734 1.7043877 1.2630415 3 0 0 0 5
0.32938176 1.9962181 1.477942 3 0 0 0 5
0.55910701 1.8906057 0.67605609 3 0 0 0 5
0.078196578 1.7495229 1.0252248 3 0 0 0 5
0.47467515 2.0145755 1.2784253 3 0 0 0 5
0.5395177 1.9306333 0.77976316 3 0 0 0 5
-0.12413728 1.6036247 0.9095484 3 0 0 0 5
0.014052205 1.8682613 1.5062761 3 0 0 0 5
-0.018279986 1.7333052 1.2029999 3 0 0 0 5
0.57421499 2.0906065 1.255728 3 0 0 0 5
0.33117878 1.9223982 1.202006 3 0 0 0 5
-0.19514292 1.5476955 0.91393918 3 0 0 0 5
-0.095712952 1.5818192 0.78313166 3 0 0 0 5
0.0043895566 1.7688791 1.2823853 3 0 0 0 5
-0.33457386 1.5182691 0.98125321 3 0 0 0 5
0.38595769 1.8039738 0.60950464 3 0 0 0 5
-0.050859116 1.6037455 0.8292886 3 0 0 0 5
-0.004457722 1.7103376 1.0731006 3 0 0 0 5
0.16153856 1.6633246 0.64842767 3 0 0 0 5
0.23036155 1.8287823 1.0486894 3 0 0 0 5
-0.1273994 1.6355021 1.0100397 3 0 0 0 5
-0.01398243 1.640426 0.79073638 3 0 0 0 5
0.25853908 1.6922122 0.49022469 3 0 0 0 5
0.26529795 1.7324716 0.57094651 4 0 0 0 5
0.45572716 1.985149 1.2366581 4 0 0 0 5
0.10279329 1.7639912 1.1004055 4 0 0 0 5
0.46368694 1.9935765 1.1238984 4 0 0 0 5
0.41885981 1.969354 1.1498789 4 0 0 0 5
0.51996446 1.9568245 1.0114027 4 0 0 0 5
0.44827011 1.9911752 1.2609919 4 0 0 0 5
0.52346694 1.9157635 0.77678406 4 0 0 0 5
0.81994373 2.1362476 1.0886154 4 0 0 0 5
0.34544256 1.898397 1.0988621 4 0 0 0 5
0.022915676 1.7871192 1.2790695 4 0 0 0 5
0.2143618 1.7998906 0.92819995 4 0 0 0 5
0.55038249 1.9649292 0.92755836 4 0 0 0 5
0.35395634 1.9683208 1.2878523 4 0 0 0 5
0.55892831 2.0406888 1.1978548 4 0 0 0 5
0.18069488 1.747064 0.89274055 4 0 0 0 5
0.14468613 1.6858143 0.66278279 4 0 0 0 5
0.04319296 1.6919806 0.9123112 4 0 0 0 5
0.2513532 1.7287616 0.68637514 4 0 0 0 5
0.43911779 1.8445051 0.76461011 4 0 0 0 5
0.34076738 1.8694154 0.95630348 4 0 0 0 5
0.25053757 1.9507556 1.4657222 4 0 0 0 5
-0.017791109 1.7329003 1.2383918 4 0 0 0 5
0.23458655 1.8844926 1.2505414 4 0 0 0 5
0.55172008 1.8700359 0.58435327 4 0 0 0 5
0.060326681 1.8548639 1.4813581 4 0 0 0 5
0.001950642 1.7186892 1.0378361 4 0 0 0 5
0.33499372 1.8860087 1.0337133 4 0 0 0 5
0.23094767 1.8983315 1.3461854 4 0 0 0 5
0.38771781 1.8385961 0.79723191 4 0 0 0 5
0.35054898 1.8603259 0.92156863 4 0 0 0 5
0.38010445 1.76938 0.5491814 4 0 0 0 5
-0.02521822 1.5908866 0.6781404 4 0 0 0 5
0.40237316 1.7849518 0.59776324 4 0 0 0 5
0.40839422 1.8321915 0.72412425 4 0 0 0 5
-0.025732053 1.6348308 0.80558187 4 0 0 0 5
0.15578593 1.8313684 1.3080984 4 0 0 0 5
0.12316857 1.7678047 0.96893263 4 0 0 0 5
0.61965883 2.0685427 1.1501634 4 0 0 0 5
0.75412393 2.1041892 1.0583886 4 0 0 0 5
0.23362973 1.8519365 1.1070601 5 0 0 0 5
0.38899726 1.7502398 0.447887 5 0 0 0 5
0.37720752 1.9115322 1.0814327 5 0 0 0 5
0.3941893 1.9431192 1.1972773 5 0 0 0 5
0.042983245 1.8083704 1.28907 5 0 0 0 5
0.53655666 1.9938033 1.0917253 5 0 0 0 5
0.63853723 1.9978589 0.88231695 5 0 0 0 5
0.4714486 1.8815869 0.82568651 5 0 0 0 5
0.19062895 1.8853043 1.3100592 5 0 0 0 5
0.52779615 2.0051844 1.1471024 5 0 0 0 5
0.3708244 1.8740389 0.97440875 5 0 0 0 5
0.46488935 1.8207227 0.55476564 5 0 0 0 5
0.61262608 2.0857887 1.2557145 5 0 0 0 5
-0.24084438 1.5967102 1.0024521 5 0 0 0 5
0.49114579 1.8296461 0.52699518 5 0 0 0 5
0.097061202 1.762213 1.0493368 5 0 0 0 5
0.2546818 1.7240996 0.57821715 5 0 0 0 5
-0.085840724 1.7112068 1.1804519 5 0 0 0 5
0.46253309 1.9854209 1.1703324 5 0 0 0 5
-0.049016885 1.6663208 0.96243584 5 0 0 0 5
-0.026633441 1.6524742 0.90172631 5 0 0 0 5
0.019827716 1.6434805 0.798576 5 0 0 0 5
0.43272835 1.9808801 1.2081794 5 0 0 0 5
0.048075225 1.8373159 1.4206777 5 0 0 0 5
0.077453315 1.8270245 1.3741738 5 0 0 0 5
0.3550618 1.7323714 0.43026119 5 0 0 0 5
0.6151579 2.0038154 0.93210936 5 0 0 0 5
0.45137921 1.9990621 1.2318685 5 0 0 0 5
-0.12020679 1.6785524 1.1892526 5 0 0 0 5
0.66063219 1.9885417 0.82866853 5 0 0 0 5
0.010998288 1.8168286 1.4566557 5 0 0 0 5
0.20532788 1.9448165 1.5603703 5 0 0 0 5
0.010886297 1.7308078 1.0466672 5 0 0 0 5
-0.15267411 1.5947899 0.95824057 5 0 0 0 5
-0.073997997 1.6110224 0.82832867 5 0 0 0 5
0.31933704 1.8882861 1.1184866 5 0 0 0 5
0.39589006 1.9391307 1.0760299 5 0 0 0 5
0.096939847 1.9460945 1.6577765 5 0 0 0 5
0.019738106 1.5920975 0.66004437 5 0 0 0 5
0.42436761 1.8536391 0.69572639 5 0 0 0 5
0.2538335 1.7651178 0.7106809 6 0 0 0 5
0.18798663 1.9081165 1.3708427 6 0 0 0 5
0.24158645 1.7371666 0.6975078 6 0 0 0 5
0.21079631 1.6606928 0.49251971 6 0 0 0 5
0.21068525 1.6935997 0.62500799 6 0 0 0 5
0.12824138 1.7870748 1.0125861 6 0 0 0 5
0.12865336 1.7606584 0.98682046 6 0 0 0 5
0.71686274 2.0324938 0.93748301 6 0 0 0 5
0.25149229 1.9518058 1.4094504 6 0 0 0 5
-0.21710272 1.5495369 0.82811874 6 0 0 0 5
0.6467554 2.0298028 1.0096231 6 0 0 0 5
-0.28798985 1.5546676 1.0104194 6 0 0 0 5
-0.03717659 1.7155045 1.1198615 6 0 0 0 5
0.42762426 1.8329755 0.74293184 6 0 0 0 5
0.40574026 1.899917 0.99854434 6 0 0 0 5
0.61750835 2.0722332 1.1679287 6 0 0 0 5
0.34455621 1.9130974 1.170956 6 0 0 0 5
0.2603386 1.9843004 1.5093389 6 0 0 0 5
0.50206882 1.9682603 1.072001 6 0 0 0 5
0.27340749 1.7102302 0.63920408 6 0 0 0 5
-0.01458151 1.6538564 0.80387694 6 0 0 0 5
0.29085827 1.8778287 1.0659266 6 0 0 0 5
0.13474113 1.7026635 0.74884832 6 0 0 0 5
0.31936115 1.733017 0.55346274 6 0 0 0 5
0.45724908 1.8624604 0.71278656 6 0 0 0 5
0.028097779 1.7928398 1.255149 6 0 0 0 5
0.46995154 1.9801557 1.1335393 6 0 0 0 5
0.49596497 1.8448815 0.6018604 6 0 0 0 5
0.34121865 1.9700108 1.3088915 6 0 0 0 5
0.078049332 1.7102857 0.95988405 6 0 0 0 5
0.38639909 1.8209155 0.78206456 6 0 0 0 5
0.28640336 1.778587 0.74464822 6 0 0 0 5
-0.13444932 1.5678527 0.76778942 6 0 0 0 5
0.47384229 1.9437754 1.0722377 6 0 0 0 5
0.38373014 1.9554558 1.2936157 6 0 0 0 5
-0.18813969 1.6038452 1.0277283 6 0 0 0 5
0.27156076 1.9028417 1.1957421 6 0 0 0 5
0.78563631 2.110409 0.97865361 6 0 0 0 5
0.20256142 1.887347 1.4419438 6 0 0 0 5
0.40006238 1.9592701 1.1458185 6 0 0 0 5
0.22347188 1.8989627 1.2387708 7 0 0 0 5
0.41886222 1.8276519 0.68781638 7 0 0 0 5
0.23465268 1.7756969 0.86108994 7 0 0 0 5
0.52783465 2.0542109 1.3052875 7 0 0 0 5
0.24051169 1.8379428 1.0681435 7 0 0 0 5
-0.097343236 1.6977782 1.1931411 7 0 0 0 5
-0.12152778 1.7094564 1.2585793 7 0 0 0 5
0.070617229 1.6535071 0.71747661 7 0 0 0 5
0.20053127 1.8299515 1.0413903 7 0 0 0 5
0.43404454 1.9363035 1.0680403 7 0 0 0 5
0.29534331 1.8918109 1.1493429 7 0 0 0 5
0.16208246 1.7743471 0.97663265 7 0 0 0 5
0.070694663 1.7075487 0.91377741 7 0 0 0 5
-0.013815581 1.7330412 1.1649604 7 0 0 0 5
0.10806114 1.6328777 0.60477579 7 0 0 0 5
-0.22277719 1.5764294 0.95022917 7 0 0 0 5
0.58610457 2.096477 1.287716 7 0 0 0 5
-0.22629359 1.6322607 1.1501019 7 0 0 0 5
0.53914165 1.9613519 0.94163007 7 0 0 0 5
0.30803373 1.8183163 0.91267419 7 0 0 0 5
0.35903355 1.9188598 1.0670172 7 0 0 0 5
0.73206884 2.0844743 1.0066694 7 0 0 0 5
-0.12449701 1.6739842 1.1476411 7 0 0 0 5
0.6619789 2.0096495 0.93561858 7 0 0 0 5
-0.0083854655 1.7321042 1.0993587 7 0 0 0 5
-0.12538007 1.6421725 1.0920113 7 0 0 0 5
0.56657964 2.0382025 1.1563814 7 0 0 0 5
0.4209919 2.0022235 1.3870471 7 0 0 0 5
0.70767576 2.0206878 0.89759064 7 0 0 0 5
0.30888969 1.8668226 1.0792142 7 0 0 0 5
0.43639112 1.7957616 0.64262551 7 0 0 0 5
0.31328392 1.8271356 0.9202686 7 0 0 0 5
0.50335115 2.0523243 1.3627856 7 0 0 0 5
0.47092319 1.963097 1.0931515 7 0 0 0 5
0.47726241 2.0312731 1.2829429 7 0 0 0 5
-0.24727881 1.5504484 1.0566361 7 0 0 0 5
0.060353011 1.781408 1.1980481 7 0 0 0 5
0.62477899 1.995723 0.9249388 7 0 0 0 5
0.37271157 1.9070653 1.1218315 7 0 0 0 5
0.18962553 1.7665032 0.8677386 7 0 0 0 5
0.083443552 1.7371042 0.95403355 8 0 0 0 5
-0.33583739 1.5268681 0.98897946 8 0 0 0 5
-0.20390102 1.613669 1.0932212 8 0 0 0 5
-0.1011409 1.6081005 0.86145145 8 0 0 0 5
0.22493595 1.8807086 1.2489842 8 0 0 0 5
0.71539873 2.0408368 0.97732443 8 0 0 0 5
-0.039969292 1.7286884 1.2050422 8 0 0 0 5
0.2220457 1.9290797 1.4544637 8 0 0 0 5
0.1680005 1.7901827 0.98575914 8 0 0 0 5
0.36557832 1.7386483 0.42571485 8 0 0 0 5
-0.023799222 1.6310482 0.78423959 8 0 0 0 5
-0.17594849 1.6164507 0.98850316 8 0 0 0 5
0.10340109 1.9058548 1.5479482 8 0 0 0 5
0.16184844 1.8673806 1.3302826 8 0 0 0 5
-0.27029905 1.5408756 0.93303657 8 0 0 0 5
0.44149718 1.8758352 0.75269896 8 0 0 0 5
0.16657364 1.8113567 1.0621414 8 0 0 0 5
0.10541314 1.6877371 0.75171304 8 0 0 0 5
0.35314003 1.7426468 0.50301832 8 0 0 0 5
0.32379293 1.7141719 0.44561005 8 0 0 0 5
0.23469444 1.8185722 0.97341859 8 0 0 0 5
0.59855336 1.9866289 0.96221894 8 0 0 0 5
0.42986545 1.845605 0.66183978 8 0 0 0 5
0.22835751 1.9755656 1.5872318 8 0 0 0 5
0.60303658 1.9538798 0.78121579 8 0 0 0 5
0.16479783 1.7200053 0.70884401 8 0 0 0 5
-0.17591868 1.5603391 0.8665123 8 0 0 0 5
0.54963696 2.0379088 1.21886 8 0 0 0 5
-0.064537667 1.6494458 0.94720393 8 0 0 0 5
0.37696445 1.9080269 1.1108992 8 0 0 0 5
0.16497558 1.7576338 0.93959963 8 0 0 0 5
-0.034321006 1.6918626 1.0947653 8 0 0 0 5
0.28068 1.9144266 1.2713712 8 0 0 0 5
0.18756303 1.7406956 0.76341909 8 0 0 0 5
0.24946128 1.9496183 1.5238227 8 0 0 0 5
0.31745553 1.9434038 1.3152475 8 0 0 0 5
0.21384422 1.8938302 1.2207391 8 0 0 0 5
0.63723111 2.0850348 1.2719164 8 0 0 0 5
0.2323284 1.7586811 0.81602889 8 0 0 0 5
0.2676076 1.9596554 1.4944512 8 0 0 0 5
0.2455693 1.8359457 1.0098803 9 0 0 0 5
0.28950766 1.7908156 0.76047558 9 0 0 0 5
0.61680734 2.0162106 0.96249563 9 0 0 0 5
-0.020597089 1.6505836 0.79423994 9 0 0 0 5
0.061944261 1.6632282 0.83424884 9 0 0 0 5
0.68292063 2.0680585 1.0361736 9 0 0 0 5
-0.16306573 1.6061909 0.99094766 9 0 0 0 5
0.62071192 2.0848131 1.2188922 9 0 0 0 5
-0.17657535 1.5666822 0.82023668 9 0 0 0 5
-0.1102647 1.59001 0.77634782 9 0 0 0 5
0.44555825 1.7771455 0.43888569 9 0 0 0 5
0.43029466 1.7554469 0.41720644 9 0 0 0 5
0.24802715 1.8908162 1.2229861 9 0 0 0 5
0.064950958 1.6551783 0.64159125 9 0 0 0 5
-0.10925187 1.6311007 0.99250746 9 0 0 0 5
-0.041286647 1.6376562 0.8371464 9 0 0 0 5
0.27388221 1.8314699 0.95820236 9 0 0 0 5
0.33590636 1.8661565 0.99636829 9 0 0 0 5
0.24993703 1.7618047 0.7745533 9 0 0 0 5
-0.0050385017 1.800485 1.3801643 9 0 0 0 5
-0.09051507 1.6011802 0.84873056 9 0 0 0 5
-0.14506593 1.6593473 1.1106079 9 0 0 0 5
-0.19560558 1.5713459 1.0058017 9 0 0 0 5
0.051615506 1.7742114 1.1789442 9 0 0 0 5
0.62546194 2.0825603 1.2230227 9 0 0 0 5
-0.025907245 1.7951144 1.3842543 9 0 0 0 5
0.32479021 1.9789205 1.366397 9 0 0 0 5
0.30191663 1.7771295 0.70928562 9 0 0 0 5
0.39933723 1.9561111 1.2396666 9 0 0 0 5
0.026025387 1.6648591 0.81423086 9 0 0 0 5
0.3711265 1.9994612 1.4118389 9 0 0 0 5
-0.032809243 1.7760154 1.3432591 9 0 0 0 5
0.27364498 1.7228166 0.58232772 9 0 0 0 5
-0.01117095 1.6943121 1.043674 9 0 0 0 5
0.10319015 1.8146123 1.2434412 9 0 0 0 5
0.040283091 1.6454431 0.73413742 9 0 0 0 5
0.13018438 1.6558812 0.57650882 9 0 0 0 5
0.1883352 1.8815758 1.3458796 9 0 0 0 5
-0.16765957 1.6222421 1.1137273 9 0 0 0 5
0.19517042 1.7540644 0.89622271 9 0 0 0 5
-0.34303838 1.4855428 0.95444256 10 0 0 0 5
0.18676108 1.8119453 1.0838189 10 0 0 0 5
0.13477561 1.8426994 1.2855799 10 0 0 0 5
0.31139162 1.9113841 1.2052264 10 0 0 0 5
-0.013940952 1.6499546 0.87020499 10 0 0 0 5
0.70204878 2.109762 1.2106631 10 0 0 0 5
0.69292396 2.0356188 0.94766021 10 0 0 0 5
-0.07711117 1.6357123 0.94830233 10 0 0 0 5
0.58961695 2.0376828 1.1380025 10 0 0 0 5
-0.0037765901 1.7390169 1.1173387 10 0 0 0 5
0.15600848 1.7866887 0.97902 10 0 0 0 5
0.55868894 1.998065 1.0714591 10 0 0 0 5
-0.26471069 1.5809917 1.0055524 10 0 0 0 5
0.51732761 2.0593984 1.3355643 10 0 0 0 5
0.40861017 1.8121046 0.65784192 10 0 0 0 5
0.1228907 1.9398568 1.6713282 10 0 0 0 5
-0.033586297 1.6575278 0.84416246 10 0 0 0 5
0.80804515 2.1368711 1.1050345 10 0 0 0 5
0.040539701 1.8765956 1.5105193 10 0 0 0 5
-0.00084501645 1.7254453 1.0759014 10 0 0 0 5
0.24006467 1.8593612 1.1228429 10 0 0 0 5
0.26060486 1.9656054 1.5217011 10 0 0 0 5
-0.062836759 1.704114 1.2061045 10 0 0 0 5
0.25743192 1.7911838 0.8619082 10 0 0 0 5
0.29080269 1.9993956 1.4722997 10 0 0 0 5
0.28170121 1.756693 0.63604873 10 0 0 0 5
0.34347913 1.7958523 0.70285094 10 0 0 0 5
0.25771895 1.6674325 0.4777571 10 0 0 0 5
0.53229284 2.0519605 1.2013052 10 0 0 0 5
0.17652716 1.9324956 1.5635079 10 0 0 0 5
0.034029268 1.7843778 1.2354654 10 0 0 0 5
0.011148922 1.7173282 1.0735525 10 0 0 0 5
0.10938016 1.6819564 0.73774356 10 0 0 0 5
-0.2337292 1.5970173 1.0797253 10 0 0 0 5
-0.098050289 1.5760939 0.8040213 10 0 0 0 5
0.14510007 1.9024417 1.4705887 10 0 0 0 5
0.41898802 1.8643647 0.84241629 10 0 0 0 5
0.50081909 2.049217 1.3320745 10 0 0 0 5
-0.032284543 1.7943981 1.4107256 10 0 0 0 5
0.31532386 1.9578633 1.3364813 10 0 0 0 5
0.3957195 1.7395177 0.37230486 11 0 0 0 5
0.071805283 1.6889396 0.86158073 11 0 0 0 5
0.41115141 1.8539495 0.75166267 11 0 0 0 5
0.18697576 1.8216815 1.0723295 11 0 0 0 5
0.39561611 1.8430858 0.79150981 11 0 0 0 5
0.56249553 1.9510474 0.80436808 11 0 0 0 5
0.41180873 1.8089195 0.55361843 11 0 0 0 5
0.6316967 2.0007174 0.87945366 11 0 0 0 5
0.21787079 1.7175682 0.61674899 11 0 0 0 5
0.75718313 2.0966647 0.99388731 11 0 0 0 5
-0.082143985 1.6677705 0.99709165 11 0 0 0 5
0.68130279 2.0645163 1.0523795 11 0 0 0 5
0.2101469 1.8972288 1.3686635 11 0 0 0 5
0.71124727 2.0961604 1.1585659 11 0 0 0 5
0.12962902 1.7573949 0.93248516 11 0 0 0 5
0.25709566 1.9252851 1.2862668 11 0 0 0 5
0.54415512 1.9912764 1.0233456 11 0 0 0 5
-0.067690194 1.6872641 1.0353636 11 0 0 0 5
0.25158924 1.7039863 0.5330525 11 0 0 0 5
0.26704898 1.7019858 0.49124047 11 0 0 0 5
0.65217483 2.0205691 1.0232335 11 0 0 0 5
0.15689389 1.7200294 0.79773015 11 0 0 0 5
0.7398566 2.1147645 1.1262217 11 0 0 0 5
0.44759122 1.8633146 0.84789801 11 0 0 0 5
0.38992733 1.9157693 1.10142 11 0 0 0 5
0.54113257 1.8925385 0.66501796 11 0 0 0 5
0.32390556 1.9202857 1.2052555 11 0 0 0 5
0.23959993 1.7575053 0.75170892 11 0 0 0 5
0.65856916 2.0007272 0.84174472 11 0 0 0 5
0.020525975 1.6537105 0.87676829 11 0 0 0 5
0.46842715 2.0235188 1.2796847 11 0 0 0 5
-0.019711683 1.7256758 1.1701187 11 0 0 0 5
0.3472124 1.8467543 0.90951443 11 0 0 0 5
0.21647403 1.9567039 1.5098113 11 0 0 0 5
0.013532103 1.6446466 0.81131023 11 0 0 0 5
0.2041637 1.85237 1.2060467 11 0 0 0 5
0.22883974 1.7619596 0.85792297 11 0 0 0 5
-0.088389069 1.7413509 1.2958839 11 0 0 0 5
0.80502677 2.1408665 1.1157649 11 0 0 0 5
0.15220168 1.6700203 0.65552908 11 0 0 0 5
-0.22595298 1.5899493 1.0644118 12 0 0 0 5
0.46694437 1.9662042 1.1265314 12 0 0 0 5
0.43004876 1.8360819 0.64804006 12 0 0 0 5
-0.25734389 1.5660582 1.0749562 12 0 0 0 5
-0.079228237 1.7430967 1.3040549 12 0 0 0 5
0.1087576 1.8490791 1.3519896 12 0 0 0 5
0.48122075 1.9002877 0.87122881 12 0 0 0 5
0.55283397 1.9452672 0.86784834 12 0 0 0 5
0.26951501 1.8426772 0.90641934 12 0 0 0 5
0.048268285 1.660917 0.77509725 12 0 0 0 5
0.2719959 1.7119567 0.53817016 12 0 0 0 5
0.35627204 1.7597873 0.61421198 12 0 0 0 5
0.69263393 2.1233647 1.2144799 12 0 0 0 5
0.43276724 2.0080781 1.3041028 12 0 0 0 5
0.10816293 1.6457151 0.61467391 12 0 0 0 5
0.55980569 2.0893812 1.3226776 12 0 0 0 5
0.41436893 1.844866 0.76636124 12 0 0 0 5
0.65696323 1.9831119 0.76368147 12 0 0 0 5
0.18800868 1.7380784 0.76501554 12 0 0 0 5
0.46398526 1.8252149 0.65843475 12 0 0 0 5
0.45749599 1.908108 0.94738126 12 0 0 0 5
-0.11505532 1.6437255 1.0115136 12 0 0 0 5
-0.020023532 1.623992 0.87718201 12 0 0 0 5
0.54872823 2.0377634 1.1956182 12 0 0 0 5
0.47760561 1.818393 0.53403556 12 0 0 0 5
0.15952811 1.7352326 0.81734675 12 0 0 0 5
-0.01970344 1.776716 1.3237722 12 0 0 0 5
0.37460026 1.9891797 1.3709351 12 0 0 0 5
-0.10437683 1.7350241 1.3193235 12 0 0 0 5
0.22833627 1.7085766 0.61123526 12 0 0 0 5
0.14293778 1.7080786 0.73918521 12 0 0 0 5
0.47295955 1.8330132 0.58860832 12 0 0 0 5
0.49303246 1.9666487 1.1737252 12 0 0 0 5
-0.26511881 1.5439111 0.96742368 12 0 0 0 5
-0.0026787333 1.807173 1.3512729 12 0 0 0 5
0.0081108762 1.8426415 1.5133818 12 0 0 0 5
-0.079018846 1.7636772 1.3186194 12 0 0 0 5
0.57030642 2.0533273 1.1646081 12 0 0 0 5
0.4698405 1.8464336 0.71956241 12 0 0 0 5
0.7460022 2.0571897 0.93448478 12 0 0 0 5
0.59044427 2.0574703 1.1581277 13 0 0 0 5
0.18997924 1.926836 1.4674307 13 0 0 0 5
0.12111548 1.8044443 1.1912931 13 0 0 0 5
0.51799786 2.050225 1.3411065 13 0 0 0 5
0.31030503 1.9526904 1.3185482 13 0 0 0 5
0.20342088 1.9249642 1.4529196 13 0 0 0 5
-0.19155397 1.5907903 0.91948652 13 0 0 0 5
0.15821415 1.8101522 1.0709238 13 0 0 0 5
0.12267831 1.9429654 1.6408693 13 0 0 0 5
0.41760921 1.85984 0.81295937 13 0 0 0 5
0.72897744 2.1150031 1.1261586 13 0 0 0 5
0.72582912 2.1246717 1.1746082 13 0 0 0 5
0.15417731 1.8822514 1.4334874 13 0 0 0 5
0.35836524 1.7691574 0.61383998 13 0 0 0 5
-0.047914151 1.6678385 0.95728952 13 0 0 0 5
0.23802179 1.9300299 1.3689206 13 0 0 0 5
0.47023806 1.815068 0.5423975 13 0 0 0 5
0.025819188 1.7508092 1.1477191 13 0 0 0 5
0.44069228 1.8696111 0.74147815 13 0 0 0 5
0.034367118 1.6179818 0.64880604 13 0 0 0 5
0.051225182 1.732546 1.0161858 13 0 0 0 5
0.21382944 1.7912941 0.93543226 13 0 0 0 5
0.61848038 1.9695482 0.87282956 13 0 0 0 5
0.35387215 1.9272791 1.1887221 13 0 0 0 5
-0.03955958 1.6052166 0.78743851 13 0 0 0 5
0.27818006 1.9283456 1.3582041 13 0 0 0 5
-0.20625916 1.6120112 1.0455952 13 0 0 0 5
0.138256 1.8040555 1.1322916 13 0 0 0 5
0.35890961 1.928835 1.151026 13 0 0 0 5
0.079744413 1.7905514 1.1643052 13 0 0 0 5
0.18759358 1.906109 1.3929671 13 0 0 0 5
0.25583026 1.7699121 0.80285209 13 0 0 0 5
-0.17306276 1.5578585 0.88072532 13 0 0 0 5
0.01951354 1.6975137 0.92809534 13 0 0 0 5
-0.16825315 1.6901211 1.240651 13 0 0 0 5
0.25354704 1.8458483 1.0938662 13 0 0 0 5
-0.26652899 1.5987549 1.097766 13 0 0 0 5
0.21228132 1.6688129 0.53321254 13 0 0 0 5
0.020020708 1.7758472 1.3442661 13 0 0 0 5
-0.069298342 1.6097083 0.7309562 13 0 0 0 5
0.36334968 1.9716654 1.3326322 14 0 0 0 5
-0.23123339 1.5734628 0.96337193 14 0 0 0 5
0.37190571 1.8493948 0.87755466 14 0 0 0 5
0.43808585 1.8810236 0.81246078 14 0 0 0 5
0.46411246 2.018368 1.3336052 14 0 0 0 5
0.0020809993 1.6998016 0.98145717 14 0 0 0 5
0.4640356 1.9171674 0.91414648 14 0 0 0 5
0.12333998 1.7743682 1.0317583 14 0 0 0 5
0.75823653 2.1362991 1.1193898 14 0 0 0 5
0.12054329 1.7160183 0.76221627 14 0 0 0 5
0.14051764 1.9024959 1.4904244 14 0 0 0 5
0.17454553 1.9043334 1.4021375 14 0 0 0 5
0.1630159 1.7287099 0.81289238 14 0 0 0 5
0.48311853 1.8419685 0.59293485 14 0 0 0 5
0.22216348 1.7115499 0.61723828 14 0 0 0 5
0.17001119 1.6543103 0.52214026 14 0 0 0 5
0.057278033 1.8387002 1.5073394 14 0 0 0 5
0.14294508 1.8344469 1.2291738 14 0 0 0 5
0.27194273 1.9333047 1.2778531 14 0 0 0 5
0.20728713 1.7021075 0.61209786 14 0 0 0 5
0.53976017 1.911827 0.74804956 14 0 0 0 5
0.34258163 1.7799321 0.58017015 14 0 0 0 5
0.12635249 1.9023596 1.5320249 14 0 0 0 5
0.22197208 1.8026115 0.96600097 14 0 0 0 5
0.29084095 1.7321986 0.61407846 14 0 0 0 5
0.060187779 1.8348495 1.3586358 14 0 0 0 5
0.13067965 1.8990842 1.5134372 14 0 0 0 5
0.067181908 1.7723999 1.1116047 14 0 0 0 5
0.067710318 1.6554111 0.78547204 14 0 0 0 5
0.15320739 1.7437736 0.9459573 14 0 0 0 5
0.36610061 1.9399602 1.237576 14 0 0 0 5
0.16094211 1.7256844 0.82036084 14 0 0 0 5
-0.25256926 1.5667015 1.0384461 14 0 0 0 5
0.38409883 1.980245 1.3138583 14 0 0 0 5
0.26122633 1.698735 0.54123896 14 0 0 0 5
0.13760152 1.7091042 0.82125664 14 0 0 0 5
0.044698257 1.6901908 0.9225288 14 0 0 0 5
0.5484305 1.9590912 0.95662844 14 0 0 0 5
0.15701014 1.8653836 1.3902016 14 0 0 0 5
0.29283607 1.9139144 1.1782786 14 0 0 0 5
0.52861708 2.014555 1.1497726 15 0 0 0 5
-0.15950866 1.6969699 1.2048361 15 0 0 0 5
0.25461096 1.6651325 0.45092908 15 0 0 0 5
0.038953673 1.7155447 1.067469 15 0 0 0 5
0.27432829 1.8851697 1.171821 15 0 0 0 5
0.18474485 1.6807064 0.68072033 15 0 0 0 5
0.16879906 1.6677873 0.54423165 15 0 0 0 5
0.26138359 1.6816509 0.46799672 15 0 0 0 5
0.63947165 2.0274606 1.0186952 15 0 0 0 5
0.064919032 1.8599771 1.4455392 15 0 0 0 5
0.40904269 1.7723794 0.50363028 15 0 0 0 5
-0.086437531 1.6148752 0.87673694 15 0 0 0 5
0.48203701 1.9254014 0.909392 15 0 0 0 5
0.085445441 1.6542655 0.69155043 15 0 0 0 5
0.23692329 1.8332388 0.99245071 15 0 0 0 5
0.57948703 2.0700591 1.2529303 15 0 0 0 5
-0.12311144 1.7116835 1.2619549 15 0 0 0 5
0.7828052 2.0898452 0.98993599 15 0 0 0 5
0.3381131 2.0056283 1.5063157 15 0 0 0 5
0.31839648 1.9044968 1.1741108 15 0 0 0 5
0.51075757 1.96944 0.98092133 15 0 0 0 5
0.071806639 1.8517361 1.4747826 15 0 0 0 5
0.18195088 1.6844819 0.61094469 15 0 0 0 5
0.67338067 2.0022595 0.80771601 15 0 0 0 5
0.1703285 1.7015463 0.75226098 15 0 0 0 5
0.31185442 1.9095138 1.1639584 15 0 0 0 5
0.024327151 1.8295288 1.438893 15 0 0 0 5
0.29193944 1.8804113 1.0790038 15 0 0 0 5
0.19363008 1.7448868 0.73041505 15 0 0 0 5
-0.005875601 1.6088145 0.76543432 15 0 0 0 5
0.2174449 1.8810768 1.2496942 15 0 0 0 5
0.17524645 1.7716111 0.96608478 15 0 0 0 5
0.185991 1.7993829 1.054927 15 0 0 0 5
0.49812901 2.048589 1.3404096 15 0 0 0 5
-0.1735239 1.5942117 0.93758851 15 0 0 0 5
-0.016276371 1.645594 0.90903252 15 0 0 0 5
0.7461586 2.0840421 0.93969506 15 0 0 0 5
0.47785437 1.8610128 0.75689006 15 0 0 0 5
-0.15312463 1.6123478 0.95565832 15 0 0 0 5
0.60551161 1.9593189 0.88938522 15 0 0 0 5
0.28453562 1.7107149 0.51677364 16 0 0 0 5
-0.31271723 1.4921827 0.94456059 16 0 0 0 5
0.26473323 1.933447 1.3438519 16 0 0 0 5
0.54862523 1.9972856 1.0743988 16 0 0 0 5
0.31261516 1.7494857 0.59986323 16 0 0 0 5
0.27556372 1.944463 1.3166611 16 0 0 0 5
0.47307393 1.7973938 0.52285081 16 0 0 0 5
0.46466434 1.8568417 0.679461 16 0 0 0 5
0.34163621 1.9135368 1.1084725 16 0 0 0 5
0.36817071 1.7559466 0.57130986 16 0 0 0 5
0.12019178 1.6653486 0.65463889 16 0 0 0 5
0.1099747 1.7760751 1.0437365 16 0 0 0 5
0.043111768 1.7552115 1.1340152 16 0 0 0 5
0.62078458 1.9668016 0.78743327 16 0 0 0 5
-0.13363111 1.7037752 1.251459 16 0 0 0 5
0.5139491 1.9222275 0.81087875 16 0 0 0 5
0.29725286 1.926142 1.2889705 16 0 0 0 5
-0.10977949 1.6079333 0.92585188 16 0 0 0 5
-0.24450353 1.5597222 0.95604193 16 0 0 0 5
-0.11604691 1.6885667 1.242445 16 0 0 0 5
0.40782046 1.9279692 1.1068884 16 0 0 0 5
0.63673341 2.0473258 1.1401153 16 0 0 0 5
0.24757253 1.8043911 0.90535623 16 0 0 0 5
0.34013849 1.9106487 1.1383592 16 0 0 0 5
0.20304431 1.8463682 1.1547149 16 0 0 0 5
0.42963654 1.8348606 0.67008209 16 0 0 0 5
0.25402451 1.8524145 1.0420966 16 0 0 0 5
0.17793365 1.9627209 1.5994177 16 0 0 0 5
0.56667787 1.9776191 0.94673842 16 0 0 0 5
-0.0044980501 1.8484843 1.4910752 16 0 0 0 5
0.22827752 1.8595656 1.185094 16 0 0 0 5
0.22638124 1.6637763 0.51303411 16 0 0 0 5
0.076934777 1.7503809 1.0109133 16 0 0 0 5
0.24794239 1.9923139 1.5918839 16 0 0 0 5
0.10494391 1.6740929 0.64651513 16 0 0 0 5
0.033450097 1.7854992 1.248299 16 0 0 0 5
0.37183073 1.7803861 0.66732597 16 0 0 0 5
0.1028023 1.8796259 1.5035496 16 0 0 0 5
0.021610439 1.8591561 1.5331863 16 0 0 0 5
0.29188874 1.6806341 0.43731505 16 0 0 0 5
0.43844786 2.0397675 1.4265748 17 0 0 0 5
0.53302538 1.9819852 1.0580735 17 0 0 0 5
0.47127515 1.872157 0.73324114 17 0 0 0 5
0.34111974 1.9524822 1.2229242 17 0 0 0 5
0.35046351 1.9721947 1.3228899 17 0 0 0 5
-0.16460854 1.5933955 0.88732672 17 0 0 0 5
-0.20792036 1.5948739 0.9904837 17 0 0 0 5
0.55648094 1.9020151 0.6794101 17 0 0 0 5
0.08589042 1.6467599 0.64172041 17 0 0 0 5
0.42944825 1.7783567 0.48149097 17 0 0 0 5
-0.14406861 1.570689 0.80083817 17 0 0 0 5
0.22665045 1.9050159 1.3541079 17 0 0 0 5
0.059566397 1.8173478 1.3313211 17 0 0 0 5
0.085558325 1.8626245 1.3680819 17 0 0 0 5
0.22670396 1.7194109 0.68347472 17 0 0 0 5
0.23030426 1.9560162 1.4846966 17 0 0 0 5
0.5955742 1.9544462 0.80038416 17 0 0 0 5
0.092184417 1.9098995 1.6287464 17 0 0 0 5
0.40197948 1.7800163 0.55709827 17 0 0 0 5
0.5437901 1.9971333 1.075195 17 0 0 0 5
-0.13109699 1.6029719 0.93550879 17 0 0 0 5
-0.018705973 1.7609459 1.2491671 17 0 0 0 5
-0.00036688056 1.7517407 1.16917 17 0 0 0 5
0.14365897 1.9431115 1.6024183 17 0 0 0 5
0.096902482 1.7091904 0.83846736 17 0 0 0 5
0.82985753 2.1709852 1.0741137 17 0 0 0 5
0.38835403 1.8268533 0.73382533 17 0 0 0 5
0.16044377 1.66548 0.63134331 17 0 0 0 5
0.5020622 1.8426927 0.59295273 17 0 0 0 5
0.79938644 2.1284087 1.0299926 17 0 0 0 5
0.15534112 1.9117929 1.5057968 17 0 0 0 5
0.34416121 1.7455984 0.524203 17 0 0 0 5
0.0085153766 1.7952228 1.3328531 17 0 0 0 5
0.27103508 1.8690355 1.1830451 17 0 0 0 5
0.39458972 1.837965 0.73601454 17 0 0 0 5
0.20190702 1.8613818 1.2097774 17 0 0 0 5
0.27005672 1.8406905 0.98295778 17 0 0 0 5
0.85169739 2.1704948 1.048068 17 0 0 0 5
0.31648737 1.8720294 1.0152975 17 0 0 0 5
0.074740328 1.7510923 1.0528667 17 0 0 0 5
0.74382502 2.0949819 1.0657974 18 0 0 0 5
-0.13650122 1.595539 0.90546298 18 0 0 0 5
0.31068555 1.8070899 0.76121366 18 0 0 0 5
0.74154949 2.104949 1.0468042 18 0 0 0 5
0.21022344 1.8368185 1.1274655 18 0 0 0 5
-0.17047836 1.6437802 1.1868435 18 0 0 0 5
0.25035885 1.8305736 1.0739913 18 0 0 0 5
0.019759446 1.7371529 1.131919 18 0 0 0 5
0.088134237 1.6952652 0.84898126 18 0 0 0 5
0.23170914 1.6791956 0.52926016 18 0 0 0 5
0.76714283 2.1316316 1.1487695 18 0 0 0 5
0.0087493369 1.6781995 0.94035852 18 0 0 0 5
0.44820425 1.9792956 1.1923883 18 0 0 0 5
-0.2189379 1.5265522 0.87410486 18 0 0 0 5
0.22667986 1.8892531 1.2533531 18 0 0 0 5
0.40477598 1.9030908 1.0107116 18 0 0 0 5
0.26808992 1.8311317 0.96604389 18 0 0 0 5
0.30068195 1.9295212 1.2954549 18 0 0 0 5
0.13433513 1.9010987 1.4546877 18 0 0 0 5
0.49833378 2.0351341 1.257928 18 0 0 0 5
0.014926198 1.7019706 1.047932 18 0 0 0 5
0.35366401 1.8622049 0.92278498 18 0 0 0 5
-0.1992126 1.5335635 0.82553482 18 0 0 0 5
0.052429665 1.8108404 1.3211049 18 0 0 0 5
0.69406199 2.0225391 0.84485334 18 0 0 0 5
0.67008483 2.0720937 1.1269127 18 0 0 0 5
0.63794637 2.0582709 1.1106726 18 0 0 0 5
0.049686134 1.7098312 0.91528213 18 0 0 0 5
0.083230421 1.8213296 1.2878881 18 0 0 0 5
0.091364376 1.9074308 1.5590048 18 0 0 0 5
0.57447004 2.0182583 1.1254004 18 0 0 0 5
0.44646177 1.9970821 1.2450339 18 0 0 0 5
0.45946684 2.0292673 1.3402394 18 0 0 0 5
-0.051364034 1.5982988 0.76301283 18 0 0 0 5
0.4822357 1.8300729 0.56359178 18 0 0 0 5
0.47375482 1.8940957 0.88334984 18 0 0 0 5
-0.28849447 1.5414952 0.95344871 18 0 0 0 5
0.27466127 1.9180886 1.2724504 18 0 0 0 5
0.34361956 1.7282671 0.45400348 18 0 0 0 5
0.1393234 1.9493357 1.6455581 18 0 0 0 5
0.38399926 1.9419577 1.2160496 19 0 0 0 5
0.29394495 1.8933246 1.1769125 19 0 0 0 5
0.15841062 1.6700188 0.64817923 19 0 0 0 5
0.059669323 1.6103762 0.61775523 19 0 0 0 5
0.20558903 1.9350996 1.4588718 19 0 0 0 5
0.78177637 2.1525908 1.1368257 19 0 0 0 5
0.44625804 1.8987602 0.9202925 19 0 0 0 5
0.74519557 2.0864811 1.1696146 19 0 0 0 5
-0.23688626 1.5716504 0.97410935 19 0 0 0 5
0.55518997 1.9691745 0.90427619 19 0 0 0 5
0.55869895 2.0112398 1.099599 19 0 0 0 5
0.014803849 1.6431371 0.778337 19 0 0 0 5
0.52982628 1.8472966 0.59089845 19 0 0 0 5
-0.034003701 1.7516626 1.308609 19 0 0 0 5
0.028154243 1.6869035 0.93922085 19 0 0 0 5
0.70897341 2.1220973 1.2065691 19 0 0 0 5
0.25401235 1.7315818 0.62491637 19 0 0 0 5
0.16619661 1.939545 1.6335857 19 0 0 0 5
0.30038542 1.7011729 0.42827561 19 0 0 0 5
-0.010236306 1.7914042 1.4153918 19 0 0 0 5
0.67355794 1.9958242 0.77138746 19 0 0 0 5
0.27966633 1.8299544 0.93904078 19 0 0 0 5
0.3308824 1.9920268 1.4015923 19 0 0 0 5
0.69735152 1.9931732 0.80888349 19 0 0 0 5
0.11103659 1.8723119 1.3404534 19 0 0 0 5
0.71598935 2.0286272 0.91098553 19 0 0 0 5
0.72197598 2.0492215 0.89244109 19 0 0 0 5
0.22172387 1.9826061 1.5749581 19 0 0 0 5
0.71992749 2.0437338 0.93490368 19 0 0 0 5
0.74280453 2.0359406 0.87993473 19 0 0 0 5
0.49158412 1.950196 0.9302184 19 0 0 0 5
0.23454481 1.8994061 1.2838618 19 0 0 0 5
0.20421083 1.9531058 1.6214182 19 0 0 0 5
0.46519816 1.9069936 0.89759082 19 0 0 0 5
-0.13279572 1.5716316 0.81662685 19 0 0 0 5
0.40801015 1.8184062 0.6459136 19 0 0 0 5
0.43010819 1.8900249 0.94133091 19 0 0 0 5
0.35863432 1.9308635 1.1842794 19 0 0 0 5
0.5314762 1.9887533 1.0607153 19 0 0 0 5
0.22249389 1.8930173 1.2741672 19 0 0 0 5
1.2030362 1.0167528 -1.6335571 0 0 0 0 6
1.6588833 1.4129974 -1.7654006 0 0 0 0 6
1.7679707 1.0960298 -1.4635696 0 0 0 0 6
1.9056191 1.5077211 -1.7217239 0 0 0 0 6
1.36271 1.2539736 -1.7380805 0 0 0 0 6
1.8856667 1.2308601 -1.4992839 0 0 0 0 6
1.7730531 1.6025985 -1.8552073 0 0 0 0 6
1.2648563 1.5132816 -1.9578259 0 0 0 0 6
1.3202577 0.99870402 -1.5520779 0 0 0 0 6
1.8600435 1.3635621 -1.6325394 0 0 0 0 6
1.1609828 1.0549155 -1.6455821 0 0 0 0 6
1.1751988 1.4953879 -1.9866279 0 0 0 0 6
1.4603044 1.6939527 -2.0245578 0 0 0 0 6
1.415453 1.3996786 -1.8160528 0 0 0 0 6
1.1859518 0.96096224 -1.5811737 0 0 0 0 6
1.9242661 1.0369269 -1.3445194 0 0 0 0 6
1.4116447 1.5903611 -1.9884467 0 0 0 0 6
1.8539714 1.5583495 -1.7806376 0 0 0 0 6
1.6208632 0.99363357 -1.4301646 0 0 0 0 6
1.0990361 1.082184 -1.689124 0 0 0 0 6
1.7176592 1.1174607 -1.5129272 0 0 0 0 6
1.5454818 1.4824895 -1.8261522 0 0 0 0 6
1.4965596 1.4659758 -1.831812 0 0 0 0 6
1.7918439 0.96262348 -1.3417212 0 0 0 0 6
1.5570253 1.3312225 -1.725825 0 0 0 0 6
1.2554027 1.5379211 -1.9962473 0 0 0 0 6
1.6205174 1.053768 -1.4959519 0 0 0 0 6
1.8124424 1.0392414 -1.3966999 0 0 0 0 6
1.5948753 1.3758923 -1.7623864 0 0 0 0 6
1.6122242 1.1299645 -1.5511541 0 0 0 0 6
1.2607815 1.2003189 -1.7328054 0 0 0 0 6
1.8391569 1.6121532 -1.8456568 0 0 0 0 6
1.7277787 1.7197797 -1.9588667 0 0 0 0 6
1.7649958 1.5811622 -1.8550957 0 0 0 0 6
1.9743929 1.3608229 -1.6106749 0 0 0 0 6
1.6468459 1.232065 -1.6149852 0 0 0 0 6
1.2987133 1.6295052 -2.043467 0 0 0 0 6
1.1997907 1.3479433 -1.8778265 0 0 0 0 6
1.600355 1.6998817 -1.9850671 0 0 0 0 6
1.226138 0.98523664 -1.5750344 0 0 0 0 6
1.7779638 0.90731746 -1.3153872 1 0 0 0 6
1.4522307 1.0051352 -1.5118905 1 0 0 0 6
1.7943376 1.3979701 -1.6975007 1 0 0 0 6
1.8933367 1.4156318 -1.6487465 1 0 0 0 6
2.0169628 1.6942142 -1.8450828 1 0 0 0 6
1.8825723 1.1129271 -1.436206 1 0 0 0 6
1.8902595 1.5165383 -1.7468631 1 0 0 0 6
1.8359277 1.3066067 -1.623122 1 0 0 0 6
1.7662927 1.5320162 -1.8095573 1 0 0 0 6
1.9077407 1.3146596 -1.5833623 1 0 0 0 6
1.8109751 1.3235465 -1.6494886 1 0 0 0 6
1.8899351 1.4060514 -1.6615765 1 0 0 0 6
1.9766815 1.6490941 -1.7986311 1 0 0 0 6
1.332781 0.91503787 -1.49066 1 0 0 0 6
1.8760043 1.2865555 -1.5791221 1 0 0 0 6
2.0117435 1.5642287 -1.7443382 1 0 0 0 6
1.4824395 1.7370689 -2.0314209 1 0 0 0 6
1.4617816 1.5373309 -1.9212534 1 0 0 0 6
1.341803 1.0562019 -1.5803289 1 0 0 0 6
1.6144429 1.092487 -1.4979947 1 0 0 0 6
2.0354006 1.657046 -1.8167026 1 0 0 0 6
1.5354317 1.5546349 -1.922035 1 0 0 0 6
1.9142619 1.6294124 -1.8241681 1 0 0 0 6
1.6064407 0.99372303 -1.4564903 1 0 0 0 6
1.4348489 1.4239327 -1.8411719 1 0 0 0 6
1.6947519 1.554767 -1.8433164 1 0 0 0 6
1.3871177 0.98132318 -1.5048956 1 0 0 0 6
1.4564403 1.7170684 -2.0375378 1 0 0 0 6
1.7614311 1.0985152 -1.4816734 1 0 0 0 6
1.658987 1.1629139 -1.5630292 1 0 0 0 6
2.005897 1.2494822 -1.5050485 1 0 0 0 6
1.2876663 1.4201275 -1.898324 1 0 0 0 6
1.6522344 1.7064444 -1.9653552 1 0 0 0 6
1.3374274 1.3321139 -1.8022701 1 0 0 0 6
1.3975288 0.92922843 -1.4826713 1 0 0 0 6
1.6741703 1.0219082 -1.431805 1 0 0 0 6
1.3095547 1.3668669 -1.81801 1 0 0 0 6
1.4397241 1.7151167 -2.0627861 1 0 0 0 6
1.8260133 0.98067433 -1.3696811 1 0 0 0 6
2.0116599 1.44093 -1.6577803 1 0 0 0 6
1.693572 1.4797791 -1.7939006 2 0 0 0 6
1.6035725 1.0385028 -1.4667133 2 0 0 0 6
1.837164 0.99200487 -1.3629049 2 0 0 0 6
2.0729456 1.6044221 -1.7591972 2 0 0 0 6
2.0143678 1.6108319 -1.7770939 2 0 0 0 6
1.6617526 1.7246742 -1.9720572 2 0 0 0 6
1.562372 1.0455631 -1.518522 2 0 0 0 6
1.5989014 0.96491885 -1.4617689 2 0 0 0 6
1.2458568 1.0969956 -1.6487892 2 0 0 0 6
1.4473574 1.3090699 -1.7594151 2 0 0 0 6
1.5104543 1.1821575 -1.6256413 2 0 0 0 6
1.8906335 1.2604243 -1.5528497 2 0 0 0 6
1.2861784 1.7059728 -2.1038065 2 0 0 0 6
1.3958769 1.5141903 -1.9150529 2 0 0 0 6
1.7156414 1.1483817 -1.550539 2 0 0 0 6
1.9832439 1.2755855 -1.5302669 2 0 0 0 6
1.989958 1.4258372 -1.6246315 2 0 0 0 6
1.4410597 1.6615292 -2.0044422 2 0 0 0 6
1.1487956 1.1994414 -1.7783141 2 0 0 0 6
1.9259981 0.94936007 -1.3053615 2 0 0 0 6
1.1265208 0.99135983 -1.6072242 2 0 0 0 6
1.5192707 1.6080731 -1.9423105 2 0 0 0 6
1.5988272 1.3295994 -1.7131294 2 0 0 0 6
1.7795687 0.98670262 -1.3821667 2 0 0 0 6
1.4809651 1.3312193 -1.7492576 2 0 0 0 6
1.1374125 1.4447519 -1.9663279 2 0 0 0 6
1.4802659 1.3683271 -1.785804 2 0 0 0 6
1.9698675 1.3853401 -1.6085854 2 0 0 0 6
1.8689879 1.4755659 -1.7007244 2 0 0 0 6
1.8203552 1.1966034 -1.552441 2 0 0 0 6
1.6279706 1.2771126 -1.6538473 2 0 0 0 6
1.0243323 0.95134205 -1.6121322 2 0 0 0 6
1.2523047 1.431197 -1.9234401 2 0 0 0 6
1.5948455 1.6832416 -1.9496841 2 0 0 0 6
1.8718601 1.6350846 -1.832754 2 0 0 0 6
1.1463655 1.240594 -1.7977513 2 0 0 0 6
1.7920316 1.119832 -1.4716085 2 0 0 0 6
1.6897289 1.1817461 -1.5689367 2 0 0 0 6
1.4549671 1.4775169 -1.8625715 2 0 0 0 6
1.3072242 1.2414048 -1.7363092 2 0 0 0 6
1.842739 1.6345109 -1.8243207 3 0 0 0 6
1.7816839 1.6593925 -1.9087876 3 0 0 0 6
1.6168065 1.6328132 -1.9515122 3 0 0 0 6
1.7743788 1.4547538 -1.745307 3 0 0 0 6
1.7326461 0.96295696 -1.3727621 3 0 0 0 6
1.8715385 1.000892 -1.3479407 3 0 0 0 6
1.9435582 1.6075189 -1.7865021 3 0 0 0 6
2.0004518 1.5542173 -1.7241862 3 0 0 0 6
1.7391508 0.94347405 -1.3631012 3 0 0 0 6
1.3357565 1.6565894 -2.0652981 3 0 0 0 6
1.3972064 1.1239173 -1.6182082 3 0 0 0 6
1.7412072 1.6274916 -1.8921552 3 0 0 0 6
1.7922993 1.193784 -1.5333418 3 0 0 0 6
1.7068932 1.2515604 -1.6257838 3 0 0 0 6
1.2596072 1.0812889 -1.6380106 3 0 0 0 6
1.2820269 0.99248409 -1.5577561 3 0 0 0 6
1.9197659 1.4175472 -1.6678662 3 0 0 0 6
1.6357968 0.97613204 -1.4247563 3 0 0 0 6
1.4727272 1.2281997 -1.6651733 3 0 0 0 6
1.957166 1.3288553 -1.5770507 3 0 0 0 6
1.8158209 1.6854786 -1.9076527 3 0 0 0 6
1.8125523 1.2240102 -1.5456262 3 0 0 0 6
1.9579766 1.6412183 -1.8103383 3 0 0 0 6
1.1589555 1.3875905 -1.9119445 3 0 0 0 6
1.9508212 1.4854451 -1.7168385 3 0 0 0 6
1.9047562 0.98142272 -1.3280258 3 0 0 0 6
1.1621516 1.5370071 -2.0067649 3 0 0 0 6
1.5373325 1.6072049 -1.9566643 3 0 0 0 6
1.2612739 1.0526971 -1.6201015 3 0 0 0 6
1.7451693 1.6467819 -1.8811361 3 0 0 0 6
1.5419321 1.1931382 -1.6089411 3 0 0 0 6
1.3165288 1.3582112 -1.8276047 3 0 0 0 6
1.3925757 0.93389326 -1.4673699 3 0 0 0 6
1.7473139 1.291254 -1.6218145 3 0 0 0 6
1.2636054 1.1763592 -1.7084296 3 0 0 0 6
1.7752708 1.0813352 -1.4590086 3 0 0 0 6
1.7856778 0.93227875 -1.3304342 3 0 0 0 6
1.5642917 1.3594155 -1.736764 3 0 0 0 6
1.5966923 1.6728026 -1.9534494 3 0 0 0 6
1.1650908 1.2106218 -1.7692655 3 0 0 0 6
1.6495907 1.6474829 -1.9166811 4 0 0 0 6
1.3217684 1.3701005 -1.8291631 4 0 0 0 6
1.7250185 1.1372275 -1.5171524 4 0 0 0 6
2.0799441 1.5835092 -1.7387795 4 0 0 0 6
1.6104614 1.6948137 -1.9823995 4 0 0 0 6
1.4062952 1.422577 -1.8203888 4 0 0 0 6
1.8866521 1.5570674 -1.7656636 4 0 0 0 6
1.3769935 1.2848858 -1.7442439 4 0 0 0 6
1.2446162 0.95402002 -1.5446602 4 0 0 0 6
1.5295713 1.1069615 -1.5586513 4 0 0 0 6
2.0090795 1.7031218 -1.8488158 4 0 0 0 6
1.0782008 1.2538737 -1.8219788 4 0 0 0 6
1.6995125 1.4093324 -1.7322319 4 0 0 0 6
1.9617059 1.2344985 -1.4930536 4 0 0 0 6
1.1351511 1.3518652 -1.8739185 4 0 0 0 6
1.6829149 1.3995522 -1.7318107 4 0 0 0 6
1.4244686 1.6419495 -2.0132525 4 0 0 0 6
1.5737001 1.1676371 -1.5997503 4 0 0 0 6
1.9037769 1.0224453 -1.3832482 4 0 0 0 6
2.0456297 1.537692 -1.7040854 4 0 0 0 6
1.8838363 1.6601632 -1.8485643 4 0 0 0 6
1.7606725 1.0283465 -1.4253799 4 0 0 0 6
1.3889414 1.4576755 -1.886979 4 0 0 0 6
1.7755705 1.6828016 -1.9221013 4 0 0 0 6
1.3852593 1.1518987 -1.6400125 4 0 0 0 6
1.1842338 1.1860982 -1.741846 4 0 0 0 6
1.7386874 1.5678698 -1.8421414 4 0 0 0 6
1.9503766 1.5266653 -1.7462308 4 0 0 0 6
1.9002268 1.7054316 -1.8802797 4 0 0 0 6
1.928563 1.5582625 -1.7811991 4 0 0 0 6
1.6117274 0.97270209 -1.4442031 4 0 0 0 6
1.8423008 1.555334 -1.78734 4 0 0 0 6
1.511088 1.397539 -1.8142139 4 0 0 0 6
1.4114321 1.1116239 -1.6099845 4 0 0 0 6
1.6062361 1.1241531 -1.5330693 4 0 0 0 6
1.2749557 0.92060834 -1.5092566 4 0 0 0 6
1.6227869 1.3328971 -1.6844774 4 0 0 0 6
1.9064276 1.6752189 -1.857051 4 0 0 0 6
1.3868406 1.7250487 -2.0950015 4 0 0 0 6
1.237655 0.92366195 -1.5194556 4 0 0 0 6
1.2611942 1.1748351 -1.6947622 5 0 0 0 6
1.3920692 1.2133825 -1.6966053 5 0 0 0 6
1.151466 1.1386207 -1.7341499 5 0 0 0 6
1.8159508 1.2095368 -1.5233579 5 0 0 0 6
1.1599649 1.4798183 -1.9871389 5 0 0 0 6
1.0765876 1.2742505 -1.8338786 5 0 0 0 6
1.307815 1.1427529 -1.6457839 5 0 0 0 6
1.3300571 1.5246094 -1.9670973 5 0 0 0 6
1.1819186 1.170253 -1.7401313 5 0 0 0 6
1.1492987 1.1279752 -1.7052993 5 0 0 0 6
1.0650306 1.0910062 -1.691156 5 0 0 0 6
1.6957874 1.0933616 -1.4797572 5 0 0 0 6
1.67483 1.1977378 -1.5836624 5 0 0 0 6
1.7410063 1.6132641 -1.8593996 5 0 0 0 6
1.7858793 0.99387246 -1.3772053 5 0 0 0 6
1.0454018 1.0760537 -1.7259609 5 0 0 0 6
1.43462 1.7029841 -2.049418 5 0 0 0 6
1.6762098 1.6764443 -1.916734 5 0 0 0 6
1.716022 1.5879548 -1.8664196 5 0 0 0 6
1.8990705 1.6267021 -1.8415775 5 0 0 0 6
2.0233805 1.6381158 -1.7881032 5 0 0 0 6
1.5625638 1.3952421 -1.7613742 5 0 0 0 6
1.1926872 1.6455454 -2.0970232 5 0 0 0 6
1.607538 1.3220781 -1.6557236 5 0 0 0 6
1.2959871 1.2656233 -1.7822318 5 0 0 0 6
1.9613876 1.3601384 -1.6136205 5 0 0 0 6
1.7988992 1.2272995 -1.5590416 5 0 0 0 6
1.1979891 1.6269523 -2.0572464 5 0 0 0 6
1.5607101 1.6502639 -1.9739152 5 0 0 0 6
1.8673488 1.4948552 -1.7188286 5 0 0 0 6
1.8581136 1.2279627 -1.5364417 5 0 0 0 6
1.1965958 1.200703 -1.7640816 5 0 0 0 6
1.8639165 1.2502179 -1.5802433 5 0 0 0 6
1.6534711 1.6780794 -1.9439316 5 0 0 0 6
1.096386 1.3342522 -1.8783215 5 0 0 0 6
1.0957376 1.2306088 -1.80943 5 0 0 0 6
1.2191325 1.1337692 -1.6968167 5 0 0 0 6
1.430865 1.6608696 -2.0140936 5 0 0 0 6
1.520654 1.0262959 -1.4930043 5 0 0 0 6
1.2817559 1.0211753 -1.6057025 5 0 0 0 6
1.4150016 1.6808242 -2.0307653 6 0 0 0 6
1.0864639 1.0505991 -1.6734593 6 0 0 0 6
1.3687644 1.398639 -1.8433284 6 0 0 0 6
1.7910428 1.4824098 -1.7395108 6 0 0 0 6
2.0567796 1.6999511 -1.8264676 6 0 0 0 6
1.667508 1.3813665 -1.7228104 6 0 0 0 6
1.7125689 1.5139825 -1.801716 6 0 0 0 6
1.1954741 1.1097112 -1.6796119 6 0 0 0 6
1.3171129 1.5999569 -2.003099 6 0 0 0 6
1.3211441 1.678684 -2.0770588 6 0 0 0 6
1.5216066 1.2215333 -1.6437746 6 0 0 0 6
1.730949 1.7164983 -1.9478991 6 0 0 0 6
1.4738958 1.3397309 -1.7593155 6 0 0 0 6
1.2269548 1.1039897 -1.651917 6 0 0 0 6
1.2343899 1.6667386 -2.097863 6 0 0 0 6
1.5437232 1.1870049 -1.6170704 6 0 0 0 6
1.1516258 0.9483977 -1.5643948 6 0 0 0 6
1.4971815 1.0647324 -1.5505297 6 0 0 0 6
1.4120466 1.4796969 -1.9167374 6 0 0 0 6
1.138896 1.4703506 -1.9802488 6 0 0 0 6
1.5374724 1.595397 -1.9350219 6 0 0 0 6
2.0005727 1.5523634 -1.7298738 6 0 0 0 6
1.3865465 1.0596509 -1.5765253 6 0 0 0 6
1.3206251 1.3307965 -1.7900546 6 0 0 0 6
1.2926328 1.3933231 -1.858986 6 0 0 0 6
1.1271704 1.1191422 -1.7280865 6 0 0 0 6
1.3243054 1.1752331 -1.6950356 6 0 0 0 6
1.5272993 0.92383051 -1.4248968 6 0 0 0 6
1.214883 1.2582586 -1.8040795 6 0 0 0 6
1.3458071 1.3717977 -1.840565 6 0 0 0 6
1.739166 1.7074813 -1.9502234 6 0 0 0 6
1.5696882 1.6837612 -1.9780706 6 0 0 0 6
1.1507541 1.3608185 -1.8860265 6 0 0 0 6
1.4524677 1.6353137 -2.012445 6 0 0 0 6
1.8211999 1.6608055 -1.8560591 6 0 0 0 6
1.3378808 1.1318835 -1.6357185 6 0 0 0 6
1.495541 1.1529503 -1.6359626 6 0 0 0 6
1.4179462 1.1852499 -1.6787134 6 0 0 0 6
1.4665976 1.1369781 -1.6216668 6 0 0 0 6
1.9441836 1.462733 -1.7004827 6 0 0 0 6
1.7766179 1.0043399 -1.3813891 7 0 0 0 6
1.2701834 0.95048064 -1.5304887 7 0 0 0 6
1.8189663 1.0090196 -1.3786347 7 0 0 0 6
1.4732904 1.719864 -2.0440209 7 0 0 0 6
2.0111623 1.4486505 -1.6620382 7 0 0 0 6
1.6170894 1.5428777 -1.8588556 7 0 0 0 6
2.0111692 1.3219793 -1.5222236 7 0 0 0 6
1.1910037 1.0062209 -1.6098295 7 0 0 0 6
1.1429374 1.0838028 -1.6814753 7 0 0 0 6
1.227406 1.0656275 -1.6359111 7 0 0 0 6
1.1002679 1.2728781 -1.8185833 7 0 0 0 6
1.7474695 1.6528062 -1.9006078 7 0 0 0 6
1.482105 1.4253765 -1.833439 7 0 0 0 6
1.181927 1.0384445 -1.6587716 7 0 0 0 6
1.8210989 1.0891712 -1.4425824 7 0 0 0 6
1.4848047 1.2048782 -1.6397599 7 0 0 0 6
1.3373061 1.2374041 -1.705749 7 0 0 0 6
1.5646507 1.5933541 -1.9240324 7 0 0 0 6
1.4625293 1.7120941 -2.0293031 7 0 0 0 6
1.3221549 1.3210223 -1.7667725 7 0 0 0 6
1.4619384 1.174307 -1.6394703 7 0 0 0 6
2.0115285 1.6106045 -1.7819388 7 0 0 0 6
1.7042859 1.5173118 -1.7919391 7 0 0 0 6
1.2126212 1.2848536 -1.8082502 7 0 0 0 6
1.2787267 1.4677546 -1.9250957 7 0 0 0 6
2.0928948 1.6806 -1.7855999 7 0 0 0 6
1.0485976 0.93101996 -1.6236086 7 0 0 0 6
1.5533206 1.2969234 -1.6940813 7 0 0 0 6
1.7999716 1.5870163 -1.8256797 7 0 0 0 6
1.0614705 1.160545 -1.7556738 7 0 0 0 6
1.0974483 1.0036095 -1.6456783 7 0 0 0 6
1.2776264 1.171065 -1.6904228 7 0 0 0 6
1.3460095 1.577963 -1.9685397 7 0 0 0 6
1.5868001 1.1093633 -1.5552576 7 0 0 0 6
1.1268883 1.3933541 -1.897539 7 0 0 0 6
1.416526 1.6007307 -1.9687922 7 0 0 0 6
1.2531059 1.2902052 -1.7985646 7 0 0 0 6
1.3649756 1.3482238 -1.8098665 7 0 0 0 6
1.3331962 1.4040079 -1.8662508 7 0 0 0 6
1.246047 1.4845455 -1.9570376 7 0 0 0 6
2.0486114 1.5530635 -1.7133311 8 0 0 0 6
1.3928976 1.2239251 -1.7330531 8 0 0 0 6
1.6833507 1.3986632 -1.7395177 8 0 0 0 6
1.5152447 1.3084701 -1.7089099 8 0 0 0 6
1.3779066 1.1216317 -1.6308992 8 0 0 0 6
1.6361471 1.5676596 -1.8721472 8 0 0 0 6
1.4383495 1.7247506 -2.0651278 8 0 0 0 6
1.2035793 1.4277261 -1.898483 8 0 0 0 6
1.8504522 1.3668466 -1.6210951 8 0 0 0 6
1.3276768 1.368602 -1.8325765 8 0 0 0 6
1.314518 1.2846761 -1.7791827 8 0 0 0 6
1.2806041 1.6518056 -2.0611041 8 0 0 0 6
1.9136994 1.1932762 -1.5039591 8 0 0 0 6
1.089359 0.93955064 -1.5994996 8 0 0 0 6
1.8562243 1.2092307 -1.5201694 8 0 0 0 6
1.4812157 1.1928372 -1.6339126 8 0 0 0 6
1.4246565 1.42261 -1.848685 8 0 0 0 6
1.8532151 1.3699844 -1.6238487 8 0 0 0 6
1.7908305 1.5261455 -1.8182017 8 0 0 0 6
1.3971801 1.1800655 -1.6504778 8 0 0 0 6
1.1510072 1.1717571 -1.7467779 8 0 0 0 6
1.151287 1.0904561 -1.6868948 8 0 0 0 6
1.9856364 1.3858006 -1.6194499 8 0 0 0 6
1.6276871 1.6886376 -1.9652256 8 0 0 0 6
1.3966486 1.1601804 -1.639822 8 0 0 0 6
1.2218522 1.485744 -1.9457082 8 0 0 0 6
1.929217 1.1929829 -1.4705557 8 0 0 0 6
1.0791957 1.1858823 -1.7901847 8 0 0 0 6
1.3518143 1.2535988 -1.7285613 8 0 0 0 6
1.4827114 1.0137593 -1.4835947 8 0 0 0 6
1.3641266 1.4592717 -1.9021245 8 0 0 0 6
1.3066207 1.6982615 -2.0871654 8 0 0 0 6
1.4776715 1.5391127 -1.896086 8 0 0 0 6
1.3114088 1.3406365 -1.7939436 8 0 0 0 6
1.8719616 1.4031141 -1.6393415 8 0 0 0 6
1.502568 1.654525 -1.98875 8 0 0 0 6
1.2243547 1.0867503 -1.6675597 8 0 0 0 6
1.5360502 1.4276595 -1.8183763 8 0 0 0 6
1.2611181 1.0280869 -1.6135163 8 0 0 0 6
1.2093973 1.0184709 -1.5782117 8 0 0 0 6
1.4195517 1.7277825 -2.0513926 9 0 0 0 6
1.5843036 1.0556532 -1.502786 9 0 0 0 6
1.4353573 1.4375169 -1.8498474 9 0 0 0 6
1.1474105 1.0148327 -1.6399518 9 0 0 0 6
1.9952793 1.6037228 -1.7855343 9 0 0 0 6
1.1694535 1.0331869 -1.6465564 9 0 0 0 6
1.2923125 1.1653225 -1.6975145 9 0 0 0 6
1.1860284 1.3436426 -1.8894922 9 0 0 0 6
1.7322549 1.5630527 -1.8387055 9 0 0 0 6
1.904098 1.6952441 -1.8846511 9 0 0 0 6
1.2978185 1.0080942 -1.5752053 9 0 0 0 6
1.9959095 1.5211946 -1.6989133 9 0 0 0 6
1.3414026 1.2494876 -1.7392958 9 0 0 0 6
1.4790606 1.2173195 -1.6717215 9 0 0 0 6
1.2728015 1.0380492 -1.6255771 9 0 0 0 6
1.2833391 0.95387816 -1.5184075 9 0 0 0 6
1.2462099 1.5905676 -2.0199459 9 0 0 0 6
1.1501387 1.5067 -1.9987648 9 0 0 0 6
1.8074508 1.0023929 -1.3874531 9 0 0 0 6
1.8713317 1.0098257 -1.3874807 9 0 0 0 6
1.9167397 1.6397969 -1.8287908 9 0 0 0 6
1.5282005 1.5955536 -1.9505814 9 0 0 0 6
1.3176171 0.91701579 -1.5079085 9 0 0 0 6
1.7787391 1.398973 -1.6960049 9 0 0 0 6
1.5336317 1.6819085 -1.9975646 9 0 0 0 6
1.3397357 1.1971183 -1.7147808 9 0 0 0 6
1.7632271 1.3763132 -1.6974653 9 0 0 0 6
1.2057536 1.2598042 -1.7781755 9 0 0 0 6
1.5749681 1.5491406 -1.8755474 9 0 0 0 6
2.1020858 1.6807313 -1.7754484 9 0 0 0 6
1.6307137 1.5273232 -1.8530434 9 0 0 0 6
1.4630675 1.0991577 -1.5830779 9 0 0 0 6
1.2952652 1.5037787 -1.940653 9 0 0 0 6
1.4952618 1.3285031 -1.7397925 9 0 0 0 6
1.5931044 0.91299969 -1.3931603 9 0 0 0 6
1.9813614 1.1825185 -1.4574524 9 0 0 0 6
1.293198 1.1942662 -1.7139118 9 0 0 0 6
2.0465465 1.3822308 -1.5834844 9 0 0 0 6
1.7229401 1.5847118 -1.8458773 9 0 0 0 6
1.1415399 1.2453377 -1.805197 9 0 0 0 6
1.880816 1.3644015 -1.6390237 10 0 0 0 6
1.7478818 0.91631281 -1.3082095 10 0 0 0 6
1.4378587 1.4917867 -1.8786145 10 0 0 0 6
1.7219546 1.0956751 -1.4974808 10 0 0 0 6
1.6225665 1.5005343 -1.8180265 10 0 0 0 6
1.1011622 1.1865983 -1.7575486 10 0 0 0 6
1.3041095 1.6447142 -2.0249984 10 0 0 0 6
1.4218954 1.0223068 -1.5358819 10 0 0 0 6
1.8852924 1.2024617 -1.5053749 10 0 0 0 6
1.3333031 1.3618559 -1.8356172 10 0 0 0 6
1.6091882 0.91963226 -1.3856273 10 0 0 0 6
1.3452801 1.2734139 -1.7629347 10 0 0 0 6
1.901544 1.6222314 -1.8084989 10 0 0 0 6
1.1865393 1.2675432 -1.8295643 10 0 0 0 6
1.5184468 1.4991007 -1.8775756 10 0 0 0 6
1.4860088 1.40476 -1.7820637 10 0 0 0 6
1.8120488 0.90822017 -1.3213239 10 0 0 0 6
1.1921555 1.1185111 -1.6629711 10 0 0 0 6
1.7287815 1.2996794 -1.648414 10 0 0 0 6
1.3496438 1.2726356 -1.7549324 10 0 0 0 6
1.6141521 1.4730787 -1.8105264 10 0 0 0 6
1.3100331 1.2102292 -1.7290616 10 0 0 0 6
1.748692 1.4807453 -1.7665083 10 0 0 0 6
1.6539328 1.6947049 -1.9624056 10 0 0 0 6
1.2008113 1.1108843 -1.6570213 10 0 0 0 6
1.484216 1.3426569 -1.7489374 10 0 0 0 6
1.7041355 1.5747274 -1.8495187 10 0 0 0 6
1.4422212 1.5861838 -1.9624777 10 0 0 0 6
1.9308197 1.3481021 -1.6038305 10 0 0 0 6
1.8632276 0.98039573 -1.3426107 10 0 0 0 6
1.6720258 1.6491518 -1.9394985 10 0 0 0 6
1.3626611 0.95627832 -1.4995043 10 0 0 0 6
1.6530273 1.5220031 -1.8328357 10 0 0 0 6
1.8321463 1.0148267 -1.4045604 10 0 0 0 6
1.8233021 1.4875283 -1.7483504 10 0 0 0 6
1.856452 1.6877314 -1.8542866 10 0 0 0 6
1.3184872 1.6745052 -2.0741537 10 0 0 0 6
1.9007065 1.1086257 -1.4418713 10 0 0 0 6
1.4144182 0.96532345 -1.4834695 10 0 0 0 6
1.4920652 1.5320246 -1.9207801 10 0 0 0 6
1.5222147 1.1429244 -1.5950475 11 0 0 0 6
1.6453019 1.0706551 -1.5141894 11 0 0 0 6
1.7973087 1.5197595 -1.7823259 11 0 0 0 6
1.9812711 1.2413905 -1.4988985 11 0 0 0 6
1.2274127 1.3916645 -1.8861884 11 0 0 0 6
1.7441517 1.413595 -1.7073228 11 0 0 0 6
2.0229046 1.6393763 -1.7974215 11 0 0 0 6
1.7816081 1.6609161 -1.8910396 11 0 0 0 6
1.3388875 1.2420363 -1.7149967 11 0 0 0 6
1.3552028 1.4938424 -1.9194971 11 0 0 0 6
1.2848319 1.1814317 -1.7257403 11 0 0 0 6
1.7558156 1.5770966 -1.8260833 11 0 0 0 6
2.0623212 1.5688498 -1.7398275 11 0 0 0 6
2.0422716 1.4648287 -1.6661565 11 0 0 0 6
1.1811115 0.9705137 -1.5816126 11 0 0 0 6
1.2431347 1.0879927 -1.6443683 11 0 0 0 6
1.4837209 1.1985551 -1.6537405 11 0 0 0 6
1.6928042 1.5338762 -1.8214228 11 0 0 0 6
1.4890722 0.9510861 -1.4460678 11 0 0 0 6
1.1162802 1.1891956 -1.7619568 11 0 0 0 6
1.3480637 1.4373612 -1.8653748 11 0 0 0 6
1.3059359 1.0165749 -1.5659084 11 0 0 0 6
1.0667348 0.9545899 -1.6149642 11 0 0 0 6
1.7977102 1.701859 -1.9369938 11 0 0 0 6
1.249534 1.2142354 -1.7551266 11 0 0 0 6
1.3646579 1.3648708 -1.8293482 11 0 0 0 6
1.5699888 1.2786443 -1.6625599 11 0 0 0 6
1.1795274 1.1329378 -1.711217 11 0 0 0 6
1.9575906 1.6761415 -1.8374672 11 0 0 0 6
1.10059 1.324422 -1.8805168 11 0 0 0 6
1.2910361 1.580986 -2.0058086 11 0 0 0 6
1.4147104 1.0164248 -1.5554732 11 0 0 0 6
1.5499091 0.95834124 -1.4380549 11 0 0 0 6
1.4176666 1.0736164 -1.5730258 11 0 0 0 6
1.5856543 1.5321347 -1.8677944 11 0 0 0 6
1.2379634 1.5088147 -1.9794735 11 0 0 0 6
1.4643488 1.3460674 -1.7535676 11 0 0 0 6
1.7825931 1.602998 -1.8566934 11 0 0 0 6
1.9935212 1.454775 -1.666975 11 0 0 0 6
1.4752084 1.3872716 -1.8033597 11 0 0 0 6
1.1692072 1.3621849 -1.8629787 12 0 0 0 6
1.5383104 1.2652826 -1.6844333 12 0 0 0 6
1.604386 1.6438332 -1.9210997 12 0 0 0 6
1.7346871 1.5019107 -1.7801088 12 0 0 0 6
1.4503866 0.9391861 -1.4696798 12 0 0 0 6
1.8823724 0.94852722 -1.3081142 12 0 0 0 6
1.600567 1.5022489 -1.8369845 12 0 0 0 6
1.4435362 1.2367692 -1.67204 12 0 0 0 6
1.4248806 1.0397769 -1.5663631 12 0 0 0 6
1.8639996 1.4763623 -1.7295299 12 0 0 0 6
1.2510636 1.6451508 -2.0857415 12 0 0 0 6
1.4905829 1.2809463 -1.7034047 12 0 0 0 6
1.4662379 1.4185412 -1.8009691 12 0 0 0 6
1.990127 1.2520982 -1.5067658 12 0 0 0 6
1.9650718 1.3935292 -1.6215554 12 0 0 0 6
1.5017267 1.7000704 -2.0070446 12 0 0 0 6
1.7746698 1.0705124 -1.433386 12 0 0 0 6
1.5793285 1.2906399 -1.6870898 12 0 0 0 6
1.4615346 1.1536762 -1.6095992 12 0 0 0 6
1.367384 1.3589823 -1.8090435 12 0 0 0 6
1.9704192 1.2801738 -1.5292293 12 0 0 0 6
1.2085009 0.98928207 -1.5889189 12 0 0 0 6
1.1980581 1.0149533 -1.5783498 12 0 0 0 6
1.5846226 1.2439321 -1.6543688 12 0 0 0 6
1.4936 1.5055723 -1.8662792 12 0 0 0 6
1.2077823 1.3776416 -1.8990178 12 0 0 0 6
1.3351364 1.6906582 -2.0888324 12 0 0 0 6
2.0604649 1.4018819 -1.6137481 12 0 0 0 6
1.9935567 1.4441156 -1.6307361 12 0 0 0 6
1.9373175 1.0939482 -1.4045486 12 0 0 0 6
1.6019779 0.95971191 -1.4279019 12 0 0 0 6
1.2555795 1.7011365 -2.125598 12 0 0 0 6
1.1997577 1.5261387 -1.9970834 12 0 0 0 6
1.3485107 1.0939957 -1.6269739 12 0 0 0 6
1.2329979 1.190262 -1.727908 12 0 0 0 6
1.4488779 1.4548752 -1.8667147 12 0 0 0 6
1.3828324 0.9275071 -1.4959494 12 0 0 0 6
1.3675699 1.0325167 -1.5716577 12 0 0 0 6
1.1440158 1.4151902 -1.9504147 12 0 0 0 6
1.7669008 1.6913841 -1.918295 12 0 0 0 6
1.4708042 0.9180699 -1.4469966 13 0 0 0 6
1.1543621 1.1312864 -1.7207245 13 0 0 0 6
1.4633311 1.1139591 -1.5947549 13 0 0 0 6
1.2513258 1.5415549 -1.9845968 13 0 0 0 6
1.4303831 1.0634681 -1.5723126 13 0 0 0 6
1.8601449 1.0851448 -1.4340941 13 0 0 0 6
1.8738091 1.1459588 -1.4789363 13 0 0 0 6
1.7531544 1.1565187 -1.523486 13 0 0 0 6
1.9504286 1.2241968 -1.4788898 13 0 0 0 6
1.666808 1.6672273 -1.9547719 13 0 0 0 6
1.0872796 1.1010185 -1.7186003 13 0 0 0 6
2.0190825 1.3464619 -1.5659834 13 0 0 0 6
1.376045 1.4556851 -1.8789287 13 0 0 0 6
1.9593177 1.3167014 -1.5661052 13 0 0 0 6
1.9263026 1.5012071 -1.7188816 13 0 0 0 6
2.0108004 1.3807613 -1.6141901 13 0 0 0 6
1.1273751 1.0393809 -1.6383497 13 0 0 0 6
1.1960559 1.2032558 -1.7524551 13 0 0 0 6
1.6610558 1.0227778 -1.4768312 13 0 0 0 6
1.7728744 1.1437088 -1.5093477 13 0 0 0 6
1.7273809 1.0619882 -1.449743 13 0 0 0 6
1.7657533 0.980699 -1.3858122 13 0 0 0 6
1.0872544 0.97955263 -1.5991296 13 0 0 0 6
1.9311638 1.5041215 -1.7253901 13 0 0 0 6
1.3664604 1.0700183 -1.6056513 13 0 0 0 6
1.4751675 1.0716482 -1.552586 13 0 0 0 6
1.9862572 1.5735886 -1.7810342 13 0 0 0 6
1.1801561 1.0970368 -1.6804464 13 0 0 0 6
1.2829553 1.186819 -1.7033637 13 0 0 0 6
1.523877 1.5277034 -1.8566719 13 0 0 0 6
1.1853583 0.98075008 -1.5928507 13 0 0 0 6
1.9790636 1.2742956 -1.5366082 13 0 0 0 6
1.2024485 1.0795877 -1.6602092 13 0 0 0 6
2.0947676 1.6765138 -1.7942251 13 0 0 0 6
1.2695676 1.6864668 -2.0852234 13 0 0 0 6
1.7710301 1.6165214 -1.8743637 13 0 0 0 6
2.0510893 1.7029799 -1.837054 13 0 0 0 6
1.0277104 0.94263917 -1.6386067 13 0 0 0 6
1.3172195 1.0519149 -1.6000832 13 0 0 0 6
1.8116374 1.6596836 -1.8849994 13 0 0 0 6
1.3895795 1.1373982 -1.6321148 14 0 0 0 6
1.0592738 1.0121958 -1.6491281 14 0 0 0 6
1.5603006 0.99391019 -1.457939 14 0 0 0 6
1.1037003 0.97340071 -1.6230817 14 0 0 0 6
1.6187131 1.4612963 -1.7881875 14 0 0 0 6
1.5469198 1.0845683 -1.5208728 14 0 0 0 6
1.5775311 1.1729845 -1.579217 14 0 0 0 6
1.963261 1.1894593 -1.4626874 14 0 0 0 6
1.5418606 1.3273374 -1.722241 14 0 0 0 6
2.0058029 1.6600746 -1.8184446 14 0 0 0 6
1.22925 1.205721 -1.7121255 14 0 0 0 6
1.5108479 1.0984584 -1.5664914 14 0 0 0 6
1.9393767 1.4470682 -1.6846311 14 0 0 0 6
1.1909794 0.93216425 -1.5481864 14 0 0 0 6
1.9979509 1.4478873 -1.671265 14 0 0 0 6
1.7154219 1.2344728 -1.5876542 14 0 0 0 6
1.7908463 1.6376662 -1.8636534 14 0 0 0 6
1.4149914 1.5546606 -1.946308 14 0 0 0 6
1.8959131 1.0008539 -1.3430169 14 0 0 0 6
1.5728768 1.6548404 -1.9647503 14 0 0 0 6
1.7703753 1.0647748 -1.4531798 14 0 0 0 6
1.0367135 1.0722814 -1.7187393 14 0 0 0 6
1.0800482 1.2598908 -1.8365173 14 0 0 0 6
1.9484949 1.438859 -1.6620452 14 0 0 0 6
1.7545819 1.173861 -1.5216268 14 0 0 0 6
1.468312 1.1870743 -1.6572788 14 0 0 0 6
1.6793011 0.9145416 -1.3616983 14 0 0 0 6
1.250814 0.96226913 -1.5750983 14 0 0 0 6
1.9471858 1.1537528 -1.4446143 14 0 0 0 6
1.5730639 1.5611262 -1.8994728 14 0 0 0 6
1.1493322 1.1615276 -1.7474556 14 0 0 0 6
1.2898042 1.0737368 -1.6068209 14 0 0 0 6
1.2805448 1.683997 -2.0779307 14 0 0 0 6
1.7927529 1.5574543 -1.8112173 14 0 0 0 6
1.7237301 1.3942121 -1.7159094 14 0 0 0 6
1.539228 1.0284461 -1.5123777 14 0 0 0 6
1.8049253 1.7096568 -1.9212573 14 0 0 0 6
1.1654493 0.98614997 -1.5831962 14 0 0 0 6
1.2889717 1.4612988 -1.9148308 14 0 0 0 6
1.2549348 0.92670619 -1.5321223 14 0 0 0 6
1.808507 1.1651814 -1.4941574 15 0 0 0 6
1.7492418 0.92765146 -1.3528259 15 0 0 0 6
1.3041683 0.90974337 -1.5108094 15 0 0 0 6
1.0861079 1.2186052 -1.7776027 15 0 0 0 6
1.713495 1.6285514 -1.9049287 15 0 0 0 6
1.4111625 1.2851628 -1.7404051 15 0 0 0 6
1.8886981 1.5555408 -1.7937704 15 0 0 0 6
1.7489295 1.198162 -1.5587747 15 0 0 0 6
1.5933644 1.0691763 -1.4845105 15 0 0 0 6
1.4019516 1.1907307 -1.6635758 15 0 0 0 6
1.4280312 0.93519366 -1.462912 15 0 0 0 6
1.6314293 1.7195574 -1.98487 15 0 0 0 6
1.2275926 0.97310728 -1.5479616 15 0 0 0 6
1.5792513 1.1815066 -1.6051503 15 0 0 0 6
1.295202 1.4179356 -1.8830643 15 0 0 0 6
1.1463079 1.440451 -1.9419823 15 0 0 0 6
1.6802047 0.98330408 -1.4133713 15 0 0 0 6
1.3023121 1.2308604 -1.7375157 15 0 0 0 6
1.1948758 1.0940452 -1.67188 15 0 0 0 6
1.5310885 1.2967682 -1.7307237 15 0 0 0 6
1.5093579 1.6096963 -1.951019 15 0 0 0 6
1.8075527 0.89760816 -1.302079 15 0 0 0 6
1.9734818 1.5272719 -1.7377152 15 0 0 0 6
1.5015104 0.99329841 -1.4756756 15 0 0 0 6
1.2594888 1.1916511 -1.7197824 15 0 0 0 6
1.0984852 1.1693836 -1.7799424 15 0 0 0 6
1.9965556 1.3295168 -1.5593716 15 0 0 0 6
1.2865331 1.2912579 -1.7836738 15 0 0 0 6
1.8435014 1.2698891 -1.5494632 15 0 0 0 6
1.5327231 1.420758 -1.8141416 15 0 0 0 6
1.4444195 1.2261846 -1.6825598 15 0 0 0 6
1.3231118 1.3885593 -1.857531 15 0 0 0 6
1.5775667 1.3285596 -1.7138366 15 0 0 0 6
1.2794809 1.2971314 -1.8020039 15 0 0 0 6
1.7092154 1.36628 -1.7044085 15 0 0 0 6
1.5136303 1.5748358 -1.9460113 15 0 0 0 6
1.2979306 1.6972473 -2.1233623 15 0 0 0 6
1.29728 1.472212 -1.9434191 15 0 0 0 6
1.2463872 1.1361082 -1.7012366 15 0 0 0 6
1.8938688 1.2143283 -1.4885263 15 0 0 0 6
1.3198824 1.5144247 -1.9526429 16 0 0 0 6
1.872558 1.1705428 -1.4968817 16 0 0 0 6
2.0693941 1.6045989 -1.7604253 16 0 0 0 6
1.8995631 1.704145 -1.8747053 16 0 0 0 6
1.7886654 1.1451968 -1.4975077 16 0 0 0 6
1.0291725 0.95532829 -1.6297462 16 0 0 0 6
1.8594238 0.9274078 -1.3235372 16 0 0 0 6
1.7199576 1.2689874 -1.6158005 16 0 0 0 6
1.2347504 1.5233713 -1.9708886 16 0 0 0 6
1.2066286 1.2458009 -1.7631716 16 0 0 0 6
1.4048227 1.551049 -1.9517641 16 0 0 0 6
1.5532986 1.1191792 -1.539194 16 0 0 0 6
1.892368 1.1514388 -1.4809722 16 0 0 0 6
2.0437357 1.5852994 -1.7601521 16 0 0 0 6
1.0997642 1.072431 -1.6646428 16 0 0 0 6
1.8900126 1.0289712 -1.3958298 16 0 0 0 6
1.6367444 1.6483474 -1.9266976 16 0 0 0 6
1.982 1.1579118 -1.4434143 16 0 0 0 6
1.0671587 1.0935042 -1.7402022 16 0 0 0 6
1.6192069 1.3768946 -1.7414967 16 0 0 0 6
1.580942 1.1326542 -1.584133 16 0 0 0 6
1.9923062 1.6064081 -1.7672379 16 0 0 0 6
1.4701282 1.1614401 -1.6254497 16 0 0 0 6
1.9866787 1.2306402 -1.4790866 16 0 0 0 6
1.4870571 1.2360682 -1.672722 16 0 0 0 6
1.9019982 0.99061596 -1.3271657 16 0 0 0 6
1.34359 1.6045955 -1.9935375 16 0 0 0 6
1.2946863 1.4756128 -1.9468396 16 0 0 0 6
1.5515549 1.2358613 -1.6586099 16 0 0 0 6
1.1809525 1.5819341 -2.0619597 16 0 0 0 6
1.9280903 1.6762257 -1.8296865 16 0 0 0 6
1.690614 1.5515081 -1.8508999 16 0 0 0 6
1.4387025 1.5519716 -1.9328927 16 0 0 0 6
1.7077454 1.5702384 -1.8377949 16 0 0 0 6
1.0840803 1.2489635 -1.8417306 16 0 0 0 6
1.352475 1.1813967 -1.664184 16 0 0 0 6
1.7146149 1.2789737 -1.6182668 16 0 0 0 6
1.0663744 1.0571318 -1.6747133 16 0 0 0 6
1.6866823 1.5982503 -1.8914037 16 0 0 0 6
1.6885597 1.4199957 -1.7199953 16 0 0 0 6
1.7397089 1.6340752 -1.8685673 17 0 0 0 6
1.2764671 1.5137204 -1.9746885 17 0 0 0 6
1.1889247 1.0327104 -1.614493 17 0 0 0 6
1.8253099 1.4700561 -1.7521253 17 0 0 0 6
1.8137217 1.1875919 -1.5453488 17 0 0 0 6
1.7232001 1.3306649 -1.6624348 17 0 0 0 6
1.416787 1.3225572 -1.7698385 17 0 0 0 6
1.2813894 0.95184308 -1.5272474 17 0 0 0 6
1.1549637 1.1068385 -1.7027036 17 0 0 0 6
2.0175655 1.3536434 -1.5695844 17 0 0 0 6
1.3540144 1.1533515 -1.6679748 17 0 0 0 6
1.039951 1.0752803 -1.7266873 17 0 0 0 6
1.0966202 1.2221274 -1.7990556 17 0 0 0 6
2.048003 1.5984615 -1.7385238 17 0 0 0 6
1.667501 1.6753174 -1.9416152 17 0 0 0 6
1.4417583 1.12137 -1.5963943 17 0 0 0 6
1.8846292 1.2669767 -1.572752 17 0 0 0 6
1.1713576 1.0843475 -1.685075 17 0 0 0 6
1.7434444 1.22501 -1.5819439 17 0 0 0 6
1.4868008 1.6032112 -1.9383196 17 0 0 0 6
1.7668606 1.0865104 -1.4629139 17 0 0 0 6
1.4567189 1.0457339 -1.524447 17 0 0 0 6
2.0282464 1.6922485 -1.8218734 17 0 0 0 6
1.7909452 1.0798157 -1.4601693 17 0 0 0 6
1.4222101 0.95002377 -1.4507198 17 0 0 0 6
1.8944277 1.7058208 -1.8919137 17 0 0 0 6
1.9478437 1.1289074 -1.4341012 17 0 0 0 6
1.6473302 1.3496182 -1.7098806 17 0 0 0 6
1.1530722 1.1212435 -1.7299207 17 0 0 0 6
1.3373405 1.5370346 -1.9670143 17 0 0 0 6
1.848582 1.2583636 -1.5682018 17 0 0 0 6
2.0825865 1.5597243 -1.7149378 17 0 0 0 6
1.4287632 1.6213684 -1.9888518 17 0 0 0 6
1.7055596 1.6964235 -1.9301755 17 0 0 0 6
1.4179 1.0659093 -1.551877 17 0 0 0 6
1.8053843 1.3691459 -1.6203855 17 0 0 0 6
1.128148 1.0743647 -1.6894592 17 0 0 0 6
1.4611706 1.5857452 -1.9399135 17 0 0 0 6
1.2869277 1.7324768 -2.1338916 17 0 0 0 6
1.1351678 1.3901683 -1.8964365 17 0 0 0 6
1.2270231 1.0375953 -1.6220893 18 0 0 0 6
1.2542994 1.2004683 -1.7293212 18 0 0 0 6
1.5293677 1.6019804 -1.920887 18 0 0 0 6
1.1458867 1.1766602 -1.7407984 18 0 0 0 6
1.1257955 1.0684946 -1.6710836 18 0 0 0 6
1.8024367 1.0688086 -1.4256679 18 0 0 0 6
1.7213526 1.2998081 -1.6453604 18 0 0 0 6
1.87386 1.4108036 -1.6597015 18 0 0 0 6
2.0518343 1.3908939 -1.5936662 18 0 0 0 6
1.5045725 1.1259215 -1.5892861 18 0 0 0 6
1.7002312 1.5068351 -1.8036716 18 0 0 0 6
1.1038407 1.0877054 -1.6856933 18 0 0 0 6
1.5530902 1.4077146 -1.7952803 18 0 0 0 6
1.7643452 1.1658312 -1.5338035 18 0 0 0 6
1.8987426 1.0572267 -1.4112154 18 0 0 0 6
1.921087 1.5261086 -1.7495649 18 0 0 0 6
1.1365837 0.92740136 -1.5801299 18 0 0 0 6
1.4476268 1.7215123 -2.0680003 18 0 0 0 6
1.8093228 1.4168458 -1.7165854 18 0 0 0 6
1.8892946 0.96486777 -1.3486948 18 0 0 0 6
1.3879691 1.5914524 -1.9463031 18 0 0 0 6
1.8556281 1.1464694 -1.474257 18 0 0 0 6
1.5930929 1.2241758 -1.6073961 18 0 0 0 6
1.1331226 1.0478563 -1.649613 18 0 0 0 6
1.2220944 1.5586871 -2.0118413 18 0 0 0 6
1.8427446 1.5439233 -1.7975556 18 0 0 0 6
1.8742311 1.4499773 -1.6813824 18 0 0 0 6
1.3391385 1.6744688 -2.0620656 18 0 0 0 6
1.709639 0.9551118 -1.3954933 18 0 0 0 6
1.095328 1.2261603 -1.7915156 18 0 0 0 6
1.2731771 1.0848821 -1.6249307 18 0 0 0 6
1.237924 1.0443475 -1.646721 18 0 0 0 6
1.0597659 1.0902811 -1.7241687 18 0 0 0 6
1.6288191 1.6071382 -1.8947294 18 0 0 0 6
1.0476395 0.99168891 -1.6656526 18 0 0 0 6
1.112571 1.2831864 -1.8575428 18 0 0 0 6
1.441542 1.4671911 -1.8597519 18 0 0 0 6
1.3206147 1.2409657 -1.7233123 18 0 0 0 6
1.4734163 1.115072 -1.5974474 18 0 0 0 6
1.5175401 0.92416745 -1.4310591 18 0 0 0 6
1.5671077 1.6232959 -1.9580431 19 0 0 0 6
1.5808376 0.99638039 -1.4852269 19 0 0 0 6
2.0097604 1.5194349 -1.677785 19 0 0 0 6
1.7757243 1.5747777 -1.8584547 19 0 0 0 6
1.5044445 1.0801717 -1.5464511 19 0 0 0 6
1.4504995 1.2490332 -1.6947688 19 0 0 0 6
1.4157628 1.1239427 -1.6038067 19 0 0 0 6
1.1078987 1.2708998 -1.8500936 19 0 0 0 6
1.9070331 1.0228916 -1.3745023 19 0 0 0 6
1.5051433 1.2289888 -1.662204 19 0 0 0 6
1.7122658 1.0548276 -1.4695996 19 0 0 0 6
1.3381352 1.4604845 -1.8731092 19 0 0 0 6
1.4753155 1.264256 -1.696794 19 0 0 0 6
1.5758133 1.3578018 -1.7491469 19 0 0 0 6
1.4835598 1.2443647 -1.6861061 19 0 0 0 6
1.6166587 1.4207089 -1.7455148 19 0 0 0 6
1.9851544 1.4376802 -1.6549395 19 0 0 0 6
1.5835327 0.99871236 -1.462864 19 0 0 0 6
1.183405 1.1926998 -1.7366698 19 0 0 0 6
1.7381938 1.3847239 -1.6969026 19 0 0 0 6
1.9310715 1.6000974 -1.7587914 19 0 0 0 6
1.8849488 1.686088 -1.8782794 19 0 0 0 6
1.3511627 1.5217355 -1.9414397 19 0 0 0 6
1.8289673 1.3852992 -1.6612353 19 0 0 0 6
1.774151 1.5485381 -1.7988678 19 0 0 0 6
1.5758759 1.2803352 -1.6844945 19 0 0 0 6
1.8783735 1.3196557 -1.6089071 19 0 0 0 6
1.3157498 1.101156 -1.6399382 19 0 0 0 6
1.6900414 1.5750306 -1.8833545 19 0 0 0 6
1.3927342 1.2856207 -1.7504357 19 0 0 0 6
1.5282997 0.95909381 -1.4414593 19 0 0 0 6
1.3509642 1.2793839 -1.7603283 19 0 0 0 6
1.6533289 0.99437165 -1.4194313 19 0 0 0 6
1.4313322 1.0366534 -1.5380744 19 0 0 0 6
1.2378145 1.3020722 -1.796903 19 0 0 0 6
1.2995101 1.1573782 -1.6572295 19 0 0 0 6
1.4507155 1.6483074 -2.0078928 19 0 0 0 6
1.9497468 1.5542089 -1.7456083 19 0 0 0 6
2.000423 1.6209221 -1.7723862 19 0 0 0 6
1.6767257 1.4311689 -1.7618809 19 0 0 0 6
-1.850175 -1.5915134 1.222348 0 0 0 0 7
-2.0865524 -1.7750181 2.2281277 0 0 0 0 7
-2.0075152 -1.4601098 2.0340044 0 0 0 0 7
-2.0797207 -1.7348276 2.2738566 0 0 0 0 7
-2.1035373 -2.1492057 1.9081802 0 0 0 0 7
-1.8481367 -1.5897148 1.2132668 0 0 0 0 7
-1.9402304 -1.2777749 1.9614854 0 0 0 0 7
-1.9440875 -1.1858666 2.0203085 0 0 0 0 7
-2.1297116 -2.1066215 1.9976693 0 0 0 0 7
-2.1134641 -1.9667996 2.1858308 0 0 0 0 7
-2.1132693 -1.9246191 2.2796195 0 0 0 0 7
-1.858189 -1.2997099 1.4927943 0 0 0 0 7
-1.9930668 -1.9100255 1.6260377 0 0 0 0 7
-2.1236188 -1.9585588 2.1256435 0 0 0 0 7
-2.0183115 -1.5877014 2.0259771 0 0 0 0 7
-2.0366287 -1.534155 2.2899861 0 0 0 0 7
-2.0584691 -1.7555732 2.038522 0 0 0 0 7
-2.0446589 -1.6366705 2.1924152 0 0 0 0 7
-2.0501263 -2.0498879 1.7189451 0 0 0 0 7
-1.8993733 -1.6167542 1.2584358 0 0 0 0 7
-2.0349734 -1.644223 2.0316498 0 0 0 0 7
-2.0990696 -1.7085898 2.3086343 0 0 0 0 7
-1.9739339 -1.2857493 2.1134238 0 0 0 0 7
-2.0188217 -1.63476 1.8685442 0 0 0 0 7
-2.0774019 -1.6179664 2.3472247 0 0 0 0 7
-1.8922908 -1.0653636 1.9456025 0 0 0 0 7
-1.9929789 -1.4816086 2.0645952 0 0 0 0 7
-1.9481382 -1.3284734 1.9789891 0 0 0 0 7
-1.9370954 -1.8137331 1.4555423 0 0 0 0 7
-2.0044107 -1.4012095 2.2044368 0 0 0 0 7
-2.104207 -2.3183043 1.6829772 0 0 0 0 7
-2.0557292 -1.9003413 1.957038 0 0 0 0 7
-1.9547817 -1.3841174 1.9049571 0 0 0 0 7
-2.0446131 -1.6851988 2.1032801 0 0 0 0 7
-1.9814636 -1.3394748 2.0472693 0 0 0 0 7
-2.1096542 -1.9902371 2.1278143 0 0 0 0 7
-2.0929017 -2.1266761 1.859326 0 0 0 0 7
-1.891834 -1.6124486 1.2679682 0 0 0 0 7
-2.0772088 -1.9238997 2.0712819 0 0 0 0 7
-1.9026583 -1.6574447 1.358506 0 0 0 0 7
-2.0497425 -1.7013165 2.1088157 1 0 0 0 7
-2.0879586 -1.623705 2.3943985 1 0 0 0 7
-2.087594 -2.2774057 1.6519262 1 0 0 0 7
-2.1009786 -2.2693794 1.7485721 1 0 0 0 7
-1.8978386 -1.1602763 1.8378408 1 0 0 0 7
-2.1035378 -1.7605855 2.3972061 1 0 0 0 7
-2.0332658 -1.7476659 1.9663018 1 0 0 0 7
-2.0989475 -2.2659168 1.6902678 1 0 0 0 7
-1.8952614 -1.0651433 1.963993 1 0 0 0 7
-1.908026 -1.1536812 1.95322 1 0 0 0 7
-1.8760996 -1.2825052 1.5808698 1 0 0 0 7
-1.8945405 -1.5866469 1.3920982 1 0 0 0 7
-1.9127024 -1.3533201 1.7035966 1 0 0 0 7
-2.0338054 -1.9540173 1.7229776 1 0 0 0 7
-1.9369394 -1.7674994 1.4220287 1 0 0 0 7
-2.0570223 -1.988346 1.8557329 1 0 0 0 7
-1.9797437 -1.3258679 2.1713367 1 0 0 0 7
-1.985588 -1.3697875 1.9834348 1 0 0 0 7
-2.0909777 -2.2695205 1.7174579 1 0 0 0 7
-2.0275044 -1.6442515 2.0260856 1 0 0 0 7
-1.8804437 -1.1685668 1.6984514 1 0 0 0 7
-2.0949774 -2.0549717 2.0170233 1 0 0 0 7
-1.9330888 -1.6266744 1.4481441 1 0 0 0 7
-2.0438416 -1.8892498 1.8761771 1 0 0 0 7
-1.9482222 -1.2452155 2.0840142 1 0 0 0 7
-2.057219 -1.7021964 2.1519485 1 0 0 0 7
-2.0610356 -1.9883584 1.8190035 1 0 0 0 7
-1.9548999 -1.3865566 1.9606953 1 0 0 0 7
-2.043788 -1.8289127 1.9553314 1 0 0 0 7
-1.9400846 -1.7545577 1.5296011 1 0 0 0 7
-1.901294 -1.3474563 1.6505954 1 0 0 0 7
-1.9299109 -1.378099 1.8325822 1 0 0 0 7
-1.9272749 -1.6831838 1.3851533 1 0 0 0 7
-1.9507154 -1.2304306 2.0447023 1 0 0 0 7
-2.0251412 -2.0465999 1.5017533 1 0 0 0 7
-2.0933139 -2.2567806 1.7699448 1 0 0 0 7
-2.0882158 -2.0131569 2.0030048 1 0 0 0 7
-2.0635035 -2.0861697 1.7531362 1 0 0 0 7
-1.8944968 -1.4173081 1.6310086 1 0 0 0 7
-2.0180829 -1.6426604 1.9842352 1 0 0 0 7
-1.8762467 -1.4879099 1.2979484 2 0 0 0 7
-2.0544665 -2.1112971 1.6800505 2 0 0 0 7
-2.0460255 -1.7989149 1.9587766 2 0 0 0 7
-2.017241 -2.0046968 1.5690048 2 0 0 0 7
-2.0197911 -1.6227957 2.089107 2 0 0 0 7
-2.1014917 -1.7644545 2.3073642 2 0 0 0 7
-2.0372303 -2.0476484 1.6885267 2 0 0 0 7
-1.8761853 -1.471542 1.3453642 2 0 0 0 7
-1.8943315 -1.0756634 1.815423 2 0 0 0 7
-1.89724 -1.3969604 1.5304805 2 0 0 0 7
-1.9067121 -1.2456403 1.756016 2 0 0 0 7
-2.0006454 -1.731741 1.7941149 2 0 0 0 7
-2.0225132 -2.0871255 1.5391775 2 0 0 0 7
-1.9296386 -1.1979022 1.9805044 2 0 0 0 7
-1.9514709 -1.7904842 1.4284254 2 0 0 0 7
-2.0640519 -1.6293532 2.2251575 2 0 0 0 7
-1.9865381 -1.5590353 1.9374009 2 0 0 0 7
-1.9425159 -1.4158437 1.7417043 2 0 0 0 7
-1.9852415 -1.7098861 1.697333 2 0 0 0 7
-2.0987465 -1.9493833 2.1067822 2 0 0 0 7
-1.8831549 -1.073823 1.896656 2 0 0 0 7
-1.9828385 -1.7864232 1.5816596 2 0 0 0 7
-1.996758 -1.8154565 1.6547468 2 0 0 0 7
-1.9953772 -1.3256706 2.2070515 2 0 0 0 7
-2.091274 -2.1657772 1.7991124 2 0 0 0 7
-2.0682669 -1.6182063 2.2978852 2 0 0 0 7
-1.9613855 -1.5166863 1.7986276 2 0 0 0 7
-2.1045547 -1.8799008 2.1304858 2 0 0 0 7
-1.9247488 -1.7022808 1.3062888 2 0 0 0 7
-1.9242018 -1.193337 1.9006863 2 0 0 0 7
-2.064127 -2.0340731 1.855355 2 0 0 0 7
-1.9978122 -1.9014931 1.646542 2 0 0 0 7
-1.9853088 -1.7507925 1.8323193 2 0 0 0 7
-1.885131 -1.6493938 1.2920872 2 0 0 0 7
-2.0248232 -1.4565635 2.2691946 2 0 0 0 7
-2.0903578 -1.9252433 2.0400794 2 0 0 0 7
-2.0148473 -1.6235374 1.9133607 2 0 0 0 7
-1.9263624 -1.7285351 1.3933374 2 0 0 0 7
-1.9277303 -1.5745288 1.6202774 2 0 0 0 7
-1.9110469 -1.0610201 1.9648974 2 0 0 0 7
-1.9191877 -1.4445158 1.6189836 3 0 0 0 7
-1.9636416 -1.4614536 1.8225502 3 0 0 0 7
-1.9388992 -1.5197664 1.6377152 3 0 0 0 7
-1.9337865 -1.5852755 1.4696231 3 0 0 0 7
-2.0321653 -1.5210996 2.3113413 3 0 0 0 7
-2.0608351 -1.9330751 1.87723 3 0 0 0 7
-2.0650423 -1.6682183 2.3093927 3 0 0 0 7
-1.9570452 -1.5875306 1.7660832 3 0 0 0 7
-2.0941167 -1.8462708 2.2350619 3 0 0 0 7
-2.0660608 -2.2015648 1.6208922 3 0 0 0 7
-2.0750213 -2.1823349 1.7168652 3 0 0 0 7
-1.9210262 -1.5676389 1.5399767 3 0 0 0 7
-1.9364903 -1.1670557 1.9415118 3 0 0 0 7
-2.0716648 -2.0399418 1.9041235 3 0 0 0 7
-2.0477629 -1.9168751 1.739054 3 0 0 0 7
-1.9523264 -1.6717135 1.5508995 3 0 0 0 7
-2.0430548 -1.8734537 1.9095401 3 0 0 0 7
-2.0466087 -2.0380218 1.6640414 3 0 0 0 7
-2.0696347 -1.8595231 1.9763842 3 0 0 0 7
-2.0551867 -2.0480187 1.7064002 3 0 0 0 7
-2.0922151 -2.271575 1.7409792 3 0 0 0 7
-2.0140772 -1.5320145 1.9669427 3 0 0 0 7
-1.8938012 -1.2438979 1.7303931 3 0 0 0 7
-2.055141 -1.963758 1.8367611 3 0 0 0 7
-1.8985306 -1.2200493 1.7657961 3 0 0 0 7
-1.9467103 -1.410831 1.962486 3 0 0 0 7
-2.0606208 -1.5524015 2.2706292 3 0 0 0 7
-1.976576 -1.554446 1.8330926 3 0 0 0 7
-2.0996218 -1.7552691 2.3569469 3 0 0 0 7
-1.8766574 -1.1604382 1.7752157 3 0 0 0 7
-1.8813655 -1.4754329 1.405399 3 0 0 0 7
-1.9426399 -1.5221325 1.6302714 3 0 0 0 7
-2.0803311 -2.2986658 1.747184 3 0 0 0 7
-1.9966449 -1.5984337 1.8913625 3 0 0 0 7
-1.8801059 -1.1246102 1.7559365 3 0 0 0 7
-1.8806363 -1.2935236 1.6773992 3 0 0 0 7
-1.9718128 -1.5243406 1.8704361 3 0 0 0 7
-1.9314265 -1.6624926 1.415103 3 0 0 0 7
-1.8706969 -1.3010874 1.636236 3 0 0 0 7
-1.9058856 -1.0234495 2.002954 3 0 0 0 7
-2.1007595 -1.7090634 2.382592 4 0 0 0 7
-1.9596505 -1.6261786 1.6975076 4 0 0 0 7
-1.9377993 -1.3056378 1.9835559 4 0 0 0 7
-1.8816562 -1.1410699 1.7422923 4 0 0 0 7
-1.9307353 -1.3179623 1.8244057 4 0 0 0 7
-1.8891082 -1.3970953 1.5878081 4 0 0 0 7
-1.9669595 -1.7419677 1.5291659 4 0 0 0 7
-1.8964945 -1.2587534 1.7231642 4 0 0 0 7
-2.0094471 -1.7143945 1.6968352 4 0 0 0 7
-1.8793648 -1.3622358 1.435427 4 0 0 0 7
-2.0584548 -1.9721627 1.9433166 4 0 0 0 7
-1.9881805 -1.4163604 2.0526114 4 0 0 0 7
-1.8893501 -1.3994851 1.4993845 4 0 0 0 7
-2.1288719 -1.8884163 2.2395883 4 0 0 0 7
-2.073786 -1.7395829 2.0511494 4 0 0 0 7
-2.0158374 -1.5074579 2.1448798 4 0 0 0 7
-2.0181582 -1.5848533 2.0678542 4 0 0 0 7
-2.0537417 -1.8359834 1.9596845 4 0 0 0 7
-2.0204394 -1.6039251 2.0420539 4 0 0 0 7
-2.0794904 -1.7386842 2.2835298 4 0 0 0 7
-1.9158937 -1.491045 1.6257906 4 0 0 0 7
-2.0851934 -1.7180645 2.2635379 4 0 0 0 7
-2.0902886 -1.7493769 2.3299291 4 0 0 0 7
-1.863107 -1.5565975 1.2459247 4 0 0 0 7
-1.950376 -1.8896503 1.3909645 4 0 0 0 7
-2.0637186 -1.7459074 2.2756507 4 0 0 0 7
-1.8660949 -1.2918464 1.5082219 4 0 0 0 7
-1.8883271 -1.1199929 1.8764147 4 0 0 0 7
-1.9060942 -1.3726387 1.7454487 4 0 0 0 7
-2.1032896 -1.8328354 2.12183 4 0 0 0 7
-2.0967877 -2.3289022 1.6767749 4 0 0 0 7
-1.9893272 -1.4973963 2.022697 4 0 0 0 7
-1.9781448 -1.6957043 1.7267342 4 0 0 0 7
-1.9164104 -1.6968216 1.262784 4 0 0 0 7
-1.9071038 -1.4248191 1.683198 4 0 0 0 7
-1.9668769 -1.4463372 1.9299153 4 0 0 0 7
-2.0720174 -2.1212573 1.8342187 4 0 0 0 7
-2.062618 -1.9189949 1.8701074 4 0 0 0 7
-1.8682048 -1.409621 1.4242272 4 0 0 0 7
-2.0245528 -1.7847656 1.7752124 4 0 0 0 7
-1.9827769 -1.567844 1.8955581 5 0 0 0 7
-2.0158234 -1.7222831 1.9499062 5 0 0 0 7
-2.0314589 -1.407398 2.2275796 5 0 0 0 7
-2.0792584 -1.8309267 2.0645318 5 0 0 0 7
-2.1045763 -1.7564024 2.374054 5 0 0 0 7
-1.9986634 -1.4961206 1.9964653 5 0 0 0 7
-2.0639837 -1.9439236 1.8874588 5 0 0 0 7
-2.0067277 -1.6666125 1.9285809 5 0 0 0 7
-1.9115924 -1.5959659 1.3749586 5 0 0 0 7
-1.9468759 -1.5047311 1.7936045 5 0 0 0 7
-2.0216134 -1.6756697 1.8681095 5 0 0 0 7
-1.9201827 -1.1898332 1.9302764 5 0 0 0 7
-2.0449457 -1.8852485 1.8161165 5 0 0 0 7
-2.0819192 -1.8285528 2.0950427 5 0 0 0 7
-1.9773793 -1.8900489 1.4119861 5 0 0 0 7
-2.0273201 -2.0181241 1.6072503 5 0 0 0 7
-2.0888078 -1.7499444 2.2211695 5 0 0 0 7
-2.0353768 -1.6109233 2.1715045 5 0 0 0 7
-1.9313062 -1.3753325 1.8384897 5 0 0 0 7
-1.8779185 -1.048677 1.9262438 5 0 0 0 7
-2.039237 -1.947136 1.7816525 5 0 0 0 7
-1.9511325 -1.6097486 1.7579954 5 0 0 0 7
-2.0652723 -2.1857073 1.6344811 5 0 0 0 7
-1.990315 -1.307215 2.1706462 5 0 0 0 7
-2.0583863 -1.7521545 2.1522412 5 0 0 0 7
-2.1429112 -1.8031225 2.4512553 5 0 0 0 7
-2.0861142 -1.8588843 2.1003711 5 0 0 0 7
-2.1073086 -1.9741317 1.9973713 5 0 0 0 7
-1.929405 -1.6959434 1.3852867 5 0 0 0 7
-1.9767734 -1.2894359 2.1522415 5 0 0 0 7
-1.883062 -1.217284 1.8103533 5 0 0 0 7
-1.9001809 -1.6444188 1.4305668 5 0 0 0 7
-1.9923334 -1.5471716 1.9577277 5 0 0 0 7
-1.989518 -1.9363137 1.4909043 5 0 0 0 7
-1.9762075 -1.51197 1.860608 5 0 0 0 7
-2.0989048 -2.0254943 2.0163271 5 0 0 0 7
-1.9289761 -1.6341914 1.5347958 5 0 0 0 7
-2.0461214 -1.6920751 2.0272224 5 0 0 0 7
-1.881425 -1.6153677 1.3118629 5 0 0 0 7
-1.9812464 -1.8787595 1.6090286 5 0 0 0 7
-1.928836 -1.5869943 1.5158639 6 0 0 0 7
-1.9270047 -1.5401359 1.4600236 6 0 0 0 7
-1.8908778 -1.1006944 1.8539689 6 0 0 0 7
-1.9195251 -1.1742601 1.9340268 6 0 0 0 7
-2.0766828 -1.890285 1.9795858 6 0 0 0 7
-1.9345374 -1.3848166 1.8278122 6 0 0 0 7
-1.9836714 -1.9226977 1.4756802 6 0 0 0 7
-2.0053425 -1.9869512 1.5012126 6 0 0 0 7
-1.9886487 -1.7834765 1.7130916 6 0 0 0 7
-2.111026 -1.8016298 2.3125386 6 0 0 0 7
-2.065989 -1.6106377 2.3689744 6 0 0 0 7
-1.8675574 -1.5274055 1.3497318 6 0 0 0 7
-2.0874066 -1.6571301 2.3195319 6 0 0 0 7
-1.9125913 -1.3117415 1.8299655 6 0 0 0 7
-1.993343 -1.4991815 2.0089655 6 0 0 0 7
-1.8928851 -1.2784154 1.8005096 6 0 0 0 7
-2.0933945 -2.3157086 1.7117746 6 0 0 0 7
-1.8940827 -1.0646875 1.9535383 6 0 0 0 7
-2.1276777 -1.8188188 2.3753269 6 0 0 0 7
-1.9863814 -1.6976637 1.8070611 6 0 0 0 7
-1.9715984 -1.7478708 1.5329503 6 0 0 0 7
-2.0524075 -1.7208003 2.2639413 6 0 0 0 7
-2.0824506 -2.1454458 1.8441238 6 0 0 0 7
-1.898369 -1.570694 1.4310415 6 0 0 0 7
-2.1056435 -1.9784993 2.1028512 6 0 0 0 7
-1.9618436 -1.2560263 2.0671904 6 0 0 0 7
-2.0675569 -2.1760712 1.5912373 6 0 0 0 7
-1.9758388 -1.7516791 1.6731669 6 0 0 0 7
-1.9605523 -1.1459249 2.070591 6 0 0 0 7
-1.9079859 -1.3896049 1.6375327 6 0 0 0 7
-1.8725208 -1.2913048 1.6133827 6 0 0 0 7
-2.048789 -1.5413853 2.2655699 6 0 0 0 7
-1.8954903 -1.5568229 1.386097 6 0 0 0 7
-1.9295232 -1.7485217 1.3141772 6 0 0 0 7
-2.0626776 -1.8523203 2.0019796 6 0 0 0 7
-1.9248492 -1.4605578 1.6749865 6 0 0 0 7
-1.866505 -1.2752454 1.6019137 6 0 0 0 7
-1.9657514 -1.3043572 2.014282 6 0 0 0 7
-1.8762113 -0.99491715 1.9714898 6 0 0 0 7
-2.0580957 -1.7088215 2.1557117 6 0 0 0 7
-1.9479704 -1.231438 2.0276806 7 0 0 0 7
-2.0076737 -1.8713369 1.7717618 7 0 0 0 7
-2.0888019 -1.9445853 2.0346906 7 0 0 0 7
-2.042454 -1.5325834 2.2536688 7 0 0 0 7
-2.0631416 -2.1329257 1.8425215 7 0 0 0 7
-2.0887938 -1.9747818 1.9939361 7 0 0 0 7
-2.0775287 -2.1537714 1.8175112 7 0 0 0 7
-1.985523 -1.7624422 1.6002256 7 0 0 0 7
-1.9322684 -1.6514088 1.4937782 7 0 0 0 7
-1.864207 -1.4337503 1.3312138 7 0 0 0 7
-2.1299305 -1.7803985 2.3823233 7 0 0 0 7
-2.0666149 -1.9009371 1.952957 7 0 0 0 7
-1.898612 -1.6575824 1.3381771 7 0 0 0 7
-1.8934054 -1.5780255 1.3193529 7 0 0 0 7
-1.9828209 -1.7027055 1.6559516 7 0 0 0 7
-2.0193615 -1.9789785 1.6136727 7 0 0 0 7
-2.041579 -1.4784067 2.28737 7 0 0 0 7
-2.0279965 -1.6762142 2.0337262 7 0 0 0 7
-1.9191684 -1.6920643 1.3331124 7 0 0 0 7
-1.8661586 -1.5420731 1.2474465 7 0 0 0 7
-2.047127 -2.0186484 1.7413026 7 0 0 0 7
-1.971126 -1.5237286 1.8828695 7 0 0 0 7
-2.0753107 -2.1982889 1.7382425 7 0 0 0 7
-2.0130434 -1.7944034 1.7888061 7 0 0 0 7
-1.9209685 -1.4661455 1.6607261 7 0 0 0 7
-2.1198542 -1.9259821 2.2637298 7 0 0 0 7
-2.1252489 -1.9775255 2.2077014 7 0 0 0 7
-2.0561688 -1.8598723 1.9230561 7 0 0 0 7
-2.1039407 -1.8321383 2.1770957 7 0 0 0 7
-2.0603683 -1.753621 2.0194852 7 0 0 0 7
-2.034843 -1.9344159 1.6615065 7 0 0 0 7
-2.1002223 -2.1190472 1.9502187 7 0 0 0 7
-1.9623318 -1.6462498 1.8626006 7 0 0 0 7
-1.9058092 -1.5743519 1.3322526 7 0 0 0 7
-1.8664055 -1.3977995 1.4376905 7 0 0 0 7
-1.9547977 -1.8106697 1.4942449 7 0 0 0 7
-2.0929275 -2.0441494 1.9875288 7 0 0 0 7
-2.0428452 -2.06358 1.7169011 7 0 0 0 7
-2.0110633 -1.794239 1.8233063 7 0 0 0 7
-2.119478 -1.7262123 2.4658191 7 0 0 0 7
-1.9201459 -1.4076314 1.6681658 8 0 0 0 7
-1.9157284 -1.6754969 1.4018663 8 0 0 0 7
-2.1010957 -1.9867592 2.0750897 8 0 0 0 7
-1.914371 -1.4067006 1.7154485 8 0 0 0 7
-2.0298872 -1.67681 2.0668454 8 0 0 0 7
-2.1133921 -1.8128848 2.2933996 8 0 0 0 7
-2.0286973 -1.8683015 1.8362738 8 0 0 0 7
-1.9653475 -1.4465085 1.8601264 8 0 0 0 7
-2.1054552 -1.8961067 2.1170697 8 0 0 0 7
-2.1000104 -1.9828372 2.0048821 8 0 0 0 7
-1.8975627 -1.2831109 1.7448027 8 0 0 0 7
-2.0426273 -1.8719975 1.9446684 8 0 0 0 7
-1.9001262 -1.6433762 1.3731741 8 0 0 0 7
-2.0859318 -1.8890457 2.0436084 8 0 0 0 7
-2.0350068 -1.7692187 1.8897692 8 0 0 0 7
-2.0428898 -1.5358274 2.3184819 8 0 0 0 7
-2.0816092 -1.8756682 2.1688099 8 0 0 0 7
-2.0813453 -1.6368072 2.342052 8 0 0 0 7
-1.971938 -1.9565182 1.4552201 8 0 0 0 7
-1.8996695 -1.2738534 1.7017841 8 0 0 0 7
-2.0498397 -1.8387905 2.0146425 8 0 0 0 7
-1.9748402 -1.5666001 1.8756293 8 0 0 0 7
-1.8662915 -1.3420824 1.4292946 8 0 0 0 7
-2.0374753 -2.0045321 1.7828104 8 0 0 0 7
-1.9135239 -1.4597689 1.4094524 8 0 0 0 7
-2.0866156 -1.869724 2.116811 8 0 0 0 7
-2.0618017 -1.674973 2.2359724 8 0 0 0 7
-1.8992144 -1.5077587 1.4825499 8 0 0 0 7
-1.9840384 -1.8485851 1.7136836 8 0 0 0 7
-1.9573845 -1.728415 1.5662072 8 0 0 0 7
-1.962801 -1.6944207 1.6327043 8 0 0 0 7
-2.083293 -1.8625348 2.080502 8 0 0 0 7
-1.9604932 -1.7512481 1.3811406 8 0 0 0 7
-2.0968766 -1.9311585 2.2553613 8 0 0 0 7
-2.1142688 -1.8047054 2.34339 8 0 0 0 7
-1.9565617 -1.6200341 1.6453835 8 0 0 0 7
-1.932423 -1.6968364 1.5592355 8 0 0 0 7
-2.0698435 -2.0958846 1.7856438 8 0 0 0 7
-1.913178 -1.5448428 1.4794011 8 0 0 0 7
-1.9302793 -1.7357415 1.4456024 8 0 0 0 7
-1.9310498 -1.2961925 1.8535674 9 0 0 0 7
-2.0260289 -1.5311247 2.1338875 9 0 0 0 7
-1.8782951 -1.5193704 1.3433844 9 0 0 0 7
-1.9241136 -1.1252033 2.040812 9 0 0 0 7
-1.8872749 -1.6187297 1.3197974 9 0 0 0 7
-1.930204 -1.3110367 1.914016 9 0 0 0 7
-1.9671717 -1.31864 1.9899487 9 0 0 0 7
-2.0398228 -2.0333083 1.6348811 9 0 0 0 7
-1.9557515 -1.3488679 1.9060971 9 0 0 0 7
-2.0364113 -2.0040045 1.7385455 9 0 0 0 7
-1.9479488 -1.5010279 1.7233386 9 0 0 0 7
-2.0065839 -1.5791284 1.9855971 9 0 0 0 7
-1.9698114 -1.5571206 1.8814764 9 0 0 0 7
-2.0377688 -1.7378328 2.0075943 9 0 0 0 7
-1.8890839 -1.5967778 1.3327959 9 0 0 0 7
-1.8902676 -1.5454642 1.3639576 9 0 0 0 7
-2.0798297 -2.1541047 1.6603462 9 0 0 0 7
-2.0982108 -1.8237864 2.2979062 9 0 0 0 7
-1.8940789 -1.5059255 1.4192107 9 0 0 0 7
-1.96395 -1.6851029 1.7277522 9 0 0 0 7
-1.9335819 -1.2456375 2.0079427 9 0 0 0 7
-1.9442719 -1.5532798 1.6002427 9 0 0 0 7
-2.0787423 -2.0474954 1.8812681 9 0 0 0 7
-2.0962083 -1.7973481 2.3129191 9 0 0 0 7
-2.0924139 -2.2631979 1.7802155 9 0 0 0 7
-1.954666 -1.2222875 2.0286601 9 0 0 0 7
-2.0611515 -1.6997263 2.1687553 9 0 0 0 7
-1.980449 -1.8117429 1.6118863 9 0 0 0 7
-1.9664378 -1.296971 2.0527117 9 0 0 0 7
-2.0925035 -1.6648327 2.3943706 9 0 0 0 7
-2.0729473 -1.5651739 2.3503802 9 0 0 0 7
-1.9082502 -1.5007906 1.4713118 9 0 0 0 7
-2.00073 -1.6137612 1.9060171 9 0 0 0 7
-1.9250743 -1.4026078 1.8040665 9 0 0 0 7
-1.8733553 -1.3599741 1.5242811 9 0 0 0 7
-1.930342 -1.5263754 1.5918736 9 0 0 0 7
-2.0137773 -1.3816296 2.2115932 9 0 0 0 7
-2.0869558 -2.0652905 1.8867335 9 0 0 0 7
-2.0006819 -1.9648143 1.504109 9 0 0 0 7
-1.980672 -1.7980217 1.5879147 9 0 0 0 7
-2.0709548 -1.5948634 2.3706386 10 0 0 0 7
-1.958302 -1.3346831 2.0009272 10 0 0 0 7
-1.8879228 -1.0458879 1.9209574 10 0 0 0 7
-1.943333 -1.5460026 1.6968704 10 0 0 0 7
-2.0232804 -1.551363 2.0728731 10 0 0 0 7
-2.1152606 -2.0212538 2.077425 10 0 0 0 7
-1.8862669 -1.2166809 1.6464412 10 0 0 0 7
-1.9273925 -1.5208676 1.6988729 10 0 0 0 7
-2.0770049 -2.0832 1.8359295 10 0 0 0 7
-1.9671332 -1.643123 1.6105726 10 0 0 0 7
-1.9515964 -1.2172858 2.0234408 10 0 0 0 7
-1.9009846 -1.1591686 1.9754705 10 0 0 0 7
-1.9053469 -1.381695 1.6746531 10 0 0 0 7
-2.0329139 -1.4667653 2.2615151 10 0 0 0 7
-1.9152871 -1.7771302 1.491246 10 0 0 0 7
-1.9939094 -1.9652535 1.5613905 10 0 0 0 7
-1.9292129 -1.7086307 1.435392 10 0 0 0 7
-2.0218322 -1.8329043 1.8433554 10 0 0 0 7
-2.0523236 -1.8393581 1.9673995 10 0 0 0 7
-1.9729217 -1.7814238 1.5312821 10 0 0 0 7
-1.871156 -1.5757028 1.220252 10 0 0 0 7
-1.8952585 -1.3881315 1.5811704 10 0 0 0 7
-1.9073015 -1.6585407 1.3256352 10 0 0 0 7
-2.0598257 -1.7653995 2.0469768 10 0 0 0 7
-1.9212893 -1.1543965 1.9721419 10 0 0 0 7
-2.0509429 -1.7103848 2.1016178 10 0 0 0 7
-1.9847978 -1.6020086 1.8502101 10 0 0 0 7
-2.0958581 -2.140435 1.813638 10 0 0 0 7
-2.0171955 -1.5826716 2.0914693 10 0 0 0 7
-1.9897026 -1.7940745 1.7033687 10 0 0 0 7
-2.0926743 -1.8633348 2.1186092 10 0 0 0 7
-1.9493501 -1.601051 1.6709955 10 0 0 0 7
-1.9756359 -1.6147337 1.738153 10 0 0 0 7
-1.9639161 -1.6545665 1.6387136 10 0 0 0 7
-1.8963866 -0.98554248 1.982672 10 0 0 0 7
-2.0467212 -1.7840194 1.8817952 10 0 0 0 7
-1.8977519 -1.3284173 1.7027642 10 0 0 0 7
-2.0202222 -1.9549917 1.6341296 10 0 0 0 7
-2.1058409 -1.7992697 2.3463922 10 0 0 0 7
-2.0644577 -1.768693 2.1430171 10 0 0 0 7
-2.0721302 -1.8470259 2.0008106 11 0 0 0 7
-1.9206303 -1.6950161 1.4472013 11 0 0 0 7
-1.9311116 -1.5185977 1.6958554 11 0 0 0 7
-1.9609553 -1.5524567 1.7762544 11 0 0 0 7
-2.022187 -1.9707351 1.655995 11 0 0 0 7
-2.0516818 -1.6660962 2.142319 11 0 0 0 7
-1.9781733 -1.7495607 1.6255229 11 0 0 0 7
-1.9038124 -1.1391071 1.8724083 11 0 0 0 7
-1.9881279 -1.451582 2.1214392 11 0 0 0 7
-2.0891144 -1.8310578 2.1662691 11 0 0 0 7
-1.8820897 -1.003343 1.9358001 11 0 0 0 7
-2.0375571 -1.7755269 2.041292 11 0 0 0 7
-2.0652685 -1.7305797 2.1560395 11 0 0 0 7
-1.9715989 -1.8169905 1.4845814 11 0 0 0 7
-2.0269885 -1.9658613 1.6738658 11 0 0 0 7
-1.9220055 -1.2243137 1.8888339 11 0 0 0 7
-2.0775039 -2.0184946 1.8714558 11 0 0 0 7
-1.9759119 -1.6569972 1.6639081 11 0 0 0 7
-1.9128556 -1.4184527 1.6564443 11 0 0 0 7
-2.0622165 -1.8845514 1.9984593 11 0 0 0 7
-1.9988699 -1.6790483 1.7835594 11 0 0 0 7
-1.978348 -1.6946856 1.7362505 11 0 0 0 7
-1.9188787 -1.541109 1.4473794 11 0 0 0 7
-1.9826896 -1.5802989 1.9460168 11 0 0 0 7
-1.8488628 -1.5135807 1.1706796 11 0 0 0 7
-2.0622396 -1.5785984 2.2656891 11 0 0 0 7
-2.0899098 -1.9495344 2.0543017 11 0 0 0 7
-2.0551388 -1.7218107 2.1030352 11 0 0 0 7
-1.8932132 -1.2700311 1.7999237 11 0 0 0 7
-2.0751555 -2.0658219 1.9043828 11 0 0 0 7
-1.9445058 -1.3058242 1.9350915 11 0 0 0 7
-2.0819936 -1.6520994 2.3091867 11 0 0 0 7
-2.0850716 -1.9399035 1.9750122 11 0 0 0 7
-1.9204009 -1.1798346 1.9662875 11 0 0 0 7
-1.9380946 -1.8611118 1.3762139 11 0 0 0 7
-1.919402 -1.2543404 1.8702106 11 0 0 0 7
-1.8920164 -1.3879986 1.607331 11 0 0 0 7
-1.9195108 -1.7317413 1.3563881 11 0 0 0 7
-2.0890319 -1.8520449 2.1101816 11 0 0 0 7
-1.8931643 -1.3703189 1.6039978 11 0 0 0 7
-1.9444695 -1.312873 1.9303045 12 0 0 0 7
-2.0338895 -1.8177576 1.9122267 12 0 0 0 7
-2.0818708 -1.8246368 2.2086248 12 0 0 0 7
-1.9822634 -1.4645141 1.8840232 12 0 0 0 7
-1.8969568 -1.0675033 1.9730374 12 0 0 0 7
-2.052541 -1.9421026 1.8141615 12 0 0 0 7
-2.0225213 -2.0260265 1.5868918 12 0 0 0 7
-2.0439148 -1.9201633 1.8399522 12 0 0 0 7
-1.8828285 -1.6339375 1.2387483 12 0 0 0 7
-1.9486787 -1.780763 1.4976046 12 0 0 0 7
-1.9877193 -1.4794905 2.0331264 12 0 0 0 7
-1.9231805 -1.5437156 1.5800103 12 0 0 0 7
-1.9019716 -1.0326701 1.9672859 12 0 0 0 7
-1.9103422 -1.2840062 1.8119513 12 0 0 0 7
-2.0128078 -1.9939897 1.584932 12 0 0 0 7
-2.1306663 -1.7925355 2.4333286 12 0 0 0 7
-2.0056522 -1.5321009 2.0592656 12 0 0 0 7
-1.9340416 -1.4177843 1.8016248 12 0 0 0 7
-2.0463324 -1.9397012 1.9016179 12 0 0 0 7
-2.0743411 -1.9601876 1.9600053 12 0 0 0 7
-2.0540884 -1.5513642 2.246366 12 0 0 0 7
-2.0692935 -1.7497561 2.1196079 12 0 0 0 7
-1.9429603 -1.7333002 1.3833196 12 0 0 0 7
-1.9816453 -1.6658587 1.7874587 12 0 0 0 7
-2.1195722 -2.0859098 2.0302532 12 0 0 0 7
-1.9147589 -1.6218745 1.4644889 12 0 0 0 7
-1.9441273 -1.5391283 1.634727 12 0 0 0 7
-1.9911225 -1.9622275 1.55414 12 0 0 0 7
-1.9797609 -1.8862118 1.4034748 12 0 0 0 7
-2.0971861 -2.1445444 1.9712254 12 0 0 0 7
-2.0101676 -1.7425156 1.8321837 12 0 0 0 7
-2.1301906 -1.7766987 2.4768364 12 0 0 0 7
-1.8966889 -1.6162379 1.3431851 12 0 0 0 7
-1.9340775 -1.5303285 1.5405948 12 0 0 0 7
-2.0159481 -1.7009372 1.7984812 12 0 0 0 7
-2.0930421 -2.2784269 1.7558335 12 0 0 0 7
-1.8791939 -1.3291199 1.5927939 12 0 0 0 7
-1.9396805 -1.2247934 1.9547904 12 0 0 0 7
-2.0960836 -1.8697044 2.1594245 12 0 0 0 7
-1.9864147 -1.63124 1.8404086 12 0 0 0 7
-1.9134922 -1.7445567 1.3278968 13 0 0 0 7
-1.977195 -1.9113035 1.4547712 13 0 0 0 7
-1.9905914 -1.6143998 1.8076426 13 0 0 0 7
-1.9849988 -1.951991 1.444515 13 0 0 0 7
-2.0909147 -2.2142711 1.8227676 13 0 0 0 7
-1.9840947 -1.4992462 2.0439286 13 0 0 0 7
-2.0143673 -1.3792254 2.1894729 13 0 0 0 7
-1.9204787 -1.5007118 1.6518127 13 0 0 0 7
-1.9355876 -1.310497 1.9011052 13 0 0 0 7
-2.0929852 -1.7491918 2.2292116 13 0 0 0 7
-2.0538645 -2.1328957 1.6545136 13 0 0 0 7
-1.9927711 -1.3367484 2.1767874 13 0 0 0 7
-1.9981171 -1.5474659 1.9190768 13 0 0 0 7
-2.0134015 -1.9840691 1.5369815 13 0 0 0 7
-1.9930907 -1.4152004 2.0688858 13 0 0 0 7
-2.0429237 -1.9187602 1.7789571 13 0 0 0 7
-2.0314677 -1.8049978 1.8602543 13 0 0 0 7
-2.057075 -2.0511417 1.7920493 13 0 0 0 7
-2.0992062 -1.715911 2.4157448 13 0 0 0 7
-1.906547 -1.0688367 1.9926828 13 0 0 0 7
-2.0771251 -1.6565748 2.3086545 13 0 0 0 7
-2.1046052 -2.0824828 2.0052211 13 0 0 0 7
-2.0505459 -1.5494515 2.2989872 13 0 0 0 7
-1.9565071 -1.5756165 1.7868077 13 0 0 0 7
-1.9758114 -1.3219448 2.0763471 13 0 0 0 7
-1.9297267 -1.568517 1.5677197 13 0 0 0 7
-1.9251987 -1.2891591 1.7563413 13 0 0 0 7
-2.020977 -1.9429209 1.7450604 13 0 0 0 7
-2.0895982 -2.174243 1.8653866 13 0 0 0 7
-2.0432513 -1.5558659 2.2277427 13 0 0 0 7
-1.9357854 -1.1826531 1.9524553 13 0 0 0 7
-2.0547826 -1.6271579 2.2180696 13 0 0 0 7
-1.8982381 -1.4853004 1.6615632 13 0 0 0 7
-1.9511751 -1.6448102 1.6051114 13 0 0 0 7
-2.0100458 -1.4438747 2.1553214 13 0 0 0 7
-1.9366649 -1.3024575 1.9132142 13 0 0 0 7
-1.9472373 -1.2557409 1.9742408 13 0 0 0 7
-2.0092828 -1.4357969 2.1837559 13 0 0 0 7
-2.0336931 -2.1011467 1.5206828 13 0 0 0 7
-2.1108656 -1.9386803 2.1453409 13 0 0 0 7
-2.067929 -2.1255717 1.8230202 14 0 0 0 7
-1.9646049 -1.7116965 1.628804 14 0 0 0 7
-1.9035289 -1.3997636 1.6018773 14 0 0 0 7
-1.8968159 -1.6990694 1.2644513 14 0 0 0 7
-2.123307 -1.820863 2.3547523 14 0 0 0 7
-1.8479079 -1.5579962 1.1770257 14 0 0 0 7
-2.0881255 -2.3199875 1.670583 14 0 0 0 7
-1.9681308 -1.6988916 1.6380739 14 0 0 0 7
-1.9819769 -1.5814677 1.7636199 14 0 0 0 7
-2.0963936 -1.9186859 2.2517064 14 0 0 0 7
-2.0186605 -2.0037878 1.6075892 14 0 0 0 7
-2.0956879 -1.7113479 2.3396575 14 0 0 0 7
-2.0531349 -1.7882859 1.9978403 14 0 0 0 7
-2.0346441 -1.533556 2.1930044 14 0 0 0 7
-1.8957303 -1.0993408 1.9261013 14 0 0 0 7
-2.0040019 -2.0051947 1.5776848 14 0 0 0 7
-2.035166 -1.5836582 2.2351449 14 0 0 0 7
-2.1067786 -1.9269009 2.1027327 14 0 0 0 7
-2.0000472 -1.7613654 1.720611 14 0 0 0 7
-1.8625473 -1.3380406 1.4765017 14 0 0 0 7
-2.0952885 -1.8945795 2.1907928 14 0 0 0 7
-1.9732623 -1.6502057 1.7357475 14 0 0 0 7
-2.0388532 -1.7205174 2.0530319 14 0 0 0 7
-1.9775596 -1.6961836 1.6536682 14 0 0 0 7
-2.1146224 -1.9127474 2.2486768 14 0 0 0 7
-2.043777 -2.1035826 1.5967455 14 0 0 0 7
-2.0972269 -1.7266465 2.3707266 14 0 0 0 7
-2.06635 -1.780077 2.1456184 14 0 0 0 7
-2.0451229 -1.9771304 1.7412981 14 0 0 0 7
-1.8930581 -1.2171638 1.7308047 14 0 0 0 7
-2.100852 -2.2701468 1.772926 14 0 0 0 7
-1.9353958 -1.7813009 1.4037836 14 0 0 0 7
-1.9624022 -1.4184874 1.9503292 14 0 0 0 7
-2.0081832 -1.8729271 1.7073257 14 0 0 0 7
-2.0331883 -1.9270675 1.696744 14 0 0 0 7
-2.0635917 -2.1102803 1.7500345 14 0 0 0 7
-2.1122005 -1.9017705 2.1835871 14 0 0 0 7
-1.8777913 -1.104992 1.7985402 14 0 0 0 7
-1.8989916 -1.5562129 1.3808893 14 0 0 0 7
-1.9761273 -1.7303387 1.5913687 14 0 0 0 7
-2.0169656 -1.9502072 1.6242299 15 0 0 0 7
-1.8950638 -1.0172956 1.9422219 15 0 0 0 7
-1.8898221 -1.2395208 1.6742029 15 0 0 0 7
-2.0991066 -2.1409814 1.9148501 15 0 0 0 7
-1.9896127 -1.7162378 1.6834874 15 0 0 0 7
-1.9530623 -1.7171751 1.5643989 15 0 0 0 7
-2.0614164 -2.0237355 1.844054 15 0 0 0 7
-2.0561914 -1.8946795 1.8063389 15 0 0 0 7
-1.9912232 -1.9128119 1.5645326 15 0 0 0 7
-2.0893145 -1.893435 2.0358765 15 0 0 0 7
-1.8812569 -1.3308196 1.6509238 15 0 0 0 7
-1.9562098 -1.6621073 1.6107174 15 0 0 0 7
-1.9250343 -1.7307413 1.351812 15 0 0 0 7
-2.033149 -1.6870193 2.0945313 15 0 0 0 7
-2.0391824 -2.0492985 1.5735527 15 0 0 0 7
-1.9140903 -1.2395221 1.9645333 15 0 0 0 7
-1.9890854 -1.7000299 1.7759454 15 0 0 0 7
-1.8564297 -1.2398453 1.6119857 15 0 0 0 7
-2.0421264 -1.9496024 1.8908226 15 0 0 0 7
-2.068944 -2.1244414 1.8049741 15 0 0 0 7
-2.0295274 -1.7950212 1.929811 15 0 0 0 7
-2.0578735 -1.5189896 2.3053992 15 0 0 0 7
-1.8616292 -1.19877 1.6703488 15 0 0 0 7
-2.0995746 -1.9618194 2.171026 15 0 0 0 7
-2.0680232 -2.1634476 1.773159 15 0 0 0 7
-1.9739149 -1.6595368 1.5071154 15 0 0 0 7
-1.9105748 -1.5683261 1.5276501 15 0 0 0 7
-2.1202285 -1.9656196 2.2054129 15 0 0 0 7
-1.9960226 -1.4418582 2.1806016 15 0 0 0 7
-1.9536585 -1.3730575 1.8380613 15 0 0 0 7
-2.1040409 -1.9352307 2.1255741 15 0 0 0 7
-2.020932 -1.4647454 2.2812533 15 0 0 0 7
-1.9857856 -1.3629452 2.1773438 15 0 0 0 7
-1.981782 -1.9496498 1.4316251 15 0 0 0 7
-2.0178053 -1.486165 2.1865945 15 0 0 0 7
-1.8993963 -1.4594195 1.5251826 15 0 0 0 7
-1.8538314 -1.582319 1.2225713 15 0 0 0 7
-2.0801578 -2.0861161 1.7700157 15 0 0 0 7
-1.9113053 -1.6718127 1.3717792 15 0 0 0 7
-2.1262524 -1.7356851 2.4208307 15 0 0 0 7
-2.0206275 -1.6088715 2.0978129 16 0 0 0 7
-2.1394429 -1.7631211 2.421186 16 0 0 0 7
-1.9575126 -1.7640404 1.4230171 16 0 0 0 7
-2.0511961 -1.6228547 2.243031 16 0 0 0 7
-1.9927317 -1.8592966 1.5740914 16 0 0 0 7
-2.0309923 -1.7923383 1.86841 16 0 0 0 7
-1.9616232 -1.7871017 1.4690999 16 0 0 0 7
-1.9410199 -1.6296102 1.4037912 16 0 0 0 7
-1.8606217 -1.3484172 1.4964763 16 0 0 0 7
-2.0247543 -1.4632728 2.1749573 16 0 0 0 7
-2.1144674 -1.8485808 2.2404637 16 0 0 0 7
-2.0286894 -1.5500566 2.090591 16 0 0 0 7
-1.9453232 -1.1330135 2.0599968 16 0 0 0 7
-2.0980699 -2.039588 1.9939924 16 0 0 0 7
-1.9228593 -1.1365767 2.0504246 16 0 0 0 7
-2.1313941 -2.1327651 1.9621489 16 0 0 0 7
-1.9703555 -1.3842212 2.0085342 16 0 0 0 7
-1.978439 -1.8817108 1.4958305 16 0 0 0 7
-2.0652192 -1.8117917 2.0741124 16 0 0 0 7
-2.0530939 -2.0542722 1.7551935 16 0 0 0 7
-2.0752802 -1.692502 2.2792871 16 0 0 0 7
-2.0281878 -1.5300032 2.1253769 16 0 0 0 7
-1.9478003 -1.3344167 1.8697827 16 0 0 0 7
-1.9068707 -1.5168217 1.4953997 16 0 0 0 7
-2.0164301 -1.8599364 1.8044304 16 0 0 0 7
-2.0008979 -1.8632572 1.6759697 16 0 0 0 7
-1.9578407 -1.585161 1.7339987 16 0 0 0 7
-1.9442152 -1.2081838 2.0734704 16 0 0 0 7
-1.9234922 -1.225734 1.9654431 16 0 0 0 7
-1.8622347 -1.2286783 1.6029474 16 0 0 0 7
-2.0423193 -2.1098433 1.657439 16 0 0 0 7
-1.9184318 -1.2043364 1.9075561 16 0 0 0 7
-1.9163333 -1.3696046 1.7460626 16 0 0 0 7
-1.8818942 -1.6479698 1.2513031 16 0 0 0 7
-1.9065558 -1.4558116 1.5722816 16 0 0 0 7
-2.0412595 -1.6365732 2.1337681 16 0 0 0 7
-1.9734662 -1.7518532 1.5827681 16 0 0 0 7
-2.0276587 -1.8868966 1.7528117 16 0 0 0 7
-1.9824145 -1.8853495 1.6296211 16 0 0 0 7
-2.0090349 -1.8208046 1.8517205 16 0 0 0 7
-2.1099029 -1.7932914 2.4157584 17 0 0 0 7
-1.9974627 -1.7459483 1.7122719 17 0 0 0 7
-1.9213419 -1.6840978 1.3613933 17 0 0 0 7
-1.9447372 -1.3363885 1.8273199 17 0 0 0 7
-1.9689914 -1.5686036 1.8295634 17 0 0 0 7
-2.1017203 -1.8684878 2.1347764 17 0 0 0 7
-2.0606585 -1.7313356 2.1716578 17 0 0 0 7
-1.9723879 -1.691648 1.70064 17 0 0 0 7
-2.0129778 -1.5217862 2.1492801 17 0 0 0 7
-1.9005557 -1.0120924 1.989993 17 0 0 0 7
-2.1035442 -1.9752553 2.0524499 17 0 0 0 7
-2.0209506 -1.7732303 1.8491802 17 0 0 0 7
-1.975054 -1.6020968 1.8806119 17 0 0 0 7
-1.9933709 -1.4334501 2.0152619 17 0 0 0 7
-2.0950644 -1.9847565 2.0366547 17 0 0 0 7
-1.9610367 -1.5714482 1.7664648 17 0 0 0 7
-2.029474 -2.1405518 1.5600079 17 0 0 0 7
-2.0979578 -2.2472215 1.7493503 17 0 0 0 7
-2.0602827 -1.6964971 2.1295438 17 0 0 0 7
-2.0770228 -2.1919436 1.7399592 17 0 0 0 7
-1.9494132 -1.7961161 1.4253553 17 0 0 0 7
-1.9487638 -1.505471 1.7768425 17 0 0 0 7
-2.1011605 -1.6915673 2.3775678 17 0 0 0 7
-1.9313706 -1.4980103 1.6864161 17 0 0 0 7
-2.1044421 -1.6814855 2.395191 17 0 0 0 7
-1.959528 -1.8346785 1.3815992 17 0 0 0 7
-1.9549509 -1.373708 2.0447776 17 0 0 0 7
-1.9990263 -1.7086189 1.7851218 17 0 0 0 7
-2.0646305 -1.9028103 1.9548268 17 0 0 0 7
-1.9228745 -1.1733783 1.9198089 17 0 0 0 7
-1.9508828 -1.4420397 1.7103922 17 0 0 0 7
-1.9328165 -1.5017985 1.6391503 17 0 0 0 7
-1.9211724 -1.5807124 1.4515305 17 0 0 0 7
-1.9843681 -1.7344763 1.8445849 17 0 0 0 7
-1.999794 -1.9326627 1.605662 17 0 0 0 7
-2.1005821 -2.1858814 1.8158116 17 0 0 0 7
-2.0435636 -1.743448 2.0282819 17 0 0 0 7
-1.9514878 -1.3169278 2.010694 17 0 0 0 7
-2.0521712 -1.5861942 2.1821902 17 0 0 0 7
-1.9052775 -1.3788579 1.6769171 17 0 0 0 7
-1.9782861 -1.5396203 1.8971735 18 0 0 0 7
-1.963098 -1.4843307 1.9088838 18 0 0 0 7
-2.1078227 -1.7055962 2.3072219 18 0 0 0 7
-1.9326924 -1.3423121 1.7967019 18 0 0 0 7
-1.9827204 -1.2921524 2.1481075 18 0 0 0 7
-1.9251739 -1.648931 1.4297301 18 0 0 0 7
-2.076292 -1.6407775 2.3090854 18 0 0 0 7
-1.9711856 -1.4298263 1.8922969 18 0 0 0 7
-2.0428329 -1.6965252 2.0511346 18 0 0 0 7
-1.9045837 -1.3479836 1.5959445 18 0 0 0 7
-2.1120002 -2.0553117 1.9526153 18 0 0 0 7
-2.067009 -1.7850333 2.1717548 18 0 0 0 7
-1.931917 -1.2793765 1.9285036 18 0 0 0 7
-1.9444005 -1.8861529 1.3961483 18 0 0 0 7
-2.1131508 -1.8090875 2.3329377 18 0 0 0 7
-1.894044 -1.2763758 1.7246112 18 0 0 0 7
-1.9650456 -1.5564691 1.7718135 18 0 0 0 7
-1.9853809 -1.8413588 1.5362254 18 0 0 0 7
-1.9912879 -1.547078 2.0002923 18 0 0 0 7
-2.0176175 -1.4752562 2.1269212 18 0 0 0 7
-1.9900216 -1.437108 1.9721062 18 0 0 0 7
-1.9988822 -2.0047743 1.5055064 18 0 0 0 7
-1.8940492 -1.4870535 1.5202987 18 0 0 0 7
-2.1202548 -1.7831757 2.3642089 18 0 0 0 7
-1.9387282 -1.4962996 1.7313105 18 0 0 0 7
-1.9008844 -1.2398326 1.8184552 18 0 0 0 7
-1.8940899 -1.3769521 1.6512766 18 0 0 0 7
-1.9301276 -1.5556489 1.6117567 18 0 0 0 7
-1.8889068 -1.3824313 1.490222 18 0 0 0 7
-2.0699437 -1.7350644 2.1471224 18 0 0 0 7
-2.1062853 -1.920169 2.1197724 18 0 0 0 7
-1.9246656 -1.6794914 1.3745481 18 0 0 0 7
-1.9861356 -1.6870744 1.6904628 18 0 0 0 7
-1.8801641 -1.0304585 1.9428195 18 0 0 0 7
-2.0258276 -1.6217053 2.0603731 18 0 0 0 7
-2.0537586 -1.5939572 2.2355347 18 0 0 0 7
-2.0002789 -1.6130527 1.9490867 18 0 0 0 7
-2.095036 -2.2553532 1.7638973 18 0 0 0 7
-1.9440053 -1.4729199 1.7377822 18 0 0 0 7
-1.9408728 -1.6360373 1.6194946 18 0 0 0 7
-1.9221739 -1.099949 1.944677 19 0 0 0 7
-1.9640894 -1.4884007 1.9008526 19 0 0 0 7
-2.0919802 -1.9090273 2.1111531 19 0 0 0 7
-1.9021007 -1.2663614 1.8284407 19 0 0 0 7
-1.9658757 -1.7897377 1.3785051 19 0 0 0 7
-1.9242276 -1.6888024 1.3422333 19 0 0 0 7
-1.9518236 -1.5678228 1.6283761 19 0 0 0 7
-2.0773506 -1.7740821 2.2301362 19 0 0 0 7
-1.9301388 -1.6952877 1.4692719 19 0 0 0 7
-1.9554718 -1.7013347 1.5830549 19 0 0 0 7
-1.9554931 -1.7171575 1.5256219 19 0 0 0 7
-1.9984515 -1.7003772 1.8009533 19 0 0 0 7
-2.0268233 -1.7658824 1.8888217 19 0 0 0 7
-2.0041251 -1.9325776 1.5562434 19 0 0 0 7
-2.046721 -2.0975406 1.7197776 19 0 0 0 7
-1.980173 -1.7905204 1.6743623 19 0 0 0 7
-2.1318843 -1.8124207 2.40518 19 0 0 0 7
-2.0184405 -1.5498084 2.1803775 19 0 0 0 7
-1.9284714 -1.53979 1.540808 19 0 0 0 7
-2.03701 -1.9057527 1.7746798 19 0 0 0 7
-2.0671782 -2.0298741 1.7633755 19 0 0 0 7
-1.9695026 -1.5088587 1.8872144 19 0 0 0 7
-1.9167761 -1.3738302 1.7960517 19 0 0 0 7
-2.0894499 -1.7371454 2.3380153 19 0 0 0 7
-1.9174925 -1.2553999 1.7937279 19 0 0 0 7
-2.0291257 -1.889962 1.8280255 19 0 0 0 7
-1.8606647 -1.4926867 1.2602043 19 0 0 0 7
-1.9350749 -1.5849552 1.5080339 19 0 0 0 7
-1.9889803 -1.7357984 1.7212201 19 0 0 0 7
-1.8644829 -1.539416 1.1569756 19 0 0 0 7
-2.0814126 -2.005645 1.9192151 19 0 0 0 7
-2.078455 -2.0620224 1.7989788 19 0 0 0 7
-2.0906749 -2.0623631 1.8429542 19 0 0 0 7
-2.0337439 -2.0036719 1.6463456 19 0 0 0 7
-2.0552826 -2.023685 1.7974559 19 0 0 0 7
-1.9575483 -1.2614094 2.0701959 19 0 0 0 7
-1.9780631 -1.5128345 1.8949289 19 0 0 0 7
-1.9234272 -1.4787633 1.5459014 19 0 0 0 7
-1.8890871 -1.3531958 1.563848 19 0 0 0 7
-2.0637977 -2.0905771 1.7633808 19 0 0 0 7
0.18846771 0.4025563 0.12939687 0 0 0 0 8
0.35514322 0.31059813 0.15068261 0 0 0 0 8
0.88224697 0.28466684 0.14420883 0 0 0 0 8
0.46302852 0.37215376 0.12392387 0 0 0 0 8
0.9079566 0.3612375 0.086760648 0 0 0 0 8
0.7614544 0.60499167 0.0027992181 0 0 0 0 8
0.93465465 0.37966269 0.08176472 0 0 0 0 8
0.75293899 0.65233523 -0.023251133 0 0 0 0 8
1.0880607 0.73290414 -0.052242536 0 0 0 0 8
1.0721931 0.91956204 -0.15837505 0 0 0 0 8
0.60194832 0.45193568 0.06572549 0 0 0 0 8
0.29058892 0.28021002 0.14814895 0 0 0 0 8
0.73362982 0.33308128 0.11328986 0 0 0 0 8
0.50343299 0.43395191 0.092088923 0 0 0 0 8
0.71428299 0.91068733 -0.11257761 0 0 0 0 8
0.22889325 0.21421002 0.20538014 0 0 0 0 8
0.55024743 0.48249996 0.059635159 0 0 0 0 8
0.8808592 0.85180432 -0.12452207 0 0 0 0 8
0.4837966 0.26186386 0.15776618 0 0 0 0 8
0.40802827 0.77825725 -0.055989251 0 0 0 0 8
0.74030554 0.20681341 0.17876685 0 0 0 0 8
0.45370755 0.65138346 -0.00066542381 0 0 0 0 8
1.0603436 0.70531988 -0.05712945 0 0 0 0 8
0.98653835 0.025097867 0.26334241 0 0 0 0 8
0.24901091 0.68303716 -0.0096665574 0 0 0 0 8
1.0010047 0.041723963 0.24044621 0 0 0 0 8
0.52180362 0.22000341 0.17526843 0 0 0 0 8
0.59779298 0.5825066 0.017403413 0 0 0 0 8
0.36343288 0.12030328 0.24292555 0 0 0 0 8
0.30934972 0.11485999 0.23020405 0 0 0 0 8
0.38289067 -0.014166257 0.2809239 0 0 0 0 8
0.50143993 0.24849628 0.16784628 0 0 0 0 8
0.98457456 0.70633084 -0.067917451 0 0 0 0 8
0.30347276 0.24169941 0.17588268 0 0 0 0 8
0.40697527 0.013107399 0.28515518 0 0 0 0 8
0.78582436 0.69748849 -0.038976841 0 0 0 0 8
0.30369505 0.21949197 0.19165027 0 0 0 0 8
0.4283877 0.58754998 0.027813107 0 0 0 0 8
0.57771224 0.69034219 -0.015491099 0 0 0 0 8
1.0228928 0.67755306 -0.058710434 0 0 0 0 8
0.54593778 0.097457357 0.23519611 1 0 0 0 8
0.7071014 0.21572645 0.19518891 1 0 0 0 8
1.0990814 0.14578225 0.20597425 1 0 0 0 8
1.0746619 0.66489482 -0.032607358 1 0 0 0 8
0.29547131 0.77586764 -0.045681991 1 0 0 0 8
0.1656522 0.47025067 0.086586609 1 0 0 0 8
0.82514977 0.83082938 -0.12442026 1 0 0 0 8
0.97188258 0.038290221 0.2456284 1 0 0 0 8
0.3729074 0.85230333 -0.10762647 1 0 0 0 8
0.67815971 0.62216967 -0.0094486577 1 0 0 0 8
0.73664677 0.75091177 -0.071431927 1 0 0 0 8
1.0246136 0.52765918 0.02784368 1 0 0 0 8
1.1327751 0.36147359 0.092725962 1 0 0 0 8
0.4114165 0.36328399 0.1066294 1 0 0 0 8
1.0868324 0.079780169 0.24214369 1 0 0 0 8
0.77813023 0.86187053 -0.11339927 1 0 0 0 8
1.1571481 0.077268034 0.23907612 1 0 0 0 8
0.44209561 0.32690504 0.13816471 1 0 0 0 8
1.0546644 0.51704264 0.019275542 1 0 0 0 8
0.57730979 0.41637179 0.092324317 1 0 0 0 8
0.39763314 0.77824008 -0.068253078 1 0 0 0 8
0.99190807 0.12721802 0.20894057 1 0 0 0 8
1.0853765 0.81644243 -0.1169695 1 0 0 0 8
0.97568828 0.5511477 0.01960378 1 0 0 0 8
0.36112386 0.46886536 0.084576741 1 0 0 0 8
0.22524415 0.12524931 0.23492105 1 0 0 0 8
0.15055959 0.83755815 -0.070658669 1 0 0 0 8
0.94831651 0.77541685 -0.076803885 1 0 0 0 8
0.91775692 0.12822957 0.20932238 1 0 0 0 8
0.49200079 0.8412357 -0.10584743 1 0 0 0 8
0.37371522 0.77165157 -0.056359235 1 0 0 0 8
1.116879 0.20822461 0.15198143 1 0 0 0 8
0.44999313 0.46085346 0.092441179 1 0 0 0 8
0.44610071 0.33634585 0.14018877 1 0 0 0 8
0.74588871 0.15139104 0.21999532 1 0 0 0 8
0.47556406 0.54203784 0.043829948 1 0 0 0 8
1.0183253 0.4899745 0.049434606 1 0 0 0 8
0.83008122 0.38427159 0.086967163 1 0 0 0 8
0.67861128 0.049311373 0.27702481 1 0 0 0 8
0.72371465 0.8378036 -0.10670367 1 0 0 0 8
0.15961073 0.45289448 0.086900018 2 0 0 0 8
0.82269007 0.71569729 -0.043711238 2 0 0 0 8
0.80345255 0.87664318 -0.12403951 2 0 0 0 8
0.91121358 0.57803607 0.020930858 2 0 0 0 8
1.0252783 0.53109378 0.038035292 2 0 0 0 8
0.74649918 0.60140103 0.024943264 2 0 0 0 8
0.71133751 0.71838254 -0.046490926 2 0 0 0 8
0.24075793 0.015744573 0.27045986 2 0 0 0 8
0.12081154 0.57676393 0.052234963 2 0 0 0 8
1.0083218 0.7806263 -0.097077869 2 0 0 0 8
1.1288095 0.12240583 0.18964963 2 0 0 0 8
0.98680401 0.79585683 -0.10702594 2 0 0 0 8
1.0868895 0.12790392 0.21757171 2 0 0 0 8
0.16102676 0.82765126 -0.092517711 2 0 0 0 8
0.57447416 0.85406458 -0.094983518 2 0 0 0 8
0.3037253 0.21428378 0.17437597 2 0 0 0 8
0.76319319 0.66222894 -0.0067254286 2 0 0 0 8
0.26200974 -0.038872849 0.31799197 2 0 0 0 8
0.72814846 0.40135843 0.081530228 2 0 0 0 8
0.26583266 0.6505782 0.0033385952 2 0 0 0 8
0.64618623 0.27490911 0.14516753 2 0 0 0 8
0.86181837 0.82416683 -0.094420344 2 0 0 0 8
0.66939002 0.3423942 0.12416095 2 0 0 0 8
0.87207407 0.40491191 0.091355078 2 0 0 0 8
0.51445746 0.26832199 0.16518542 2 0 0 0 8
0.78872508 0.43539971 0.06177127 2 0 0 0 8
0.84568316 0.56385493 0.012220598 2 0 0 0 8
0.35216674 0.37601042 0.12191367 2 0 0 0 8
0.42033744 0.16602953 0.22657824 2 0 0 0 8
0.50548041 0.66684622 0.0030134763 2 0 0 0 8
0.96694911 0.87804312 -0.11933214 2 0 0 0 8
1.0182004 0.82192296 -0.11122084 2 0 0 0 8
0.29662496 0.44210029 0.091651857 2 0 0 0 8
1.03983 0.48557156 0.046121437 2 0 0 0 8
0.41690949 0.15200154 0.21789116 2 0 0 0 8
0.6827355 0.64602613 -0.015760506 2 0 0 0 8
0.76265728 0.75277418 -0.073807858 2 0 0 0 8
1.0899595 0.68807405 -0.052742813 2 0 0 0 8
0.97151393 0.72192621 -0.062007453 2 0 0 0 8
0.5258801 0.03346492 0.27365184 2 0 0 0 8
0.20559834 -0.010854855 0.30648392 3 0 0 0 8
0.94765878 0.20156752 0.17280792 3 0 0 0 8
0.85112596 0.055169474 0.24846217 3 0 0 0 8
0.25765309 0.27437353 0.17398293 3 0 0 0 8
0.51604527 0.041072298 0.27022699 3 0 0 0 8
0.1270057 0.8157227 -0.082398079 3 0 0 0 8
0.77201021 0.45015791 0.064218983 3 0 0 0 8
0.93172741 0.36307499 0.11903737 3 0 0 0 8
0.37287459 0.2721439 0.16082987 3 0 0 0 8
0.93889654 0.19412789 0.18834366 3 0 0 0 8
0.56563795 0.62641132 -0.011098769 3 0 0 0 8
0.77799314 0.40347677 0.090981647 3 0 0 0 8
0.58972061 0.60040891 0.0044151903 3 0 0 0 8
0.38968 0.41905805 0.10589138 3 0 0 0 8
0.34123063 0.4537738 0.091821499 3 0 0 0 8
0.77817732 0.68276209 -0.042442828 3 0 0 0 8
0.56369853 -0.025009092 0.27363241 3 0 0 0 8
0.95029217 0.28586602 0.14181237 3 0 0 0 8
0.7693699 0.75971884 -0.061551336 3 0 0 0 8
1.0039651 0.22929686 0.15892343 3 0 0 0 8
0.19517763 0.37602577 0.13696256 3 0 0 0 8
0.90720057 0.43415868 0.082602054 3 0 0 0 8
0.95391703 0.50399405 0.056919776 3 0 0 0 8
0.8297891 0.82660878 -0.10029413 3 0 0 0 8
0.15420064 0.6521548 0.017745579 3 0 0 0 8
0.27101114 0.43484843 0.10941366 3 0 0 0 8
0.45304051 0.027472666 0.28762484 3 0 0 0 8
0.54013717 0.12465966 0.22530669 3 0 0 0 8
0.77200115 0.27462083 0.16153519 3 0 0 0 8
0.29893726 0.43648511 0.097014472 3 0 0 0 8
0.92432702 0.62661934 -0.013175891 3 0 0 0 8
0.75051153 0.2774213 0.16614497 3 0 0 0 8
0.38986704 0.14057414 0.23426431 3 0 0 0 8
1.1096059 0.35810599 0.1022504 3 0 0 0 8
1.1014805 0.21284258 0.16322109 3 0 0 0 8
1.0592065 0.27816874 0.13848254 3 0 0 0 8
0.18885915 -0.034816556 0.30745557 3 0 0 0 8
0.64213282 0.25020212 0.15200409 3 0 0 0 8
0.546929 0.52067268 0.074616015 3 0 0 0 8
0.21710154 0.39165959 0.1057222 3 0 0 0 8
0.55543292 0.13454174 0.22828358 4 0 0 0 8
0.58582807 0.47154287 0.08839339 4 0 0 0 8
0.8337937 0.024991361 0.26712924 4 0 0 0 8
0.75319248 0.71976864 -0.035976592 4 0 0 0 8
0.70205361 0.089830674 0.23746622 4 0 0 0 8
0.56682795 0.28121281 0.16286017 4 0 0 0 8
0.14186272 0.49351856 0.09976881 4 0 0 0 8
0.32812682 0.0037463368 0.30311972 4 0 0 0 8
0.5750047 0.4314906 0.077423841 4 0 0 0 8
0.46209413 0.7775892 -0.045544986 4 0 0 0 8
1.0164258 0.30278656 0.11191311 4 0 0 0 8
0.27763435 0.46726611 0.080036595 4 0 0 0 8
0.84284091 0.17176862 0.20377091 4 0 0 0 8
0.51625949 0.20820375 0.19828121 4 0 0 0 8
1.1313205 0.039073795 0.23316211 4 0 0 0 8
0.40148327 0.32313809 0.14532825 4 0 0 0 8
0.46746257 -0.018041693 0.29858848 4 0 0 0 8
0.17111742 0.68991953 0.0014786771 4 0 0 0 8
0.84841764 0.62572926 -0.004180063 4 0 0 0 8
0.82829481 0.056993645 0.23169436 4 0 0 0 8
0.22914687 0.69518864 -0.024716891 4 0 0 0 8
0.82483256 0.13503067 0.20667905 4 0 0 0 8
0.24772109 0.32253939 0.15569703 4 0 0 0 8
0.43273863 0.49968645 0.058140222 4 0 0 0 8
1.097858 0.15564814 0.18928854 4 0 0 0 8
0.13823491 0.50963998 0.074054986 4 0 0 0 8
0.78293347 0.55534381 0.017771427 4 0 0 0 8
0.26092818 0.38575467 0.12491853 4 0 0 0 8
0.43514419 0.41223773 0.098789982 4 0 0 0 8
1.0598693 0.88751221 -0.13579105 4 0 0 0 8
0.31054598 0.17748092 0.21708846 4 0 0 0 8
0.22850348 0.088991664 0.25774229 4 0 0 0 8
0.66344011 0.66117126 -0.015362155 4 0 0 0 8
0.81966573 0.26460773 0.15541787 4 0 0 0 8
0.81302935 0.12457018 0.21320422 4 0 0 0 8
0.94766492 0.69836468 -0.043371692 4 0 0 0 8
1.1148 0.1443103 0.19478998 4 0 0 0 8
0.81751549 0.78500211 -0.08961907 4 0 0 0 8
0.51165318 0.31735063 0.15925093 4 0 0 0 8
0.14549969 0.39800698 0.11903883 4 0 0 0 8
0.95432055 0.34843314 0.1095503 5 0 0 0 8
1.1022216 0.36426994 0.10015086 5 0 0 0 8
0.25165999 0.44725463 0.089613482 5 0 0 0 8
0.91072899 0.57369965 0.0054060896 5 0 0 0 8
1.0761707 0.020255227 0.22686429 5 0 0 0 8
0.87986022 0.85058099 -0.12413111 5 0 0 0 8
0.64908856 0.43405616 0.091638237 5 0 0 0 8
0.90433407 0.40662965 0.094023742 5 0 0 0 8
0.40992844 0.11844491 0.24308729 5 0 0 0 8
0.84619534 0.34232315 0.12552653 5 0 0 0 8
0.49304971 0.61607933 0.018594643 5 0 0 0 8
1.0177449 0.68709409 -0.041023768 5 0 0 0 8
0.64070052 0.24715026 0.17130542 5 0 0 0 8
0.32216036 0.35569513 0.14168774 5 0 0 0 8
0.17521 0.081442133 0.28118303 5 0 0 0 8
1.1145526 0.088498265 0.22655717 5 0 0 0 8
0.64487487 0.28673041 0.14834122 5 0 0 0 8
0.27608541 0.83729327 -0.078571014 5 0 0 0 8
1.1292002 0.37265483 0.092608579 5 0 0 0 8
0.44055837 0.70424467 -0.032291312 5 0 0 0 8
1.078378 0.31633323 0.12507229 5 0 0 0 8
0.75632632 0.67468107 -0.034769196 5 0 0 0 8
0.93631059 0.045737214 0.23942967 5 0 0 0 8
0.78858328 0.28980529 0.14793043 5 0 0 0 8
0.17514028 0.56165826 0.043247823 5 0 0 0 8
1.028752 0.67991918 -0.049924929 5 0 0 0 8
0.53085715 0.65631938 -0.026514491 5 0 0 0 8
0.62773752 0.81515241 -0.08006116 5 0 0 0 8
1.0947514 0.18718117 0.18681681 5 0 0 0 8
0.32514518 0.45096803 0.088265441 5 0 0 0 8
0.69207484 0.79762805 -0.081594311 5 0 0 0 8
0.63228816 0.63046539 -0.00016777343 5 0 0 0 8
0.73558903 0.34663227 0.12352979 5 0 0 0 8
1.0471023 0.58524197 -0.00036595465 5 0 0 0 8
0.20828938 0.66129494 -0.010504113 5 0 0 0 8
0.78044331 0.70885426 -0.034185953 5 0 0 0 8
0.29249251 0.52823234 0.0490871 5 0 0 0 8
0.81324595 0.027425477 0.24567093 5 0 0 0 8
0.8161543 0.47390452 0.068026163 5 0 0 0 8
0.76414484 0.78925955 -0.070037566 5 0 0 0 8
1.0627048 0.17798811 0.172456 6 0 0 0 8
0.62392783 0.32311648 0.1285402 6 0 0 0 8
0.77172053 0.65289265 -0.024087027 6 0 0 0 8
0.91665465 0.66764492 -0.036096055 6 0 0 0 8
1.1348439 0.19223635 0.16070661 6 0 0 0 8
0.30581325 0.55799156 0.047354691 6 0 0 0 8
0.58447117 -0.010654042 0.2849102 6 0 0 0 8
0.9412297 0.42365107 0.07572636 6 0 0 0 8
0.3343206 0.85914278 -0.08030396 6 0 0 0 8
0.24832341 0.57509494 0.014654171 6 0 0 0 8
0.51411802 0.82070136 -0.092698157 6 0 0 0 8
0.5202415 0.77483076 -0.058403496 6 0 0 0 8
1.0341234 0.90523016 -0.14523308 6 0 0 0 8
1.1374582 0.25904566 0.14186595 6 0 0 0 8
0.73405939 0.39191619 0.092042364 6 0 0 0 8
0.47610927 0.38413921 0.11888652 6 0 0 0 8
0.75256515 0.80067313 -0.092414007 6 0 0 0 8
0.5147658 0.21728863 0.1677741 6 0 0 0 8
0.30058792 0.58664578 0.035397075 6 0 0 0 8
0.83954972 0.24918623 0.16393377 6 0 0 0 8
0.55389118 0.67550474 -0.024077792 6 0 0 0 8
0.83203316 0.11574865 0.20648921 6 0 0 0 8
0.83197457 0.3937346 0.084460601 6 0 0 0 8
0.86896372 0.23299539 0.15533558 6 0 0 0 8
0.56220829 0.80476815 -0.081224591 6 0 0 0 8
0.63973409 -0.017926751 0.27424383 6 0 0 0 8
0.42002764 0.71051162 -0.024779724 6 0 0 0 8
0.57452697 0.50501448 0.060439959 6 0 0 0 8
0.21716437 0.46406066 0.10255792 6 0 0 0 8
0.43875733 0.64214677 -0.011808978 6 0 0 0 8
0.56631851 0.24953552 0.16571312 6 0 0 0 8
0.7188285 0.77699023 -0.049937058 6 0 0 0 8
0.98454034 0.23747894 0.15581463 6 0 0 0 8
0.22160885 0.53702837 0.044755351 6 0 0 0 8
0.12920302 0.59715354 0.040716156 6 0 0 0 8
0.44015747 0.77471691 -0.066657178 6 0 0 0 8
0.35246426 0.30716309 0.15723293 6 0 0 0 8
1.0647519 0.1145486 0.21409373 6 0 0 0 8
0.99316239 0.81733048 -0.1136395 6 0 0 0 8
0.99024731 0.34887451 0.11582226 6 0 0 0 8
0.99275202 0.74068713 -0.07342793 7 0 0 0 8
1.0940983 0.74721444 -0.072552338 7 0 0 0 8
0.91977918 0.07757026 0.22673917 7 0 0 0 8
0.3022446 0.31208292 0.15998182 7 0 0 0 8
0.92816645 0.80292928 -0.09659753 7 0 0 0 8
1.071208 0.1895984 0.16653179 7 0 0 0 8
0.68262309 0.58981353 -0.00079373253 7 0 0 0 8
0.87188184 0.13870446 0.20482291 7 0 0 0 8
0.57430029 0.61404681 -0.0049600713 7 0 0 0 8
0.98656684 0.30112895 0.13959728 7 0 0 0 8
0.83289796 0.67070264 -0.014469168 7 0 0 0 8
0.70591366 0.19960923 0.20891853 7 0 0 0 8
0.99059701 0.025938025 0.25371447 7 0 0 0 8
0.31484672 0.77445173 -0.03622295 7 0 0 0 8
0.28082073 0.21012625 0.18376163 7 0 0 0 8
0.34846875 0.35485369 0.13572614 7 0 0 0 8
0.24538076 0.65852004 0.0091144117 7 0 0 0 8
0.62741327 0.33788085 0.11749902 7 0 0 0 8
1.1170408 0.28722125 0.1148747 7 0 0 0 8
0.69416571 0.78961325 -0.08503329 7 0 0 0 8
0.36399105 0.077635936 0.24923719 7 0 0 0 8
0.66788107 0.10782513 0.241145 7 0 0 0 8
0.96163976 0.61531365 0.0010992711 7 0 0 0 8
0.95338869 0.57956403 0.014725744 7 0 0 0 8
0.46563575 0.80195284 -0.078765638 7 0 0 0 8
0.43900359 0.2650314 0.16449851 7 0 0 0 8
0.95464152 0.21324761 0.16767177 7 0 0 0 8
0.49562594 0.31018978 0.15081266 7 0 0 0 8
0.71232748 0.70740879 -0.034835614 7 0 0 0 8
0.85438287 0.51833022 0.033850402 7 0 0 0 8
0.37035304 0.7080391 -0.025453662 7 0 0 0 8
0.89843798 0.29789755 0.12745164 7 0 0 0 8
0.6959275 0.23395303 0.17077123 7 0 0 0 8
0.79836011 0.68105966 -0.035317827 7 0 0 0 8
0.7499308 0.081535719 0.2305942 7 0 0 0 8
1.0325955 0.5180226 0.016306624 7 0 0 0 8
0.39113823 0.79255968 -0.066112235 7 0 0 0 8
0.14890841 0.37474039 0.14203264 7 0 0 0 8
0.15625389 0.27222827 0.17296563 7 0 0 0 8
1.014149 0.17265116 0.17286021 7 0 0 0 8
0.78978908 0.73125947 -0.065750644 8 0 0 0 8
0.23369494 0.17354193 0.22491409 8 0 0 0 8
1.1121594 0.10555665 0.20344912 8 0 0 0 8
0.35929051 0.12385299 0.22368464 8 0 0 0 8
1.1444801 0.20402177 0.17167404 8 0 0 0 8
0.32894367 0.81816584 -0.068368994 8 0 0 0 8
0.76304686 0.35789785 0.11412466 8 0 0 0 8
0.48381722 0.55585849 0.038557392 8 0 0 0 8
0.92991775 0.037242252 0.26718524 8 0 0 0 8
0.99153334 0.32856968 0.1201416 8 0 0 0 8
0.67574728 0.43408999 0.095413454 8 0 0 0 8
0.9060114 0.38874272 0.080179431 8 0 0 0 8
1.0213352 0.37402195 0.093277968 8 0 0 0 8
0.51388061 0.1707662 0.20276277 8 0 0 0 8
0.62510478 0.69893271 -0.027686682 8 0 0 0 8
0.757918 0.083590612 0.2367117 8 0 0 0 8
0.22699837 0.63436317 0.017750397 8 0 0 0 8
0.1850843 0.84025246 -0.092877641 8 0 0 0 8
0.79643875 0.034488093 0.26856115 8 0 0 0 8
0.87923676 0.53697491 0.039707605 8 0 0 0 8
0.71064597 0.63897324 -0.014058181 8 0 0 0 8
1.1354921 0.34451607 0.10878415 8 0 0 0 8
0.87192178 0.81408441 -0.090855561 8 0 0 0 8
0.55577826 0.60086221 0.028951971 8 0 0 0 8
0.42799556 0.42679286 0.101639 8 0 0 0 8
0.94040394 0.88739884 -0.1325669 8 0 0 0 8
0.98329556 0.067101523 0.24203984 8 0 0 0 8
1.0116032 0.76219004 -0.078256793 8 0 0 0 8
0.96179885 0.1641843 0.1816936 8 0 0 0 8
0.43915451 -0.021549322 0.29525107 8 0 0 0 8
0.28678736 -0.0045014997 0.2911872 8 0 0 0 8
0.89106667 0.45419076 0.064542443 8 0 0 0 8
0.43000662 0.39069247 0.10800458 8 0 0 0 8
1.0088272 0.57300574 0.018944526 8 0 0 0 8
0.82535356 0.3974289 0.096140429 8 0 0 0 8
0.17121774 0.21904071 0.20208032 8 0 0 0 8
0.25483584 0.67832297 -0.0039327685 8 0 0 0 8
0.85775298 0.65244865 -0.042478397 8 0 0 0 8
1.1011475 0.39192963 0.090474762 8 0 0 0 8
0.26035365 0.61153203 0.026409833 8 0 0 0 8
0.7804004 0.11696669 0.20086996 9 0 0 0 8
0.88366783 0.1940686 0.18100476 9 0 0 0 8
1.0003089 0.71885812 -0.066756256 9 0 0 0 8
0.40246546 0.055426892 0.24262844 9 0 0 0 8
0.82980138 0.021275785 0.2698305 9 0 0 0 8
1.0673056 0.49205357 0.023338042 9 0 0 0 8
0.87837517 0.48833916 0.046443112 9 0 0 0 8
0.83835226 0.17301328 0.1866391 9 0 0 0 8
0.63912982 0.12935513 0.22032316 9 0 0 0 8
0.69510633 0.25080732 0.18519059 9 0 0 0 8
0.99728245 0.051928114 0.26093623 9 0 0 0 8
0.86053407 0.77580005 -0.069608554 9 0 0 0 8
0.31995851 0.77346599 -0.052273571 9 0 0 0 8
0.69106948 0.84985292 -0.10621516 9 0 0 0 8
0.7607221 0.76807159 -0.070267342 9 0 0 0 8
0.2524187 0.55976576 0.053341608 9 0 0 0 8
1.117035 0.56999749 0.0024551298 9 0 0 0 8
0.75442338 0.46062797 0.072915085 9 0 0 0 8
0.34000105 0.66882354 0.014499686 9 0 0 0 8
1.0865753 0.23416466 0.14355496 9 0 0 0 8
0.84171009 0.68278342 -0.030132536 9 0 0 0 8
0.33747283 0.087978445 0.23133811 9 0 0 0 8
0.80378568 0.8679716 -0.098218076 9 0 0 0 8
0.80740499 0.4054397 0.088315114 9 0 0 0 8
0.99946576 0.79467577 -0.083937757 9 0 0 0 8
0.41335657 0.74813473 -0.047046818 9 0 0 0 8
0.9873696 0.31528041 0.11886678 9 0 0 0 8
1.0290723 0.4124392 0.090280965 9 0 0 0 8
0.81906229 0.39073989 0.067865752 9 0 0 0 8
1.0035104 0.13721915 0.19278625 9 0 0 0 8
1.0662313 0.42996699 0.06700857 9 0 0 0 8
0.99424648 0.7800957 -0.091472067 9 0 0 0 8
0.65718222 0.73032635 -0.065625422 9 0 0 0 8
0.57803768 0.58957475 0.020031089 9 0 0 0 8
0.36550388 0.70150995 -0.02964472 9 0 0 0 8
0.59586251 0.031060273 0.28520304 9 0 0 0 8
0.19870862 0.083734497 0.25770196 9 0 0 0 8
1.0054669 0.56431514 0.025644498 9 0 0 0 8
0.30782276 0.39937302 0.11552792 9 0 0 0 8
0.66374749 0.018308695 0.28980207 9 0 0 0 8
0.85449976 0.85751176 -0.10533425 10 0 0 0 8
0.31520635 0.25446063 0.18051283 10 0 0 0 8
1.0580353 0.16618396 0.19512218 10 0 0 0 8
0.43670374 0.38189077 0.10122611 10 0 0 0 8
0.74825495 0.76013941 -0.061498344 10 0 0 0 8
0.32047147 0.82537436 -0.073202156 10 0 0 0 8
1.0281718 0.5236454 0.026059465 10 0 0 0 8
0.86416703 0.50249702 0.066160738 10 0 0 0 8
0.81145281 0.048334159 0.24734648 10 0 0 0 8
0.85628599 0.8497234 -0.10635322 10 0 0 0 8
1.0346525 0.10018839 0.2115659 10 0 0 0 8
0.90116316 0.73375905 -0.068930335 10 0 0 0 8
0.6074304 0.78030407 -0.069991991 10 0 0 0 8
0.41878599 0.62985951 0.00038448913 10 0 0 0 8
0.42406055 0.67031485 -0.023170572 10 0 0 0 8
1.0658154 0.52574903 0.033538423 10 0 0 0 8
0.40112501 0.61031491 0.027490132 10 0 0 0 8
0.92911452 0.013175568 0.26651925 10 0 0 0 8
0.48804495 0.64629412 -0.017926369 10 0 0 0 8
0.46425498 0.51038814 0.057957925 10 0 0 0 8
0.99277276 0.55221057 0.031004952 10 0 0 0 8
0.17757332 0.27615684 0.19043447 10 0 0 0 8
0.6095047 0.66442966 -0.0092903981 10 0 0 0 8
0.79542071 0.39317077 0.10520615 10 0 0 0 8
0.1545012 0.52756029 0.055014096 10 0 0 0 8
1.0797063 0.40351787 0.072556391 10 0 0 0 8
0.68140841 0.31935722 0.14206527 10 0 0 0 8
0.80044597 0.68265843 -0.035878688 10 0 0 0 8
1.0727872 0.46061122 0.056104954 10 0 0 0 8
0.2311047 0.77945852 -0.037202202 10 0 0 0 8
0.6016745 0.39721948 0.10787232 10 0 0 0 8
0.72007084 -0.0056135366 0.27716997 10 0 0 0 8
1.1159641 0.4686566 0.05433476 10 0 0 0 8
1.0465665 0.8069073 -0.080155745 10 0 0 0 8
1.0971751 0.70209122 -0.062710725 10 0 0 0 8
0.65700775 0.83406174 -0.085303999 10 0 0 0 8
0.8544392 0.33733523 0.10703122 10 0 0 0 8
1.0331521 0.22990124 0.15733269 10 0 0 0 8
0.24154496 0.72854406 -0.029551851 10 0 0 0 8
0.65706384 0.77065372 -0.07197769 10 0 0 0 8
0.50933671 0.029478623 0.26581797 11 0 0 0 8
0.21102206 0.46054456 0.092689566 11 0 0 0 8
0.16614102 0.67219061 -0.00063259347 11 0 0 0 8
0.61663079 0.74005079 -0.044119436 11 0 0 0 8
1.0447367 0.77099758 -0.080822311 11 0 0 0 8
0.15269925 0.33968967 0.14666316 11 0 0 0 8
0.87047583 0.42561659 0.067642167 11 0 0 0 8
0.17921226 0.074101187 0.25792813 11 0 0 0 8
0.61049497 0.18675417 0.18557915 11 0 0 0 8
1.0367243 0.27378702 0.13832128 11 0 0 0 8
0.97432345 0.10953791 0.22857919 11 0 0 0 8
0.14164074 0.41425189 0.1193264 11 0 0 0 8
0.32569677 0.1101645 0.23318173 11 0 0 0 8
0.43687215 0.20669281 0.19923659 11 0 0 0 8
0.35826561 0.1820277 0.20524311 11 0 0 0 8
0.93317622 0.21314916 0.17713289 11 0 0 0 8
0.81918395 0.097948469 0.23416592 11 0 0 0 8
0.21069559 0.86625475 -0.097852267 11 0 0 0 8
1.1039575 0.27119705 0.13646832 11 0 0 0 8
1.0600952 0.32532308 0.1130129 11 0 0 0 8
0.17858304 0.36831695 0.12352123 11 0 0 0 8
0.36021104 0.53300625 0.052795 11 0 0 0 8
0.96406984 0.29667908 0.12644029 11 0 0 0 8
0.91405827 0.73823196 -0.055257577 11 0 0 0 8
0.48804012 0.19254623 0.18440415 11 0 0 0 8
1.0711914 0.90927625 -0.13683185 11 0 0 0 8
0.90419656 0.59090292 0.0266352 11 0 0 0 8
0.53667146 0.7630989 -0.028080679 11 0 0 0 8
0.36487472 0.26614985 0.16927581 11 0 0 0 8
0.96538657 0.69554394 -0.038048856 11 0 0 0 8
0.60465646 0.08967521 0.25546741 11 0 0 0 8
0.11501225 0.78690708 -0.044231299 11 0 0 0 8
0.74617302 0.51429015 0.028961474 11 0 0 0 8
0.38557708 0.5976119 0.0035227481 11 0 0 0 8
0.36830536 0.25482202 0.15710358 11 0 0 0 8
0.49867299 0.028443661 0.25802144 11 0 0 0 8
0.60150528 0.56046784 0.045228072 11 0 0 0 8
0.7575413 0.45299578 0.068479531 11 0 0 0 8
0.96559274 0.87348467 -0.11605181 11 0 0 0 8
0.84324223 0.60892856 -0.0021195335 11 0 0 0 8
0.5163728 0.63227439 -0.0098602325 12 0 0 0 8
0.35902956 0.14867511 0.21396014 12 0 0 0 8
0.27199104 0.48279017 0.064556286 12 0 0 0 8
0.94149041 0.20969084 0.16674097 12 0 0 0 8
0.91781986 0.016071877 0.2506395 12 0 0 0 8
0.56232357 0.43653855 0.089149006 12 0 0 0 8
0.18834099 0.63676357 0.0086778374 12 0 0 0 8
0.21105804 0.36232442 0.1481986 12 0 0 0 8
0.1743398 0.58950335 0.023291601 12 0 0 0 8
0.38469872 0.6561777 0.014838096 12 0 0 0 8
1.1262697 0.22737461 0.14140874 12 0 0 0 8
0.91966826 0.52328551 0.041828517 12 0 0 0 8
0.37796193 0.26450649 0.16206416 12 0 0 0 8
0.8826133 0.49709815 0.050857026 12 0 0 0 8
1.0469528 0.53958994 0.030205702 12 0 0 0 8
0.27342024 0.76807225 -0.036133949 12 0 0 0 8
1.0833776 0.34729451 0.10116871 12 0 0 0 8
0.74147505 0.8417567 -0.1064896 12 0 0 0 8
0.79360747 0.73851842 -0.054121565 12 0 0 0 8
0.87827581 0.063936755 0.2394971 12 0 0 0 8
0.82418722 0.77243531 -0.063089505 12 0 0 0 8
0.31368053 0.019381156 0.2837404 12 0 0 0 8
0.68428367 0.49706092 0.044650976 12 0 0 0 8
0.58459771 0.80097586 -0.084689334 12 0 0 0 8
0.14166202 0.57691449 0.029127536 12 0 0 0 8
0.31453606 0.041000355 0.27516168 12 0 0 0 8
0.32012424 0.42323413 0.092286654 12 0 0 0 8
0.9879508 0.60288084 0.006379602 12 0 0 0 8
0.40454361 0.39845145 0.10518193 12 0 0 0 8
0.37959725 0.81663251 -0.098470919 12 0 0 0 8
0.92408204 0.88515198 -0.11716857 12 0 0 0 8
1.0848136 0.19608283 0.17803657 12 0 0 0 8
0.40614399 -0.010936629 0.30408788 12 0 0 0 8
0.19023696 0.33090788 0.15709715 12 0 0 0 8
1.0154749 0.34234038 0.10994203 12 0 0 0 8
0.28171524 0.29772654 0.1625983 12 0 0 0 8
1.0642511 0.5775649 -0.00020950583 12 0 0 0 8
0.34714425 0.72467941 -0.013909218 12 0 0 0 8
0.90601069 0.56703556 0.0029158939 12 0 0 0 8
0.84590381 0.74885798 -0.052662097 12 0 0 0 8
0.70994449 0.68868148 -0.037574016 13 0 0 0 8
0.55087107 0.83333778 -0.09330228 13 0 0 0 8
0.32388833 0.27958342 0.17383452 13 0 0 0 8
0.91282868 0.84572953 -0.11302453 13 0 0 0 8
0.71820515 0.73283571 -0.046793323 13 0 0 0 8
1.1768334 0.026236812 0.25753868 13 0 0 0 8
0.23318772 0.52517319 0.053267617 13 0 0 0 8
0.89476442 0.48787907 0.045870747 13 0 0 0 8
0.3742874 0.066593714 0.28103554 13 0 0 0 8
0.84488857 0.23702802 0.16292058 13 0 0 0 8
0.97022963 0.047549598 0.25080374 13 0 0 0 8
0.72546887 0.60450846 -0.010713859 13 0 0 0 8
0.39778319 0.64412618 -0.0092440527 13 0 0 0 8
0.52010512 0.6599263 -0.0056846184 13 0 0 0 8
0.94737327 0.80753845 -0.10626705 13 0 0 0 8
0.66064495 0.74695331 -0.052678436 13 0 0 0 8
0.18023288 0.37838638 0.13457417 13 0 0 0 8
0.77355129 0.71963233 -0.0465234 13 0 0 0 8
0.33477786 -0.02656942 0.28813216 13 0 0 0 8
0.26630187 0.35217881 0.12940788 13 0 0 0 8
0.99015218 0.44886482 0.072104722 13 0 0 0 8
0.85543275 0.6379934 -0.023693981 13 0 0 0 8
0.87377596 0.30662659 0.12105693 13 0 0 0 8
1.0015417 0.26854706 0.15031372 13 0 0 0 8
0.85815424 0.69960451 -0.030366823 13 0 0 0 8
0.41084909 0.47865748 0.082816094 13 0 0 0 8
0.67801166 0.018308453 0.26760289 13 0 0 0 8
0.87235659 0.006189853 0.2674436 13 0 0 0 8
0.70699173 0.21828902 0.16703005 13 0 0 0 8
0.26996163 0.20528649 0.20634449 13 0 0 0 8
0.76607156 0.28616858 0.13428356 13 0 0 0 8
0.39007136 0.75184977 -0.047800913 13 0 0 0 8
0.40675154 0.58596891 0.0097320601 13 0 0 0 8
1.1164531 0.35709316 0.10855782 13 0 0 0 8
0.23699598 0.6926232 -0.0095605506 13 0 0 0 8
0.65345395 0.21903896 0.16089509 13 0 0 0 8
0.24569958 0.60243249 0.027871111 13 0 0 0 8
0.2100327 0.80309427 -0.056165494 13 0 0 0 8
1.1069653 0.40701753 0.062059544 13 0 0 0 8
0.67530966 0.14322154 0.20592064 13 0 0 0 8
0.52246356 0.57292384 0.02480088 14 0 0 0 8
0.53926313 0.60148418 -0.00044152071 14 0 0 0 8
0.84260714 0.0027064574 0.25367451 14 0 0 0 8
0.6439839 0.53188574 0.019030808 14 0 0 0 8
0.71786511 0.66481572 -0.017766219 14 0 0 0 8
0.58461732 0.69041204 -0.026049253 14 0 0 0 8
0.58093572 0.7298007 -0.048226148 14 0 0 0 8
0.23567 0.060045127 0.26021364 14 0 0 0 8
0.99970925 0.2985611 0.12740842 14 0 0 0 8
0.25466257 0.10635608 0.24427865 14 0 0 0 8
0.21917334 0.70810372 -0.0423951 14 0 0 0 8
0.67470205 0.77657646 -0.078644022 14 0 0 0 8
0.75832838 0.36830562 0.1061864 14 0 0 0 8
1.1159785 0.39656547 0.077870354 14 0 0 0 8
0.73271704 0.61063814 -0.010066238 14 0 0 0 8
0.56415421 0.28318906 0.14670737 14 0 0 0 8
0.25030157 0.68091112 0.0057797334 14 0 0 0 8
0.97531897 0.29953352 0.13436238 14 0 0 0 8
0.31821132 0.49374253 0.084225737 14 0 0 0 8
1.1217664 0.39834619 0.07838621 14 0 0 0 8
0.92203134 0.79720277 -0.083251372 14 0 0 0 8
0.85459548 0.79675704 -0.079048149 14 0 0 0 8
0.5885002 0.14332552 0.22018407 14 0 0 0 8
0.67945439 0.47344196 0.066676892 14 0 0 0 8
0.55891412 0.50434595 0.063137524 14 0 0 0 8
1.0881077 0.38689777 0.083155021 14 0 0 0 8
0.77102429 0.31719953 0.12999861 14 0 0 0 8
1.0443423 0.41382849 0.083194517 14 0 0 0 8
0.49814367 0.1292211 0.21220008 14 0 0 0 8
0.3637566 0.6344384 -0.0069997283 14 0 0 0 8
0.92608672 0.17638452 0.19243392 14 0 0 0 8
0.29129606 0.43654194 0.089084454 14 0 0 0 8
0.76105982 0.78274763 -0.072640404 14 0 0 0 8
0.44619429 0.25566524 0.17753641 14 0 0 0 8
1.1300316 0.05389373 0.21676138 14 0 0 0 8
0.97418654 0.5732832 0.013447998 14 0 0 0 8
0.19037543 0.33722499 0.14357139 14 0 0 0 8
0.26021439 0.13631809 0.23662014 14 0 0 0 8
0.94536221 0.35551253 0.10716864 14 0 0 0 8
0.45091766 0.63713157 0.01822892 14 0 0 0 8
0.45071134 0.54762709 0.053738214 15 0 0 0 8
0.9499256 0.66465145 -0.034278721 15 0 0 0 8
0.38963744 0.70179254 -0.032608923 15 0 0 0 8
0.8580029 0.071670905 0.25049117 15 0 0 0 8
0.15225811 0.41990393 0.11066879 15 0 0 0 8
0.41468051 0.33970246 0.14360496 15 0 0 0 8
0.84752786 0.48736581 0.057574283 15 0 0 0 8
0.68273991 0.74268591 -0.053106744 15 0 0 0 8
1.0538781 0.68954515 -0.053177532 15 0 0 0 8
0.99774212 0.45146832 0.04817117 15 0 0 0 8
1.0757052 0.15411654 0.18429551 15 0 0 0 8
0.19722001 0.44079751 0.082942002 15 0 0 0 8
0.80234247 0.17507884 0.18693392 15 0 0 0 8
0.78906536 0.77720046 -0.086323977 15 0 0 0 8
0.52330261 0.050626811 0.26750591 15 0 0 0 8
0.73600256 0.44672477 0.064079814 15 0 0 0 8
0.99106109 0.49919066 0.028132664 15 0 0 0 8
0.2756688 0.15586692 0.22272362 15 0 0 0 8
0.2171593 0.095241681 0.26139513 15 0 0 0 8
0.57504761 0.72832364 -0.041320343 15 0 0 0 8
0.29173988 0.31697544 0.16085956 15 0 0 0 8
0.73954922 0.18181522 0.1839381 15 0 0 0 8
0.36246073 0.25228414 0.19129731 15 0 0 0 8
0.53275311 0.41444978 0.084004231 15 0 0 0 8
0.57740468 0.68046558 -0.028531337 15 0 0 0 8
0.88088542 0.64003915 -0.024960889 15 0 0 0 8
0.24408825 0.25016996 0.17140611 15 0 0 0 8
0.67721236 0.23607585 0.15998073 15 0 0 0 8
0.89273077 0.75091165 -0.06305337 15 0 0 0 8
0.69077241 0.19496748 0.20060748 15 0 0 0 8
1.0458618 0.16210142 0.19545127 15 0 0 0 8
1.0958489 0.082207061 0.22836947 15 0 0 0 8
0.58576691 0.38999504 0.10418908 15 0 0 0 8
0.57249182 0.038608707 0.26931947 15 0 0 0 8
0.96990174 0.61246228 -0.0053901756 15 0 0 0 8
0.96535671 0.88320494 -0.12589197 15 0 0 0 8
0.28704149 0.86144078 -0.077499494 15 0 0 0 8
0.45856315 0.79389495 -0.090070792 15 0 0 0 8
0.16880675 0.60331839 0.035540286 15 0 0 0 8
0.4914929 0.85972619 -0.10173389 15 0 0 0 8
0.89627337 0.60670441 -0.008309436 16 0 0 0 8
1.1586031 0.1778232 0.17505021 16 0 0 0 8
0.71731931 0.19103833 0.20425166 16 0 0 0 8
0.76359093 0.48563159 0.071269602 16 0 0 0 8
0.59319109 0.84890866 -0.0909563 16 0 0 0 8
0.96180612 0.48814154 0.06334126 16 0 0 0 8
0.91357011 0.44887188 0.080205075 16 0 0 0 8
0.96446407 0.28662515 0.17695808 16 0 0 0 8
0.58257204 0.68759477 -0.028030638 16 0 0 0 8
0.80418575 0.29475501 0.14172143 16 0 0 0 8
0.40507862 0.72066903 -0.039211519 16 0 0 0 8
1.0055295 0.087085649 0.20827882 16 0 0 0 8
0.1873215 0.6914711 -0.013651204 16 0 0 0 8
0.79412025 0.89774984 -0.13112777 16 0 0 0 8
0.83480656 0.030125732 0.25844517 16 0 0 0 8
0.53596187 0.83137691 -0.092452519 16 0 0 0 8
0.19972697 0.19438742 0.21009581 16 0 0 0 8
0.72020656 0.14933115 0.19731855 16 0 0 0 8
0.50003868 0.53317225 0.056951959 16 0 0 0 8
0.295407 0.31284711 0.16691428 16 0 0 0 8
0.71795303 0.15426321 0.20981158 16 0 0 0 8
0.93889469 0.097851366 0.24256818 16 0 0 0 8
0.3030698 0.69372332 -0.0070596375 16 0 0 0 8
0.64367259 0.47118366 0.048041482 16 0 0 0 8
0.83578914 0.29166001 0.15466398 16 0 0 0 8
0.42324162 0.77608442 -0.073446728 16 0 0 0 8
1.0452588 0.64313173 -0.0082144691 16 0 0 0 8
0.71765822 0.89673525 -0.12162496 16 0 0 0 8
0.38750002 0.77024615 -0.025497612 16 0 0 0 8
0.27975065 0.3589046 0.13134584 16 0 0 0 8
0.72505701 0.72522324 -0.041758757 16 0 0 0 8
1.0910524 0.83772188 -0.12487718 16 0 0 0 8
0.16933961 0.13738075 0.2435648 16 0 0 0 8
0.34917268 0.71834242 -0.043779172 16 0 0 0 8
0.42385834 0.54324901 0.036739938 16 0 0 0 8
0.81881696 0.26137462 0.14527994 16 0 0 0 8
0.7379728 0.19071281 0.18288885 16 0 0 0 8
1.0390216 0.78403229 -0.085628718 16 0 0 0 8
1.0747983 0.90548044 -0.15154974 16 0 0 0 8
0.2225529 0.47019455 0.065365091 16 0 0 0 8
0.47605315 0.77399641 -0.069442287 17 0 0 0 8
0.98082352 0.14121932 0.21685509 17 0 0 0 8
0.94881129 0.057874672 0.24299346 17 0 0 0 8
0.65666211 0.29718772 0.12878147 17 0 0 0 8
0.5757392 0.50191504 0.051029257 17 0 0 0 8
0.36892995 0.23205531 0.17205623 17 0 0 0 8
0.55973727 0.5304563 0.046364725 17 0 0 0 8
0.19533004 0.46375948 0.078499474 17 0 0 0 8
0.5422616 0.42763871 0.084851645 17 0 0 0 8
0.35625944 0.35989854 0.13084862 17 0 0 0 8
0.15844627 0.52918303 0.055584695 17 0 0 0 8
0.71265584 0.5643903 0.03347984 17 0 0 0 8
0.3059532 -0.0028446617 0.2986953 17 0 0 0 8
0.50629306 0.0049891192 0.30095172 17 0 0 0 8
0.89522696 0.12991329 0.21090581 17 0 0 0 8
0.79697174 0.90991402 -0.12368275 17 0 0 0 8
0.66543514 0.79954922 -0.084153622 17 0 0 0 8
0.81677508 0.11117356 0.21027318 17 0 0 0 8
1.1272644 0.45954534 0.062093504 17 0 0 0 8
0.3849144 0.36922225 0.13451196 17 0 0 0 8
0.5169602 0.40608558 0.097200483 17 0 0 0 8
0.54465926 0.13472132 0.24060544 17 0 0 0 8
0.54522169 0.10776307 0.23377085 17 0 0 0 8
1.0513306 0.38615793 0.0706333 17 0 0 0 8
0.11238073 0.68062741 0.0093654785 17 0 0 0 8
0.9258762 0.7066142 -0.053141586 17 0 0 0 8
0.7993331 0.15892529 0.19459276 17 0 0 0 8
0.49543709 0.05623541 0.250256 17 0 0 0 8
0.50193554 0.32020283 0.13866025 17 0 0 0 8
0.42791033 0.50247085 0.074541807 17 0 0 0 8
1.1574242 0.19704358 0.15807568 17 0 0 0 8
0.57447511 0.14303756 0.24010554 17 0 0 0 8
1.1005763 0.25525135 0.14175014 17 0 0 0 8
1.1506323 0.12171282 0.19186202 17 0 0 0 8
0.9206785 0.14838864 0.19024363 17 0 0 0 8
0.2053052 0.74751782 -0.0051977043 17 0 0 0 8
0.36180216 0.060110953 0.26409957 17 0 0 0 8
0.17510466 0.76593316 -0.031969521 17 0 0 0 8
0.68652922 0.5716632 0.020875109 17 0 0 0 8
0.80845875 0.34253705 0.13175552 17 0 0 0 8
0.80657208 0.74700791 -0.058413807 18 0 0 0 8
1.07319 0.10821307 0.21811429 18 0 0 0 8
0.29977179 0.06120469 0.2678104 18 0 0 0 8
0.2188786 0.54204601 0.057796255 18 0 0 0 8
0.86979502 0.75929064 -0.074931629 18 0 0 0 8
0.6736151 0.83968204 -0.097245492 18 0 0 0 8
0.27148172 0.13823605 0.23303095 18 0 0 0 8
0.83646899 0.011359955 0.25177047 18 0 0 0 8
0.50249964 0.82342607 -0.074403018 18 0 0 0 8
1.0691679 0.91912311 -0.16793551 18 0 0 0 8
1.0345093 0.38105899 0.097395428 18 0 0 0 8
0.44891715 0.41653374 0.10625102 18 0 0 0 8
0.85340333 0.7705701 -0.072964631 18 0 0 0 8
1.0676359 0.01743852 0.24432117 18 0 0 0 8
0.33617449 0.50593746 0.05988577 18 0 0 0 8
0.69971943 0.73868889 -0.068020888 18 0 0 0 8
0.42700166 0.73111516 -0.01942366 18 0 0 0 8
0.21269351 0.36374393 0.12258793 18 0 0 0 8
0.48708487 0.30324921 0.15609585 18 0 0 0 8
0.37529469 0.13035284 0.23050746 18 0 0 0 8
0.17450495 0.29833075 0.17996357 18 0 0 0 8
0.20940214 0.65170658 -0.0019632413 18 0 0 0 8
1.0742298 0.13455769 0.19736183 18 0 0 0 8
1.0851903 0.42899635 0.050622262 18 0 0 0 8
0.98696059 0.26339844 0.14535183 18 0 0 0 8
0.34655109 0.22594579 0.20206863 18 0 0 0 8
0.82475495 0.61781353 -0.010144616 18 0 0 0 8
0.14634915 0.4613907 0.096104249 18 0 0 0 8
0.31022972 0.28527972 0.16296163 18 0 0 0 8
0.59645903 0.23617637 0.17518362 18 0 0 0 8
0.74827057 0.56788635 0.013662795 18 0 0 0 8
0.16332455 0.50701034 0.071219154 18 0 0 0 8
0.6881001 0.89416039 -0.12116616 18 0 0 0 8
0.75994498 0.11235563 0.22659688 18 0 0 0 8
0.25113407 0.49927938 0.07943093 18 0 0 0 8
0.94352138 0.30099273 0.12055563 18 0 0 0 8
1.1634676 0.12482888 0.19660135 18 0 0 0 8
1.0790191 0.7701757 -0.077378027 18 0 0 0 8
1.1423249 0.30369905 0.11552524 18 0 0 0 8
0.8775537 0.69821495 -0.025818303 18 0 0 0 8
0.36665389 0.56192434 0.036887895 19 0 0 0 8
0.85698676 0.45900232 0.073202156 19 0 0 0 8
0.46029222 0.7655077 -0.050112266 19 0 0 0 8
0.80348158 0.41721702 0.079720527 19 0 0 0 8
0.38752487 0.62053293 0.017888155 19 0 0 0 8
0.42973769 0.83093387 -0.083562814 19 0 0 0 8
0.75434738 0.26128614 0.15082987 19 0 0 0 8
0.55342895 0.31902263 0.12397393 19 0 0 0 8
0.83399773 0.33796471 0.10517721 19 0 0 0 8
1.0694882 0.54975587 0.036947697 19 0 0 0 8
0.9705165 0.57754219 0.017566474 19 0 0 0 8
0.6395148 0.41111127 0.097338967 19 0 0 0 8
0.45384809 0.50440454 0.070638649 19 0 0 0 8
0.95582891 0.30645344 0.13983557 19 0 0 0 8
0.22191152 -0.046322599 0.30707577 19 0 0 0 8
0.6134513 0.86935025 -0.10731001 19 0 0 0 8
0.62019068 0.12835371 0.23249756 19 0 0 0 8
0.77666229 0.76211661 -0.071727231 19 0 0 0 8
0.3775565 0.061161201 0.25882721 19 0 0 0 8
0.79256809 0.24983855 0.17017387 19 0 0 0 8
0.36296073 0.52925372 0.052751236 19 0 0 0 8
0.61504495 0.086122446 0.21747233 19 0 0 0 8
0.17458154 0.5953458 0.046210486 19 0 0 0 8
1.0557097 0.58247352 -0.014675769 19 0 0 0 8
0.95498347 0.70003033 -0.046126686 19 0 0 0 8
0.30787888 0.30296969 0.16162924 19 0 0 0 8
0.61234623 0.23339862 0.1784094 19 0 0 0 8
0.7681151 0.095294543 0.22259352 19 0 0 0 8
0.36605859 0.076985367 0.26090628 19 0 0 0 8
0.41458285 0.67905653 -0.0073742489 19 0 0 0 8
0.82995903 0.47056508 0.053454049 19 0 0 0 8
0.70396435 0.53161556 0.034524061 19 0 0 0 8
0.29681534 0.51655787 0.070608497 19 0 0 0 8
0.60283804 0.23006257 0.17498116 19 0 0 0 8
0.89363694 0.6272707 -0.0025672256 19 0 0 0 8
0.89828467 0.84587538 -0.10566413 19 0 0 0 8
0.33864558 0.41050687 0.10272991 19 0 0 0 8
0.26496285 0.67529696 -0.0083584078 19 0 0 0 8
0.64028305 0.88541561 -0.14343378 19 0 0 0 8
0.29536334 0.18601665 0.23796651 19 0 0 0 8
-0.31653911 -0.74512982 -1.8599768 0 0 0 0 9
-0.079082355 -0.72374451 -1.0773222 0 0 0 0 9
-0.23436071 -0.17533435 -1.320296 0 0 0 0 9
-0.35313591 -0.53896767 -1.8851595 0 0 0 0 9
-0.35550681 -0.47155803 -1.8691548 0 0 0 0 9
-0.14666513 -0.38612929 -1.1181662 0 0 0 0 9
-0.43924472 0.036749315 -1.8896879 0 0 0 0 9
-0.10004173 -0.55803889 -1.0519507 0 0 0 0 9
-0.31595641 -0.20897999 -1.6550131 0 0 0 0 9
-0.34175962 0.018177586 -1.5901164 0 0 0 0 9
-0.18901715 -0.0014922818 -1.1171845 0 0 0 0 9
-0.42021582 0.11788228 -1.8277071 0 0 0 0 9
-0.32689196 -0.60225064 -1.8200773 0 0 0 0 9
-0.22778881 0.21448985 -1.0776153 0 0 0 0 9
-0.40526575 0.0060072485 -1.7361012 0 0 0 0 9
-0.39825901 -0.39320314 -1.9119077 0 0 0 0 9
-0.24847709 -0.37356225 -1.4654728 0 0 0 0 9
-0.26312518 -0.24795675 -1.4708877 0 0 0 0 9
-0.28919265 0.074895822 -1.3973755 0 0 0 0 9
-0.30364349 -0.71020949 -1.7831398 0 0 0 0 9
-0.17976961 -0.4800896 -1.359542 0 0 0 0 9
-0.29028422 -0.65077889 -1.7349743 0 0 0 0 9
-0.37695113 -0.15834901 -1.7046512 0 0 0 0 9
-0.25256678 -0.071155272 -1.3429834 0 0 0 0 9
-0.34362584 -0.44502464 -1.8211511 0 0 0 0 9
-0.26555687 -0.260241 -1.5164411 0 0 0 0 9
-0.10757726 -0.53033358 -1.1049598 0 0 0 0 9
-0.16693014 -0.52143133 -1.2499502 0 0 0 0 9
-0.32771134 -0.5708611 -1.7807913 0 0 0 0 9
-0.21600926 -0.28320357 -1.2846074 0 0 0 0 9
-0.29020765 -0.63943362 -1.6665484 0 0 0 0 9
-0.21033582 -0.30930039 -1.2537104 0 0 0 0 9
-0.10382025 -0.33642483 -1.0043669 0 0 0 0 9
-0.3986209 0.075699821 -1.7540263 0 0 0 0 9
-0.17754953 -0.61156487 -1.3474423 0 0 0 0 9
-0.14977066 -0.28958079 -1.125214 0 0 0 0 9
-0.11666656 -0.28250647 -1.0139039 0 0 0 0 9
-0.26754504 0.041930575 -1.4025621 0 0 0 0 9
-0.35089532 -0.02820985 -1.5983986 0 0 0 0 9
-0.091733932 -0.62093723 -1.1268815 0 0 0 0 9
-0.42066422 -0.079950579 -1.8956928 1 0 0 0 9
-0.29841998 -0.56191105 -1.6939412 1 0 0 0 9
-0.096375272 -0.71750766 -1.1911061 1 0 0 0 9
-0.17907657 -0.53510988 -1.3410723 1 0 0 0 9
-0.383708 -0.011470739 -1.7007724 1 0 0 0 9
-0.11030119 -0.66246265 -1.1717627 1 0 0 0 9
-0.084260389 -0.50560933 -1.0212456 1 0 0 0 9
-0.35142216 -0.17805852 -1.6565341 1 0 0 0 9
-0.1307608 -0.32124564 -1.0439622 1 0 0 0 9
-0.20000333 -0.78308511 -1.6022282 1 0 0 0 9
-0.17919011 -0.5047791 -1.2964284 1 0 0 0 9
-0.24707617 0.04828852 -1.2174481 1 0 0 0 9
-0.11437016 -0.39402658 -1.007153 1 0 0 0 9
-0.19421546 -0.1247789 -1.1784437 1 0 0 0 9
-0.25547987 -0.40684617 -1.4985033 1 0 0 0 9
-0.41891718 -0.13846652 -1.8810554 1 0 0 0 9
-0.2145173 -0.47611719 -1.4040167 1 0 0 0 9
-0.17245981 -0.41368619 -1.2395302 1 0 0 0 9
-0.30789 -0.11365532 -1.5260912 1 0 0 0 9
-0.30154341 -0.077217475 -1.5129985 1 0 0 0 9
-0.26340312 -0.29469973 -1.4506142 1 0 0 0 9
-0.41761675 -0.24715658 -1.935455 1 0 0 0 9
-0.39476594 -0.011120154 -1.7811126 1 0 0 0 9
-0.21466574 0.11993487 -1.0520104 1 0 0 0 9
-0.21286882 -0.47792917 -1.444665 1 0 0 0 9
-0.11312732 -0.70570576 -1.1935714 1 0 0 0 9
-0.23901592 -0.81171817 -1.5854068 1 0 0 0 9
-0.33705118 -0.30560616 -1.7594577 1 0 0 0 9
-0.3904466 -0.14000912 -1.8131599 1 0 0 0 9
-0.23233721 -0.10962038 -1.2839291 1 0 0 0 9
-0.17689577 -0.076970249 -1.0904925 1 0 0 0 9
-0.34052089 -0.68638813 -1.8696074 1 0 0 0 9
-0.2754516 -0.19996019 -1.4968721 1 0 0 0 9
-0.34872708 -0.62801188 -1.8965455 1 0 0 0 9
-0.24587694 -0.37830105 -1.5199224 1 0 0 0 9
-0.21238466 -0.43343437 -1.3386443 1 0 0 0 9
-0.19786359 -0.65338719 -1.4348539 1 0 0 0 9
-0.25449276 -0.41984084 -1.5128684 1 0 0 0 9
-0.25669718 -0.69008023 -1.682435 1 0 0 0 9
-0.096015267 -0.51423365 -1.040763 1 0 0 0 9
-0.29377228 -0.18040979 -1.4425831 2 0 0 0 9
-0.38864288 -0.22125123 -1.7776917 2 0 0 0 9
-0.24635875 -0.62050146 -1.5998162 2 0 0 0 9
-0.15644385 -0.45402738 -1.2306275 2 0 0 0 9
-0.31938767 -0.71860737 -1.865309 2 0 0 0 9
-0.3212032 -0.58434767 -1.8385504 2 0 0 0 9
-0.31693894 -0.75527817 -1.8685309 2 0 0 0 9
-0.30494091 -0.38423851 -1.59974 2 0 0 0 9
-0.28888378 0.11552972 -1.3687901 2 0 0 0 9
-0.39508009 0.15925522 -1.6173182 2 0 0 0 9
-0.37378585 -0.19081061 -1.7466664 2 0 0 0 9
-0.27392656 -0.47527653 -1.5876291 2 0 0 0 9
-0.23897021 0.031316582 -1.1262447 2 0 0 0 9
-0.261103 -0.67513871 -1.6701399 2 0 0 0 9
-0.15565066 -0.71469271 -1.3692868 2 0 0 0 9
-0.31080917 -0.12257745 -1.5615867 2 0 0 0 9
-0.40747449 0.04928099 -1.7458825 2 0 0 0 9
-0.039418261 -0.74569535 -1.0136259 2 0 0 0 9
-0.18790549 -0.57827818 -1.3654996 2 0 0 0 9
-0.18311967 -0.49592054 -1.3038979 2 0 0 0 9
-0.30970281 -0.82324433 -1.8628812 2 0 0 0 9
-0.41197705 0.10375667 -1.7887326 2 0 0 0 9
-0.29073185 -0.18095544 -1.5264719 2 0 0 0 9
-0.24992511 -0.25594297 -1.4165114 2 0 0 0 9
-0.20606835 -0.64729106 -1.5103573 2 0 0 0 9
-0.32322881 -0.81584799 -1.9094543 2 0 0 0 9
-0.13488233 -0.18251444 -1.0192543 2 0 0 0 9
-0.40445879 0.044457812 -1.6959611 2 0 0 0 9
-0.27436873 -0.58702278 -1.7262677 2 0 0 0 9
-0.23818944 0.087752126 -1.1564006 2 0 0 0 9
-0.1784763 -0.29037386 -1.2122331 2 0 0 0 9
-0.27470681 -0.21148561 -1.4473926 2 0 0 0 9
-0.30022189 -0.78981555 -1.8270894 2 0 0 0 9
-0.25716302 0.072535783 -1.2817856 2 0 0 0 9
-0.37109277 -0.33301529 -1.8280305 2 0 0 0 9
-0.081312194 -0.58337271 -1.0427259 2 0 0 0 9
-0.21974592 -0.26964495 -1.3328041 2 0 0 0 9
-0.36699176 0.13849618 -1.5740808 2 0 0 0 9
-0.18246244 -0.79230386 -1.4657053 2 0 0 0 9
-0.2959134 0.10716618 -1.3476912 2 0 0 0 9
-0.39966887 -0.30260807 -1.9194101 3 0 0 0 9
-0.20436071 -0.062344681 -1.1581054 3 0 0 0 9
-0.15712468 -0.076831996 -1.0725065 3 0 0 0 9
-0.23126963 -0.25455084 -1.3557978 3 0 0 0 9
-0.18477359 -0.48875555 -1.3256997 3 0 0 0 9
-0.083286144 -0.61462861 -1.0892971 3 0 0 0 9
-0.39069307 -0.31486198 -1.9089015 3 0 0 0 9
-0.22943932 -0.72392684 -1.6096789 3 0 0 0 9
-0.23328781 -0.28324977 -1.3505179 3 0 0 0 9
-0.22460642 -0.76033241 -1.617276 3 0 0 0 9
-0.18899013 -0.16941272 -1.130366 3 0 0 0 9
-0.42854097 0.11868988 -1.7958788 3 0 0 0 9
-0.27945507 0.19132803 -1.2687647 3 0 0 0 9
-0.32653379 -0.63913161 -1.8507457 3 0 0 0 9
-0.13219358 -0.54662526 -1.202135 3 0 0 0 9
-0.35409111 -0.64178705 -1.9090712 3 0 0 0 9
-0.15589018 -0.26364955 -1.0783942 3 0 0 0 9
-0.42018357 0.0042587025 -1.8200177 3 0 0 0 9
-0.36097339 -0.019991357 -1.6528273 3 0 0 0 9
-0.39986193 -0.057409301 -1.7988782 3 0 0 0 9
-0.27241135 -0.65759516 -1.6598518 3 0 0 0 9
-0.2675755 -0.57804275 -1.6196917 3 0 0 0 9
-0.37752402 0.11777684 -1.6862575 3 0 0 0 9
-0.078498378 -0.69841784 -1.0493494 3 0 0 0 9
-0.27904326 -0.80359972 -1.78534 3 0 0 0 9
-0.23655768 0.12565503 -1.152272 3 0 0 0 9
-0.38994101 -0.24996191 -1.9136055 3 0 0 0 9
-0.34102732 -0.63177788 -1.9047034 3 0 0 0 9
-0.18017387 -0.62269086 -1.3788099 3 0 0 0 9
-0.35632184 -0.32094628 -1.7175655 3 0 0 0 9
-0.23492213 -0.52499062 -1.5169057 3 0 0 0 9
-0.2158765 -0.34216893 -1.3327228 3 0 0 0 9
-0.27412939 -0.32708701 -1.4965898 3 0 0 0 9
-0.27130821 0.014713923 -1.3331684 3 0 0 0 9
-0.40289801 -0.17258096 -1.9333378 3 0 0 0 9
-0.39727318 0.12026837 -1.6470236 3 0 0 0 9
-0.24061605 0.060850289 -1.249034 3 0 0 0 9
-0.31140122 0.17268926 -1.3997304 3 0 0 0 9
-0.28852579 -0.2469324 -1.5085851 3 0 0 0 9
-0.35096031 0.0057197516 -1.6354475 3 0 0 0 9
-0.17015409 -0.41242725 -1.2113221 4 0 0 0 9
-0.36385396 -0.39247411 -1.8514944 4 0 0 0 9
-0.33244854 -0.11080433 -1.580019 4 0 0 0 9
-0.21836227 -0.39261001 -1.4288172 4 0 0 0 9
-0.052056115 -0.62530905 -0.99060225 4 0 0 0 9
-0.22132519 -0.19775029 -1.281857 4 0 0 0 9
-0.33559057 0.07171376 -1.578252 4 0 0 0 9
-0.40428349 0.11685236 -1.719875 4 0 0 0 9
-0.29676744 -0.71943569 -1.7980283 4 0 0 0 9
-0.35819265 -0.10538942 -1.6649171 4 0 0 0 9
-0.18274508 -0.31670702 -1.1656318 4 0 0 0 9
-0.39659843 -0.19307752 -1.8324794 4 0 0 0 9
-0.17847958 -0.72071099 -1.3962038 4 0 0 0 9
-0.31847006 0.011949236 -1.5035429 4 0 0 0 9
-0.27563611 -0.097176619 -1.4370338 4 0 0 0 9
-0.35604638 0.052998532 -1.5106158 4 0 0 0 9
-0.11279796 -0.76888132 -1.2061394 4 0 0 0 9
-0.44106486 0.035047822 -1.9151618 4 0 0 0 9
-0.35673991 -0.19542572 -1.7147465 4 0 0 0 9
-0.38677788 -0.29036903 -1.8365878 4 0 0 0 9
-0.26555189 -0.17252229 -1.4439147 4 0 0 0 9
-0.41343942 -0.22223417 -1.9265918 4 0 0 0 9
-0.21175094 -0.43145442 -1.3756098 4 0 0 0 9
-0.31630221 0.12808822 -1.4787531 4 0 0 0 9
-0.24767865 0.036362261 -1.2216935 4 0 0 0 9
-0.24775715 -0.73459828 -1.6906492 4 0 0 0 9
-0.33127037 0.010210195 -1.5189689 4 0 0 0 9
-0.16580679 -0.25364783 -1.1522588 4 0 0 0 9
-0.30557999 -0.42356032 -1.6830225 4 0 0 0 9
-0.28770295 -0.30854127 -1.5122738 4 0 0 0 9
-0.30364308 0.022059284 -1.4433241 4 0 0 0 9
-0.26769009 -0.034940798 -1.3760694 4 0 0 0 9
-0.20214921 -0.59385216 -1.4354854 4 0 0 0 9
-0.13585603 -0.40463895 -1.0665747 4 0 0 0 9
-0.15546191 -0.66214263 -1.3138076 4 0 0 0 9
-0.27826273 0.17361012 -1.2680854 4 0 0 0 9
-0.30549446 -0.32815075 -1.6183305 4 0 0 0 9
-0.11798541 -0.40441769 -1.0242984 4 0 0 0 9
-0.23113909 -0.51581156 -1.4696095 4 0 0 0 9
-0.14496903 -0.67913765 -1.2924365 4 0 0 0 9
-0.25693902 -0.36864519 -1.4911954 5 0 0 0 9
-0.28896478 -0.45257294 -1.5866253 5 0 0 0 9
-0.38708761 -0.19640645 -1.8210504 5 0 0 0 9
-0.29118025 -0.030848145 -1.4816095 5 0 0 0 9
-0.31783015 -0.68534899 -1.8209592 5 0 0 0 9
-0.19373138 -0.77062052 -1.4413699 5 0 0 0 9
-0.33698931 -0.57325488 -1.921822 5 0 0 0 9
-0.30959663 -0.28703371 -1.6307665 5 0 0 0 9
-0.17207795 0.017473657 -1.0492697 5 0 0 0 9
-0.33153057 -0.25277859 -1.6941565 5 0 0 0 9
-0.20618516 -0.10589977 -1.1936599 5 0 0 0 9
-0.39359179 0.1135949 -1.6661597 5 0 0 0 9
-0.39268962 0.099159792 -1.6841702 5 0 0 0 9
-0.41118288 -0.24571903 -1.9127917 5 0 0 0 9
-0.22720827 -0.39411357 -1.3996884 5 0 0 0 9
-0.14329286 -0.68607622 -1.2912866 5 0 0 0 9
-0.2436422 -0.23135868 -1.3625242 5 0 0 0 9
-0.25253454 0.17418315 -1.1745303 5 0 0 0 9
-0.40515271 0.1575637 -1.6976213 5 0 0 0 9
-0.19100909 -0.09006118 -1.1110733 5 0 0 0 9
-0.41736171 0.12563679 -1.7599013 5 0 0 0 9
-0.15541779 -0.14608878 -1.068023 5 0 0 0 9
-0.27339578 -0.28233612 -1.533434 5 0 0 0 9
-0.12446779 -0.54058599 -1.1358186 5 0 0 0 9
-0.13496342 -0.35483348 -1.062736 5 0 0 0 9
-0.21733181 -0.57870424 -1.4716456 5 0 0 0 9
-0.19777159 0.12803924 -1.0779153 5 0 0 0 9
-0.3353208 -0.033484645 -1.5738448 5 0 0 0 9
-0.37648827 -0.17496844 -1.7253255 5 0 0 0 9
-0.30995792 -0.62036133 -1.7195628 5 0 0 0 9
-0.41186517 -0.29087085 -1.924866 5 0 0 0 9
-0.18438426 -0.40045512 -1.284503 5 0 0 0 9
-0.15193002 -0.45386037 -1.1656593 5 0 0 0 9
-0.13508458 -0.77996349 -1.2811041 5 0 0 0 9
-0.20182487 0.073041961 -1.1140155 5 0 0 0 9
-0.25082541 -0.28051168 -1.4279746 5 0 0 0 9
-0.37898716 -0.11544517 -1.7207615 5 0 0 0 9
-0.13323198 -0.45153633 -1.1039075 5 0 0 0 9
-0.083575413 -0.7556262 -1.1411295 5 0 0 0 9
-0.33822021 -0.48945007 -1.8114009 5 0 0 0 9
-0.11856801 -0.6735484 -1.2274883 6 0 0 0 9
-0.28433082 -0.12741788 -1.4242431 6 0 0 0 9
-0.1425844 -0.51666278 -1.183274 6 0 0 0 9
-0.17513569 -0.69843221 -1.4041185 6 0 0 0 9
-0.42948079 -0.18268389 -1.9330082 6 0 0 0 9
-0.32601362 -0.40124771 -1.7222725 6 0 0 0 9
-0.27985191 -0.43819648 -1.6238511 6 0 0 0 9
-0.29681554 -0.81157559 -1.8224704 6 0 0 0 9
-0.28708923 -0.81903315 -1.7726467 6 0 0 0 9
-0.20540281 0.1366187 -1.0182188 6 0 0 0 9
-0.18266484 0.058079582 -1.0691679 6 0 0 0 9
-0.21118617 0.11175558 -1.0567824 6 0 0 0 9
-0.42131934 0.088705316 -1.7602605 6 0 0 0 9
-0.38938287 -0.40485555 -1.9005756 6 0 0 0 9
-0.35666817 -0.30417678 -1.7839342 6 0 0 0 9
-0.35207143 -0.21597767 -1.7025766 6 0 0 0 9
-0.13374993 -0.74220932 -1.3238913 6 0 0 0 9
-0.42999533 0.088468738 -1.8653622 6 0 0 0 9
-0.12998308 -0.76361448 -1.2510328 6 0 0 0 9
-0.29072237 -0.54325348 -1.7057803 6 0 0 0 9
-0.12705998 -0.48001257 -1.166381 6 0 0 0 9
-0.092551537 -0.40123513 -0.9941926 6 0 0 0 9
-0.32220683 -0.40550053 -1.6740781 6 0 0 0 9
-0.17113668 -0.092695452 -1.0702682 6 0 0 0 9
-0.39676464 0.039548893 -1.7371339 6 0 0 0 9
-0.32686007 -0.66404486 -1.8491963 6 0 0 0 9
-0.313472 0.16690318 -1.3722345 6 0 0 0 9
-0.14862616 -0.41080284 -1.161553 6 0 0 0 9
-0.15975133 -0.78737313 -1.4175 6 0 0 0 9
-0.32965615 -0.077204846 -1.5335772 6 0 0 0 9
-0.28206342 -0.59867322 -1.7286319 6 0 0 0 9
-0.41679356 0.004224048 -1.7748761 6 0 0 0 9
-0.30622217 -0.48699963 -1.7093438 6 0 0 0 9
-0.2822133 -0.61267442 -1.7143881 6 0 0 0 9
-0.3728404 -0.15840672 -1.6776464 6 0 0 0 9
-0.19414395 -0.24331971 -1.1919166 6 0 0 0 9
-0.17325827 -0.24061432 -1.1270748 6 0 0 0 9
-0.19948906 -0.50809455 -1.3438071 6 0 0 0 9
-0.36037096 -0.46597195 -1.886799 6 0 0 0 9
-0.13331613 -0.57811439 -1.1830513 6 0 0 0 9
-0.25036842 -0.1196944 -1.3483374 7 0 0 0 9
-0.15233791 -0.3196848 -1.0998012 7 0 0 0 9
-0.11432445 -0.42103824 -1.0408185 7 0 0 0 9
-0.36398369 -0.00041401552 -1.622722 7 0 0 0 9
-0.24484189 -0.40382183 -1.435643 7 0 0 0 9
-0.13087329 -0.67473304 -1.2081059 7 0 0 0 9
-0.37497494 0.15088424 -1.5943495 7 0 0 0 9
-0.18461059 -0.5583992 -1.3217998 7 0 0 0 9
-0.20384946 -0.13366753 -1.1969833 7 0 0 0 9
-0.161722 -0.54300243 -1.2574414 7 0 0 0 9
-0.23899192 -0.10452072 -1.2722863 7 0 0 0 9
-0.15972975 -0.63532662 -1.2470281 7 0 0 0 9
-0.41530004 -0.11064782 -1.8606523 7 0 0 0 9
-0.26087657 -0.28635964 -1.4473246 7 0 0 0 9
-0.10390422 -0.47007436 -1.0676657 7 0 0 0 9
-0.22417942 0.040281218 -1.1329772 7 0 0 0 9
-0.369295 -0.27159053 -1.7724051 7 0 0 0 9
-0.40516475 0.10422333 -1.7795007 7 0 0 0 9
-0.31413412 -0.62481123 -1.8110511 7 0 0 0 9
-0.20651433 0.085506998 -1.0868318 7 0 0 0 9
-0.363996 -0.18867761 -1.7966232 7 0 0 0 9
-0.39573744 0.025047729 -1.7659085 7 0 0 0 9
-0.16167487 -0.16605397 -1.0891765 7 0 0 0 9
-0.20672676 -0.2986739 -1.3217175 7 0 0 0 9
-0.37689003 0.028215703 -1.6836729 7 0 0 0 9
-0.19045474 -0.54392719 -1.3759058 7 0 0 0 9
-0.34923989 -0.28289285 -1.7015013 7 0 0 0 9
-0.29728568 -0.36631241 -1.6132867 7 0 0 0 9
-0.24765125 -0.65003777 -1.600021 7 0 0 0 9
-0.19583501 0.00031720244 -1.1303153 7 0 0 0 9
-0.21143901 -0.57978058 -1.4545127 7 0 0 0 9
-0.32025903 -0.54151171 -1.7787521 7 0 0 0 9
-0.27128115 -0.44652766 -1.5509679 7 0 0 0 9
-0.40935805 -0.19418529 -1.8707631 7 0 0 0 9
-0.13643166 -0.41983944 -1.1529651 7 0 0 0 9
-0.18531092 -0.62798083 -1.3938335 7 0 0 0 9
-0.2593478 -0.25302982 -1.4238938 7 0 0 0 9
-0.35767731 -0.13650844 -1.7038718 7 0 0 0 9
-0.23302485 -0.62552637 -1.5604358 7 0 0 0 9
-0.24047913 0.12529542 -1.1730868 7 0 0 0 9
-0.2224751 0.14654955 -1.0884817 8 0 0 0 9
-0.35280719 0.15647213 -1.5028946 8 0 0 0 9
-0.3554469 0.037031163 -1.5408596 8 0 0 0 9
-0.33873662 -0.12551883 -1.5925179 8 0 0 0 9
-0.23868176 0.067379445 -1.1329906 8 0 0 0 9
-0.35349426 -0.021526242 -1.6329281 8 0 0 0 9
-0.18141277 -0.20711271 -1.096488 8 0 0 0 9
-0.15866038 -0.21736953 -1.0371752 8 0 0 0 9
-0.24960002 -0.11740697 -1.2877933 8 0 0 0 9
-0.24942756 -0.40305278 -1.5302415 8 0 0 0 9
-0.11715539 -0.28498936 -0.99565274 8 0 0 0 9
-0.39275998 -0.37239611 -1.9133551 8 0 0 0 9
-0.4159368 0.036400728 -1.8276107 8 0 0 0 9
-0.21671014 -0.73211914 -1.5243462 8 0 0 0 9
-0.41237703 0.14433683 -1.6803316 8 0 0 0 9
-0.2496527 0.087161593 -1.2014074 8 0 0 0 9
-0.23739633 -0.34703884 -1.4162456 8 0 0 0 9
-0.25449628 0.066144258 -1.2421702 8 0 0 0 9
-0.28367531 -0.56063157 -1.6874031 8 0 0 0 9
-0.30706787 -0.26654312 -1.6117711 8 0 0 0 9
-0.23903614 -0.34985933 -1.467141 8 0 0 0 9
-0.30580029 0.14380208 -1.4539194 8 0 0 0 9
-0.38700762 -0.0037529592 -1.7245981 8 0 0 0 9
-0.20908283 0.077282473 -1.0726851 8 0 0 0 9
-0.23909962 -0.18568923 -1.3558809 8 0 0 0 9
-0.4293991 -0.10606038 -1.8890489 8 0 0 0 9
-0.25182474 -0.67349881 -1.6514176 8 0 0 0 9
-0.41850048 0.092514656 -1.8268825 8 0 0 0 9
-0.18790029 -0.22338425 -1.1674894 8 0 0 0 9
-0.25945377 -0.77463639 -1.7476101 8 0 0 0 9
-0.33188614 -0.13945848 -1.6674753 8 0 0 0 9
-0.26108032 0.19085366 -1.230509 8 0 0 0 9
-0.25628322 -0.3416284 -1.4899272 8 0 0 0 9
-0.32552227 -0.80076569 -1.8910407 8 0 0 0 9
-0.31398728 -0.16366354 -1.61112 8 0 0 0 9
-0.34317002 -0.052127082 -1.6127995 8 0 0 0 9
-0.26280507 -0.83005726 -1.7845607 8 0 0 0 9
-0.14868405 -0.34323546 -1.1477087 8 0 0 0 9
-0.35072002 -0.56567591 -1.8639692 8 0 0 0 9
-0.20752388 0.14215012 -1.0352553 8 0 0 0 9
-0.22800146 -0.72464597 -1.5706257 9 0 0 0 9
-0.24628299 -0.25179026 -1.3756084 9 0 0 0 9
-0.25960341 0.18217951 -1.2336279 9 0 0 0 9
-0.31538603 -0.63270992 -1.7863102 9 0 0 0 9
-0.11526544 -0.54254484 -1.1218809 9 0 0 0 9
-0.11474376 -0.52627689 -1.1504 9 0 0 0 9
-0.39219648 -0.058526438 -1.7768519 9 0 0 0 9
-0.197327 -0.43062407 -1.3258449 9 0 0 0 9
-0.28761384 -0.22349176 -1.4710786 9 0 0 0 9
-0.32092705 0.18784216 -1.4240998 9 0 0 0 9
-0.36094317 0.12758715 -1.5590646 9 0 0 0 9
-0.16768551 -0.31743026 -1.1247941 9 0 0 0 9
-0.27306077 0.17736147 -1.2873933 9 0 0 0 9
-0.26104075 -0.56419063 -1.6221062 9 0 0 0 9
-0.40758553 -0.093112268 -1.8317739 9 0 0 0 9
-0.31012148 -0.60845292 -1.7750758 9 0 0 0 9
-0.23085898 0.058898654 -1.195159 9 0 0 0 9
-0.16237821 -0.74332494 -1.4336903 9 0 0 0 9
-0.16711092 -0.2181225 -1.102888 9 0 0 0 9
-0.32736927 -0.063482963 -1.6526254 9 0 0 0 9
-0.17365111 -0.53283495 -1.2897301 9 0 0 0 9
-0.19625309 -0.0023472128 -1.1390181 9 0 0 0 9
-0.47084561 0.078386202 -1.9431336 9 0 0 0 9
-0.19909622 -0.74913758 -1.5596502 9 0 0 0 9
-0.26860464 0.035425678 -1.3357402 9 0 0 0 9
-0.10566308 -0.70796353 -1.1488427 9 0 0 0 9
-0.42690766 -0.087417223 -1.9102513 9 0 0 0 9
-0.44515634 0.14828551 -1.8787922 9 0 0 0 9
-0.1259841 -0.60954243 -1.183149 9 0 0 0 9
-0.32479396 -0.59435529 -1.8274475 9 0 0 0 9
-0.21200243 0.085880674 -1.1227472 9 0 0 0 9
-0.18299004 -0.077817909 -1.0870576 9 0 0 0 9
-0.11181855 -0.70980424 -1.2120472 9 0 0 0 9
-0.24076021 0.22700112 -1.1173873 9 0 0 0 9
-0.18593569 -0.15772377 -1.1809608 9 0 0 0 9
-0.25738457 -0.18186128 -1.4183917 9 0 0 0 9
-0.31467307 0.00058977527 -1.4589912 9 0 0 0 9
-0.24343376 -0.17576732 -1.3421063 9 0 0 0 9
-0.34917834 -0.39661586 -1.779732 9 0 0 0 9
-0.39036295 -0.16204031 -1.7998905 9 0 0 0 9
-0.35124469 -0.35983056 -1.7760909 10 0 0 0 9
-0.32818401 -0.15828829 -1.6442324 10 0 0 0 9
-0.26936999 -0.36303189 -1.5321467 10 0 0 0 9
-0.22615965 -0.51681393 -1.5049859 10 0 0 0 9
-0.32839337 -0.68561262 -1.8920966 10 0 0 0 9
-0.2440535 -0.065462053 -1.3480456 10 0 0 0 9
-0.35202655 0.17511013 -1.5784297 10 0 0 0 9
-0.28944138 -0.31621015 -1.5114462 10 0 0 0 9
-0.15783 -0.74913454 -1.3510172 10 0 0 0 9
-0.07839521 -0.68109 -1.0188478 10 0 0 0 9
-0.23870501 -0.71172553 -1.5399337 10 0 0 0 9
-0.34889263 -0.75744027 -1.9106581 10 0 0 0 9
-0.14150016 -0.53994954 -1.1991487 10 0 0 0 9
-0.16898352 -0.51596481 -1.2830645 10 0 0 0 9
-0.20611393 -0.74827212 -1.5222898 10 0 0 0 9
-0.26536736 -0.63373089 -1.7060874 10 0 0 0 9
-0.24647139 -0.014259094 -1.2576116 10 0 0 0 9
-0.41411361 -0.17684406 -1.8807977 10 0 0 0 9
-0.37612882 -0.069847606 -1.7161229 10 0 0 0 9
-0.16958842 -0.67982489 -1.377692 10 0 0 0 9
-0.12355019 -0.28905058 -1.0035225 10 0 0 0 9
-0.12220912 -0.20812422 -1.0163883 10 0 0 0 9
-0.37693939 -0.1463262 -1.7020223 10 0 0 0 9
-0.24470599 0.17922571 -1.1867628 10 0 0 0 9
-0.34642297 -0.75414056 -1.9043158 10 0 0 0 9
-0.38617161 -0.10793875 -1.7837473 10 0 0 0 9
-0.16576117 -0.59955549 -1.3819063 10 0 0 0 9
-0.24734074 -0.82557535 -1.7309799 10 0 0 0 9
-0.17170897 -0.77854663 -1.5170996 10 0 0 0 9
-0.25113299 -0.44590133 -1.5733992 10 0 0 0 9
-0.30936679 -0.086150646 -1.4838767 10 0 0 0 9
-0.42476702 0.078654587 -1.8317323 10 0 0 0 9
-0.21238333 -0.61849713 -1.4978948 10 0 0 0 9
-0.14056456 -0.13481486 -1.0166677 10 0 0 0 9
-0.14756212 -0.39495254 -1.1950703 10 0 0 0 9
-0.28473246 -0.19355203 -1.4552715 10 0 0 0 9
-0.068797864 -0.54973811 -1.0021824 10 0 0 0 9
-0.19317135 0.12589918 -1.0098062 10 0 0 0 9
-0.13120681 -0.21003979 -0.9933092 10 0 0 0 9
-0.16522014 -0.70054579 -1.3313777 10 0 0 0 9
-0.34500971 -0.064877704 -1.6172578 11 0 0 0 9
-0.30326462 -0.099976458 -1.5015929 11 0 0 0 9
-0.25726372 0.11105128 -1.1885298 11 0 0 0 9
-0.16789207 -0.5530507 -1.3038381 11 0 0 0 9
-0.37051818 0.11424649 -1.6067514 11 0 0 0 9
-0.19571993 -0.29906461 -1.2557567 11 0 0 0 9
-0.32309309 -0.37885514 -1.6772945 11 0 0 0 9
-0.36022529 -0.50682908 -1.8705041 11 0 0 0 9
-0.092052087 -0.43295911 -0.98253876 11 0 0 0 9
-0.26043087 -0.55162305 -1.6326393 11 0 0 0 9
-0.25975266 0.21069936 -1.2270231 11 0 0 0 9
-0.17792565 -0.68092859 -1.3583268 11 0 0 0 9
-0.42758983 -0.05761677 -1.8744813 11 0 0 0 9
-0.19804962 -0.47530401 -1.2647547 11 0 0 0 9
-0.30154848 -0.16886187 -1.4693837 11 0 0 0 9
-0.1960199 -0.065943167 -1.1306642 11 0 0 0 9
-0.2722773 -0.22937566 -1.4870096 11 0 0 0 9
-0.39116463 -0.29117626 -1.8967563 11 0 0 0 9
-0.40634242 -0.20843965 -1.8276165 11 0 0 0 9
-0.21353973 -0.2319632 -1.2860575 11 0 0 0 9
-0.21501173 -0.016682046 -1.1407866 11 0 0 0 9
-0.25382939 -0.48315954 -1.5085357 11 0 0 0 9
-0.35370916 -0.24891688 -1.7290596 11 0 0 0 9
-0.29425117 -0.62561524 -1.7830399 11 0 0 0 9
-0.43859658 -0.075383537 -1.8963196 11 0 0 0 9
-0.27303895 -0.4910771 -1.6160139 11 0 0 0 9
-0.34149197 0.10013884 -1.5928432 11 0 0 0 9
-0.44201639 -0.026560772 -1.8780894 11 0 0 0 9
-0.37441015 0.054596279 -1.5816061 11 0 0 0 9
-0.15847896 -0.51223868 -1.2615125 11 0 0 0 9
-0.23823884 0.20104572 -1.1533529 11 0 0 0 9
-0.40915021 -0.11440605 -1.9222691 11 0 0 0 9
-0.24516515 -0.69599533 -1.5798651 11 0 0 0 9
-0.1235951 -0.38966915 -1.0675715 11 0 0 0 9
-0.12541604 -0.57676041 -1.1854776 11 0 0 0 9
-0.42345515 -0.24059504 -1.9367871 11 0 0 0 9
-0.30373582 -0.12545612 -1.488905 11 0 0 0 9
-0.23186089 -0.30825907 -1.3037161 11 0 0 0 9
-0.22738133 -0.57139969 -1.4608926 11 0 0 0 9
-0.28976765 -0.17055665 -1.5815758 11 0 0 0 9
-0.33396104 -0.49251661 -1.8107437 12 0 0 0 9
-0.43121859 0.099390678 -1.8585885 12 0 0 0 9
-0.083056636 -0.46786976 -0.97947305 12 0 0 0 9
-0.39510885 -0.054441374 -1.7737821 12 0 0 0 9
-0.16882755 -0.40061885 -1.2765183 12 0 0 0 9
-0.35223633 -0.14763549 -1.6723229 12 0 0 0 9
-0.37066084 -0.18905424 -1.7955939 12 0 0 0 9
-0.11588552 -0.38173538 -1.0323726 12 0 0 0 9
-0.10940813 -0.49254233 -1.0553602 12 0 0 0 9
-0.23510675 0.085237935 -1.1964276 12 0 0 0 9
-0.17567867 -0.045265004 -1.0438985 12 0 0 0 9
-0.37281922 -0.26558089 -1.8073331 12 0 0 0 9
-0.34543467 -0.59473974 -1.8740797 12 0 0 0 9
-0.20389463 -0.16601178 -1.2294075 12 0 0 0 9
-0.18462631 0.033617727 -1.0486128 12 0 0 0 9
-0.33843809 0.046130408 -1.5866597 12 0 0 0 9
-0.28203923 -0.75798857 -1.7893151 12 0 0 0 9
-0.21378928 -0.55195165 -1.3980173 12 0 0 0 9
-0.23947395 -0.66231406 -1.543581 12 0 0 0 9
-0.35122916 0.061846994 -1.5434442 12 0 0 0 9
-0.14909926 -0.40758586 -1.1776332 12 0 0 0 9
-0.3243731 -0.20252731 -1.5801811 12 0 0 0 9
-0.32903847 -0.58036059 -1.8957996 12 0 0 0 9
-0.071991697 -0.58223772 -0.98722458 12 0 0 0 9
-0.25938055 -0.69870323 -1.6533509 12 0 0 0 9
-0.26403695 -0.45099929 -1.5813107 12 0 0 0 9
-0.2772266 -0.11246194 -1.3665552 12 0 0 0 9
-0.27666229 -0.060010172 -1.3838943 12 0 0 0 9
-0.28283024 -0.56626874 -1.7225413 12 0 0 0 9
-0.28648448 -0.17231405 -1.4893125 12 0 0 0 9
-0.14860633 -0.5227986 -1.1922953 12 0 0 0 9
-0.25948757 -0.63120842 -1.6177226 12 0 0 0 9
-0.45365384 -0.026573159 -1.9237252 12 0 0 0 9
-0.3818787 -0.19063368 -1.7931039 12 0 0 0 9
-0.1735913 -0.23888479 -1.073893 12 0 0 0 9
-0.23783909 -0.22852267 -1.3429952 12 0 0 0 9
-0.2893129 -0.81947303 -1.8697486 12 0 0 0 9
-0.068408802 -0.71883714 -1.0618759 12 0 0 0 9
-0.27249205 -0.65976876 -1.7005514 12 0 0 0 9
-0.13688552 -0.4503324 -1.1830946 12 0 0 0 9
-0.32874316 -0.063023634 -1.5345943 13 0 0 0 9
-0.2015893 0.085401259 -1.0230207 13 0 0 0 9
-0.26863232 -0.10047465 -1.3876654 13 0 0 0 9
-0.1870576 -0.61561495 -1.4226899 13 0 0 0 9
-0.14434715 -0.70093006 -1.2971791 13 0 0 0 9
-0.27459529 -0.7342959 -1.6850433 13 0 0 0 9
-0.22006682 -0.30497059 -1.3942508 13 0 0 0 9
-0.14766651 -0.27857611 -1.0817177 13 0 0 0 9
-0.17888704 -0.08596351 -1.0728145 13 0 0 0 9
-0.25158218 -0.82498848 -1.7257507 13 0 0 0 9
-0.41661778 -0.054299362 -1.8439513 13 0 0 0 9
-0.38532296 0.051033515 -1.6386418 13 0 0 0 9
-0.36672002 -0.26818401 -1.8192605 13 0 0 0 9
-0.42930821 0.030676566 -1.7830409 13 0 0 0 9
-0.35565531 -0.26563901 -1.7561001 13 0 0 0 9
-0.32229233 -0.50636607 -1.7059568 13 0 0 0 9
-0.26857713 -0.80530119 -1.7384425 13 0 0 0 9
-0.30123034 0.035436161 -1.4224074 13 0 0 0 9
-0.30017173 -0.27156389 -1.5469859 13 0 0 0 9
-0.37376636 0.030962257 -1.6335528 13 0 0 0 9
-0.29022348 0.059086613 -1.3849946 13 0 0 0 9
-0.18505196 0.036148112 -1.0248853 13 0 0 0 9
-0.17500572 -0.66654778 -1.3785156 13 0 0 0 9
-0.13213319 -0.74749452 -1.3220841 13 0 0 0 9
-0.24673833 -0.2956416 -1.436537 13 0 0 0 9
-0.21744815 -0.27035069 -1.2939368 13 0 0 0 9
-0.29255706 0.15229799 -1.3267136 13 0 0 0 9
-0.2763626 -0.2809366 -1.4407594 13 0 0 0 9
-0.077458262 -0.75751418 -1.1454474 13 0 0 0 9
-0.30336118 -0.35124925 -1.7036881 13 0 0 0 9
-0.1095471 -0.6348114 -1.1601193 13 0 0 0 9
-0.30955023 -0.24111518 -1.6129742 13 0 0 0 9
-0.31058124 -0.04238835 -1.5608641 13 0 0 0 9
-0.062811926 -0.75862736 -1.0824852 13 0 0 0 9
-0.18055172 -0.27390119 -1.2221276 13 0 0 0 9
-0.3637037 0.059718441 -1.6258657 13 0 0 0 9
-0.18777491 -0.59296989 -1.3742554 13 0 0 0 9
-0.30071762 -0.025119813 -1.4984975 13 0 0 0 9
-0.24218832 -0.22400127 -1.3743566 13 0 0 0 9
-0.24166316 -0.15375713 -1.391825 13 0 0 0 9
-0.36647847 -0.16141321 -1.7509741 14 0 0 0 9
-0.40708166 0.11539126 -1.6618042 14 0 0 0 9
-0.37311837 0.086227506 -1.6149867 14 0 0 0 9
-0.31364655 -0.46170777 -1.7291406 14 0 0 0 9
-0.23843977 -0.75373501 -1.5878817 14 0 0 0 9
-0.27102056 -0.16269772 -1.4413978 14 0 0 0 9
-0.23493761 -0.50220561 -1.5326077 14 0 0 0 9
-0.23191074 -0.50977474 -1.4770694 14 0 0 0 9
-0.35028228 -0.185185 -1.6432135 14 0 0 0 9
-0.14952806 -0.27376103 -1.1327302 14 0 0 0 9
-0.23740494 -0.77681923 -1.6801238 14 0 0 0 9
-0.35472667 0.13097006 -1.5324771 14 0 0 0 9
-0.17783803 -0.22506037 -1.1091435 14 0 0 0 9
-0.06338989 -0.59266889 -1.0184778 14 0 0 0 9
-0.19333541 -0.34681973 -1.2902608 14 0 0 0 9
-0.27414942 -0.72807592 -1.6973734 14 0 0 0 9
-0.23635486 0.090082563 -1.1382732 14 0 0 0 9
-0.24725659 -0.75567675 -1.7043741 14 0 0 0 9
-0.23212752 -0.56056643 -1.4877237 14 0 0 0 9
-0.35980204 -0.37724704 -1.8076344 14 0 0 0 9
-0.23745199 -0.23994741 -1.3941709 14 0 0 0 9
-0.15722126 -0.073669426 -1.0031397 14 0 0 0 9
-0.32293144 -0.17413613 -1.5720983 14 0 0 0 9
-0.41878575 0.050218806 -1.7954881 14 0 0 0 9
-0.21814536 -0.36386389 -1.3413358 14 0 0 0 9
-0.14662047 -0.62252635 -1.2765689 14 0 0 0 9
-0.1616203 -0.18214539 -1.1043292 14 0 0 0 9
-0.17093539 -0.31687924 -1.218444 14 0 0 0 9
-0.23284544 -0.37373313 -1.3814714 14 0 0 0 9
-0.32912257 -0.66911817 -1.8647041 14 0 0 0 9
-0.27298215 -0.29941824 -1.4736636 14 0 0 0 9
-0.35924709 -0.46936861 -1.8721938 14 0 0 0 9
-0.3306497 -0.12149058 -1.5728618 14 0 0 0 9
-0.34716755 -0.52758956 -1.9055761 14 0 0 0 9
-0.32000339 -0.17334899 -1.5132285 14 0 0 0 9
-0.21742035 -0.13286649 -1.2313112 14 0 0 0 9
-0.23257758 -0.53773111 -1.5271488 14 0 0 0 9
-0.32255331 -0.62992609 -1.8249025 14 0 0 0 9
-0.11777119 -0.32764888 -1.0628277 14 0 0 0 9
-0.34216121 0.025622925 -1.5808995 14 0 0 0 9
-0.29822651 -0.48005584 -1.6301198 15 0 0 0 9
-0.26209006 -0.0078143105 -1.2895862 15 0 0 0 9
-0.31035486 -0.042809784 -1.4986753 15 0 0 0 9
-0.38670734 0.10807166 -1.6638652 15 0 0 0 9
-0.36645234 -0.11738411 -1.6844227 15 0 0 0 9
-0.17277256 -0.72266817 -1.3963262 15 0 0 0 9
-0.3095139 -0.15764768 -1.5449591 15 0 0 0 9
-0.38327956 -0.21497613 -1.8407091 15 0 0 0 9
-0.21557356 -0.36467063 -1.3719749 15 0 0 0 9
-0.28777921 -0.73773992 -1.8370974 15 0 0 0 9
-0.31761214 -0.38978857 -1.7294806 15 0 0 0 9
-0.42032999 -0.097719081 -1.8387616 15 0 0 0 9
-0.15157588 -0.6380803 -1.3094722 15 0 0 0 9
-0.37774512 -0.18231912 -1.7861139 15 0 0 0 9
-0.12762408 -0.55797255 -1.1101831 15 0 0 0 9
-0.3578622 0.084616199 -1.5725691 15 0 0 0 9
-0.2786001 -0.47234103 -1.5770204 15 0 0 0 9
-0.41648415 -0.26342165 -1.9080504 15 0 0 0 9
-0.30291712 -0.2135758 -1.5186055 15 0 0 0 9
-0.22509561 0.10904143 -1.141497 15 0 0 0 9
-0.24909458 -0.19254151 -1.4028182 15 0 0 0 9
-0.3163873 0.1287787 -1.441467 15 0 0 0 9
-0.3748391 -0.052108265 -1.732538 15 0 0 0 9
-0.15495187 -0.41969603 -1.2268597 15 0 0 0 9
-0.32409295 -0.032455713 -1.5676523 15 0 0 0 9
-0.18673661 -0.70575583 -1.4531516 15 0 0 0 9
-0.24214694 0.21633844 -1.1100863 15 0 0 0 9
-0.37779745 -0.39305028 -1.9286984 15 0 0 0 9
-0.37695864 -0.455962 -1.861145 15 0 0 0 9
-0.37367895 0.15826277 -1.639359 15 0 0 0 9
-0.19805022 -0.57167256 -1.5074694 15 0 0 0 9
-0.31820148 -0.63624805 -1.7525177 15 0 0 0 9
-0.40589941 0.039927125 -1.752344 15 0 0 0 9
-0.16805716 -0.24672879 -1.1299555 15 0 0 0 9
-0.32930264 0.054788385 -1.4744349 15 0 0 0 9
-0.31843367 0.1886591 -1.400061 15 0 0 0 9
-0.30702364 0.01493262 -1.4502554 15 0 0 0 9
-0.32737446 -0.56025815 -1.8045961 15 0 0 0 9
-0.15984027 -0.38867411 -1.2092026 15 0 0 0 9
-0.40383238 0.078116395 -1.7385216 15 0 0 0 9
-0.32460603 0.1914558 -1.3143876 16 0 0 0 9
-0.4239229 0.1595272 -1.6989554 16 0 0 0 9
-0.3828747 -0.1165485 -1.7856199 16 0 0 0 9
-0.17910269 0.12369706 -1.021261 16 0 0 0 9
-0.21607289 -0.2874769 -1.2980132 16 0 0 0 9
-0.34999993 -0.49146831 -1.792465 16 0 0 0 9
-0.069472924 -0.68259537 -1.0784048 16 0 0 0 9
-0.2204822 -0.55065775 -1.4730371 16 0 0 0 9
-0.15824901 -0.21213679 -1.1284496 16 0 0 0 9
-0.36556444 0.10180837 -1.5613049 16 0 0 0 9
-0.21095061 -0.13587119 -1.2400666 16 0 0 0 9
-0.27808061 -0.19833884 -1.4812382 16 0 0 0 9
-0.44678956 0.11209911 -1.8349817 16 0 0 0 9
-0.35984603 -0.47446892 -1.8596468 16 0 0 0 9
-0.19980665 -0.65098792 -1.4794931 16 0 0 0 9
-0.30450585 0.15923876 -1.3466635 16 0 0 0 9
-0.20704333 0.13542314 -1.0685489 16 0 0 0 9
-0.28066429 0.084480733 -1.3161447 16 0 0 0 9
-0.14684981 -0.78142166 -1.3376566 16 0 0 0 9
-0.3231363 -0.49078876 -1.7710347 16 0 0 0 9
-0.34331027 -0.6008715 -1.8832386 16 0 0 0 9
-0.26862356 -0.25036487 -1.4301058 16 0 0 0 9
-0.28097609 0.17095205 -1.310817 16 0 0 0 9
-0.30950665 0.096375912 -1.4090794 16 0 0 0 9
-0.31718671 -0.10582533 -1.5148742 16 0 0 0 9
-0.26124489 -0.29532307 -1.4445039 16 0 0 0 9
-0.26289484 -0.81638998 -1.7437161 16 0 0 0 9
-0.34279096 -0.17850043 -1.6553812 16 0 0 0 9
-0.4570452 0.1390713 -1.8604234 16 0 0 0 9
-0.18276888 0.029585898 -1.0549836 16 0 0 0 9
-0.16062929 -0.14863674 -1.0882967 16 0 0 0 9
-0.35928127 -0.14076842 -1.7824672 16 0 0 0 9
-0.191578 0.090165146 -1.0374035 16 0 0 0 9
-0.26265985 -0.014876352 -1.2969421 16 0 0 0 9
-0.20145364 -0.44410127 -1.380264 16 0 0 0 9
-0.24208578 0.099619024 -1.1928028 16 0 0 0 9
-0.18893769 -0.27681491 -1.2277005 16 0 0 0 9
-0.29710278 -0.45569649 -1.6469214 16 0 0 0 9
-0.23062693 -0.51271284 -1.5158929 16 0 0 0 9
-0.16770624 -0.52476877 -1.2464221 16 0 0 0 9
-0.24333917 -0.2874898 -1.428484 17 0 0 0 9
-0.1602979 -0.24860756 -1.0920519 17 0 0 0 9
-0.1892342 0.1427698 -1.0318005 17 0 0 0 9
-0.25589579 0.059671018 -1.2801927 17 0 0 0 9
-0.37526047 -0.31901759 -1.8308923 17 0 0 0 9
-0.12276688 -0.48240724 -1.105323 17 0 0 0 9
-0.040831801 -0.69632417 -1.0367285 17 0 0 0 9
-0.20650434 0.048279263 -1.1430178 17 0 0 0 9
-0.24576624 0.11879353 -1.2094905 17 0 0 0 9
-0.20434614 -0.51798815 -1.3866867 17 0 0 0 9
-0.1221569 -0.37829739 -1.036302 17 0 0 0 9
-0.35885167 -0.29190701 -1.815509 17 0 0 0 9
-0.21954812 0.15956345 -1.0514044 17 0 0 0 9
-0.26133612 -0.0045934464 -1.3453857 17 0 0 0 9
-0.21562271 -0.32040095 -1.3193309 17 0 0 0 9
-0.16347307 -0.10681154 -1.0171802 17 0 0 0 9
-0.13891141 -0.78083879 -1.3367571 17 0 0 0 9
-0.1794682 -0.57655126 -1.3335575 17 0 0 0 9
-0.087782718 -0.75577295 -1.1289992 17 0 0 0 9
-0.2213008 -0.72934037 -1.543736 17 0 0 0 9
-0.33824906 -0.59862572 -1.8655561 17 0 0 0 9
-0.35944203 -0.23895621 -1.7577776 17 0 0 0 9
-0.31183264 -0.75354332 -1.8296378 17 0 0 0 9
-0.22459877 -0.8013491 -1.6198378 17 0 0 0 9
-0.23528011 -0.15068744 -1.3403943 17 0 0 0 9
-0.21282348 -0.25656158 -1.319078 17 0 0 0 9
-0.2902354 -0.26002118 -1.4895378 17 0 0 0 9
-0.36235642 -0.38212168 -1.8168358 17 0 0 0 9
-0.15557134 -0.58327216 -1.3378655 17 0 0 0 9
-0.25397593 -0.14051181 -1.3948812 17 0 0 0 9
-0.34372386 0.089528956 -1.5635278 17 0 0 0 9
-0.38048232 -0.25474441 -1.8481727 17 0 0 0 9
-0.2270011 -0.10055725 -1.1999425 17 0 0 0 9
-0.37843105 0.10235812 -1.597873 17 0 0 0 9
-0.23871049 -0.71065712 -1.5982026 17 0 0 0 9
-0.12083866 -0.77122283 -1.2633636 17 0 0 0 9
-0.17249669 -0.29566124 -1.1108478 17 0 0 0 9
-0.1639003 -0.544393 -1.2479405 17 0 0 0 9
-0.10527663 -0.58152854 -1.0898943 17 0 0 0 9
-0.22876139 -0.52077872 -1.5074853 17 0 0 0 9
-0.31858572 -0.39516005 -1.7693119 18 0 0 0 9
-0.29978114 -0.16124566 -1.5284278 18 0 0 0 9
-0.19357103 -0.5914681 -1.4111021 18 0 0 0 9
-0.26704344 -0.21203706 -1.4442149 18 0 0 0 9
-0.3751612 -0.12655097 -1.8271377 18 0 0 0 9
-0.30975571 -0.12961176 -1.4695565 18 0 0 0 9
-0.31798863 -0.15101293 -1.5604312 18 0 0 0 9
-0.39123449 -0.031613283 -1.7593465 18 0 0 0 9
-0.17019938 -0.31392118 -1.1919703 18 0 0 0 9
-0.30144632 0.17269926 -1.2810284 18 0 0 0 9
-0.37582362 -0.143189 -1.7635154 18 0 0 0 9
-0.20901796 -0.73934883 -1.5456606 18 0 0 0 9
-0.27243915 -0.67894346 -1.6874902 18 0 0 0 9
-0.169236 -0.46100014 -1.2616025 18 0 0 0 9
-0.28572819 -0.63971061 -1.6946986 18 0 0 0 9
-0.2773453 -0.57478738 -1.6536727 18 0 0 0 9
-0.25540468 0.16738668 -1.2088759 18 0 0 0 9
-0.39512792 -0.013374391 -1.7314236 18 0 0 0 9
-0.17183611 -0.74799567 -1.4090357 18 0 0 0 9
-0.35207722 0.13266723 -1.5063312 18 0 0 0 9
-0.41017392 -0.14413413 -1.8949119 18 0 0 0 9
-0.14584728 -0.46939996 -1.1667725 18 0 0 0 9
-0.32819483 -0.73100692 -1.8736972 18 0 0 0 9
-0.35365894 -0.27010468 -1.7469125 18 0 0 0 9
-0.0709197 -0.62604064 -1.0084262 18 0 0 0 9
-0.32339922 -0.57752395 -1.8088014 18 0 0 0 9
-0.23563063 -0.35254291 -1.3783842 18 0 0 0 9
-0.32729217 -0.5111053 -1.839239 18 0 0 0 9
-0.17786308 -0.66824222 -1.4131231 18 0 0 0 9
-0.19890712 -0.14790286 -1.2122126 18 0 0 0 9
-0.073826149 -0.60180569 -0.96722335 18 0 0 0 9
-0.39129096 0.13070332 -1.6937234 18 0 0 0 9
-0.34673101 0.15842013 -1.5070767 18 0 0 0 9
-0.20563689 -0.28638083 -1.3123859 18 0 0 0 9
-0.37352005 -0.089452654 -1.7565402 18 0 0 0 9
-0.35291311 -0.55313993 -1.9293653 18 0 0 0 9
-0.37424809 -0.10041365 -1.7124841 18 0 0 0 9
-0.17775561 -0.64427328 -1.327657 18 0 0 0 9
-0.36342761 -0.33069792 -1.7971622 18 0 0 0 9
-0.40987635 -0.20311895 -1.9359093 18 0 0 0 9
-0.28590539 0.037564181 -1.366188 19 0 0 0 9
-0.35046276 -0.035863046 -1.6000992 19 0 0 0 9
-0.1703753 -0.78421611 -1.4405166 19 0 0 0 9
-0.31102309 0.073781498 -1.4429796 19 0 0 0 9
-0.067453586 -0.53264225 -1.0504612 19 0 0 0 9
-0.14884095 -0.38892889 -1.1730269 19 0 0 0 9
-0.158068 -0.36466801 -1.1126989 19 0 0 0 9
-0.34310618 -0.37351152 -1.8032568 19 0 0 0 9
-0.082892776 -0.53319269 -1.0407549 19 0 0 0 9
-0.2062351 -0.2570909 -1.2521203 19 0 0 0 9
-0.19535503 0.16259708 -1.0508481 19 0 0 0 9
-0.29010639 -0.27246574 -1.5354333 19 0 0 0 9
-0.23189017 -0.32745093 -1.4198195 19 0 0 0 9
-0.21287335 -0.76925796 -1.5169058 19 0 0 0 9
-0.24410187 -0.26483434 -1.4119501 19 0 0 0 9
-0.29388455 -0.09500961 -1.4424336 19 0 0 0 9
-0.35555786 -0.56469488 -1.8742863 19 0 0 0 9
-0.16440532 -0.68485779 -1.3560791 19 0 0 0 9
-0.22664246 -0.21246164 -1.2356372 19 0 0 0 9
-0.29602155 -0.082588024 -1.4222713 19 0 0 0 9
-0.057340857 -0.67807829 -1.0161979 19 0 0 0 9
-0.18249257 -0.28407961 -1.2247972 19 0 0 0 9
-0.12427534 -0.72077823 -1.2535249 19 0 0 0 9
-0.21721213 -0.14098707 -1.2417508 19 0 0 0 9
-0.37980342 0.099599488 -1.6431704 19 0 0 0 9
-0.31481633 -0.59116989 -1.8620954 19 0 0 0 9
-0.30172276 -0.60917801 -1.7936337 19 0 0 0 9
-0.35242414 -0.28302449 -1.7729657 19 0 0 0 9
-0.035722304 -0.7375834 -1.0001223 19 0 0 0 9
-0.055305265 -0.65238249 -1.0004793 19 0 0 0 9
-0.22219616 -0.24401665 -1.2838041 19 0 0 0 9
-0.36504099 -0.31808111 -1.7681286 19 0 0 0 9
-0.34641078 0.12637185 -1.5165253 19 0 0 0 9
-0.3447763 -0.53473938 -1.8929176 19 0 0 0 9
-0.19114365 -0.20979811 -1.1631619 19 0 0 0 9
-0.23617083 -0.74278438 -1.6330558 19 0 0 0 9
-0.36819917 -0.40479657 -1.8296146 19 0 0 0 9
-0.057563942 -0.64477581 -1.0425241 19 0 0 0 9
-0.48182261 0.1170714 -1.9603132 19 0 0 0 9
-0.25657994 -0.57361108 -1.5863752 19 0 0 0 9
2.2304227 0.25419369 0.45146409 0 0 0 0 10
1.7595408 0.83713579 0.5218305 0 0 0 0 10
1.5524114 0.79587489 0.85329759 0 0 0 0 10
1.960247 0.64381951 0.44425765 0 0 0 0 10
1.9918915 1.0780907 0.035101898 0 0 0 0 10
1.7156525 0.50133932 0.91183567 0 0 0 0 10
1.8916365 0.25033462 0.88544559 0 0 0 0 10
2.0610983 0.82008314 0.16730157 0 0 0 0 10
2.1173522 0.29201305 0.57030439 0 0 0 0 10
2.130023 0.56510907 0.29915401 0 0 0 0 10
1.8080084 0.31966361 0.90408307 0 0 0 0 10
1.7881769 0.79032856 0.56370771 0 0 0 0 10
1.707311 0.54883182 0.859348 0 0 0 0 10
2.0519702 0.8233344 0.18564595 0 0 0 0 10
1.8383856 0.45905951 0.76475066 0 0 0 0 10
1.6455017 0.70297098 0.79945922 0 0 0 0 10
2.0556219 0.8402952 0.15154417 0 0 0 0 10
1.9526675 0.66912889 0.4468644 0 0 0 0 10
1.7399938 0.36373493 1.0126612 0 0 0 0 10
1.612763 0.87739843 0.66350144 0 0 0 0 10
2.3194361 0.28936458 0.33663473 0 0 0 0 10
1.4772372 0.92375368 0.82971978 0 0 0 0 10
2.0135005 0.25764421 0.75380707 0 0 0 0 10
1.6278415 0.5142253 0.96416289 0 0 0 0 10
2.2664626 0.33106756 0.39262757 0 0 0 0 10
1.4807533 1.045356 0.72066903 0 0 0 0 10
1.7245307 1.0674604 0.39261633 0 0 0 0 10
1.8264506 0.42460155 0.83171916 0 0 0 0 10
2.2233403 0.51271605 0.22304261 0 0 0 0 10
1.7350278 0.307466 1.0100646 0 0 0 0 10
2.0363007 0.38644463 0.58537763 0 0 0 0 10
1.9816374 0.69796711 0.36323592 0 0 0 0 10
1.8808843 0.33550137 0.83330798 0 0 0 0 10
1.9505589 0.97738862 0.14764215 0 0 0 0 10
1.7519647 0.57313257 0.79463232 0 0 0 0 10
1.5608065 1.1033527 0.5428521 0 0 0 0 10
1.5221986 1.0972222 0.63698733 0 0 0 0 10
1.6332306 0.94388258 0.60796189 0 0 0 0 10
1.9029919 0.87888378 0.30874947 0 0 0 0 10
2.1882417 0.32305086 0.43672574 0 0 0 0 10
1.6151177 0.92192495 0.64746255 1 0 0 0 10
1.8322234 0.98810732 0.32176065 1 0 0 0 10
1.9428843 0.5902946 0.53215337 1 0 0 0 10
1.9798924 0.97625691 0.13785538 1 0 0 0 10
1.6917862 0.95977265 0.49848521 1 0 0 0 10
2.1856048 0.35309875 0.37462705 1 0 0 0 10
1.8112354 0.43573648 0.83726293 1 0 0 0 10
2.0186303 0.79105258 0.22550598 1 0 0 0 10
1.8598542 0.94060457 0.29447255 1 0 0 0 10
1.7877355 0.67266494 0.67235577 1 0 0 0 10
2.2586632 0.28894326 0.3867512 1 0 0 0 10
2.0105517 0.56112784 0.48169798 1 0 0 0 10
1.9867709 0.9362728 0.1628439 1 0 0 0 10
2.2332563 0.32134375 0.40492201 1 0 0 0 10
1.9305444 0.71275306 0.45109135 1 0 0 0 10
1.9251033 0.43881476 0.68855685 1 0 0 0 10
1.8418176 0.79020917 0.47524366 1 0 0 0 10
1.9450352 0.49635667 0.61511272 1 0 0 0 10
1.7898651 0.74946946 0.58346832 1 0 0 0 10
1.9305217 0.32778019 0.77902937 1 0 0 0 10
1.6676939 0.86144471 0.61228502 1 0 0 0 10
1.8686787 0.42737943 0.76784283 1 0 0 0 10
1.4213454 1.0441087 0.79755574 1 0 0 0 10
1.9298545 0.83478588 0.3295666 1 0 0 0 10
1.9135746 0.77948511 0.36030883 1 0 0 0 10
2.0958145 0.69849765 0.21579067 1 0 0 0 10
1.7059306 0.9754315 0.47770086 1 0 0 0 10
2.1118348 0.56043214 0.35640562 1 0 0 0 10
2.0394914 0.63629031 0.36635721 1 0 0 0 10
1.8971463 0.72875106 0.43265393 1 0 0 0 10
2.2181005 0.25722691 0.45693901 1 0 0 0 10
1.5485183 1.0340308 0.60796404 1 0 0 0 10
1.5376992 0.89092118 0.7668041 1 0 0 0 10
1.8825471 0.81824893 0.40424153 1 0 0 0 10
1.8964471 0.48583326 0.66910774 1 0 0 0 10
2.0061669 0.75273132 0.29105002 1 0 0 0 10
1.8968593 0.40552843 0.77244925 1 0 0 0 10
2.0097735 0.81758988 0.25473505 1 0 0 0 10
1.5555284 0.9253996 0.7087549 1 0 0 0 10
1.7040925 0.38134062 0.99564236 1 0 0 0 10
2.2728994 0.40820283 0.30320102 2 0 0 0 10
1.7141714 0.58490324 0.83546907 2 0 0 0 10
2.0527558 0.48895034 0.47254565 2 0 0 0 10
2.0185955 1.0073808 0.050871313 2 0 0 0 10
1.7118481 1.0369071 0.43773419 2 0 0 0 10
1.5094666 0.93154478 0.7879799 2 0 0 0 10
1.8502592 0.67393428 0.60215223 2 0 0 0 10
1.8970821 0.53456658 0.66709244 2 0 0 0 10
1.6945261 1.0045589 0.48776674 2 0 0 0 10
1.7273684 0.92648816 0.5271455 2 0 0 0 10
2.0526607 0.46140513 0.47959453 2 0 0 0 10
1.6348758 0.98057336 0.59361726 2 0 0 0 10
1.9563311 0.95803684 0.19212212 2 0 0 0 10
1.5910065 0.85975385 0.73235792 2 0 0 0 10
1.8936579 0.80241537 0.39635956 2 0 0 0 10
1.7416043 0.76328892 0.65293658 2 0 0 0 10
1.89882 1.0099139 0.22266604 2 0 0 0 10
1.7113854 0.68718946 0.72314352 2 0 0 0 10
1.8517288 1.006544 0.25533131 2 0 0 0 10
1.9878675 1.0143281 0.10279163 2 0 0 0 10
2.1533775 0.53931248 0.29745051 2 0 0 0 10
2.1921585 0.32296482 0.47441384 2 0 0 0 10
1.8430071 0.65427083 0.6104784 2 0 0 0 10
1.7323436 1.0451077 0.39500299 2 0 0 0 10
1.8301879 0.54144222 0.72020966 2 0 0 0 10
1.7590032 0.55363566 0.74623561 2 0 0 0 10
1.7708262 0.96109158 0.43375093 2 0 0 0 10
1.8546653 0.38432136 0.8261646 2 0 0 0 10
1.9324609 0.4792881 0.62213379 2 0 0 0 10
2.2967668 0.38582543 0.25123435 2 0 0 0 10
1.8965009 0.60317045 0.56286889 2 0 0 0 10
1.9516522 1.0082735 0.15383774 2 0 0 0 10
2.2516944 0.31177828 0.38329154 2 0 0 0 10
2.1469214 0.39815849 0.44096559 2 0 0 0 10
1.9786372 1.0340354 0.086286947 2 0 0 0 10
1.9951243 0.64059347 0.43121561 2 0 0 0 10
1.5523412 1.027833 0.62086517 2 0 0 0 10
1.7270807 0.80268973 0.61831617 2 0 0 0 10
1.8632367 0.61559409 0.61257774 2 0 0 0 10
1.744138 0.94069588 0.48517206 2 0 0 0 10
2.1001313 0.80986643 0.11648083 3 0 0 0 10
1.8200324 0.29366007 0.96130383 3 0 0 0 10
1.7050856 0.58950466 0.8396191 3 0 0 0 10
1.8741254 1.0078915 0.24524394 3 0 0 0 10
1.9144417 0.99958676 0.19750778 3 0 0 0 10
1.918793 1.097226 0.12582472 3 0 0 0 10
1.8920685 0.75515622 0.45043948 3 0 0 0 10
1.8460932 0.76220161 0.49114257 3 0 0 0 10
2.0646522 0.64968276 0.33213687 3 0 0 0 10
1.8139797 0.51003474 0.77528352 3 0 0 0 10
1.5902213 1.1112893 0.53205013 3 0 0 0 10
1.4585521 0.95689374 0.80203533 3 0 0 0 10
1.9451495 0.3932617 0.68482435 3 0 0 0 10
1.8281881 1.071112 0.27607691 3 0 0 0 10
2.1392527 0.45039102 0.41580373 3 0 0 0 10
2.029439 0.46015236 0.52121598 3 0 0 0 10
1.8858659 0.67702639 0.53972286 3 0 0 0 10
2.1095648 0.76972103 0.13953936 3 0 0 0 10
1.5572429 1.0533854 0.62952721 3 0 0 0 10
2.1536386 0.7220124 0.1576817 3 0 0 0 10
2.0609882 0.81964535 0.17188385 3 0 0 0 10
2.1019228 0.51633751 0.39015716 3 0 0 0 10
2.0596733 0.78014058 0.2045221 3 0 0 0 10
2.0556421 0.81974822 0.21721855 3 0 0 0 10
2.0246017 0.56599629 0.43881303 3 0 0 0 10
2.1226463 0.46816066 0.39546472 3 0 0 0 10
1.8754067 0.41429743 0.77209002 3 0 0 0 10
1.7937062 0.65562958 0.63703156 3 0 0 0 10
1.7500086 1.0141908 0.39416018 3 0 0 0 10
1.9926279 0.78699464 0.27529851 3 0 0 0 10
2.0396717 0.63121861 0.37911907 3 0 0 0 10
2.1638694 0.28197145 0.53474045 3 0 0 0 10
1.9805464 0.4646987 0.62076616 3 0 0 0 10
2.0031433 0.32922083 0.72170138 3 0 0 0 10
2.1331618 0.50466835 0.3610284 3 0 0 0 10
2.2687597 0.27524641 0.41924861 3 0 0 0 10
1.8874866 0.58242178 0.61574417 3 0 0 0 10
1.7788346 0.68878251 0.63992202 3 0 0 0 10
1.8389972 0.26486099 0.95411152 3 0 0 0 10
1.5910335 0.73195237 0.8451919 3 0 0 0 10
2.0196598 0.39862376 0.5712111 4 0 0 0 10
1.6508148 0.70301527 0.81530446 4 0 0 0 10
1.7022754 0.42577332 0.98263067 4 0 0 0 10
1.8980511 0.46939293 0.68036109 4 0 0 0 10
2.0679564 0.28036553 0.61768198 4 0 0 0 10
2.1489649 0.48025075 0.35944045 4 0 0 0 10
2.0684474 0.73193574 0.25240761 4 0 0 0 10
1.6123801 1.0306625 0.54262614 4 0 0 0 10
1.8390145 0.57540166 0.65050071 4 0 0 0 10
2.1897008 0.28710261 0.46966633 4 0 0 0 10
1.5745552 0.8907702 0.71064353 4 0 0 0 10
1.7370337 0.48151445 0.87277913 4 0 0 0 10
2.1760192 0.26418629 0.5091787 4 0 0 0 10
1.88791 0.75940835 0.40587369 4 0 0 0 10
2.0829029 0.26094222 0.65317607 4 0 0 0 10
1.8827001 0.55887842 0.63589734 4 0 0 0 10
1.9654475 0.99357969 0.14123026 4 0 0 0 10
1.7694063 0.26864761 1.0236692 4 0 0 0 10
1.6949947 0.7892589 0.6796779 4 0 0 0 10
1.9596474 0.51168227 0.58429754 4 0 0 0 10
1.9682897 1.116519 0.068443201 4 0 0 0 10
1.7414491 0.60976517 0.78670126 4 0 0 0 10
1.6085881 0.92675936 0.66518068 4 0 0 0 10
2.2037358 0.44521454 0.33271042 4 0 0 0 10
2.0429311 0.46547946 0.52445549 4 0 0 0 10
1.650822 0.85678726 0.64896822 4 0 0 0 10
1.392468 1.0912671 0.78643787 4 0 0 0 10
1.7851002 0.95121896 0.41670635 4 0 0 0 10
1.9825341 0.58884662 0.47963959 4 0 0 0 10
2.04248 0.77234703 0.21581526 4 0 0 0 10
2.0654359 0.88521463 0.12129735 4 0 0 0 10
1.9287508 0.29211989 0.82039571 4 0 0 0 10
1.5649813 0.78396046 0.85280609 4 0 0 0 10
1.7766799 1.021047 0.34450558 4 0 0 0 10
1.8686618 0.36921248 0.78182411 4 0 0 0 10
1.6625057 0.51970893 0.96638745 4 0 0 0 10
1.725027 0.96796656 0.46840304 4 0 0 0 10
1.7314825 0.77676165 0.64076364 4 0 0 0 10
1.7189388 1.0593243 0.40111971 4 0 0 0 10
2.1929114 0.52989286 0.25857094 4 0 0 0 10
1.8824825 1.0586647 0.2015686 5 0 0 0 10
1.7091949 0.86387241 0.58564681 5 0 0 0 10
1.9552969 0.38447547 0.69934809 5 0 0 0 10
2.0099809 0.3136847 0.70433402 5 0 0 0 10
1.7478857 0.50340843 0.83354729 5 0 0 0 10
1.8900199 0.3912465 0.81049073 5 0 0 0 10
1.7354026 0.42944244 0.94147736 5 0 0 0 10
1.7716466 0.35857198 0.95316476 5 0 0 0 10
2.1365943 0.38687539 0.44785416 5 0 0 0 10
2.0753815 0.95745975 0.059285916 5 0 0 0 10
1.9423231 0.32356867 0.77968889 5 0 0 0 10
1.5980895 0.66309136 0.91326594 5 0 0 0 10
2.1645713 0.36832297 0.43639511 5 0 0 0 10
1.5657235 0.71708637 0.91381985 5 0 0 0 10
1.7838297 0.56202883 0.79582894 5 0 0 0 10
1.8583735 0.5314225 0.67140889 5 0 0 0 10
1.925007 0.33685964 0.76617593 5 0 0 0 10
1.9421198 0.87323987 0.28882602 5 0 0 0 10
1.6279838 0.80204421 0.77993631 5 0 0 0 10
1.8092755 0.31710485 0.94536036 5 0 0 0 10
1.7367201 0.74881613 0.66228265 5 0 0 0 10
2.0314579 0.34489542 0.60547376 5 0 0 0 10
1.7137259 1.0220426 0.43961683 5 0 0 0 10
2.07021 0.54167777 0.42794359 5 0 0 0 10
1.8164496 0.51755917 0.76212227 5 0 0 0 10
1.7142209 0.4501406 0.9570089 5 0 0 0 10
1.6463594 0.83906907 0.70045966 5 0 0 0 10
1.9190043 0.50530457 0.62071991 5 0 0 0 10
1.7138617 0.39541426 1.0163976 5 0 0 0 10
1.9955422 0.98650372 0.096217208 5 0 0 0 10
1.7243279 0.43554336 0.96088284 5 0 0 0 10
1.7327156 0.62427604 0.78487426 5 0 0 0 10
2.0074606 0.74947053 0.26935649 5 0 0 0 10
2.1059129 0.48054051 0.40805951 5 0 0 0 10
1.8911558 0.36207721 0.78271008 5 0 0 0 10
1.5115634 0.92760497 0.79452205 5 0 0 0 10
2.0704153 0.85231823 0.16181663 5 0 0 0 10
2.2155614 0.27395871 0.46920648 5 0 0 0 10
2.063113 0.6936723 0.28869003 5 0 0 0 10
1.9363723 0.89126104 0.26367056 5 0 0 0 10
1.6290723 0.55106968 0.9518137 6 0 0 0 10
1.5508174 0.9378348 0.73784614 6 0 0 0 10
2.0325637 0.45141286 0.54008627 6 0 0 0 10
2.2120006 0.27387008 0.47167268 6 0 0 0 10
1.7181752 0.50278914 0.89808214 6 0 0 0 10
1.6339751 0.89079624 0.68405098 6 0 0 0 10
1.9311178 0.3546724 0.74178296 6 0 0 0 10
2.1296182 0.36127251 0.48899749 6 0 0 0 10
1.6874659 0.62029088 0.82576543 6 0 0 0 10
1.7787527 0.88977063 0.45281419 6 0 0 0 10
1.9780991 1.0199444 0.12974514 6 0 0 0 10
2.0639176 0.32044685 0.61269486 6 0 0 0 10
2.2096806 0.2999596 0.4515329 6 0 0 0 10
1.530201 0.83460957 0.88094729 6 0 0 0 10
1.5303631 0.88120031 0.79097319 6 0 0 0 10
2.2414336 0.52263075 0.21508804 6 0 0 0 10
1.9809722 0.56243229 0.49038163 6 0 0 0 10
2.2869813 0.36950818 0.274555 6 0 0 0 10
1.9750628 1.0783472 0.059317745 6 0 0 0 10
1.4951187 1.1121258 0.6701079 6 0 0 0 10
2.1904936 0.28067467 0.46617791 6 0 0 0 10
2.2794576 0.326269 0.33123615 6 0 0 0 10
1.967235 0.56952173 0.51487201 6 0 0 0 10
1.7564878 1.0310546 0.38006654 6 0 0 0 10
1.5608689 1.0960989 0.56311697 6 0 0 0 10
1.8082337 0.25148398 0.98674572 6 0 0 0 10
1.7861832 0.7217378 0.588247 6 0 0 0 10
2.0278106 0.92076147 0.1285557 6 0 0 0 10
2.0562782 0.60687751 0.34876227 6 0 0 0 10
1.8844271 0.32535163 0.82405508 6 0 0 0 10
1.7079159 0.37819541 1.0105312 6 0 0 0 10
1.634012 0.9045794 0.63282424 6 0 0 0 10
1.8942571 0.59789717 0.58463871 6 0 0 0 10
2.1881003 0.29803306 0.4794808 6 0 0 0 10
1.9445927 0.92473578 0.20338671 6 0 0 0 10
2.0041139 0.76870149 0.32211822 6 0 0 0 10
1.6769806 0.50577074 0.89769065 6 0 0 0 10
1.792814 0.96468014 0.35328478 6 0 0 0 10
1.5940225 0.73566461 0.88138467 6 0 0 0 10
1.8225613 0.63411129 0.61844915 6 0 0 0 10
1.7168258 0.58402771 0.82009876 7 0 0 0 10
2.0755713 0.29987067 0.5912782 7 0 0 0 10
1.691346 0.73802674 0.69345289 7 0 0 0 10
1.907957 0.65005177 0.50730264 7 0 0 0 10
2.0297742 0.71214461 0.32016754 7 0 0 0 10
2.0388229 0.73052061 0.25859529 7 0 0 0 10
1.8192348 0.82896912 0.4737539 7 0 0 0 10
1.9977278 0.33800396 0.65151906 7 0 0 0 10
1.7275027 0.64832783 0.78370625 7 0 0 0 10
1.7095935 0.80291086 0.62138891 7 0 0 0 10
1.9713327 0.72342932 0.36505339 7 0 0 0 10
1.5605071 1.0126798 0.66114026 7 0 0 0 10
1.7725797 0.25558329 1.0248703 7 0 0 0 10
1.67173 1.0020965 0.5183664 7 0 0 0 10
1.70082 0.51982653 0.91631794 7 0 0 0 10
2.1870172 0.4945482 0.27918828 7 0 0 0 10
1.9784174 0.75125074 0.31346917 7 0 0 0 10
1.9347844 0.56243837 0.58165455 7 0 0 0 10
1.8587264 0.67080832 0.56343246 7 0 0 0 10
1.9383541 0.64558738 0.49221805 7 0 0 0 10
2.0593915 0.2565468 0.6999504 7 0 0 0 10
1.9296467 1.08234 0.097979933 7 0 0 0 10
2.01126 1.008226 0.078892879 7 0 0 0 10
2.2402442 0.50579566 0.22388601 7 0 0 0 10
1.5943214 0.8308503 0.74812037 7 0 0 0 10
1.5241175 0.90249979 0.76281488 7 0 0 0 10
1.831893 0.8856799 0.38607109 7 0 0 0 10
2.1039054 0.39109939 0.4949165 7 0 0 0 10
1.996187 0.78451216 0.29252905 7 0 0 0 10
1.8638067 1.0890616 0.19788454 7 0 0 0 10
2.2035964 0.32449281 0.40687695 7 0 0 0 10
1.5248121 1.0406821 0.68135136 7 0 0 0 10
1.5473503 0.71967894 0.90991241 7 0 0 0 10
1.416249 1.0909574 0.76528877 7 0 0 0 10
2.2630072 0.40786833 0.26577401 7 0 0 0 10
2.0538836 0.63657457 0.32780612 7 0 0 0 10
2.0428395 0.58408213 0.41974527 7 0 0 0 10
1.62659 0.68426013 0.8686443 7 0 0 0 10
2.0682325 0.46095607 0.46714789 7 0 0 0 10
2.1017792 0.30940446 0.57174093 7 0 0 0 10
1.8897972 0.5217486 0.65505975 8 0 0 0 10
1.873673 0.50948328 0.69829196 8 0 0 0 10
2.0656941 0.54319131 0.37162954 8 0 0 0 10
1.875741 0.71285492 0.49394581 8 0 0 0 10
1.6979984 0.97318494 0.49267626 8 0 0 0 10
2.1826921 0.33138481 0.43553793 8 0 0 0 10
1.5133079 1.0728743 0.65011448 8 0 0 0 10
1.9564325 0.87083101 0.24759696 8 0 0 0 10
1.935671 0.49316779 0.62484425 8 0 0 0 10
1.6454428 0.97712266 0.55698186 8 0 0 0 10
2.0800481 0.53733355 0.42040548 8 0 0 0 10
2.1077442 0.7745558 0.1788213 8 0 0 0 10
1.4560488 1.0876895 0.7063697 8 0 0 0 10
1.9926482 0.66876084 0.40249881 8 0 0 0 10
2.2146037 0.31801042 0.42126715 8 0 0 0 10
1.9918379 0.24812111 0.75870967 8 0 0 0 10
1.6375464 0.96023655 0.58760267 8 0 0 0 10
2.0162241 0.32122716 0.67447275 8 0 0 0 10
2.1441479 0.47469094 0.34030658 8 0 0 0 10
1.7097665 0.82840759 0.62992752 8 0 0 0 10
1.552088 0.86006761 0.77407801 8 0 0 0 10
1.9409795 0.31641698 0.78842759 8 0 0 0 10
1.546156 0.97815949 0.68711144 8 0 0 0 10
1.9937463 0.99747348 0.1146159 8 0 0 0 10
2.3179603 0.3560507 0.2768124 8 0 0 0 10
1.850563 0.27438661 0.9115333 8 0 0 0 10
1.9765959 0.63235396 0.49233341 8 0 0 0 10
2.2177281 0.24251689 0.46596631 8 0 0 0 10
2.1209052 0.72859114 0.20867699 8 0 0 0 10
1.828756 0.38148993 0.82404345 8 0 0 0 10
2.1418262 0.24672592 0.58321595 8 0 0 0 10
1.4716338 0.91755551 0.84768987 8 0 0 0 10
2.0417275 0.84561926 0.15286134 8 0 0 0 10
1.6120473 1.1017841 0.53524798 8 0 0 0 10
1.8140998 0.27748954 0.97056168 8 0 0 0 10
2.0427263 0.40753117 0.5768587 8 0 0 0 10
1.5311725 1.0722582 0.64625323 8 0 0 0 10
1.5218979 0.86691177 0.80735934 8 0 0 0 10
1.442403 1.0662618 0.72465175 8 0 0 0 10
1.7476206 0.96017301 0.47252023 8 0 0 0 10
1.7033235 1.0888779 0.37341571 9 0 0 0 10
1.8014967 0.92917252 0.40192494 9 0 0 0 10
1.9350985 0.85796148 0.29834801 9 0 0 0 10
1.851923 0.71806979 0.50505757 9 0 0 0 10
2.1105487 0.50098854 0.41920358 9 0 0 0 10
1.4076473 1.0795918 0.78991133 9 0 0 0 10
1.5478711 0.88976592 0.78937167 9 0 0 0 10
1.5152735 0.95242208 0.79077035 9 0 0 0 10
1.8093011 0.41988313 0.8377111 9 0 0 0 10
1.7958364 0.40439102 0.85750723 9 0 0 0 10
1.6125592 0.88210791 0.70668536 9 0 0 0 10
1.7889178 1.0327196 0.31514329 9 0 0 0 10
1.5580928 0.95071048 0.71261352 9 0 0 0 10
1.4825283 0.95322603 0.7618438 9 0 0 0 10
1.7834971 1.0069798 0.3381204 9 0 0 0 10
1.5906655 1.0310091 0.55584055 9 0 0 0 10
1.8890607 0.557818 0.63527083 9 0 0 0 10
2.202791 0.27155006 0.47116619 9 0 0 0 10
2.1320753 0.26302069 0.5856654 9 0 0 0 10
1.9359969 0.45406222 0.67235172 9 0 0 0 10
1.7947145 0.38021314 0.89631242 9 0 0 0 10
2.0366855 0.43358651 0.55098087 9 0 0 0 10
1.8544565 0.29858288 0.9204852 9 0 0 0 10
1.9165902 0.62515759 0.52113008 9 0 0 0 10
2.0473523 0.38728029 0.58039021 9 0 0 0 10
1.9072061 0.39573485 0.75963748 9 0 0 0 10
1.4578866 1.0554914 0.74832433 9 0 0 0 10
1.8895781 0.97832495 0.270412 9 0 0 0 10
1.5012697 0.96818268 0.75004679 9 0 0 0 10
1.5863518 0.6136834 0.94238114 9 0 0 0 10
1.6858165 0.88669413 0.55829847 9 0 0 0 10
1.9719871 1.1047277 0.0089187613 9 0 0 0 10
1.8465424 0.6053437 0.63302076 9 0 0 0 10
1.7419029 0.73865199 0.63722259 9 0 0 0 10
1.9263219 0.83347821 0.35312992 9 0 0 0 10
1.8413249 0.25437915 0.96154469 9 0 0 0 10
1.8467791 0.31127045 0.87947512 9 0 0 0 10
1.9717295 0.23888823 0.8003304 9 0 0 0 10
2.0955715 0.57936704 0.33635309 9 0 0 0 10
1.5275952 0.98379016 0.70932496 9 0 0 0 10
1.5305613 0.98116207 0.69145495 10 0 0 0 10
1.8584079 0.45105773 0.7437402 10 0 0 0 10
2.1458578 0.72814363 0.14221446 10 0 0 0 10
2.2007954 0.31347841 0.45686376 10 0 0 0 10
1.726607 0.41593271 0.93930829 10 0 0 0 10
1.8769668 1.0700403 0.19972986 10 0 0 0 10
2.0572641 0.98126519 0.059347641 10 0 0 0 10
1.9372629 0.82083011 0.31526569 10 0 0 0 10
1.9557946 0.70112115 0.42176944 10 0 0 0 10
1.8737048 0.33926553 0.83782816 10 0 0 0 10
1.6800584 0.84226859 0.63261741 10 0 0 0 10
2.2358139 0.28481892 0.4461163 10 0 0 0 10
1.7380909 0.78038102 0.66790169 10 0 0 0 10
1.8181132 0.78833932 0.51508367 10 0 0 0 10
1.773268 0.5761438 0.75638008 10 0 0 0 10
1.7748792 0.91046923 0.46466288 10 0 0 0 10
2.2565391 0.38628528 0.28898612 10 0 0 0 10
2.1053741 0.34370348 0.52940208 10 0 0 0 10
1.8511708 0.834885 0.4037742 10 0 0 0 10
1.9666983 0.73212844 0.36499524 10 0 0 0 10
1.6727428 0.6633395 0.82755262 10 0 0 0 10
1.9770793 0.75401819 0.37626338 10 0 0 0 10
1.7346461 0.65451598 0.75032592 10 0 0 0 10
2.0341761 0.49604973 0.49127838 10 0 0 0 10
1.5517391 0.88125867 0.77032375 10 0 0 0 10
1.5264095 0.9475615 0.72119337 10 0 0 0 10
1.9304222 0.55729246 0.55329269 10 0 0 0 10
1.7147893 0.51595908 0.85405332 10 0 0 0 10
2.2395551 0.24312624 0.46712306 10 0 0 0 10
1.5447687 1.0123312 0.63133192 10 0 0 0 10
1.9874783 0.99856079 0.12064442 10 0 0 0 10
2.0111609 0.62989014 0.39272487 10 0 0 0 10
1.5620584 0.87351578 0.80143315 10 0 0 0 10
1.972104 0.37319314 0.66449124 10 0 0 0 10
1.8819236 0.5531252 0.62530845 10 0 0 0 10
1.6907649 0.56320286 0.86295861 10 0 0 0 10
2.2694345 0.25740537 0.39409417 10 0 0 0 10
1.7387654 0.85160255 0.56983858 10 0 0 0 10
1.7270898 1.0395423 0.41030928 10 0 0 0 10
1.9144706 0.32055977 0.77194321 10 0 0 0 10
1.9141853 0.95865256 0.24142031 11 0 0 0 10
1.6199213 0.86643738 0.6725409 11 0 0 0 10
2.2667036 0.30736548 0.3524127 11 0 0 0 10
1.4969941 1.068159 0.66626179 11 0 0 0 10
1.8327527 1.0065298 0.31985596 11 0 0 0 10
2.2514198 0.46910885 0.23242137 11 0 0 0 10
1.5841293 0.66462672 0.91315717 11 0 0 0 10
1.7039707 0.60095644 0.82601863 11 0 0 0 10
1.8390079 0.26146865 0.95370549 11 0 0 0 10
2.1139038 0.38981205 0.47709101 11 0 0 0 10
1.7508463 1.0863844 0.33555925 11 0 0 0 10
2.043628 0.84510493 0.16413201 11 0 0 0 10
1.8635679 0.69741017 0.55070388 11 0 0 0 10
2.0214548 0.58047634 0.41326183 11 0 0 0 10
2.1141491 0.31562942 0.54713029 11 0 0 0 10
2.0395722 0.42433167 0.56668478 11 0 0 0 10
2.0076239 0.32141665 0.65214872 11 0 0 0 10
1.7645525 0.88158828 0.51744241 11 0 0 0 10
1.6425829 1.0169216 0.53352052 11 0 0 0 10
2.0664816 0.56637973 0.38478938 11 0 0 0 10
1.9880707 0.52960396 0.51839423 11 0 0 0 10
1.5298607 0.97039932 0.76454043 11 0 0 0 10
2.0902498 0.57337803 0.35181716 11 0 0 0 10
1.625357 0.90099007 0.67773759 11 0 0 0 10
1.8916789 0.67104477 0.51819927 11 0 0 0 10
1.9648408 0.48982915 0.60601771 11 0 0 0 10
1.9610331 0.4601894 0.62892908 11 0 0 0 10
1.8877083 0.74698073 0.43710545 11 0 0 0 10
1.5979564 0.85971498 0.72432196 11 0 0 0 10
2.2229605 0.36433944 0.3521035 11 0 0 0 10
1.5622367 0.98238134 0.70703441 11 0 0 0 10
2.0461664 0.41642794 0.53923726 11 0 0 0 10
1.8709582 0.88320041 0.35674831 11 0 0 0 10
2.01285 0.38488662 0.62873489 11 0 0 0 10
1.8161013 0.99566168 0.2902734 11 0 0 0 10
1.9240056 0.83028162 0.3349674 11 0 0 0 10
1.6935772 0.98075783 0.49771827 11 0 0 0 10
1.6529319 0.71562469 0.78257447 11 0 0 0 10
2.0939631 0.24825558 0.6223827 11 0 0 0 10
1.4582897 0.99598032 0.76981181 11 0 0 0 10
1.7032272 0.52894968 0.85215157 12 0 0 0 10
1.7631236 0.25167611 1.0542097 12 0 0 0 10
1.9331689 1.053176 0.13354169 12 0 0 0 10
1.8498356 0.33815354 0.88930929 12 0 0 0 10
2.2089651 0.43995419 0.31706154 12 0 0 0 10
1.8160037 0.83948034 0.48925242 12 0 0 0 10
2.1127751 0.41304985 0.4858624 12 0 0 0 10
1.6576153 1.1059648 0.43805414 12 0 0 0 10
2.0223355 0.92422277 0.10539322 12 0 0 0 10
1.9994471 0.53701609 0.50309628 12 0 0 0 10
1.687034 1.0136511 0.49191654 12 0 0 0 10
1.6332299 0.51170683 0.97244954 12 0 0 0 10
1.7050714 0.53007829 0.85338104 12 0 0 0 10
1.9783326 0.45044997 0.63161743 12 0 0 0 10
1.6658337 0.842538 0.65915048 12 0 0 0 10
1.8892311 0.36329165 0.7822212 12 0 0 0 10
2.0523849 0.73302072 0.27392909 12 0 0 0 10
1.8077046 0.77209932 0.55422837 12 0 0 0 10
1.9591033 0.70617646 0.42436308 12 0 0 0 10
2.1652536 0.69379801 0.14068592 12 0 0 0 10
2.118557 0.48985299 0.36912453 12 0 0 0 10
1.714798 0.8987329 0.55595744 12 0 0 0 10
1.6254166 1.0646065 0.5127601 12 0 0 0 10
1.7297074 0.94095206 0.50701195 12 0 0 0 10
1.6418772 0.8377701 0.69228894 12 0 0 0 10
1.9313993 0.23335855 0.84401041 12 0 0 0 10
1.7995394 0.42698097 0.86689264 12 0 0 0 10
2.21928 0.44154045 0.28088325 12 0 0 0 10
2.2454176 0.37280336 0.31157279 12 0 0 0 10
1.9550959 0.93766868 0.25479063 12 0 0 0 10
1.9807285 0.98606366 0.10525437 12 0 0 0 10
2.0404027 0.36230806 0.5792737 12 0 0 0 10
1.4996135 1.1118016 0.62406296 12 0 0 0 10
1.617047 1.0594749 0.52552462 12 0 0 0 10
1.7807591 0.70286268 0.62764567 12 0 0 0 10
2.027257 0.69172752 0.33514518 12 0 0 0 10
1.8383752 0.65316427 0.57865149 12 0 0 0 10
1.6139011 0.88792008 0.68911934 12 0 0 0 10
1.8314668 0.81840259 0.45546421 12 0 0 0 10
2.2865376 0.36867103 0.24377826 12 0 0 0 10
1.9633924 0.53518611 0.52873468 13 0 0 0 10
1.8400505 0.25916889 0.94488573 13 0 0 0 10
1.7386097 0.69406724 0.67853713 13 0 0 0 10
1.6416044 1.0300515 0.53558177 13 0 0 0 10
1.6854515 0.49884146 0.96156049 13 0 0 0 10
1.7664485 1.0489074 0.34106141 13 0 0 0 10
1.4424224 1.0408077 0.77391183 13 0 0 0 10
1.7326949 0.74002719 0.62182474 13 0 0 0 10
1.9891144 1.0101531 0.096174791 13 0 0 0 10
1.9194947 0.871912 0.26876792 13 0 0 0 10
1.6389136 0.80420244 0.73262864 13 0 0 0 10
1.7095445 0.48996249 0.91031617 13 0 0 0 10
1.9004757 1.0947808 0.14029495 13 0 0 0 10
2.1211956 0.68849248 0.19486934 13 0 0 0 10
1.5436087 0.91678166 0.76359707 13 0 0 0 10
2.2973912 0.29793131 0.32976747 13 0 0 0 10
1.5706946 0.74248302 0.85620695 13 0 0 0 10
1.8976657 0.61590672 0.57655007 13 0 0 0 10
1.6532853 0.78541887 0.71017098 13 0 0 0 10
1.5852289 0.85290956 0.76033807 13 0 0 0 10
2.0634446 0.74332839 0.27345666 13 0 0 0 10
1.6795604 0.96337438 0.55510324 13 0 0 0 10
1.6550059 0.6930747 0.81926322 13 0 0 0 10
2.1684425 0.35591137 0.47156852 13 0 0 0 10
2.0191724 0.2973389 0.66352761 13 0 0 0 10
1.9419376 1.1020311 0.096033357 13 0 0 0 10
1.7667969 0.25940809 1.0358682 13 0 0 0 10
1.9079571 0.81638962 0.35647738 13 0 0 0 10
1.8024381 0.96286505 0.36281097 13 0 0 0 10
1.4000813 1.0984402 0.77595705 13 0 0 0 10
1.9030381 0.81429869 0.36707044 13 0 0 0 10
1.8075613 0.39287451 0.90787005 13 0 0 0 10
1.8377604 0.80920351 0.45521763 13 0 0 0 10
2.1952369 0.25144798 0.51501095 13 0 0 0 10
2.0289521 0.5647788 0.44352686 13 0 0 0 10
2.0789568 0.6906057 0.27418891 13 0 0 0 10
2.2208135 0.31992751 0.39370438 13 0 0 0 10
2.0042634 0.70210361 0.35745883 13 0 0 0 10
1.9549049 0.49972197 0.60675496 13 0 0 0 10
1.5278789 0.8927595 0.77044952 13 0 0 0 10
2.241396 0.46538341 0.24436989 14 0 0 0 10
2.2620103 0.39964151 0.28352585 14 0 0 0 10
1.7856792 0.86807162 0.52025008 14 0 0 0 10
1.8910471 0.92599905 0.32891694 14 0 0 0 10
1.8692371 0.83521837 0.42622253 14 0 0 0 10
2.1147926 0.62754381 0.28510442 14 0 0 0 10
2.1629806 0.40694055 0.42547026 14 0 0 0 10
1.6508418 0.49291942 0.98614657 14 0 0 0 10
1.8743799 0.93474412 0.31488374 14 0 0 0 10
1.9307353 0.93769872 0.22533348 14 0 0 0 10
1.7125617 1.0005709 0.45964712 14 0 0 0 10
1.775543 0.3246181 0.95471931 14 0 0 0 10
1.8339354 0.65066111 0.6060676 14 0 0 0 10
2.2368736 0.35604659 0.38316312 14 0 0 0 10
1.8876272 0.50285047 0.66233009 14 0 0 0 10
1.8703599 0.24748442 0.90456587 14 0 0 0 10
2.2548954 0.30938569 0.3842527 14 0 0 0 10
1.7433971 0.42916822 0.92455149 14 0 0 0 10
1.595343 0.61061352 0.93833643 14 0 0 0 10
1.8950435 0.33641225 0.77790701 14 0 0 0 10
1.6657501 0.53177398 0.94221371 14 0 0 0 10
2.0033419 0.33070481 0.68535078 14 0 0 0 10
1.6311926 0.89830029 0.65403324 14 0 0 0 10
1.544893 0.8586731 0.79662049 14 0 0 0 10
1.7733831 0.3760187 0.92757523 14 0 0 0 10
2.2856538 0.42817476 0.25067654 14 0 0 0 10
1.9601363 0.32688504 0.73557097 14 0 0 0 10
2.0960743 0.51466453 0.40268597 14 0 0 0 10
1.748574 0.31713635 1.0495431 14 0 0 0 10
1.7270777 0.87305814 0.54413271 14 0 0 0 10
2.0820539 0.66602033 0.31111979 14 0 0 0 10
2.1557419 0.72821367 0.15872332 14 0 0 0 10
1.6204102 0.81679642 0.72291505 14 0 0 0 10
1.7658489 0.40574786 0.90899628 14 0 0 0 10
2.0450733 0.27005848 0.66792142 14 0 0 0 10
1.5395609 1.0461044 0.65182227 14 0 0 0 10
2.0755944 0.79414964 0.20668875 14 0 0 0 10
1.4298213 1.0466231 0.75330526 14 0 0 0 10
1.6180649 0.83189726 0.72313291 14 0 0 0 10
1.8987055 1.1041011 0.13572343 14 0 0 0 10
1.5211719 0.88883615 0.77845043 15 0 0 0 10
1.937256 0.9235912 0.24047863 15 0 0 0 10
2.0940313 0.63693178 0.25515965 15 0 0 0 10
1.8011688 0.81394154 0.52025956 15 0 0 0 10
1.7685183 0.29514009 1.0039062 15 0 0 0 10
1.7092452 0.52126938 0.88311559 15 0 0 0 10
1.7258579 0.44449714 0.92900252 15 0 0 0 10
1.7385883 0.81926483 0.57747263 15 0 0 0 10
1.9214001 0.5007599 0.64112669 15 0 0 0 10
1.9909018 0.6969341 0.37567684 15 0 0 0 10
1.7983676 0.5426355 0.72763878 15 0 0 0 10
2.1833725 0.44659624 0.36154655 15 0 0 0 10
1.845329 0.83400959 0.43003061 15 0 0 0 10
1.9857397 0.50776386 0.55704117 15 0 0 0 10
2.2908499 0.35721508 0.30554825 15 0 0 0 10
1.5683451 0.98938972 0.63854313 15 0 0 0 10
1.9950398 0.85207617 0.21418561 15 0 0 0 10
2.1600764 0.43605241 0.38342816 15 0 0 0 10
2.2685061 0.39041501 0.2923941 15 0 0 0 10
1.9072479 0.70395267 0.45440334 15 0 0 0 10
1.7055885 0.64407271 0.76034462 15 0 0 0 10
1.8432956 0.86334425 0.43300959 15 0 0 0 10
2.2856407 0.3378602 0.33797854 15 0 0 0 10
1.9053122 1.0650573 0.16573603 15 0 0 0 10
1.8351663 0.33307436 0.92371207 15 0 0 0 10
1.9280683 0.96691728 0.22500555 15 0 0 0 10
1.690809 0.58237517 0.85028636 15 0 0 0 10
1.5812716 1.0815574 0.55079126 15 0 0 0 10
2.1803854 0.40218136 0.3872436 15 0 0 0 10
1.9671186 0.39045331 0.68870008 15 0 0 0 10
1.7665702 0.83736813 0.54295391 15 0 0 0 10
2.1596529 0.54454315 0.2635332 15 0 0 0 10
2.2688906 0.27331716 0.38003823 15 0 0 0 10
1.9465065 1.0703232 0.084337421 15 0 0 0 10
1.6947668 0.77941293 0.66684639 15 0 0 0 10
1.7880936 0.70510757 0.61439055 15 0 0 0 10
1.9557521 0.83929378 0.32238919 15 0 0 0 10
1.751249 0.39226201 0.96538204 15 0 0 0 10
1.8378826 0.30872381 0.91016603 15 0 0 0 10
1.7829405 0.99221182 0.34519935 15 0 0 0 10
1.7825413 0.82203084 0.56518036 16 0 0 0 10
1.650192 0.59829849 0.89031422 16 0 0 0 10
1.8230213 0.39392725 0.83133984 16 0 0 0 10
1.798257 0.54460657 0.7410689 16 0 0 0 10
1.8941025 0.45036057 0.72719473 16 0 0 0 10
1.5700225 1.0008421 0.60308349 16 0 0 0 10
1.8654895 1.0534017 0.22303618 16 0 0 0 10
1.7875016 1.0510416 0.2970292 16 0 0 0 10
2.0256147 0.53871214 0.45602342 16 0 0 0 10
1.916007 0.57976198 0.56485003 16 0 0 0 10
1.7048286 1.0235995 0.44946927 16 0 0 0 10
2.1297135 0.32521978 0.50712186 16 0 0 0 10
1.9809769 1.0899322 0.015576269 16 0 0 0 10
2.0447342 0.38149369 0.55735528 16 0 0 0 10
2.1593306 0.69988507 0.19471212 16 0 0 0 10
1.970672 0.91465247 0.18535277 16 0 0 0 10
2.2041669 0.3414177 0.42370367 16 0 0 0 10
1.780935 0.89998096 0.49620837 16 0 0 0 10
1.8309922 0.77823669 0.52342528 16 0 0 0 10
1.8883131 0.57261354 0.59530836 16 0 0 0 10
2.001405 0.74138635 0.32475978 16 0 0 0 10
2.0592902 0.53399736 0.4462764 16 0 0 0 10
2.1631825 0.60529304 0.2099475 16 0 0 0 10
2.0010972 0.63100153 0.41480935 16 0 0 0 10
2.2103801 0.53080624 0.23885213 16 0 0 0 10
1.6272435 1.0258543 0.551566 16 0 0 0 10
2.1746171 0.6831947 0.15000229 16 0 0 0 10
2.248327 0.36926976 0.31988207 16 0 0 0 10
1.7462273 0.39731064 0.93113846 16 0 0 0 10
1.7482442 0.47304657 0.8783434 16 0 0 0 10
2.0430551 0.93115461 0.077753864 16 0 0 0 10
2.0060654 0.48284972 0.54130274 16 0 0 0 10
1.6818259 0.41436854 1.0174613 16 0 0 0 10
2.1408927 0.52715701 0.32606053 16 0 0 0 10
1.6723808 0.87821937 0.61097449 16 0 0 0 10
1.7593402 0.58010918 0.78363794 16 0 0 0 10
2.2472286 0.32605702 0.34697849 16 0 0 0 10
1.8797336 1.1142911 0.1656117 16 0 0 0 10
1.4185331 1.0938542 0.79227895 16 0 0 0 10
1.7163656 0.58092713 0.84098947 16 0 0 0 10
2.1656566 0.39453542 0.40620163 17 0 0 0 10
2.0186737 0.37667733 0.61460751 17 0 0 0 10
1.8403745 1.0429496 0.26387891 17 0 0 0 10
1.7024862 0.62417966 0.78830343 17 0 0 0 10
1.7435167 1.0630147 0.35992339 17 0 0 0 10
1.6070195 0.84107268 0.73859602 17 0 0 0 10
1.5907414 0.86661094 0.72398186 17 0 0 0 10
2.2259049 0.52500343 0.24897155 17 0 0 0 10
2.0115681 0.50372028 0.52791095 17 0 0 0 10
1.9822841 0.89227086 0.21009523 17 0 0 0 10
1.5613278 0.79116595 0.83988732 17 0 0 0 10
2.2893059 0.28799036 0.36649203 17 0 0 0 10
2.2058103 0.63390315 0.16568416 17 0 0 0 10
1.9890226 0.4388437 0.60960853 17 0 0 0 10
1.6702453 0.44591984 0.98914629 17 0 0 0 10
1.9464241 0.81106597 0.33526081 17 0 0 0 10
2.2535653 0.2583138 0.44225141 17 0 0 0 10
1.4796503 1.0309542 0.7109772 17 0 0 0 10
1.8961935 1.0386691 0.21221325 17 0 0 0 10
1.9699465 0.26469702 0.77243841 17 0 0 0 10
1.7361301 0.83633661 0.56705487 17 0 0 0 10
1.9945977 0.31300837 0.69139504 17 0 0 0 10
1.7655092 0.79043692 0.60217422 17 0 0 0 10
1.9759825 0.7919597 0.27974942 17 0 0 0 10
2.0066154 0.51310074 0.4914431 17 0 0 0 10
1.9705205 1.0929086 0.053714376 17 0 0 0 10
1.8602378 0.35662076 0.85064065 17 0 0 0 10
1.8512634 0.9522782 0.35210627 17 0 0 0 10
1.9354497 0.74573153 0.41654098 17 0 0 0 10
2.1002364 0.83297753 0.14387843 17 0 0 0 10
2.0436592 0.57690215 0.42343059 17 0 0 0 10
1.6815542 1.039878 0.49852908 17 0 0 0 10
2.0356085 0.40812933 0.56286871 17 0 0 0 10
2.0771346 0.60654801 0.31861922 17 0 0 0 10
1.9666663 0.89189643 0.22678858 17 0 0 0 10
1.7923604 0.69885284 0.6191504 17 0 0 0 10
1.8403157 0.43580613 0.74748361 17 0 0 0 10
1.652405 0.99202657 0.53396541 17 0 0 0 10
1.8641859 1.0383855 0.22767967 17 0 0 0 10
1.9343127 0.98895574 0.17877875 17 0 0 0 10
2.0832477 0.87327832 0.071805462 18 0 0 0 10
2.096653 0.86652476 0.1190021 18 0 0 0 10
2.2407038 0.45268273 0.24132818 18 0 0 0 10
1.8092384 0.91661954 0.4234381 18 0 0 0 10
1.703478 0.57715935 0.85607833 18 0 0 0 10
1.6258248 0.80833668 0.73511165 18 0 0 0 10
1.9469932 0.86683249 0.27475253 18 0 0 0 10
2.1446171 0.25671834 0.5703277 18 0 0 0 10
2.2799585 0.3137913 0.35158229 18 0 0 0 10
2.0768478 0.89866757 0.082779899 18 0 0 0 10
2.0945382 0.6149435 0.31997329 18 0 0 0 10
2.1506343 0.31388983 0.51619226 18 0 0 0 10
1.988006 1.024982 0.077471934 18 0 0 0 10
1.6554121 0.63964456 0.87458724 18 0 0 0 10
2.0814016 0.82119936 0.1607675 18 0 0 0 10
2.2571764 0.50055313 0.20329228 18 0 0 0 10
1.9804407 0.90974933 0.18852851 18 0 0 0 10
1.580278 0.72084749 0.85239959 18 0 0 0 10
1.7006209 0.94054186 0.55394614 18 0 0 0 10
1.5660049 1.0405593 0.63343489 18 0 0 0 10
1.7732434 0.40585127 0.93320137 18 0 0 0 10
2.356307 0.24856707 0.32102171 18 0 0 0 10
1.6594781 0.80095458 0.70646316 18 0 0 0 10
1.66737 0.82441866 0.65989256 18 0 0 0 10
1.8568306 1.052524 0.20875737 18 0 0 0 10
1.9917711 0.94856954 0.1382508 18 0 0 0 10
1.4277937 1.000333 0.81091726 18 0 0 0 10
1.6673726 0.70321375 0.79454821 18 0 0 0 10
1.7943212 0.33807325 0.93619215 18 0 0 0 10
1.8843904 0.86640811 0.37206209 18 0 0 0 10
2.0346401 0.40663186 0.60073739 18 0 0 0 10
1.9085811 0.29045111 0.83526546 18 0 0 0 10
2.1377656 0.71281737 0.16103156 18 0 0 0 10
1.5602766 0.83176237 0.81641382 18 0 0 0 10
1.6857499 1.0487196 0.44696042 18 0 0 0 10
1.5688269 0.75231051 0.8547107 18 0 0 0 10
1.7133013 0.98119378 0.50758737 18 0 0 0 10
2.1035483 0.46148035 0.44803724 18 0 0 0 10
2.0124066 0.47839847 0.50433469 18 0 0 0 10
1.7283936 0.78779292 0.62100804 18 0 0 0 10
1.9612379 0.75399023 0.34459871 19 0 0 0 10
1.4850034 1.0730795 0.68214935 19 0 0 0 10
1.9851593 0.3324253 0.69485039 19 0 0 0 10
1.99396 1.0373074 0.053436313 19 0 0 0 10
1.7302233 1.0470699 0.401712 19 0 0 0 10
1.5423967 1.0410992 0.62951338 19 0 0 0 10
1.8987592 0.47524324 0.65871227 19 0 0 0 10
2.043967 0.26676273 0.68330985 19 0 0 0 10
2.2916517 0.24765062 0.40676904 19 0 0 0 10
1.9815623 0.29906043 0.68880355 19 0 0 0 10
1.788074 0.81720793 0.51810449 19 0 0 0 10
2.0724523 0.84757692 0.14170198 19 0 0 0 10
1.6015402 1.0315832 0.55685651 19 0 0 0 10
1.7038416 0.60640854 0.83895171 19 0 0 0 10
1.9389015 0.46856126 0.62907338 19 0 0 0 10
1.5047368 1.0344391 0.66846055 19 0 0 0 10
1.9282783 0.7269057 0.4193947 19 0 0 0 10
2.0137963 0.86702615 0.18747796 19 0 0 0 10
1.7644709 0.77167517 0.61501163 19 0 0 0 10
1.6557161 0.67887962 0.80002242 19 0 0 0 10
1.6331596 0.96381807 0.591308 19 0 0 0 10
1.6109023 1.047031 0.54597133 19 0 0 0 10
2.3410928 0.31456476 0.27762479 19 0 0 0 10
1.446618 0.97964203 0.81884193 19 0 0 0 10
1.7192745 0.6408487 0.80118638 19 0 0 0 10
1.5209249 0.89744318 0.78363985 19 0 0 0 10
1.683377 0.61316693 0.82904363 19 0 0 0 10
1.7554382 0.27193028 1.0151817 19 0 0 0 10
1.675612 0.92350167 0.56439769 19 0 0 0 10
1.9272883 0.62904865 0.51225811 19 0 0 0 10
1.6948431 0.62941986 0.83813101 19 0 0 0 10
1.6403873 0.58784938 0.91890699 19 0 0 0 10
1.8149757 0.64927924 0.63443542 19 0 0 0 10
1.9376723 1.0773907 0.13588184 19 0 0 0 10
1.8447313 0.47036591 0.74439758 19 0 0 0 10
1.5919125 0.64147103 0.92012829 19 0 0 0 10
2.1726398 0.42725807 0.3665168 19 0 0 0 10
2.0892289 0.54340678 0.38051021 19 0 0 0 10
2.0309298 0.88042414 0.14776182 19 0 0 0 10
1.6193755 1.0414331 0.54606032 19 0 0 0 10
0.21465054 -0.98166543 0.87017423 0 0 0 0 11
0.41262683 -1.4008547 1.2214925 0 0 0 0 11
0.47355607 -0.91702229 1.2005841 0 0 0 0 11
0.15242669 -1.0172747 0.77731758 0 0 0 0 11
0.12316259 -0.97565544 0.74488372 0 0 0 0 11
0.43489549 -1.1654102 1.2041681 0 0 0 0 11
0.45217556 -0.98187345 1.1712123 0 0 0 0 11
0.19044313 -0.82065696 0.83532357 0 0 0 0 11
0.437085 -0.53205508 1.0663801 0 0 0 0 11
0.31774974 -0.80156976 0.96877557 0 0 0 0 11
0.26633775 -0.68366891 0.88198322 0 0 0 0 11
0.16684869 -0.88582981 0.78409541 0 0 0 0 11
0.17263961 -0.84453458 0.79711717 0 0 0 0 11
0.25495297 -1.2150391 0.93203896 0 0 0 0 11
0.57994604 -1.2201502 1.4022212 0 0 0 0 11
0.095455311 -1.3418871 0.79308736 0 0 0 0 11
0.29613507 -0.4739399 0.85653299 0 0 0 0 11
0.56337011 -1.3813127 1.3867657 0 0 0 0 11
0.59832805 -1.1428003 1.3974191 0 0 0 0 11
0.62721777 -0.59903866 1.3190578 0 0 0 0 11
0.55479974 -0.49401191 1.2233219 0 0 0 0 11
0.22324286 -0.67053235 0.84156454 0 0 0 0 11
0.3356894 -0.98398733 1.0288185 0 0 0 0 11
0.61130762 -0.47930235 1.2658722 0 0 0 0 11
0.043586779 -1.2478391 0.70960259 0 0 0 0 11
0.062718794 -1.0693034 0.65290225 0 0 0 0 11
0.088545479 -0.9313153 0.70791912 0 0 0 0 11
0.33135146 -1.2704798 1.0538248 0 0 0 0 11
0.58961296 -0.73493147 1.2659125 0 0 0 0 11
0.45745748 -0.96860594 1.1836852 0 0 0 0 11
-0.028035486 -1.3180914 0.63550282 0 0 0 0 11
0.23491801 -1.4069248 0.92775762 0 0 0 0 11
0.16314453 -1.2768295 0.83532482 0 0 0 0 11
0.50738913 -0.96154881 1.2187371 0 0 0 0 11
0.22495195 -1.1119689 0.91018748 0 0 0 0 11
0.62891322 -0.86792797 1.3940961 0 0 0 0 11
0.46905589 -1.2280108 1.2522042 0 0 0 0 11
0.52047336 -1.3926697 1.3371131 0 0 0 0 11
0.40852782 -1.415471 1.1869036 0 0 0 0 11
0.36277401 -0.78634876 1.0445516 0 0 0 0 11
0.052997287 -0.9567216 0.6584304 1 0 0 0 11
0.065162949 -1.3737372 0.77115732 1 0 0 0 11
0.16183871 -0.44707727 0.69292396 1 0 0 0 11
0.47705692 -0.47231323 1.0941858 1 0 0 0 11
0.67873198 -0.56042427 1.3743837 1 0 0 0 11
0.37331849 -0.44454321 0.97243321 1 0 0 0 11
0.32815751 -0.7260769 0.95537591 1 0 0 0 11
0.33300743 -0.75785923 0.95947033 1 0 0 0 11
0.50149667 -0.84293628 1.2001761 1 0 0 0 11
0.40361381 -1.3657397 1.1658973 1 0 0 0 11
0.10289652 -0.70086735 0.67717725 1 0 0 0 11
0.12191807 -0.78908193 0.74120975 1 0 0 0 11
0.043520339 -1.10285 0.6636188 1 0 0 0 11
0.26756242 -1.1093495 0.97917175 1 0 0 0 11
0.4397915 -1.0549799 1.1701354 1 0 0 0 11
0.24701691 -0.92932862 0.90456122 1 0 0 0 11
0.39208233 -1.2543249 1.1682628 1 0 0 0 11
0.21361949 -0.77118552 0.86419547 1 0 0 0 11
0.63256848 -0.74731433 1.3663712 1 0 0 0 11
0.21151355 -0.77842277 0.80866969 1 0 0 0 11
0.28161088 -0.94421911 0.93101591 1 0 0 0 11
0.14347373 -1.1487956 0.82594162 1 0 0 0 11
0.51780385 -1.3677782 1.3318082 1 0 0 0 11
0.53632277 -1.226028 1.310572 1 0 0 0 11
0.5968256 -0.54341602 1.2333477 1 0 0 0 11
0.28502107 -0.56753647 0.88872969 1 0 0 0 11
0.58875281 -0.7696842 1.29417 1 0 0 0 11
0.24188827 -0.67615449 0.85134339 1 0 0 0 11
0.54091603 -0.68383896 1.2395343 1 0 0 0 11
0.54876816 -1.2301444 1.3455434 1 0 0 0 11
0.14756671 -0.49242762 0.71065021 1 0 0 0 11
0.42883724 -0.6281687 1.0923753 1 0 0 0 11
0.3199268 -0.41561443 0.90242612 1 0 0 0 11
0.11487456 -1.3215482 0.82018304 1 0 0 0 11
0.22324242 -0.89313 0.86068124 1 0 0 0 11
0.35500202 -0.74276602 1.018284 1 0 0 0 11
0.55747974 -0.47984377 1.2093549 1 0 0 0 11
0.61236203 -1.0816987 1.4142497 1 0 0 0 11
0.34911138 -0.41896227 0.92313361 1 0 0 0 11
0.13656759 -0.54675204 0.67701799 1 0 0 0 11
0.43613032 -0.86092633 1.1512111 2 0 0 0 11
0.63940781 -0.47522631 1.3209424 2 0 0 0 11
0.0615674 -0.87328786 0.6468302 2 0 0 0 11
0.23367518 -0.49221617 0.82610875 2 0 0 0 11
0.56375694 -1.0317852 1.3152461 2 0 0 0 11
0.29308388 -0.59503943 0.90448844 2 0 0 0 11
0.58252442 -0.82947057 1.2994739 2 0 0 0 11
0.12035397 -1.0722226 0.76280063 2 0 0 0 11
0.50410557 -0.79363394 1.1925613 2 0 0 0 11
0.62846917 -1.0147132 1.4204528 2 0 0 0 11
0.34174597 -0.79686773 1.0010042 2 0 0 0 11
0.55000114 -0.65992278 1.2469354 2 0 0 0 11
0.5208813 -0.44316149 1.139513 2 0 0 0 11
0.1602681 -0.59236681 0.72583169 2 0 0 0 11
0.45571351 -0.60047448 1.0903484 2 0 0 0 11
0.38620153 -0.43493959 0.97964019 2 0 0 0 11
0.308146 -0.88781804 0.97694236 2 0 0 0 11
0.064638324 -0.95275062 0.65426636 2 0 0 0 11
0.56404269 -0.5919503 1.2322965 2 0 0 0 11
0.56353039 -1.3772928 1.3864944 2 0 0 0 11
0.20238514 -1.2737119 0.90451127 2 0 0 0 11
0.22406156 -0.85077626 0.86488461 2 0 0 0 11
0.41907787 -0.55004942 1.0246265 2 0 0 0 11
0.36685991 -0.9944312 1.0956894 2 0 0 0 11
0.14619838 -1.1580113 0.82693952 2 0 0 0 11
0.20722869 -0.49564561 0.76602668 2 0 0 0 11
0.44909745 -0.9420526 1.1513838 2 0 0 0 11
0.49376601 -1.3387388 1.2999357 2 0 0 0 11
0.55471414 -0.93522739 1.326807 2 0 0 0 11
0.12522326 -0.66441476 0.66888696 2 0 0 0 11
0.21036609 -0.58597535 0.7737512 2 0 0 0 11
0.48797953 -0.95201153 1.2151797 2 0 0 0 11
0.22053997 -0.8293283 0.82013661 2 0 0 0 11
0.17819504 -1.0250448 0.82403857 2 0 0 0 11
0.26220176 -1.0776333 0.94865447 2 0 0 0 11
0.13284105 -0.95925373 0.75404215 2 0 0 0 11
0.50590837 -1.2750483 1.2925838 2 0 0 0 11
0.65008622 -0.76805902 1.4077116 2 0 0 0 11
0.3281517 -1.2352166 1.0583625 2 0 0 0 11
0.11619752 -1.3832046 0.83885801 2 0 0 0 11
0.55188364 -1.4239025 1.4008006 3 0 0 0 11
0.25653818 -1.2926252 0.98317152 3 0 0 0 11
0.365848 -1.2389787 1.1209261 3 0 0 0 11
0.64542252 -0.90202904 1.3847233 3 0 0 0 11
0.38341364 -0.79118818 1.0599594 3 0 0 0 11
0.22018851 -0.78357917 0.84818363 3 0 0 0 11
0.65501881 -0.62929809 1.3766873 3 0 0 0 11
0.16744214 -0.95205051 0.7818898 3 0 0 0 11
0.17703195 -0.53977561 0.73876631 3 0 0 0 11
0.5065676 -1.4119729 1.3283411 3 0 0 0 11
0.60821706 -0.89438766 1.3724872 3 0 0 0 11
0.57024193 -1.3307369 1.3808061 3 0 0 0 11
0.087444529 -0.87600815 0.69180536 3 0 0 0 11
0.086198062 -0.55590761 0.63501757 3 0 0 0 11
0.32900655 -1.0723562 1.0177091 3 0 0 0 11
0.35877785 -0.58026916 0.96701062 3 0 0 0 11
0.39992416 -0.65151519 1.024937 3 0 0 0 11
0.32300395 -0.46092242 0.91652644 3 0 0 0 11
0.1435972 -0.46115848 0.65991217 3 0 0 0 11
0.60721475 -0.9797917 1.3669907 3 0 0 0 11
0.49990764 -1.0893737 1.246124 3 0 0 0 11
0.45205995 -0.62763751 1.1102623 3 0 0 0 11
0.61055982 -1.0798445 1.363837 3 0 0 0 11
0.24321271 -1.1729364 0.96814382 3 0 0 0 11
0.35605034 -0.47891471 0.95770311 3 0 0 0 11
0.6187939 -1.0626197 1.3875118 3 0 0 0 11
0.55156851 -1.4572994 1.4320631 3 0 0 0 11
0.22675626 -0.94777578 0.86714214 3 0 0 0 11
0.31996959 -0.94991952 1.0050073 3 0 0 0 11
0.59961659 -0.50642383 1.2519922 3 0 0 0 11
0.24125738 -0.7125966 0.81330854 3 0 0 0 11
0.28146026 -0.81063092 0.91670388 3 0 0 0 11
0.32999954 -0.54150957 0.90521812 3 0 0 0 11
0.43186 -1.3780003 1.2134042 3 0 0 0 11
0.40001592 -0.48722574 1.0139409 3 0 0 0 11
0.3019217 -0.4567264 0.86998355 3 0 0 0 11
0.035456873 -1.0044978 0.62698668 3 0 0 0 11
0.25054502 -0.62012547 0.82837206 3 0 0 0 11
0.24064806 -0.65781087 0.82652408 3 0 0 0 11
0.42075455 -1.4061863 1.2036904 3 0 0 0 11
0.22439061 -0.84065402 0.86945403 4 0 0 0 11
0.44712135 -0.6877045 1.1159955 4 0 0 0 11
0.44592035 -1.269654 1.2269146 4 0 0 0 11
0.55674225 -1.1701494 1.3507016 4 0 0 0 11
0.65300202 -0.47636008 1.3429559 4 0 0 0 11
0.18670158 -1.3288574 0.89039093 4 0 0 0 11
0.25666887 -0.9251352 0.90535766 4 0 0 0 11
0.46131316 -0.60944492 1.1086935 4 0 0 0 11
0.3083519 -1.3334615 1.0418262 4 0 0 0 11
0.16316143 -0.78476065 0.76170665 4 0 0 0 11
0.52217174 -0.76271951 1.2324787 4 0 0 0 11
0.35030922 -1.0124081 1.0472065 4 0 0 0 11
0.37431136 -1.2192466 1.1236776 4 0 0 0 11
0.47896394 -0.89064074 1.2069862 4 0 0 0 11
0.45795152 -0.964647 1.1946572 4 0 0 0 11
0.4264842 -1.1532886 1.1688135 4 0 0 0 11
0.50303787 -1.4179765 1.3210949 4 0 0 0 11
0.57681656 -0.55642593 1.2560948 4 0 0 0 11
0.13996428 -0.98678643 0.75849402 4 0 0 0 11
0.29116935 -1.2895097 1.0194199 4 0 0 0 11
0.39302167 -1.4316409 1.200897 4 0 0 0 11
0.58300185 -0.81547999 1.3086592 4 0 0 0 11
0.50904649 -1.1582168 1.2833189 4 0 0 0 11
0.55691665 -0.74139559 1.2611873 4 0 0 0 11
0.048437227 -1.3295811 0.68025047 4 0 0 0 11
0.19302721 -0.43530533 0.73316061 4 0 0 0 11
0.056090325 -1.3759075 0.73316675 4 0 0 0 11
0.035692703 -0.92357343 0.65755171 4 0 0 0 11
0.48246732 -1.0489503 1.1974459 4 0 0 0 11
0.54393023 -0.53326666 1.2264622 4 0 0 0 11
0.53912628 -0.49535897 1.1997601 4 0 0 0 11
0.061021049 -1.0691817 0.7147342 4 0 0 0 11
0.3400178 -0.65445924 0.95730627 4 0 0 0 11
0.24870721 -0.53890544 0.81020802 4 0 0 0 11
0.093174502 -0.86672443 0.69015491 4 0 0 0 11
0.068461888 -1.096712 0.68987405 4 0 0 0 11
0.48776197 -1.1409631 1.2490488 4 0 0 0 11
0.15546773 -1.2981232 0.85048294 4 0 0 0 11
0.1595562 -1.0559037 0.81577772 4 0 0 0 11
0.062532134 -0.81712645 0.64296418 4 0 0 0 11
0.1004556 -0.62090325 0.64028317 5 0 0 0 11
0.57616264 -1.2422041 1.3926466 5 0 0 0 11
0.1110799 -1.1239291 0.77295518 5 0 0 0 11
0.4214893 -0.76367837 1.0932182 5 0 0 0 11
0.25723258 -0.49181846 0.80552894 5 0 0 0 11
0.69160467 -0.65733165 1.4184005 5 0 0 0 11
0.2756041 -0.90149182 0.93353999 5 0 0 0 11
0.47893789 -1.3163927 1.2606759 5 0 0 0 11
0.094035991 -1.3160051 0.76257497 5 0 0 0 11
0.68362987 -0.46655264 1.3682115 5 0 0 0 11
0.31829536 -1.2456944 1.0359745 5 0 0 0 11
0.46428356 -0.57468271 1.0976661 5 0 0 0 11
0.16195713 -1.0119895 0.78559238 5 0 0 0 11
0.55170774 -0.55429572 1.2006263 5 0 0 0 11
0.10463144 -0.59968746 0.62452608 5 0 0 0 11
0.16706468 -0.73307586 0.7339772 5 0 0 0 11
0.27591872 -0.87699455 0.95505118 5 0 0 0 11
0.40450069 -0.55253279 1.0060735 5 0 0 0 11
0.11360652 -0.85899246 0.73291737 5 0 0 0 11
0.50090158 -1.2852207 1.3164272 5 0 0 0 11
0.5005365 -1.2648038 1.2971896 5 0 0 0 11
0.60393381 -0.6783036 1.3217744 5 0 0 0 11
0.052832361 -1.3420779 0.75497609 5 0 0 0 11
0.55255663 -0.92725998 1.2922174 5 0 0 0 11
0.12745838 -0.95845854 0.72323912 5 0 0 0 11
0.18046813 -0.58416653 0.71666318 5 0 0 0 11
0.5727638 -1.3154341 1.3989794 5 0 0 0 11
0.40834504 -0.86686271 1.0881423 5 0 0 0 11
0.25908604 -1.1489607 0.99481016 5 0 0 0 11
0.5243938 -0.52237552 1.1609004 5 0 0 0 11
0.1629447 -0.80892771 0.75043243 5 0 0 0 11
0.19049814 -1.2419976 0.87557358 5 0 0 0 11
0.12690663 -0.59626853 0.69214708 5 0 0 0 11
0.16279358 -0.87338376 0.76576471 5 0 0 0 11
0.29713491 -0.81924945 0.93869835 5 0 0 0 11
0.36310908 -0.68841714 0.99617285 5 0 0 0 11
0.37210885 -1.1312574 1.079493 5 0 0 0 11
0.42683679 -0.94800872 1.1271527 5 0 0 0 11
0.33909562 -1.08652 1.0607967 5 0 0 0 11
0.68054616 -0.59045082 1.4019305 5 0 0 0 11
0.5817855 -0.46792069 1.1982183 6 0 0 0 11
0.40475842 -0.56306273 1.0262908 6 0 0 0 11
0.58188629 -0.91994005 1.3423418 6 0 0 0 11
0.011786884 -1.3701686 0.71789426 6 0 0 0 11
0.29043168 -1.3790377 1.0238359 6 0 0 0 11
0.42755076 -1.117434 1.1558626 6 0 0 0 11
0.62243342 -0.56849962 1.3095415 6 0 0 0 11
0.067790374 -0.88554442 0.63932419 6 0 0 0 11
0.66299403 -0.4998118 1.3521401 6 0 0 0 11
0.21484333 -0.42371818 0.753681 6 0 0 0 11
0.59418952 -0.6473518 1.3087626 6 0 0 0 11
0.12360478 -1.1711259 0.80418676 6 0 0 0 11
0.35315406 -0.63610452 0.95980287 6 0 0 0 11
0.31363559 -0.57387459 0.90084255 6 0 0 0 11
0.60938007 -0.79430073 1.3372736 6 0 0 0 11
0.44673246 -1.0952407 1.1970698 6 0 0 0 11
0.28737637 -1.0211909 0.94818223 6 0 0 0 11
0.57965398 -0.94471729 1.3384131 6 0 0 0 11
0.035241634 -1.2426765 0.6948418 6 0 0 0 11
0.45535091 -0.78974831 1.1388075 6 0 0 0 11
0.54318839 -1.4502937 1.3789064 6 0 0 0 11
0.11658074 -0.91894728 0.74134195 6 0 0 0 11
0.44970337 -1.23636 1.2092617 6 0 0 0 11
0.34537509 -0.57444131 0.96146548 6 0 0 0 11
0.26829839 -0.81514138 0.89911169 6 0 0 0 11
0.28852677 -1.3475515 1.036659 6 0 0 0 11
0.60682833 -0.67377073 1.3060827 6 0 0 0 11
0.3034164 -1.2987182 1.046878 6 0 0 0 11
0.65259117 -0.56550336 1.3669816 6 0 0 0 11
0.18126607 -1.3442327 0.87769079 6 0 0 0 11
0.023661148 -1.3322637 0.70224607 6 0 0 0 11
0.16470957 -0.5348689 0.71403348 6 0 0 0 11
0.56866843 -1.2695253 1.3802505 6 0 0 0 11
0.48889577 -0.90449649 1.2007403 6 0 0 0 11
0.185675 -0.73967385 0.76609087 6 0 0 0 11
0.22559059 -1.3053343 0.93553001 6 0 0 0 11
0.215492 -1.1526403 0.92285311 6 0 0 0 11
0.56811297 -1.1049285 1.3468543 6 0 0 0 11
0.2351436 -1.2805506 0.95828444 6 0 0 0 11
0.46655047 -0.8836624 1.190437 6 0 0 0 11
0.58230817 -0.50937313 1.2141395 7 0 0 0 11
0.14334764 -0.66569614 0.71068627 7 0 0 0 11
0.24080011 -1.3500469 0.96175981 7 0 0 0 11
0.18931673 -0.94691449 0.83986247 7 0 0 0 11
0.21915202 -0.8009333 0.83586502 7 0 0 0 11
0.3190527 -1.1771492 1.013796 7 0 0 0 11
0.58046234 -1.2105532 1.3681235 7 0 0 0 11
0.50348312 -1.0134568 1.2493688 7 0 0 0 11
0.56678158 -1.2941741 1.4091846 7 0 0 0 11
0.11671422 -0.58642709 0.6891253 7 0 0 0 11
0.18449837 -1.1638737 0.88001966 7 0 0 0 11
0.36084306 -0.76048017 1.0140752 7 0 0 0 11
0.42920956 -0.44964585 1.029866 7 0 0 0 11
0.57646888 -1.2330483 1.3802346 7 0 0 0 11
0.062322732 -0.9251563 0.67161733 7 0 0 0 11
0.49904492 -1.1770979 1.308887 7 0 0 0 11
0.70797467 -0.51732874 1.4003744 7 0 0 0 11
0.2307542 -0.86800194 0.89111781 7 0 0 0 11
0.66597104 -0.51224297 1.353911 7 0 0 0 11
0.091337435 -1.0309358 0.74535096 7 0 0 0 11
0.49574938 -0.73649788 1.1939332 7 0 0 0 11
0.49953148 -1.0040874 1.2518419 7 0 0 0 11
0.12706731 -0.54825449 0.67923278 7 0 0 0 11
0.12472741 -1.3517354 0.82180071 7 0 0 0 11
0.34221846 -1.3337077 1.0717421 7 0 0 0 11
0.56568503 -1.1271775 1.3512001 7 0 0 0 11
0.21193308 -1.162068 0.91128445 7 0 0 0 11
0.54968178 -1.2274705 1.3434225 7 0 0 0 11
0.38336384 -1.3876097 1.1645957 7 0 0 0 11
0.186994 -1.3424515 0.92746043 7 0 0 0 11
0.29904458 -1.0810591 0.97476739 7 0 0 0 11
0.046940036 -1.2819153 0.68958932 7 0 0 0 11
0.33898899 -0.917656 1.0238825 7 0 0 0 11
0.55188018 -1.217425 1.3487697 7 0 0 0 11
0.28031823 -1.2821027 1.0440174 7 0 0 0 11
0.57848299 -1.3771838 1.4222499 7 0 0 0 11
0.14911917 -0.57209879 0.70098901 7 0 0 0 11
0.29211614 -1.2319798 1.0408938 7 0 0 0 11
0.67744905 -0.68945467 1.3937328 7 0 0 0 11
0.35040972 -1.0700814 1.0726795 7 0 0 0 11
0.1589153 -1.0343479 0.81314558 8 0 0 0 11
0.59551185 -0.48317695 1.2615188 8 0 0 0 11
0.40441278 -0.66400272 1.0602907 8 0 0 0 11
0.33144224 -0.43392894 0.90845418 8 0 0 0 11
0.5252555 -0.87890178 1.2478249 8 0 0 0 11
0.4082168 -1.2805299 1.1615726 8 0 0 0 11
0.16745593 -1.0661733 0.83643961 8 0 0 0 11
0.20844717 -1.2220938 0.89264727 8 0 0 0 11
0.57398981 -0.69781417 1.2892522 8 0 0 0 11
0.29427645 -0.80584055 0.94142514 8 0 0 0 11
0.33344853 -1.3944163 1.1149313 8 0 0 0 11
0.25660023 -0.72927618 0.84638578 8 0 0 0 11
0.63109642 -0.91034871 1.3722305 8 0 0 0 11
0.32069573 -1.1871451 1.037136 8 0 0 0 11
0.11881383 -1.265257 0.78261334 8 0 0 0 11
0.26181093 -1.1107533 0.95700806 8 0 0 0 11
0.42591348 -1.1253872 1.2019483 8 0 0 0 11
0.50544262 -1.3039024 1.3368416 8 0 0 0 11
0.31352434 -0.66472423 0.92437279 8 0 0 0 11
0.63953954 -0.62372822 1.3325076 8 0 0 0 11
0.13373788 -1.0577381 0.77796459 8 0 0 0 11
0.27663395 -0.76027328 0.90617031 8 0 0 0 11
0.12088425 -0.68700612 0.69451863 8 0 0 0 11
0.23220348 -1.1928638 0.92501515 8 0 0 0 11
0.25795072 -0.53016579 0.83953816 8 0 0 0 11
0.61000746 -0.83090931 1.3290862 8 0 0 0 11
0.34443083 -0.72583085 0.992342 8 0 0 0 11
0.3873235 -1.0006208 1.0943378 8 0 0 0 11
0.068372212 -0.96873772 0.67645049 8 0 0 0 11
0.44449437 -1.3116224 1.2673718 8 0 0 0 11
0.47437772 -1.1147833 1.2300647 8 0 0 0 11
0.47962922 -0.5062691 1.1221451 8 0 0 0 11
0.17843054 -0.76092404 0.77416891 8 0 0 0 11
0.38256261 -0.85434765 1.0529464 8 0 0 0 11
0.13707678 -0.80605406 0.7439481 8 0 0 0 11
0.12576921 -1.1006567 0.77572912 8 0 0 0 11
0.27550071 -1.2146893 0.97666782 8 0 0 0 11
0.078116395 -1.1577263 0.73512501 8 0 0 0 11
0.18279171 -0.61036855 0.77853143 8 0 0 0 11
0.24504575 -0.60364968 0.82856202 8 0 0 0 11
0.64719838 -0.51721334 1.3156203 9 0 0 0 11
0.12754987 -0.98073822 0.74311632 9 0 0 0 11
0.36676019 -1.3020041 1.1212045 9 0 0 0 11
0.12344293 -1.0320723 0.76655501 9 0 0 0 11
0.35941768 -1.4048468 1.1422602 9 0 0 0 11
0.50358701 -1.0895386 1.2444131 9 0 0 0 11
0.35569969 -1.3718443 1.1357244 9 0 0 0 11
0.31489578 -0.68028563 0.9410615 9 0 0 0 11
0.27331811 -0.79422754 0.91097075 9 0 0 0 11
0.12676935 -1.3388921 0.83773512 9 0 0 0 11
0.27630439 -0.64107883 0.89629066 9 0 0 0 11
0.58799738 -0.75924969 1.3082644 9 0 0 0 11
0.32421684 -1.2865599 1.0462784 9 0 0 0 11
0.12749697 -0.70962554 0.69250178 9 0 0 0 11
0.40688756 -0.89203799 1.1199503 9 0 0 0 11
0.36505029 -1.2686626 1.1221784 9 0 0 0 11
0.48636284 -1.084253 1.2357428 9 0 0 0 11
0.25975439 -0.68049735 0.89205694 9 0 0 0 11
0.43947825 -0.8579933 1.1524408 9 0 0 0 11
0.5098967 -1.2571248 1.3051319 9 0 0 0 11
0.38515535 -0.64486432 1.0434912 9 0 0 0 11
0.6269325 -0.86645639 1.399857 9 0 0 0 11
0.49935493 -1.0750756 1.2504883 9 0 0 0 11
0.25502527 -1.1743242 0.94490898 9 0 0 0 11
0.089083515 -0.65864873 0.64191973 9 0 0 0 11
0.14742327 -0.70059967 0.71614128 9 0 0 0 11
0.51425093 -0.65935737 1.1681045 9 0 0 0 11
0.049973533 -1.2658501 0.71123213 9 0 0 0 11
0.6387853 -0.51182634 1.2980869 9 0 0 0 11
0.52243906 -1.2294077 1.3331403 9 0 0 0 11
0.33113432 -0.56452757 0.95714021 9 0 0 0 11
0.35452679 -1.3114581 1.1169629 9 0 0 0 11
0.60313773 -0.469217 1.2333996 9 0 0 0 11
0.30417168 -0.58065504 0.91392004 9 0 0 0 11
0.43800002 -0.7901355 1.1362979 9 0 0 0 11
0.60881835 -0.63780034 1.3162068 9 0 0 0 11
0.47375602 -0.64385819 1.1060125 9 0 0 0 11
0.37028649 -1.2245691 1.1082376 9 0 0 0 11
0.42888704 -1.0150266 1.1255891 9 0 0 0 11
0.34564516 -1.4039781 1.1218692 9 0 0 0 11
0.44549349 -0.61293113 1.0882614 10 0 0 0 11
0.22405893 -0.73403746 0.80020565 10 0 0 0 11
0.46498856 -1.1037427 1.2160218 10 0 0 0 11
0.31236053 -1.2764889 1.0567468 10 0 0 0 11
0.54660219 -1.107357 1.3457981 10 0 0 0 11
0.55646634 -0.9151811 1.2976965 10 0 0 0 11
0.19561106 -1.211726 0.88977534 10 0 0 0 11
0.55871546 -0.83867019 1.2316213 10 0 0 0 11
0.59246546 -1.3067682 1.4236529 10 0 0 0 11
0.1527262 -0.6941787 0.75169075 10 0 0 0 11
0.025062393 -1.272193 0.68363553 10 0 0 0 11
0.13138005 -0.62786925 0.72524029 10 0 0 0 11
0.11490195 -0.78643727 0.68705088 10 0 0 0 11
0.55538714 -0.54118395 1.2040846 10 0 0 0 11
0.53116298 -0.54800904 1.2032872 10 0 0 0 11
0.097402021 -1.160182 0.7325455 10 0 0 0 11
0.45117688 -0.70572442 1.1318893 10 0 0 0 11
0.23479925 -1.0869551 0.9133777 10 0 0 0 11
0.17733082 -1.0227472 0.83877861 10 0 0 0 11
0.064612105 -1.2765052 0.71261644 10 0 0 0 11
0.3458032 -0.81322277 0.99055451 10 0 0 0 11
0.46231166 -0.51154196 1.0775605 10 0 0 0 11
0.65416336 -0.70443767 1.3956131 10 0 0 0 11
0.029633364 -1.1954472 0.6665228 10 0 0 0 11
0.29048166 -0.71962416 0.92679143 10 0 0 0 11
0.61674255 -0.52945024 1.2965592 10 0 0 0 11
0.083629109 -0.92377019 0.70900482 10 0 0 0 11
0.41818973 -1.1064057 1.1393156 10 0 0 0 11
0.51971149 -0.53086907 1.176089 10 0 0 0 11
0.3735576 -0.82949257 1.0350161 10 0 0 0 11
0.17705157 -0.80582958 0.76672244 10 0 0 0 11
0.22872792 -1.2689278 0.93386894 10 0 0 0 11
0.60552859 -1.1074771 1.426169 10 0 0 0 11
0.46104181 -0.64200735 1.1148524 10 0 0 0 11
0.46670017 -0.91255128 1.1881114 10 0 0 0 11
0.61785573 -0.99680853 1.4082705 10 0 0 0 11
0.36328956 -0.7050705 1.0215815 10 0 0 0 11
0.33861607 -1.0230557 1.0374899 10 0 0 0 11
0.54422045 -0.9678871 1.2986749 10 0 0 0 11
0.33047247 -0.56175172 0.94857478 10 0 0 0 11
0.24229421 -0.8056429 0.84976846 11 0 0 0 11
0.52350074 -0.58716303 1.1983932 11 0 0 0 11
0.12438729 -0.53238422 0.6455434 11 0 0 0 11
0.10171644 -1.1167611 0.73883623 11 0 0 0 11
0.28382432 -1.3973223 1.0290487 11 0 0 0 11
0.34915182 -0.83214515 1.0152311 11 0 0 0 11
0.51326734 -1.3385273 1.3244638 11 0 0 0 11
0.08242102 -1.1559917 0.72475636 11 0 0 0 11
0.39950845 -1.1099706 1.141933 11 0 0 0 11
0.18952383 -0.77579248 0.7779451 11 0 0 0 11
0.57578123 -0.77362078 1.2737194 11 0 0 0 11
0.16061197 -0.90229946 0.81317836 11 0 0 0 11
0.27304742 -0.70787638 0.89961231 11 0 0 0 11
0.39800015 -0.61111194 1.0089409 11 0 0 0 11
0.080914482 -1.2826682 0.76682621 11 0 0 0 11
0.16919865 -0.48929375 0.74259257 11 0 0 0 11
0.3739039 -0.48311588 0.97358191 11 0 0 0 11
0.22453687 -1.3323336 0.95897806 11 0 0 0 11
0.30047196 -1.2925372 1.0222316 11 0 0 0 11
0.2659497 -1.3138442 1.0282032 11 0 0 0 11
0.10586736 -1.2510992 0.79363036 11 0 0 0 11
0.10310985 -1.1299466 0.75890088 11 0 0 0 11
0.23782223 -1.3742954 0.97165376 11 0 0 0 11
0.098104045 -1.2238822 0.77601504 11 0 0 0 11
0.2707057 -0.97032666 0.93461025 11 0 0 0 11
0.043562353 -0.96523279 0.63277125 11 0 0 0 11
0.12239521 -0.88570702 0.70244211 11 0 0 0 11
0.45683897 -1.1152911 1.2028962 11 0 0 0 11
0.29859379 -1.0584202 1.0086415 11 0 0 0 11
0.58337963 -1.0015093 1.3302869 11 0 0 0 11
0.26014408 -0.50788665 0.83252394 11 0 0 0 11
0.65477502 -0.57834387 1.3358586 11 0 0 0 11
0.39183453 -0.57650089 1.0151792 11 0 0 0 11
0.44128957 -1.2373459 1.2285589 11 0 0 0 11
0.42625931 -0.74919838 1.0876293 11 0 0 0 11
0.6131413 -1.0964271 1.3984601 11 0 0 0 11
0.44715461 -1.2457829 1.2208791 11 0 0 0 11
0.15894684 -0.61107308 0.70810503 11 0 0 0 11
0.19386066 -1.030452 0.84995395 11 0 0 0 11
0.43556449 -0.95275694 1.1219038 11 0 0 0 11
0.36458451 -1.1742259 1.0921131 12 0 0 0 11
0.36768749 -0.82277286 1.0301454 12 0 0 0 11
0.49108848 -1.0959644 1.2670081 12 0 0 0 11
0.41482681 -0.50559497 1.0379398 12 0 0 0 11
0.067412689 -1.2216754 0.70885611 12 0 0 0 11
0.57225078 -0.99426746 1.3232405 12 0 0 0 11
0.50852376 -0.93900955 1.256343 12 0 0 0 11
0.19367978 -1.2449064 0.90051889 12 0 0 0 11
0.077414431 -0.80997854 0.64991444 12 0 0 0 11
0.47806361 -0.66992968 1.1336111 12 0 0 0 11
0.26085499 -1.0678446 0.92816085 12 0 0 0 11
0.47204289 -0.57403481 1.0964746 12 0 0 0 11
0.029324213 -1.1847582 0.67907625 12 0 0 0 11
0.32028949 -0.9261235 1.000632 12 0 0 0 11
0.47662348 -1.0170012 1.1847017 12 0 0 0 11
0.085437588 -1.3096546 0.77181089 12 0 0 0 11
0.20346349 -1.1699104 0.88365155 12 0 0 0 11
0.36772123 -1.0267053 1.0846596 12 0 0 0 11
0.29874429 -1.1716868 1.0109668 12 0 0 0 11
0.47930384 -0.77096111 1.1988294 12 0 0 0 11
0.38114235 -0.87111533 1.0626643 12 0 0 0 11
0.31526724 -1.2104614 1.0141432 12 0 0 0 11
0.34352532 -1.2754943 1.0941924 12 0 0 0 11
0.2595267 -0.42523059 0.8175019 12 0 0 0 11
0.57172483 -0.5947684 1.2276845 12 0 0 0 11
0.086001366 -1.2883573 0.78566867 12 0 0 0 11
0.4230347 -0.65180367 1.0548776 12 0 0 0 11
0.44156033 -1.180907 1.1776321 12 0 0 0 11
0.12858906 -0.70183617 0.69648498 12 0 0 0 11
0.23049369 -0.52463025 0.81168544 12 0 0 0 11
0.57380325 -1.0556476 1.3326125 12 0 0 0 11
0.23672624 -1.2187569 0.96695757 12 0 0 0 11
0.26066375 -0.56434476 0.80313063 12 0 0 0 11
0.14752787 -0.43606719 0.66836077 12 0 0 0 11
0.65043503 -0.50422764 1.3369654 12 0 0 0 11
0.31354687 -0.73320657 0.93888259 12 0 0 0 11
0.50754476 -0.88515282 1.2281207 12 0 0 0 11
0.51784474 -1.0036687 1.2885224 12 0 0 0 11
0.3987951 -1.2987739 1.1758308 12 0 0 0 11
0.20494308 -0.52480632 0.75796634 12 0 0 0 11
0.13321106 -1.0540203 0.77717018 13 0 0 0 11
0.36597931 -0.93430221 1.0465237 13 0 0 0 11
0.10580687 -1.3421489 0.78804493 13 0 0 0 11
0.46400794 -1.2081846 1.2220321 13 0 0 0 11
0.12480912 -1.2330784 0.83881545 13 0 0 0 11
0.33875141 -0.45474288 0.92146844 13 0 0 0 11
0.13580097 -0.81374079 0.72497952 13 0 0 0 11
0.40696734 -0.64065599 1.0569777 13 0 0 0 11
0.16031383 -0.50121486 0.72434276 13 0 0 0 11
0.62157112 -0.75828403 1.3466438 13 0 0 0 11
0.18382403 -1.1954482 0.90290058 13 0 0 0 11
0.35077906 -1.219066 1.0912504 13 0 0 0 11
0.32545188 -1.1334013 1.0306559 13 0 0 0 11
0.63540804 -1.0693097 1.421133 13 0 0 0 11
0.33732343 -0.54586917 0.92917705 13 0 0 0 11
0.16576332 -1.0164782 0.82534379 13 0 0 0 11
0.18245122 -1.0214236 0.82712346 13 0 0 0 11
0.49961251 -1.3784484 1.2986579 13 0 0 0 11
0.33488461 -0.64986497 0.94935459 13 0 0 0 11
0.41202542 -0.71919835 1.0987042 13 0 0 0 11
0.41299632 -0.8005138 1.1162397 13 0 0 0 11
0.15125388 -1.1453444 0.80852062 13 0 0 0 11
0.23020734 -0.52704889 0.79852211 13 0 0 0 11
0.21529254 -1.1825255 0.9071846 13 0 0 0 11
0.39516401 -0.488837 0.96555215 13 0 0 0 11
0.11185712 -0.76591045 0.68035364 13 0 0 0 11
0.25919139 -1.3697861 1.0012952 13 0 0 0 11
0.52634454 -0.93012834 1.2722501 13 0 0 0 11
0.34236237 -0.51970893 0.94658846 13 0 0 0 11
0.66817361 -0.57153219 1.3833535 13 0 0 0 11
0.51389152 -0.49762371 1.1115419 13 0 0 0 11
0.09450978 -1.2105349 0.76754797 13 0 0 0 11
0.15179236 -1.2678781 0.81527889 13 0 0 0 11
0.37844253 -1.2559911 1.1237689 13 0 0 0 11
0.33432996 -1.1364825 1.0290009 13 0 0 0 11
0.40973371 -0.52004635 1.0365487 13 0 0 0 11
0.40170452 -1.4086434 1.1925505 13 0 0 0 11
0.49723184 -1.113418 1.2695565 13 0 0 0 11
0.4675028 -0.99567497 1.2095864 13 0 0 0 11
0.49703214 -1.2502109 1.2593119 13 0 0 0 11
0.36822361 -1.3753395 1.1755315 14 0 0 0 11
0.5205996 -0.55208373 1.1972667 14 0 0 0 11
0.33240715 -0.88409984 1.0257366 14 0 0 0 11
0.063829236 -1.1588932 0.69974023 14 0 0 0 11
0.25919193 -1.1303371 0.98858637 14 0 0 0 11
0.39281884 -0.97164315 1.0912856 14 0 0 0 11
0.68378937 -0.46871665 1.3789194 14 0 0 0 11
0.52781987 -0.65834826 1.1927515 14 0 0 0 11
0.38927907 -0.94265497 1.1237893 14 0 0 0 11
0.49976408 -0.87745124 1.2202929 14 0 0 0 11
0.62866408 -0.49039909 1.3013984 14 0 0 0 11
0.4189153 -1.4358182 1.232779 14 0 0 0 11
0.53802133 -0.78812629 1.2605214 14 0 0 0 11
0.29364869 -0.80743927 0.95734942 14 0 0 0 11
0.083134018 -1.3367912 0.77391565 14 0 0 0 11
0.44694996 -1.3140277 1.2296824 14 0 0 0 11
0.24596418 -0.50037706 0.80254221 14 0 0 0 11
0.39440322 -0.68132901 1.0623004 14 0 0 0 11
0.048159935 -1.1410007 0.69145298 14 0 0 0 11
0.20477302 -0.92316407 0.86401641 14 0 0 0 11
0.25601888 -0.49002549 0.81711793 14 0 0 0 11
0.29027709 -1.1381468 1.0003573 14 0 0 0 11
0.26283291 -0.70687437 0.86252218 14 0 0 0 11
0.26622561 -0.51688528 0.82215267 14 0 0 0 11
0.5833748 -1.231753 1.3899586 14 0 0 0 11
0.5808385 -0.60767817 1.2616031 14 0 0 0 11
0.50224662 -0.48319536 1.1510077 14 0 0 0 11
0.2295846 -1.1738503 0.93234634 14 0 0 0 11
0.13524404 -0.60366184 0.69902807 14 0 0 0 11
0.16192819 -0.62275362 0.75333792 14 0 0 0 11
0.354718 -1.0110643 1.0388165 14 0 0 0 11
0.22476852 -0.64469302 0.80501711 14 0 0 0 11
0.37645486 -0.76164091 1.0225735 14 0 0 0 11
0.45612854 -1.0228211 1.2153349 14 0 0 0 11
0.58876735 -1.3099067 1.4051899 14 0 0 0 11
0.33132872 -0.74756044 1.0127412 14 0 0 0 11
0.37009582 -1.3293654 1.1343747 14 0 0 0 11
0.43007052 -1.1209837 1.17601 14 0 0 0 11
0.33319822 -0.45380199 0.92307419 14 0 0 0 11
0.29740244 -0.7124722 0.88458467 14 0 0 0 11
0.19253328 -0.62026024 0.74236131 15 0 0 0 11
0.53713524 -0.72532022 1.2413069 15 0 0 0 11
0.42789596 -0.54753488 1.047907 15 0 0 0 11
0.25817358 -1.0025239 0.93136436 15 0 0 0 11
0.36377466 -1.3153483 1.1508125 15 0 0 0 11
0.19092843 -0.80138105 0.79891241 15 0 0 0 11
0.26324058 -1.2751797 1.0109024 15 0 0 0 11
0.073423862 -0.98426467 0.66301483 15 0 0 0 11
0.19714232 -0.47216332 0.75425661 15 0 0 0 11
0.16499266 -0.70284659 0.77104968 15 0 0 0 11
0.089799486 -1.3791237 0.81759095 15 0 0 0 11
0.0813943 -1.2353603 0.73456234 15 0 0 0 11
0.63024724 -0.78234226 1.3449321 15 0 0 0 11
0.29436189 -1.3158948 1.0382272 15 0 0 0 11
0.22929214 -1.1396513 0.90325046 15 0 0 0 11
0.16791458 -1.3700622 0.88090873 15 0 0 0 11
0.13705437 -1.3222059 0.8501237 15 0 0 0 11
0.27752066 -0.55512071 0.88214123 15 0 0 0 11
0.068570383 -1.3414724 0.78527069 15 0 0 0 11
0.25399885 -0.96649122 0.95057338 15 0 0 0 11
0.21489766 -1.1340427 0.89679801 15 0 0 0 11
0.55871212 -0.7912274 1.2565658 15 0 0 0 11
0.6669035 -0.65105003 1.3894955 15 0 0 0 11
0.059179578 -0.85776109 0.63052326 15 0 0 0 11
0.44232914 -1.1673747 1.2104372 15 0 0 0 11
0.24493326 -1.021287 0.90821368 15 0 0 0 11
0.34229696 -0.56198245 0.94515646 15 0 0 0 11
0.51459807 -1.3467851 1.3433855 15 0 0 0 11
0.50841552 -0.86441612 1.2348765 15 0 0 0 11
0.57228374 -1.0165563 1.3238746 15 0 0 0 11
0.11266024 -0.8377403 0.7190575 15 0 0 0 11
0.68306839 -0.58745909 1.3766673 15 0 0 0 11
0.10334893 -0.96293026 0.70741868 15 0 0 0 11
0.055475436 -0.81548405 0.63592535 15 0 0 0 11
0.55392742 -1.0067641 1.319729 15 0 0 0 11
0.25350893 -0.41785181 0.81227946 15 0 0 0 11
0.43303776 -1.0764486 1.1839846 15 0 0 0 11
0.1308569 -0.97424543 0.73128301 15 0 0 0 11
0.15975131 -0.51027894 0.69457984 15 0 0 0 11
0.5734992 -1.0351323 1.3130018 15 0 0 0 11
0.39278403 -0.71922731 1.0462821 16 0 0 0 11
0.12291754 -0.90063816 0.72239149 16 0 0 0 11
0.095812105 -0.6585843 0.64870197 16 0 0 0 11
0.18905215 -1.1617361 0.85536051 16 0 0 0 11
0.64051408 -0.65513885 1.3366495 16 0 0 0 11
0.61731529 -0.65033931 1.3064705 16 0 0 0 11
0.53599036 -0.50442886 1.1728315 16 0 0 0 11
0.59892166 -0.50888664 1.261072 16 0 0 0 11
0.18760553 -0.67160589 0.7760905 16 0 0 0 11
0.32369286 -0.43094265 0.86955726 16 0 0 0 11
0.33895165 -0.97039694 1.0278134 16 0 0 0 11
0.16011882 -0.50472122 0.71296418 16 0 0 0 11
0.10250647 -0.83439332 0.69845462 16 0 0 0 11
0.45778754 -0.93158025 1.1942538 16 0 0 0 11
0.35804787 -0.48830059 0.93903893 16 0 0 0 11
0.55432469 -0.56149691 1.228319 16 0 0 0 11
0.41214821 -1.0486495 1.1105595 16 0 0 0 11
0.5447734 -0.50167286 1.2020922 16 0 0 0 11
0.65477484 -0.88239324 1.4208375 16 0 0 0 11
0.45637664 -1.0942279 1.1969475 16 0 0 0 11
0.3721512 -1.2287848 1.1086597 16 0 0 0 11
0.13588259 -0.72547644 0.71987021 16 0 0 0 11
0.38119271 -0.56010741 0.96350682 16 0 0 0 11
0.33654928 -0.71068436 0.95962042 16 0 0 0 11
0.55645859 -0.83525276 1.281804 16 0 0 0 11
0.25514337 -1.3940042 1.0106685 16 0 0 0 11
0.39377713 -0.97084743 1.1002885 16 0 0 0 11
0.44061393 -1.1494904 1.1578575 16 0 0 0 11
0.42560729 -0.95975477 1.1210539 16 0 0 0 11
0.5354737 -0.81859648 1.2464153 16 0 0 0 11
0.59295326 -0.93679827 1.3403202 16 0 0 0 11
0.13657914 -0.53405219 0.68594337 16 0 0 0 11
0.50659746 -0.54021901 1.1279775 16 0 0 0 11
0.56872177 -0.78827608 1.2972312 16 0 0 0 11
0.4716292 -0.84098744 1.185726 16 0 0 0 11
0.67640454 -0.65331918 1.4125694 16 0 0 0 11
0.3525176 -1.4118044 1.1302602 16 0 0 0 11
0.21212204 -0.67316937 0.79255646 16 0 0 0 11
0.33492967 -0.90123856 1.0007398 16 0 0 0 11
0.44097564 -0.51046759 1.0708212 16 0 0 0 11
0.47934967 -1.2899901 1.2725873 17 0 0 0 11
0.2994045 -1.0539474 0.98443526 17 0 0 0 11
0.59097105 -1.1809992 1.3815163 17 0 0 0 11
0.31025627 -0.75413966 0.9406386 17 0 0 0 11
0.50727594 -1.3329271 1.2954192 17 0 0 0 11
0.18096307 -0.58839959 0.76339865 17 0 0 0 11
0.42291921 -1.2262734 1.1911991 17 0 0 0 11
0.13992202 -0.96615517 0.76023793 17 0 0 0 11
0.2921229 -1.2722126 1.0236259 17 0 0 0 11
0.64977455 -0.77959752 1.3629576 17 0 0 0 11
0.26344705 -0.95218855 0.91639274 17 0 0 0 11
0.066510744 -1.1407382 0.71879071 17 0 0 0 11
0.55442894 -0.73332679 1.2356015 17 0 0 0 11
0.27844724 -0.99842972 0.94014317 17 0 0 0 11
0.031428669 -1.1147563 0.65431535 17 0 0 0 11
0.56421566 -0.49712616 1.2091285 17 0 0 0 11
0.49413636 -1.1558207 1.2706449 17 0 0 0 11
0.27643085 -1.0244024 0.96658623 17 0 0 0 11
0.23508149 -0.78100491 0.85702807 17 0 0 0 11
0.56272399 -1.2163304 1.3620843 17 0 0 0 11
0.16333482 -1.2345141 0.85365212 17 0 0 0 11
0.094524108 -1.0371437 0.73041517 17 0 0 0 11
0.47034222 -1.0537724 1.2057177 17 0 0 0 11
0.53033763 -0.55179864 1.1849843 17 0 0 0 11
-0.011692259 -1.3401979 0.65737504 17 0 0 0 11
0.18767586 -0.47285736 0.73750573 17 0 0 0 11
0.22175504 -0.79148859 0.8434965 17 0 0 0 11
0.48180285 -1.3678966 1.3091512 17 0 0 0 11
0.21871135 -1.3326285 0.91829222 17 0 0 0 11
0.36308038 -0.68043381 0.98399973 17 0 0 0 11
0.10732719 -0.75386947 0.69163138 17 0 0 0 11
0.33225539 -0.48358503 0.92172629 17 0 0 0 11
0.37445211 -0.90712827 1.0407338 17 0 0 0 11
0.41549847 -0.80107373 1.0908282 17 0 0 0 11
0.37293199 -0.52707636 0.96680546 17 0 0 0 11
0.6369918 -0.80407357 1.3807817 17 0 0 0 11
0.45848447 -1.4293311 1.3076714 17 0 0 0 11
0.5793767 -1.0382509 1.3578445 17 0 0 0 11
0.52598214 -1.0408955 1.2658125 17 0 0 0 11
0.62797791 -1.0561872 1.3997548 17 0 0 0 11
0.12292551 -1.1373011 0.80560035 18 0 0 0 11
0.31573436 -1.111668 1.0074445 18 0 0 0 11
0.10126939 -0.98945564 0.74349332 18 0 0 0 11
0.36869672 -0.9289856 1.0611619 18 0 0 0 11
0.71417069 -0.47570714 1.3856226 18 0 0 0 11
0.18936902 -1.3387887 0.88816828 18 0 0 0 11
0.48299161 -1.2850778 1.2928374 18 0 0 0 11
0.20547128 -1.2462838 0.89714152 18 0 0 0 11
0.43334717 -1.218735 1.2085698 18 0 0 0 11
0.49341553 -1.0257151 1.2364265 18 0 0 0 11
0.16325779 -0.43361846 0.66366673 18 0 0 0 11
0.2511597 -1.2294792 0.96913958 18 0 0 0 11
0.67822719 -0.64406878 1.3980049 18 0 0 0 11
0.29802984 -1.0952538 0.99292314 18 0 0 0 11
0.54736418 -0.69727403 1.2413671 18 0 0 0 11
0.45499533 -0.60863137 1.0950888 18 0 0 0 11
0.21451928 -0.64793539 0.80114335 18 0 0 0 11
0.59016031 -0.53796244 1.2764893 18 0 0 0 11
0.45396638 -0.63155663 1.0956348 18 0 0 0 11
0.057339534 -1.2848558 0.75170785 18 0 0 0 11
0.39253876 -0.96297377 1.0787841 18 0 0 0 11
0.16835374 -0.41138393 0.70829564 18 0 0 0 11
0.53789157 -0.5090667 1.1883035 18 0 0 0 11
0.57836306 -1.2471347 1.3995645 18 0 0 0 11
0.3345015 -0.59139168 0.94994366 18 0 0 0 11
0.19805735 -0.74917799 0.80229157 18 0 0 0 11
0.15142779 -0.98214436 0.79295301 18 0 0 0 11
0.48560488 -1.2230517 1.2810618 18 0 0 0 11
0.2118883 -0.92485857 0.85052764 18 0 0 0 11
0.49376029 -0.45583406 1.1094278 18 0 0 0 11
0.1586587 -0.55141681 0.71494943 18 0 0 0 11
0.32383004 -1.0448946 1.0190666 18 0 0 0 11
0.51805311 -0.80098927 1.2314707 18 0 0 0 11
0.37012771 -0.93244547 1.0755529 18 0 0 0 11
0.20691752 -0.82029271 0.8089118 18 0 0 0 11
0.1741745 -0.42954275 0.71868455 18 0 0 0 11
0.13844226 -0.87078708 0.74407554 18 0 0 0 11
0.46264496 -1.2631916 1.2266033 18 0 0 0 11
0.031153494 -1.1671944 0.6575228 18 0 0 0 11
0.28660777 -1.0692897 0.97043169 18 0 0 0 11
0.48161972 -0.47106421 1.0876631 19 0 0 0 11
0.099038355 -1.3241374 0.80159074 19 0 0 0 11
0.43637145 -0.69793981 1.0985051 19 0 0 0 11
0.10838442 -0.88216418 0.69967753 19 0 0 0 11
0.4852567 -0.56351429 1.1256195 19 0 0 0 11
0.34131965 -1.0082192 1.0210763 19 0 0 0 11
0.14147456 -1.0713265 0.79402649 19 0 0 0 11
0.44264656 -0.80978876 1.11261 19 0 0 0 11
0.14628507 -0.59571874 0.69322991 19 0 0 0 11
0.48670989 -1.2472758 1.2949615 19 0 0 0 11
0.13674171 -0.95340466 0.76925594 19 0 0 0 11
0.22841284 -1.2134497 0.93289906 19 0 0 0 11
0.64387274 -0.84633446 1.3994933 19 0 0 0 11
0.45565262 -0.71752191 1.1452299 19 0 0 0 11
0.46199432 -1.3576881 1.2719153 19 0 0 0 11
0.56527203 -0.92433161 1.277676 19 0 0 0 11
0.48596442 -0.55675572 1.1117458 19 0 0 0 11
0.37698075 -0.84845638 1.0366837 19 0 0 0 11
0.3121894 -1.2962775 1.0417219 19 0 0 0 11
0.57911426 -0.80879545 1.3255638 19 0 0 0 11
0.27629152 -0.52192789 0.84915054 19 0 0 0 11
0.56398821 -1.2037965 1.3822604 19 0 0 0 11
0.19864133 -0.96561193 0.84421378 19 0 0 0 11
0.37156174 -0.75540239 1.0064064 19 0 0 0 11
0.091383897 -1.1334383 0.76811063 19 0 0 0 11
0.24993545 -0.98593801 0.91555727 19 0 0 0 11
0.44115034 -1.1975998 1.2018024 19 0 0 0 11
0.084477141 -0.84074336 0.65108812 19 0 0 0 11
0.36036679 -0.7283777 1.0182025 19 0 0 0 11
0.32270157 -0.87246633 0.98363 19 0 0 0 11
0.23112799 -1.1240637 0.92813456 19 0 0 0 11
0.21073593 -0.40113991 0.7412343 19 0 0 0 11
0.091388375 -0.78605616 0.67073572 19 0 0 0 11
0.38199875 -0.48818079 0.98831415 19 0 0 0 11
0.60326505 -1.0923269 1.3491347 19 0 0 0 11
0.31289223 -0.96973562 0.98326236 19 0 0 0 11
0.46785483 -0.5016703 1.0803701 19 0 0 0 11
0.56735772 -0.78954726 1.27923 19 0 0 0 11
0.49566957 -1.273307 1.322376 19 0 0 0 11
0.62454486 -0.97161591 1.4042652 19 0 0 0 11
-1.2735784 -0.30918756 -0.8935855 0 0 0 0 12
-0.87428206 -0.94015104 -0.80505687 0 0 0 0 12
-1.1137637 -0.9251824 -0.6716336 0 0 0 0 12
-1.3314105 -0.73406178 -0.65813076 0 0 0 0 12
-1.5370954 -0.2163647 -0.78089136 0 0 0 0 12
-1.5647073 -0.84073538 -0.43667433 0 0 0 0 12
-1.6234106 -0.44237769 -0.60006166 0 0 0 0 12
-0.93544781 -0.60875398 -0.92307371 0 0 0 0 12
-1.4968569 -0.52550149 -0.6482116 0 0 0 0 12
-0.99943149 -0.34268561 -1.044564 0 0 0 0 12
-1.0288501 -0.13108656 -1.1328436 0 0 0 0 12
-1.2021638 -0.57159001 -0.79220247 0 0 0 0 12
-1.3179395 -0.042890739 -0.99881059 0 0 0 0 12
-1.562277 -0.80250174 -0.45543826 0 0 0 0 12
-1.0493176 -0.95167387 -0.7106846 0 0 0 0 12
-1.6707737 -0.56637692 -0.52768904 0 0 0 0 12
-1.4608154 -0.37544963 -0.74530423 0 0 0 0 12
-1.3356236 -0.59213555 -0.72208166 0 0 0 0 12
-1.241835 -0.79139322 -0.65680611 0 0 0 0 12
-1.0013244 -0.36028197 -1.0300316 0 0 0 0 12
-1.6190441 -0.80739802 -0.43328309 0 0 0 0 12
-1.3991443 -0.58172733 -0.67655969 0 0 0 0 12
-1.4866081 -0.17646144 -0.8187983 0 0 0 0 12
-1.0615079 -0.76045108 -0.78810138 0 0 0 0 12
-1.0409274 -0.34850326 -0.99954844 0 0 0 0 12
-0.97669697 -0.8158437 -0.82424223 0 0 0 0 12
-1.0346481 -0.32046664 -1.0234485 0 0 0 0 12
-1.4665521 -0.11865884 -0.88928413 0 0 0 0 12
-1.5890623 -0.48094785 -0.64030367 0 0 0 0 12
-1.4009726 0.0016020787 -0.94639403 0 0 0 0 12
-1.3449154 -0.82329553 -0.59183335 0 0 0 0 12
-1.2570254 -0.12438063 -1.0003349 0 0 0 0 12
-1.0722157 -0.93616819 -0.69933522 0 0 0 0 12
-1.4856105 -0.062317807 -0.89973921 0 0 0 0 12
-1.2342523 -0.29579744 -0.92474967 0 0 0 0 12
-0.94984287 -0.42356575 -1.0200669 0 0 0 0 12
-0.7822966 -0.66820139 -0.97976571 0 0 0 0 12
-1.5877849 -0.77575755 -0.49085274 0 0 0 0 12
-0.97319078 -0.38885 -1.0216459 0 0 0 0 12
-1.2836528 -0.69571185 -0.68078893 0 0 0 0 12
-0.91071105 -0.19363512 -1.1587807 1 0 0 0 12
-1.6236273 -0.48558363 -0.60751653 1 0 0 0 12
-0.88983607 -0.19969447 -1.1747054 1 0 0 0 12
-1.486127 -0.56130326 -0.62740856 1 0 0 0 12
-1.4304252 -0.050912179 -0.94843322 1 0 0 0 12
-1.3809081 -0.50061774 -0.72763753 1 0 0 0 12
-1.0777375 -0.66745234 -0.83347166 1 0 0 0 12
-1.6188886 -0.46505991 -0.62358075 1 0 0 0 12
-0.90548807 -0.97120595 -0.76660478 1 0 0 0 12
-0.94314551 -0.95985967 -0.73926729 1 0 0 0 12
-0.94069362 -0.82727486 -0.83135724 1 0 0 0 12
-0.7994017 -0.48646301 -1.0872684 1 0 0 0 12
-0.93076158 -0.35397735 -1.0641072 1 0 0 0 12
-1.3961016 -0.055360265 -0.95320737 1 0 0 0 12
-1.1218312 -0.77553898 -0.76792353 1 0 0 0 12
-1.5736188 -0.78243661 -0.48442835 1 0 0 0 12
-1.186083 -0.42899889 -0.88722348 1 0 0 0 12
-1.3345923 -0.16516444 -0.90412807 1 0 0 0 12
-1.3216796 -0.56871486 -0.72560191 1 0 0 0 12
-1.5554953 -0.83794039 -0.44220746 1 0 0 0 12
-1.6502951 -0.68353933 -0.46966743 1 0 0 0 12
-1.1940405 -0.47282591 -0.85786825 1 0 0 0 12
-0.97722113 -0.83226573 -0.80883443 1 0 0 0 12
-1.3569328 -0.76866925 -0.60293382 1 0 0 0 12
-1.0011995 -0.19924681 -1.1128491 1 0 0 0 12
-1.4786763 -0.18177819 -0.85241681 1 0 0 0 12
-0.91093028 -0.34509966 -1.0912249 1 0 0 0 12
-1.3346065 -0.51622826 -0.75183034 1 0 0 0 12
-1.0702366 -0.15428576 -1.0911908 1 0 0 0 12
-1.6577129 -0.48832941 -0.58767837 1 0 0 0 12
-0.84937394 -1.0097796 -0.79766971 1 0 0 0 12
-1.651104 -0.5167821 -0.55190068 1 0 0 0 12
-0.91921508 -0.69227278 -0.91419035 1 0 0 0 12
-0.80805659 -0.52354145 -1.0806476 1 0 0 0 12
-0.79156023 -0.71808743 -0.96903813 1 0 0 0 12
-1.4586003 -0.66255373 -0.56084657 1 0 0 0 12
-1.3095704 -0.62601686 -0.68934655 1 0 0 0 12
-1.2585517 -0.62366283 -0.75160265 1 0 0 0 12
-1.26982 -0.54154223 -0.77751619 1 0 0 0 12
-1.3068054 -0.3259311 -0.87982953 1 0 0 0 12
-1.5635917 -0.52877843 -0.61708635 2 0 0 0 12
-0.92544687 -0.37553966 -1.0613321 2 0 0 0 12
-1.5825137 -0.72372156 -0.5041939 2 0 0 0 12
-1.1632322 -0.13109764 -1.0371108 2 0 0 0 12
-1.3239553 -0.39845285 -0.84680295 2 0 0 0 12
-0.98816979 -0.27325439 -1.0892169 2 0 0 0 12
-1.2267431 -0.45626494 -0.83584636 2 0 0 0 12
-1.0411586 -0.56026798 -0.888906 2 0 0 0 12
-0.84684098 -0.25804746 -1.1876696 2 0 0 0 12
-0.94006366 -0.2595202 -1.1152501 2 0 0 0 12
-1.111711 -0.29884589 -0.98289257 2 0 0 0 12
-1.2697896 -0.57707262 -0.77276009 2 0 0 0 12
-1.2307203 -0.8103627 -0.68068033 2 0 0 0 12
-1.4688919 -0.022673529 -0.93685418 2 0 0 0 12
-1.1952565 -0.5003804 -0.83140111 2 0 0 0 12
-1.3061486 -0.74199462 -0.64343989 2 0 0 0 12
-1.1326209 -0.078016795 -1.1007644 2 0 0 0 12
-1.5678447 -0.088199452 -0.83921671 2 0 0 0 12
-1.6160389 -0.5043025 -0.61193311 2 0 0 0 12
-0.8111701 -1.0167375 -0.80843019 2 0 0 0 12
-0.81549978 -0.89827853 -0.84485608 2 0 0 0 12
-0.97842824 -0.12736505 -1.1636873 2 0 0 0 12
-1.613515 -0.024737045 -0.8143962 2 0 0 0 12
-0.8210395 -0.99702585 -0.81533974 2 0 0 0 12
-1.1516305 -0.25690061 -0.9889577 2 0 0 0 12
-1.2845308 -0.62615591 -0.72451305 2 0 0 0 12
-0.99790758 -0.6948396 -0.84671628 2 0 0 0 12
-0.90395766 -0.70436144 -0.91945291 2 0 0 0 12
-1.1039457 -0.8315686 -0.73597801 2 0 0 0 12
-1.0076642 -0.54456967 -0.93521434 2 0 0 0 12
-1.5191349 -0.67038369 -0.54049009 2 0 0 0 12
-1.3623761 -0.72275531 -0.6356014 2 0 0 0 12
-0.93646163 -0.15999271 -1.1768224 2 0 0 0 12
-1.4646187 -0.60659689 -0.62732315 2 0 0 0 12
-0.88152528 -0.59399015 -0.99163973 2 0 0 0 12
-1.1550528 -0.2191333 -0.99248207 2 0 0 0 12
-1.2591918 -0.71663988 -0.67139667 2 0 0 0 12
-0.7971648 -0.19478072 -1.2314345 2 0 0 0 12
-1.6096468 -0.25445572 -0.72521251 2 0 0 0 12
-0.9870913 -0.78585911 -0.82680446 2 0 0 0 12
-0.83439505 -0.55871272 -1.0327255 3 0 0 0 12
-0.83917469 -0.80635297 -0.92951363 3 0 0 0 12
-1.4374347 -0.60566676 -0.66162223 3 0 0 0 12
-1.3033236 -0.20848571 -0.94705588 3 0 0 0 12
-1.5782987 -0.50446916 -0.60194027 3 0 0 0 12
-1.1402761 -0.4525421 -0.93266577 3 0 0 0 12
-0.90292704 -0.15851109 -1.2090613 3 0 0 0 12
-1.2404011 -0.39802551 -0.8809889 3 0 0 0 12
-1.489459 -0.48446271 -0.66331232 3 0 0 0 12
-1.0570949 -0.92350495 -0.70130509 3 0 0 0 12
-1.5500261 -0.62689823 -0.55613917 3 0 0 0 12
-1.1596361 -0.88662386 -0.67366284 3 0 0 0 12
-1.5747956 -0.19765647 -0.7749421 3 0 0 0 12
-0.87476712 -0.18077584 -1.2019333 3 0 0 0 12
-0.86430311 -0.13486607 -1.2065742 3 0 0 0 12
-1.4938284 -0.74235219 -0.55062205 3 0 0 0 12
-1.1825939 -0.497592 -0.85394889 3 0 0 0 12
-1.1486866 -0.10184225 -1.0688578 3 0 0 0 12
-1.1216075 -0.66103643 -0.79774344 3 0 0 0 12
-0.93550217 -0.48477626 -1.024091 3 0 0 0 12
-1.3363634 -0.71693319 -0.66006595 3 0 0 0 12
-1.0193642 -0.86775613 -0.75162929 3 0 0 0 12
-1.1364191 -0.42140317 -0.93937731 3 0 0 0 12
-1.2545288 -0.5626474 -0.77367586 3 0 0 0 12
-1.2728199 -0.47732392 -0.79782611 3 0 0 0 12
-0.81193954 -0.44128445 -1.1035799 3 0 0 0 12
-1.2351209 -0.47102627 -0.8533113 3 0 0 0 12
-1.0402101 -0.93383652 -0.70909137 3 0 0 0 12
-0.85541934 -0.39423341 -1.0884781 3 0 0 0 12
-1.2924039 -0.12042794 -0.96956539 3 0 0 0 12
-0.81203622 -0.17533317 -1.2193497 3 0 0 0 12
-0.91353393 -0.71052712 -0.89788806 3 0 0 0 12
-1.6628393 -0.58354855 -0.54569 3 0 0 0 12
-0.92692327 -0.60900551 -0.94870144 3 0 0 0 12
-0.90561873 -0.47440931 -1.0217336 3 0 0 0 12
-1.4564091 -0.085640773 -0.89973682 3 0 0 0 12
-0.97851557 -0.4468118 -0.98885256 3 0 0 0 12
-1.6674941 0.048821703 -0.82823527 3 0 0 0 12
-1.1628922 -0.33939365 -0.91810232 3 0 0 0 12
-1.3034834 -0.29299828 -0.89162356 3 0 0 0 12
-1.426679 -0.56962144 -0.68012488 4 0 0 0 12
-1.1196451 -0.40856454 -0.92821705 4 0 0 0 12
-1.1441082 -0.5737645 -0.82676798 4 0 0 0 12
-1.3281808 -0.68057275 -0.68960607 4 0 0 0 12
-1.2185968 -0.48101068 -0.83313322 4 0 0 0 12
-1.2433844 -0.37985563 -0.87016058 4 0 0 0 12
-1.5529602 -0.47464067 -0.63400215 4 0 0 0 12
-1.1450332 -0.063014217 -1.0917387 4 0 0 0 12
-1.3027858 -0.57367384 -0.71987307 4 0 0 0 12
-1.1644939 -0.76301938 -0.72380173 4 0 0 0 12
-0.83997083 -0.76150846 -0.88574719 4 0 0 0 12
-1.4363558 -0.013051746 -0.95332122 4 0 0 0 12
-1.0791733 -0.95531619 -0.67933714 4 0 0 0 12
-1.4667217 -0.65556413 -0.61721325 4 0 0 0 12
-1.2219309 -0.10472402 -1.0212826 4 0 0 0 12
-1.4496808 -0.20001331 -0.84414881 4 0 0 0 12
-1.1880372 -0.64827758 -0.76139247 4 0 0 0 12
-0.97160679 -0.75409162 -0.84411246 4 0 0 0 12
-1.268559 -0.42475829 -0.85261875 4 0 0 0 12
-1.2023919 -0.10385608 -1.0547488 4 0 0 0 12
-1.0931191 -0.3689898 -0.98878998 4 0 0 0 12
-0.89756632 -0.56856322 -0.98085749 4 0 0 0 12
-1.2183782 -0.80901861 -0.65711755 4 0 0 0 12
-1.1081117 -0.71149403 -0.79368383 4 0 0 0 12
-1.4407593 -0.59272641 -0.65108186 4 0 0 0 12
-1.0707099 -0.34993729 -1.0048859 4 0 0 0 12
-0.91581589 -0.55830425 -0.98538828 4 0 0 0 12
-0.9008714 -0.32142457 -1.1128516 4 0 0 0 12
-1.5508862 -0.35235393 -0.70582432 4 0 0 0 12
-0.9685055 -0.42411959 -1.0238552 4 0 0 0 12
-0.93284291 -0.48303577 -0.99735552 4 0 0 0 12
-1.6653749 -0.28738689 -0.65060151 4 0 0 0 12
-1.4905567 -0.61654127 -0.61831695 4 0 0 0 12
-1.4652947 0.0064662462 -0.93644202 4 0 0 0 12
-1.0006598 -0.56769389 -0.91659856 4 0 0 0 12
-1.0894052 -0.54337209 -0.87960196 4 0 0 0 12
-1.3770473 -0.54454118 -0.71265328 4 0 0 0 12
-0.92811096 -0.55871141 -0.97699636 4 0 0 0 12
-1.0884484 -0.56606275 -0.86155123 4 0 0 0 12
-1.4766649 -0.2166682 -0.82032812 4 0 0 0 12
-1.1453042 -0.37091941 -0.94576323 5 0 0 0 12
-1.2950332 -0.48052144 -0.79625845 5 0 0 0 12
-0.81046683 -0.42942429 -1.0988524 5 0 0 0 12
-0.95684612 -0.58265364 -0.94966167 5 0 0 0 12
-1.0567464 -0.72785151 -0.82043695 5 0 0 0 12
-0.93783623 -0.53326482 -0.97519606 5 0 0 0 12
-1.5620958 -0.17989258 -0.78321743 5 0 0 0 12
-1.0246397 -0.38791868 -1.0133733 5 0 0 0 12
-1.4583757 -0.29301962 -0.80338991 5 0 0 0 12
-1.5846637 -0.066794753 -0.83103043 5 0 0 0 12
-0.86699826 -0.56452644 -1.0129977 5 0 0 0 12
-1.2817209 -0.79191744 -0.66055697 5 0 0 0 12
-0.93244696 -0.41744965 -1.0161579 5 0 0 0 12
-1.2800827 -0.465592 -0.8128581 5 0 0 0 12
-1.3232882 -0.47679374 -0.8014344 5 0 0 0 12
-1.5236893 -0.32734668 -0.73001528 5 0 0 0 12
-1.4669484 -0.57424355 -0.64609993 5 0 0 0 12
-1.6019149 -0.66947597 -0.49721187 5 0 0 0 12
-1.1274008 -0.37667358 -0.94151163 5 0 0 0 12
-1.3538976 -0.28883433 -0.86675698 5 0 0 0 12
-1.313567 -0.067510433 -0.98500186 5 0 0 0 12
-0.79675025 -0.24379762 -1.2178088 5 0 0 0 12
-1.5741154 -0.096038267 -0.82299393 5 0 0 0 12
-1.3244765 -0.1686624 -0.93959498 5 0 0 0 12
-1.3341222 -0.90323371 -0.54343581 5 0 0 0 12
-0.89384437 -0.31864724 -1.1212715 5 0 0 0 12
-1.3999418 -0.57065552 -0.69710732 5 0 0 0 12
-1.3403544 -0.73707575 -0.61989403 5 0 0 0 12
-1.5945419 -0.5777269 -0.5652951 5 0 0 0 12
-0.83580309 -0.40202016 -1.0914462 5 0 0 0 12
-1.1517272 -0.093867987 -1.0613966 5 0 0 0 12
-0.89519697 -0.77724272 -0.88301325 5 0 0 0 12
-1.5304124 0.0033654061 -0.89837241 5 0 0 0 12
-1.3026842 -0.078848831 -0.99776679 5 0 0 0 12
-1.141425 -0.39525807 -0.93800569 5 0 0 0 12
-1.5189353 -0.76892066 -0.52176219 5 0 0 0 12
-1.5965775 -0.32647583 -0.70794034 5 0 0 0 12
-0.81100231 -0.82255477 -0.89559424 5 0 0 0 12
-1.3417093 -0.13105233 -0.95943391 5 0 0 0 12
-1.5378146 -0.33365378 -0.73049819 5 0 0 0 12
-1.2087657 -0.7464034 -0.71208769 6 0 0 0 12
-0.86044937 -0.47562587 -1.0660564 6 0 0 0 12
-0.91438639 -0.69643271 -0.90202522 6 0 0 0 12
-1.0585272 -0.26385787 -1.0385019 6 0 0 0 12
-1.5371511 -0.81961888 -0.46869445 6 0 0 0 12
-1.0773506 -0.18882793 -1.0805732 6 0 0 0 12
-1.049086 -0.6633451 -0.85332888 6 0 0 0 12
-1.3378789 -0.85357213 -0.57135952 6 0 0 0 12
-1.5502018 0.010087655 -0.89727962 6 0 0 0 12
-0.95520759 -0.3203052 -1.0842494 6 0 0 0 12
-1.0471159 -0.8884173 -0.7242226 6 0 0 0 12
-0.92500639 -0.95690322 -0.76282942 6 0 0 0 12
-1.0812402 -0.77833289 -0.76126826 6 0 0 0 12
-1.3836812 -0.12027526 -0.93652511 6 0 0 0 12
-1.2116172 -0.08453837 -1.0358685 6 0 0 0 12
-1.2433374 -0.85982221 -0.64682198 6 0 0 0 12
-1.3221664 -0.088027269 -0.98171037 6 0 0 0 12
-1.4961805 -0.5809924 -0.62673658 6 0 0 0 12
-0.95277804 -0.76064134 -0.85405356 6 0 0 0 12
-1.5110224 -0.35021833 -0.72875005 6 0 0 0 12
-1.0445697 -0.14315441 -1.1128815 6 0 0 0 12
-1.2968776 -0.89726126 -0.56837273 6 0 0 0 12
-1.0715039 -0.73220944 -0.80209059 6 0 0 0 12
-1.6109151 -0.84110975 -0.42348146 6 0 0 0 12
-1.4337891 -0.56694698 -0.64068288 6 0 0 0 12
-1.2695917 -0.59083861 -0.75119734 6 0 0 0 12
-0.92542183 -0.56853837 -0.97264457 6 0 0 0 12
-1.0430416 -0.57321757 -0.89145809 6 0 0 0 12
-1.0981638 -0.59339142 -0.85103536 6 0 0 0 12
-0.85611874 -0.43213221 -1.0880768 6 0 0 0 12
-1.2686169 -0.71720475 -0.67267549 6 0 0 0 12
-1.5831259 -0.75888574 -0.4947466 6 0 0 0 12
-1.2877687 -0.7357527 -0.65880519 6 0 0 0 12
-1.2621819 -0.25609306 -0.92724657 6 0 0 0 12
-0.83712274 -0.51247412 -1.0387636 6 0 0 0 12
-1.2477853 -0.1011616 -1.0227641 6 0 0 0 12
-0.99552381 -0.43302023 -1.0089409 6 0 0 0 12
-1.2063825 -0.25627771 -0.96528715 6 0 0 0 12
-1.1126491 -0.54580575 -0.88153195 6 0 0 0 12
-1.4843414 -0.26253378 -0.7972604 6 0 0 0 12
-1.3273549 -0.51262677 -0.74151886 7 0 0 0 12
-1.3915466 -0.25425375 -0.83233553 7 0 0 0 12
-1.349376 -0.68608147 -0.63963819 7 0 0 0 12
-0.84211588 -0.39177912 -1.1062558 7 0 0 0 12
-1.3069842 -0.88362306 -0.58178902 7 0 0 0 12
-1.157299 -0.3745451 -0.90450352 7 0 0 0 12
-1.6261649 -0.71517485 -0.47456405 7 0 0 0 12
-1.2494867 -0.50232369 -0.79910696 7 0 0 0 12
-1.1744182 -0.91180336 -0.65891504 7 0 0 0 12
-1.3261104 -0.49228549 -0.78277951 7 0 0 0 12
-0.81331587 -0.93873441 -0.84032667 7 0 0 0 12
-0.85564715 -0.62111986 -0.98247254 7 0 0 0 12
-1.47992 -0.69818681 -0.5871256 7 0 0 0 12
-1.6311667 -0.82337803 -0.41212866 7 0 0 0 12
-1.226844 -0.23922826 -0.97873312 7 0 0 0 12
-0.97803801 -0.303608 -1.0517657 7 0 0 0 12
-1.607109 -0.19883251 -0.76121116 7 0 0 0 12
-0.88059473 -0.71888494 -0.89226073 7 0 0 0 12
-1.0440756 -0.22578074 -1.0601887 7 0 0 0 12
-1.2441393 -0.45913082 -0.84616458 7 0 0 0 12
-1.0506852 -0.1569815 -1.1132444 7 0 0 0 12
-1.0335393 -0.15082324 -1.1187361 7 0 0 0 12
-0.83386642 -0.25233755 -1.1823258 7 0 0 0 12
-1.1547667 -0.76574582 -0.73785782 7 0 0 0 12
-1.4991792 -0.36459702 -0.74185514 7 0 0 0 12
-1.0097495 -0.14638798 -1.1373831 7 0 0 0 12
-1.3637971 -0.200426 -0.91176665 7 0 0 0 12
-0.90642679 -0.78669327 -0.86993617 7 0 0 0 12
-1.0815827 -0.50209051 -0.88382405 7 0 0 0 12
-0.93409073 -0.97504306 -0.74960673 7 0 0 0 12
-1.5618694 -0.54427695 -0.62691015 7 0 0 0 12
-1.3716989 -0.5555222 -0.72392952 7 0 0 0 12
-0.81217331 -0.62049747 -1.0177231 7 0 0 0 12
-1.1426059 -0.93653923 -0.63740665 7 0 0 0 12
-1.2310146 -0.71930289 -0.7338497 7 0 0 0 12
-1.1360966 -0.46515363 -0.91690987 7 0 0 0 12
-1.2657931 -0.076329827 -1.0297821 7 0 0 0 12
-1.514345 -0.48359725 -0.67405629 7 0 0 0 12
-1.5689986 -0.79039478 -0.48294362 7 0 0 0 12
-1.0650029 -0.27731293 -1.0422618 7 0 0 0 12
-1.4338489 -0.2814047 -0.822487 8 0 0 0 12
-0.8050819 -0.91428119 -0.84927756 8 0 0 0 12
-1.14362 -0.41057238 -0.93004996 8 0 0 0 12
-0.86986864 -0.51245564 -1.0130187 8 0 0 0 12
-1.6519288 -0.074278608 -0.78440809 8 0 0 0 12
-1.2471691 -0.64138716 -0.73613471 8 0 0 0 12
-1.1153318 -0.28892848 -1.0148636 8 0 0 0 12
-1.6115327 -0.17136107 -0.73647493 8 0 0 0 12
-0.99870753 -0.44086981 -0.99321997 8 0 0 0 12
-1.0159713 -0.28877607 -1.0626831 8 0 0 0 12
-1.3270591 -0.49333909 -0.77535981 8 0 0 0 12
-1.1262581 -0.55879569 -0.84479362 8 0 0 0 12
-0.9555065 -0.86959851 -0.81987238 8 0 0 0 12
-1.0609866 -0.31784692 -1.0107342 8 0 0 0 12
-0.88841832 -0.43103659 -1.0577234 8 0 0 0 12
-1.5099864 -0.12210509 -0.86320633 8 0 0 0 12
-0.86935449 -0.18596369 -1.1895045 8 0 0 0 12
-1.3980509 -0.830576 -0.55900669 8 0 0 0 12
-1.5864909 -0.4960086 -0.60962629 8 0 0 0 12
-1.012193 -0.13653766 -1.1286043 8 0 0 0 12
-1.6433084 -0.23757726 -0.70707983 8 0 0 0 12
-1.1264495 -0.48241431 -0.90326309 8 0 0 0 12
-1.493368 -0.68438071 -0.57783878 8 0 0 0 12
-1.5403191 -0.85189873 -0.45676148 8 0 0 0 12
-1.5768174 -0.1151127 -0.81015176 8 0 0 0 12
-1.5845033 -0.38721362 -0.67422199 8 0 0 0 12
-1.6590468 -0.15391871 -0.77020276 8 0 0 0 12
-1.1232424 -0.56409711 -0.86280566 8 0 0 0 12
-0.87264162 -0.57919657 -1.0029578 8 0 0 0 12
-1.1301367 -0.23500359 -1.0110289 8 0 0 0 12
-0.9277041 -0.53629887 -0.98389673 8 0 0 0 12
-1.6697088 -0.47510973 -0.58698213 8 0 0 0 12
-1.3917397 -0.51839679 -0.71869618 8 0 0 0 12
-0.86401832 -0.5960291 -0.99864477 8 0 0 0 12
-1.3466377 -0.8555088 -0.58291745 8 0 0 0 12
-1.0680572 -0.24911274 -1.045264 8 0 0 0 12
-1.0823298 -0.81862217 -0.73850447 8 0 0 0 12
-1.3606151 -0.89074343 -0.53494704 8 0 0 0 12
-1.302438 -0.23534544 -0.91915584 8 0 0 0 12
-1.6144394 -0.082122967 -0.80627555 8 0 0 0 12
-1.6240189 -0.57075292 -0.56631213 9 0 0 0 12
-1.6666951 -0.031030649 -0.82517451 9 0 0 0 12
-1.5560138 -0.60847288 -0.56269264 9 0 0 0 12
-1.2642484 -0.28482223 -0.92189378 9 0 0 0 12
-1.0899916 -0.39048466 -0.96661085 9 0 0 0 12
-1.5641044 -0.63474202 -0.56404984 9 0 0 0 12
-1.26228 -0.80667323 -0.64951086 9 0 0 0 12
-1.0984844 -0.44550133 -0.93179935 9 0 0 0 12
-1.2803954 -0.54742265 -0.74845797 9 0 0 0 12
-0.91187501 -0.27375379 -1.1385864 9 0 0 0 12
-1.2032388 -0.79592609 -0.69292957 9 0 0 0 12
-1.0537497 -0.94742906 -0.71173888 9 0 0 0 12
-0.8995952 -0.28612396 -1.1372089 9 0 0 0 12
-1.4437491 -0.52696657 -0.68598133 9 0 0 0 12
-1.4321382 -0.58388186 -0.67402786 9 0 0 0 12
-1.4253448 -0.5064503 -0.70325285 9 0 0 0 12
-1.5162609 -0.021163736 -0.89197898 9 0 0 0 12
-1.3545847 -0.62957317 -0.68649054 9 0 0 0 12
-1.6024795 -0.8206141 -0.43737075 9 0 0 0 12
-1.1405811 -0.56104785 -0.84195876 9 0 0 0 12
-1.4450581 -0.1179978 -0.88450676 9 0 0 0 12
-1.0835224 -0.39524338 -0.97256517 9 0 0 0 12
-1.1578697 -0.53467369 -0.84456509 9 0 0 0 12
-1.1205546 -0.82137543 -0.72844237 9 0 0 0 12
-0.8383444 -0.49581641 -1.0593694 9 0 0 0 12
-1.2420393 -0.35458741 -0.89146334 9 0 0 0 12
-1.1523905 -0.6962117 -0.74228841 9 0 0 0 12
-1.415812 -0.23959763 -0.83966267 9 0 0 0 12
-1.2763299 -0.24090827 -0.94512218 9 0 0 0 12
-1.4831535 -0.66190279 -0.60991395 9 0 0 0 12
-1.0127884 -0.85637236 -0.7795158 9 0 0 0 12
-0.96256024 -0.63517302 -0.89941472 9 0 0 0 12
-1.3074682 -0.88068235 -0.58249605 9 0 0 0 12
-1.3180587 -0.35313556 -0.86155272 9 0 0 0 12
-0.88473368 -0.33591372 -1.1075277 9 0 0 0 12
-1.4838972 -0.066328928 -0.86378545 9 0 0 0 12
-0.88535446 -0.16937272 -1.1764815 9 0 0 0 12
-1.3743221 -0.53397024 -0.72581518 9 0 0 0 12
-1.6124091 -0.76114571 -0.46811289 9 0 0 0 12
-1.0353276 -0.79525608 -0.77367342 9 0 0 0 12
-1.4380908 -0.72519124 -0.58686644 10 0 0 0 12
-1.5704001 -0.25643685 -0.7697717 10 0 0 0 12
-1.2823664 -0.49619552 -0.7877593 10 0 0 0 12
-1.3931484 -0.10835376 -0.93661565 10 0 0 0 12
-1.0472037 -0.90651727 -0.71705866 10 0 0 0 12
-1.6165667 -0.75665802 -0.44739091 10 0 0 0 12
-1.3290592 -0.74904925 -0.65265369 10 0 0 0 12
-1.6155655 -0.36327836 -0.68129969 10 0 0 0 12
-1.1379265 -0.39767247 -0.93295753 10 0 0 0 12
-0.92185527 -0.17343633 -1.1980489 10 0 0 0 12
-1.2998738 -0.45953727 -0.80579168 10 0 0 0 12
-1.6628577 -0.76181358 -0.45324022 10 0 0 0 12
-1.6211667 -0.09965156 -0.7953487 10 0 0 0 12
-1.5870109 -0.33837882 -0.68919474 10 0 0 0 12
-1.2709836 -0.041284319 -1.0463327 10 0 0 0 12
-1.560151 -0.27592516 -0.70842534 10 0 0 0 12
-1.3919501 -0.42395043 -0.7535066 10 0 0 0 12
-1.6341703 -0.72666323 -0.46502885 10 0 0 0 12
-1.0371767 -0.31450772 -1.0411651 10 0 0 0 12
-1.0553254 -0.66936523 -0.8190704 10 0 0 0 12
-1.6012844 -0.028258655 -0.85540777 10 0 0 0 12
-0.99138331 -0.42850938 -0.99775022 10 0 0 0 12
-1.4928734 -0.070399329 -0.88840866 10 0 0 0 12
-0.8344214 -0.92643404 -0.80751884 10 0 0 0 12
-0.83733582 -0.94074494 -0.82331687 10 0 0 0 12
-1.2217091 -0.42327797 -0.8691045 10 0 0 0 12
-0.94292104 -0.19332734 -1.1258442 10 0 0 0 12
-1.2512589 -0.7840476 -0.67219645 10 0 0 0 12
-0.91930199 -0.42983395 -1.0618016 10 0 0 0 12
-0.85158616 -0.92689401 -0.83962941 10 0 0 0 12
-1.1641331 -0.66366017 -0.79632831 10 0 0 0 12
-1.6575196 0.031925362 -0.8494392 10 0 0 0 12
-0.79732388 -0.71431208 -0.96339715 10 0 0 0 12
-0.93769801 -0.79766786 -0.85963029 10 0 0 0 12
-1.6069697 0.028791094 -0.86869395 10 0 0 0 12
-1.6085317 -0.26907167 -0.72034645 10 0 0 0 12
-1.278421 -0.66973984 -0.69139308 10 0 0 0 12
-0.80812299 -0.52847803 -1.0482579 10 0 0 0 12
-1.0163778 -0.37165895 -1.0340526 10 0 0 0 12
-1.488324 -0.38791299 -0.71794569 10 0 0 0 12
-1.0126863 -0.79326528 -0.82175845 11 0 0 0 12
-1.1522545 -0.69486153 -0.78924811 11 0 0 0 12
-1.2268351 -0.46635854 -0.84390354 11 0 0 0 12
-0.84222746 -0.25763211 -1.1940708 11 0 0 0 12
-1.5928454 -0.51936311 -0.60185421 11 0 0 0 12
-1.3190502 -0.18942781 -0.92753935 11 0 0 0 12
-0.94185144 -0.14573352 -1.1539222 11 0 0 0 12
-1.2230554 -0.29137892 -0.93622339 11 0 0 0 12
-1.341499 -0.73152894 -0.65642744 11 0 0 0 12
-0.94875628 -0.72238857 -0.87892771 11 0 0 0 12
-1.0318644 -0.65080613 -0.84152126 11 0 0 0 12
-1.3668851 -0.25728333 -0.86579478 11 0 0 0 12
-1.2573147 -0.54922765 -0.76544708 11 0 0 0 12
-0.98937166 -0.85350865 -0.77084684 11 0 0 0 12
-1.6055751 -0.37841055 -0.65449095 11 0 0 0 12
-1.2246515 -0.69056559 -0.70365876 11 0 0 0 12
-0.94662803 -0.49677587 -1.0019492 11 0 0 0 12
-1.3767531 -0.64734495 -0.65490454 11 0 0 0 12
-0.88541108 -0.41411147 -1.0687495 11 0 0 0 12
-1.5624325 -0.80521441 -0.46141019 11 0 0 0 12
-1.385911 -0.052530289 -0.96208447 11 0 0 0 12
-1.3071048 -0.5628292 -0.75289023 11 0 0 0 12
-1.5201997 -0.79360491 -0.51646942 11 0 0 0 12
-1.4518913 -0.49432209 -0.67033094 11 0 0 0 12
-1.1691866 -0.56748462 -0.82020271 11 0 0 0 12
-1.2019578 -0.52359051 -0.83155829 11 0 0 0 12
-1.3346933 -0.27094379 -0.87936664 11 0 0 0 12
-1.0585089 -0.55246955 -0.89291698 11 0 0 0 12
-1.2850064 -0.75564212 -0.6474461 11 0 0 0 12
-1.3916297 -0.89379478 -0.52884263 11 0 0 0 12
-0.88744646 -0.99802357 -0.75817883 11 0 0 0 12
-1.4486475 -0.26818958 -0.80436528 11 0 0 0 12
-1.0495374 -0.97547799 -0.68621385 11 0 0 0 12
-1.047995 -0.7552411 -0.81522018 11 0 0 0 12
-1.208203 -0.62295586 -0.78156966 11 0 0 0 12
-0.82240552 -0.44757608 -1.0713245 11 0 0 0 12
-1.3024278 -0.17844123 -0.93386865 11 0 0 0 12
-1.2055705 -0.44590804 -0.87675273 11 0 0 0 12
-1.409061 -0.097066797 -0.91496187 11 0 0 0 12
-1.1805481 -0.91874492 -0.61998892 11 0 0 0 12
-1.6691173 -0.55462778 -0.53489584 12 0 0 0 12
-0.87866676 -0.73835367 -0.90112168 12 0 0 0 12
-1.354381 -0.10137074 -0.95326924 12 0 0 0 12
-1.1226909 -0.82036 -0.7151472 12 0 0 0 12
-0.93345374 -0.65511304 -0.91920918 12 0 0 0 12
-0.79561949 -0.75198132 -0.95076632 12 0 0 0 12
-0.86165017 -0.82820821 -0.87990159 12 0 0 0 12
-1.110819 -0.44383505 -0.91242164 12 0 0 0 12
-1.3473771 -0.43573928 -0.79268932 12 0 0 0 12
-1.1671194 -0.48231885 -0.87185842 12 0 0 0 12
-1.4516485 -0.86993861 -0.49419692 12 0 0 0 12
-1.061923 -0.51048344 -0.90148377 12 0 0 0 12
-0.92270219 -0.58471256 -0.95350581 12 0 0 0 12
-1.1449474 -0.59722638 -0.83659714 12 0 0 0 12
-1.4856716 -0.62531608 -0.60534686 12 0 0 0 12
-0.8987816 -0.38383931 -1.0767001 12 0 0 0 12
-1.3219335 -0.83201015 -0.59664828 12 0 0 0 12
-1.6121849 -0.81099552 -0.43179885 12 0 0 0 12
-1.172729 -0.51444852 -0.85368931 12 0 0 0 12
-0.78941429 -1.036943 -0.80436134 12 0 0 0 12
-0.91859978 -0.12736861 -1.1872197 12 0 0 0 12
-1.3990495 -0.11994969 -0.91613501 12 0 0 0 12
-1.3542539 -0.15704675 -0.91815203 12 0 0 0 12
-0.98869091 -0.30015594 -1.0887442 12 0 0 0 12
-1.4724623 -0.51732075 -0.64608049 12 0 0 0 12
-1.4504229 -0.014528083 -0.95095026 12 0 0 0 12
-0.85512823 -1.0078651 -0.75643891 12 0 0 0 12
-1.1108426 -0.67297167 -0.80727607 12 0 0 0 12
-1.1076057 -0.96276063 -0.67720842 12 0 0 0 12
-1.0008581 -0.38213676 -1.0092385 12 0 0 0 12
-1.1053623 -0.79766303 -0.73747355 12 0 0 0 12
-1.2252229 -0.53666699 -0.81419426 12 0 0 0 12
-0.87308443 -0.88574702 -0.8351993 12 0 0 0 12
-1.1379346 -0.58597094 -0.84258831 12 0 0 0 12
-0.98375583 -0.21944827 -1.1345564 12 0 0 0 12
-1.0905683 -0.6930505 -0.78950429 12 0 0 0 12
-1.3215417 -0.23527341 -0.90645468 12 0 0 0 12
-0.85420805 -0.82584906 -0.87491864 12 0 0 0 12
-1.0540897 -0.28677252 -1.0614041 12 0 0 0 12
-1.0704936 -0.21591954 -1.0557332 12 0 0 0 12
-1.2693994 -0.81677866 -0.64047074 13 0 0 0 12
-1.530122 -0.82298362 -0.46433941 13 0 0 0 12
-1.1975194 -0.74701691 -0.710186 13 0 0 0 12
-0.93411523 -0.95661283 -0.79858595 13 0 0 0 12
-1.5944126 -0.41685808 -0.65983045 13 0 0 0 12
-1.5466262 -0.15424314 -0.80593497 13 0 0 0 12
-1.3497782 -0.41570622 -0.79636407 13 0 0 0 12
-1.0002649 -0.28847852 -1.079676 13 0 0 0 12
-1.3074031 -0.34160855 -0.84966743 13 0 0 0 12
-1.5675973 -0.05708703 -0.85237134 13 0 0 0 12
-1.2631587 -0.83982706 -0.61939973 13 0 0 0 12
-1.5258882 -0.12598059 -0.84183425 13 0 0 0 12
-1.1852367 -0.45187035 -0.85550475 13 0 0 0 12
-1.5612285 -0.35211635 -0.70016229 13 0 0 0 12
-0.86577594 -0.90922314 -0.81379032 13 0 0 0 12
-1.438291 -0.18347965 -0.87643427 13 0 0 0 12
-0.85144842 -0.67046332 -0.9710328 13 0 0 0 12
-0.90084189 -0.76189917 -0.87481165 13 0 0 0 12
-1.5870569 -0.50915909 -0.62210196 13 0 0 0 12
-1.2803745 -0.65437776 -0.71308124 13 0 0 0 12
-1.4770346 -0.59815627 -0.6393826 13 0 0 0 12
-1.2929208 -0.18881722 -0.95365423 13 0 0 0 12
-0.89631438 -0.76914543 -0.86074656 13 0 0 0 12
-1.3963386 -0.89551634 -0.52048784 13 0 0 0 12
-0.91782063 -0.80064845 -0.85561639 13 0 0 0 12
-1.6712161 -0.29197216 -0.68256718 13 0 0 0 12
-1.081322 -0.96428138 -0.68287969 13 0 0 0 12
-0.84156424 -0.33403179 -1.1411538 13 0 0 0 12
-1.4630488 -0.82825249 -0.4959532 13 0 0 0 12
-1.6409547 -0.2062483 -0.72969657 13 0 0 0 12
-1.2900287 -0.1479286 -0.9720546 13 0 0 0 12
-0.88045847 -0.71721685 -0.91971773 13 0 0 0 12
-1.3228712 -0.2538234 -0.89810157 13 0 0 0 12
-1.5599176 -0.47383457 -0.65278423 13 0 0 0 12
-1.3136529 -0.80119759 -0.62471253 13 0 0 0 12
-0.94068933 -0.77544081 -0.84755725 13 0 0 0 12
-1.1103719 -0.42758626 -0.90902132 13 0 0 0 12
-1.4029052 -0.23352854 -0.84606349 13 0 0 0 12
-1.5055941 -0.30663314 -0.77205557 13 0 0 0 12
-1.3613327 -0.38779819 -0.81145597 13 0 0 0 12
-1.0581509 -0.63105851 -0.87310082 14 0 0 0 12
-0.95784265 -0.87033862 -0.79412311 14 0 0 0 12
-1.633229 -0.22313695 -0.71243501 14 0 0 0 12
-0.86366338 -0.25059971 -1.1564199 14 0 0 0 12
-1.2929398 -0.32570225 -0.89880055 14 0 0 0 12
-1.5249766 -0.0132759 -0.91613126 14 0 0 0 12
-1.2081581 -0.5258854 -0.80750805 14 0 0 0 12
-1.231187 -0.087200791 -1.0387074 14 0 0 0 12
-1.3880401 -0.085469656 -0.94829744 14 0 0 0 12
-1.5438954 -0.76624078 -0.46737826 14 0 0 0 12
-1.3082349 -0.72266394 -0.66151875 14 0 0 0 12
-0.8129037 -0.80638182 -0.90459877 14 0 0 0 12
-0.90845096 -0.69165576 -0.90802526 14 0 0 0 12
-1.2620862 -0.36055461 -0.85136908 14 0 0 0 12
-0.94077545 -0.53502989 -0.97563767 14 0 0 0 12
-1.0893031 -0.18605699 -1.0653164 14 0 0 0 12
-1.0699672 -0.18496127 -1.0766751 14 0 0 0 12
-1.1731994 -0.072809413 -1.0496014 14 0 0 0 12
-1.5657699 -0.35780618 -0.69091189 14 0 0 0 12
-0.83783281 -0.80687255 -0.8927747 14 0 0 0 12
-0.85249531 -0.22096518 -1.1563925 14 0 0 0 12
-0.81621772 -0.96045631 -0.84590679 14 0 0 0 12
-1.2654083 -0.2387794 -0.92612219 14 0 0 0 12
-1.3341787 -0.28794757 -0.87883699 14 0 0 0 12
-0.93567067 -0.32427448 -1.0756943 14 0 0 0 12
-1.1482893 -0.81135762 -0.72734553 14 0 0 0 12
-1.5324093 -0.60279059 -0.5969137 14 0 0 0 12
-1.0579759 -0.89002633 -0.71770024 14 0 0 0 12
-0.95632458 -0.45632252 -1.0215557 14 0 0 0 12
-1.6185064 -0.62179476 -0.51861781 14 0 0 0 12
-1.1751863 -0.64850837 -0.78695863 14 0 0 0 12
-1.0392312 -0.82888901 -0.7732439 14 0 0 0 12
-1.2069126 -0.7134794 -0.73905671 14 0 0 0 12
-1.4291955 -0.73304677 -0.60217488 14 0 0 0 12
-0.90728277 -0.64478517 -0.92754418 14 0 0 0 12
-1.2074444 -0.78968209 -0.68521279 14 0 0 0 12
-1.2713172 -0.17294373 -0.94456333 14 0 0 0 12
-1.6009117 -0.57372469 -0.57324702 14 0 0 0 12
-0.86605924 -0.87763321 -0.85622543 14 0 0 0 12
-1.597415 -0.14584087 -0.77996111 14 0 0 0 12
-1.4436587 -0.18343639 -0.85391194 15 0 0 0 12
-1.1150727 -0.52578843 -0.87897259 15 0 0 0 12
-1.0871387 -0.57263166 -0.84768027 15 0 0 0 12
-0.99590468 -0.95097607 -0.72506928 15 0 0 0 12
-1.1616368 -0.71484023 -0.72006333 15 0 0 0 12
-1.595683 -0.31904331 -0.69280994 15 0 0 0 12
-1.2310278 -0.050914809 -1.0340387 15 0 0 0 12
-0.85494483 -0.25041592 -1.1923329 15 0 0 0 12
-1.1457813 -0.55129355 -0.84801692 15 0 0 0 12
-0.95012683 -0.28783685 -1.1091286 15 0 0 0 12
-1.1164801 -0.66041583 -0.82974833 15 0 0 0 12
-0.78552198 -0.73615611 -0.95077085 15 0 0 0 12
-1.5405875 -0.66838437 -0.54384476 15 0 0 0 12
-1.2281747 -0.9286412 -0.60811442 15 0 0 0 12
-0.91438603 -0.24904647 -1.1193461 15 0 0 0 12
-1.6246727 -0.15534861 -0.78491622 15 0 0 0 12
-1.5083592 -0.27086174 -0.75327426 15 0 0 0 12
-1.4087294 -0.59153181 -0.67266566 15 0 0 0 12
-1.4818233 -0.39846277 -0.7323752 15 0 0 0 12
-1.3305042 -0.28733191 -0.87299341 15 0 0 0 12
-0.87408596 -0.99550372 -0.76224619 15 0 0 0 12
-1.2013769 -0.18777956 -0.98365676 15 0 0 0 12
-1.1975452 -0.85783046 -0.64840603 15 0 0 0 12
-1.2708107 -0.41900364 -0.8561607 15 0 0 0 12
-1.2784897 -0.91910821 -0.57527614 15 0 0 0 12
-1.1219717 -0.13298079 -1.0826746 15 0 0 0 12
-1.5932682 -0.0048556286 -0.86277038 15 0 0 0 12
-0.88790554 -0.55550647 -0.98700923 15 0 0 0 12
-1.0792919 -0.16841519 -1.0749404 15 0 0 0 12
-0.79169309 -0.98192883 -0.81547081 15 0 0 0 12
-1.0300448 -0.95842165 -0.71394223 15 0 0 0 12
-1.5424035 -0.026833229 -0.87691742 15 0 0 0 12
-1.4231563 -0.31692719 -0.81522101 15 0 0 0 12
-0.80159456 -0.41718832 -1.111577 15 0 0 0 12
-1.5002205 -0.014222743 -0.91035509 15 0 0 0 12
-1.4178853 -0.56054586 -0.68822038 15 0 0 0 12
-1.0294125 -0.90141827 -0.73869139 15 0 0 0 12
-0.89780426 -0.12595396 -1.1904447 15 0 0 0 12
-0.98008192 -0.49799129 -0.9747991 15 0 0 0 12
-1.5916702 -0.37163919 -0.67129159 15 0 0 0 12
-1.2857947 -0.49380249 -0.79302281 16 0 0 0 12
-0.95644945 -0.7117427 -0.87431085 16 0 0 0 12
-1.6222521 -0.38959131 -0.6696052 16 0 0 0 12
-1.324349 -0.66214198 -0.68545413 16 0 0 0 12
-1.1242465 -0.10747587 -1.0857041 16 0 0 0 12
-1.3143084 -0.19411689 -0.93075275 16 0 0 0 12
-1.1834459 -0.2146596 -1.0043662 16 0 0 0 12
-1.5823005 -0.75466281 -0.48935625 16 0 0 0 12
-1.1030915 -0.15002137 -1.0702102 16 0 0 0 12
-1.3742037 -0.25792909 -0.8518973 16 0 0 0 12
-0.95739067 -0.76803106 -0.84417975 16 0 0 0 12
-1.1773946 -0.39182127 -0.91928202 16 0 0 0 12
-0.97843641 -0.87775737 -0.76669192 16 0 0 0 12
-0.87485772 -0.15664658 -1.2062116 16 0 0 0 12
-1.6496414 -0.59954715 -0.52684551 16 0 0 0 12
-1.0505488 -0.60174978 -0.86748391 16 0 0 0 12
-0.86468953 -0.54996079 -1.0108037 16 0 0 0 12
-1.3715091 -0.77156878 -0.59646094 16 0 0 0 12
-1.6364918 -0.3038938 -0.66373086 16 0 0 0 12
-1.5971259 0.00040550591 -0.87038922 16 0 0 0 12
-1.0571437 -0.34914145 -1.0193927 16 0 0 0 12
-1.6460103 -0.19325995 -0.75033772 16 0 0 0 12
-1.252673 -0.36063039 -0.895051 16 0 0 0 12
-0.92440492 -0.97196102 -0.75631756 16 0 0 0 12
-1.5191715 -0.41483387 -0.6999563 16 0 0 0 12
-1.3433439 -0.3438603 -0.84406412 16 0 0 0 12
-0.99754936 -0.80508995 -0.82439446 16 0 0 0 12
-0.91998279 -0.94246006 -0.75571096 16 0 0 0 12
-1.4433522 -0.71545219 -0.56750637 16 0 0 0 12
-0.88200116 -0.81565779 -0.83554149 16 0 0 0 12
-0.86042517 -0.38074991 -1.1068279 16 0 0 0 12
-0.90955341 -0.31691819 -1.0942225 16 0 0 0 12
-1.4793493 -0.037654623 -0.89270437 16 0 0 0 12
-1.1300086 -0.24787924 -1.0177945 16 0 0 0 12
-0.89233011 -0.32590514 -1.1147393 16 0 0 0 12
-0.86374295 -0.50634998 -1.0293653 16 0 0 0 12
-1.6229564 -0.64824176 -0.5001086 16 0 0 0 12
-1.0677358 -0.6043191 -0.85382813 16 0 0 0 12
-1.3717154 -0.67078638 -0.64669806 16 0 0 0 12
-1.6544719 -0.23484886 -0.68463302 16 0 0 0 12
-1.4260736 -0.61237264 -0.63927019 17 0 0 0 12
-0.88008499 -0.54529303 -0.99499726 17 0 0 0 12
-1.4529985 -0.27217278 -0.80415291 17 0 0 0 12
-1.3091475 -0.37874833 -0.82265627 17 0 0 0 12
-1.1819216 -0.3947731 -0.92663085 17 0 0 0 12
-1.1250662 -0.64105761 -0.80313337 17 0 0 0 12
-1.5805734 -0.53419751 -0.57314897 17 0 0 0 12
-1.1851187 -0.714526 -0.73831558 17 0 0 0 12
-1.1406574 -0.65578508 -0.81749481 17 0 0 0 12
-1.2610322 -0.19197775 -0.95873028 17 0 0 0 12
-1.1712153 -0.1341669 -1.0512173 17 0 0 0 12
-1.5573401 -0.40071338 -0.69165444 17 0 0 0 12
-1.3840684 -0.73674363 -0.61878639 17 0 0 0 12
-1.3301742 -0.50803769 -0.75940645 17 0 0 0 12
-1.4413884 -0.54606813 -0.6825965 17 0 0 0 12
-1.4406166 -0.28100094 -0.82923979 17 0 0 0 12
-1.4307852 -0.40394613 -0.76216304 17 0 0 0 12
-1.0033011 -0.38949123 -0.97786659 17 0 0 0 12
-0.97708511 -0.56802487 -0.9217298 17 0 0 0 12
-0.85948616 -0.9160766 -0.83023304 17 0 0 0 12
-1.4198598 -0.78041762 -0.56109673 17 0 0 0 12
-0.90549707 -0.85495472 -0.84256196 17 0 0 0 12
-1.1905819 -0.1319475 -1.0446266 17 0 0 0 12
-1.2707405 -0.62355542 -0.71273911 17 0 0 0 12
-1.4289674 -0.41213596 -0.72382897 17 0 0 0 12
-1.3828236 -0.6791442 -0.64062536 17 0 0 0 12
-1.3384372 -0.7229827 -0.64106393 17 0 0 0 12
-0.92386484 -0.9272151 -0.8009041 17 0 0 0 12
-0.98730099 -0.74287212 -0.8533932 17 0 0 0 12
-1.3023665 -0.77433974 -0.65943474 17 0 0 0 12
-1.2557607 -0.26810446 -0.90487456 17 0 0 0 12
-1.2593105 -0.65002012 -0.7259084 17 0 0 0 12
-0.91576648 -0.82791686 -0.84461397 17 0 0 0 12
-0.86327422 -0.38264114 -1.1058726 17 0 0 0 12
-1.3056995 -0.7730298 -0.64820391 17 0 0 0 12
-0.87398428 -0.69434738 -0.93768829 17 0 0 0 12
-1.3532863 -0.3875888 -0.81775403 17 0 0 0 12
-1.1206492 -0.60983539 -0.82186246 17 0 0 0 12
-1.5602036 -0.12052296 -0.8518911 17 0 0 0 12
-1.4903738 -0.73598784 -0.53327078 17 0 0 0 12
-1.2267724 -0.33404246 -0.90504742 18 0 0 0 12
-0.92104614 -0.17651756 -1.1471273 18 0 0 0 12
-1.5798012 -0.51208735 -0.62597835 18 0 0 0 12
-1.1782594 -0.50101662 -0.86407512 18 0 0 0 12
-1.6038862 -0.079707809 -0.78769207 18 0 0 0 12
-1.5440582 -0.16538419 -0.79325986 18 0 0 0 12
-1.5294341 -0.53375655 -0.62010819 18 0 0 0 12
-1.3688705 -0.15721159 -0.92171592 18 0 0 0 12
-1.0337979 -0.67040592 -0.85103947 18 0 0 0 12
-1.358532 -0.85028416 -0.55170804 18 0 0 0 12
-1.1070054 -0.29287097 -1.0027068 18 0 0 0 12
-1.3067194 -0.12617514 -0.95979983 18 0 0 0 12
-1.2704663 -0.27390566 -0.90931171 18 0 0 0 12
-1.2022548 -0.49439523 -0.84992212 18 0 0 0 12
-1.100533 -0.1084841 -1.092327 18 0 0 0 12
-1.1412566 -0.28705454 -0.98031849 18 0 0 0 12
-1.3900063 -0.28090703 -0.82470411 18 0 0 0 12
-1.4486238 -0.23915963 -0.82136118 18 0 0 0 12
-1.4739541 -0.61688864 -0.62228531 18 0 0 0 12
-1.0229634 -0.11326261 -1.1148267 18 0 0 0 12
-1.231671 -0.25375766 -0.95564175 18 0 0 0 12
-0.92458707 -0.83940059 -0.84325409 18 0 0 0 12
-1.0591649 -0.2964997 -1.0270408 18 0 0 0 12
-1.5638933 -0.62443829 -0.55874079 18 0 0 0 12
-1.5637192 -0.42574102 -0.67219657 18 0 0 0 12
-1.4957472 -0.60759991 -0.61006975 18 0 0 0 12
-1.5203311 -0.14670454 -0.81853718 18 0 0 0 12
-1.4940945 -0.69129676 -0.58455843 18 0 0 0 12
-1.5682753 -0.64140117 -0.56693381 18 0 0 0 12
-0.95748025 -0.91890126 -0.74842179 18 0 0 0 12
-1.2875382 -0.86847007 -0.60530072 18 0 0 0 12
-0.91039371 -0.95391738 -0.78355467 18 0 0 0 12
-1.0180204 -0.78557229 -0.81949991 18 0 0 0 12
-1.0568888 -0.61261493 -0.85604477 18 0 0 0 12
-0.92779106 -0.32534543 -1.0706878 18 0 0 0 12
-1.5502403 -0.74469614 -0.50576353 18 0 0 0 12
-1.3820087 -0.33683908 -0.81947726 18 0 0 0 12
-1.5038683 -0.84902912 -0.48784029 18 0 0 0 12
-1.2124155 -0.77497745 -0.69799691 18 0 0 0 12
-1.3409894 -0.28118426 -0.90620613 18 0 0 0 12
-0.97100919 -0.94639933 -0.733468 19 0 0 0 12
-0.99648148 -0.42264503 -0.98598897 19 0 0 0 12
-1.0331773 -0.32061443 -1.0242847 19 0 0 0 12
-1.5796292 -0.77199882 -0.45406938 19 0 0 0 12
-1.462791 -0.54573518 -0.66129339 19 0 0 0 12
-1.1987613 -0.45468569 -0.8332063 19 0 0 0 12
-1.5095477 -0.68022835 -0.56554466 19 0 0 0 12
-1.490193 -0.17094848 -0.83759141 19 0 0 0 12
-0.95530671 -0.11877464 -1.1832634 19 0 0 0 12
-1.4610295 -0.11909466 -0.8828541 19 0 0 0 12
-1.2990062 -0.25710639 -0.91662711 19 0 0 0 12
-1.5651613 -0.84192705 -0.43804958 19 0 0 0 12
-1.0041598 -0.10511896 -1.1591501 19 0 0 0 12
-1.4177467 -0.62855715 -0.63883269 19 0 0 0 12
-1.2091712 -0.49857721 -0.83393812 19 0 0 0 12
-1.4812421 -0.80425221 -0.52949995 19 0 0 0 12
-1.1693714 -0.27107352 -0.95081949 19 0 0 0 12
-1.168666 -0.73532909 -0.75701481 19 0 0 0 12
-1.1632382 -0.35548154 -0.93051153 19 0 0 0 12
-1.4113939 -0.14724401 -0.90014482 19 0 0 0 12
-0.86199105 -0.58861655 -0.9984597 19 0 0 0 12
-0.88941824 -0.46237555 -1.0583493 19 0 0 0 12
-1.4221102 -0.62634081 -0.65015054 19 0 0 0 12
-0.80296749 -0.92272866 -0.84747469 19 0 0 0 12
-1.6213758 -0.50766712 -0.5920319 19 0 0 0 12
-1.6108534 -0.46403569 -0.61796606 19 0 0 0 12
-1.3230822 -0.78935981 -0.62605357 19 0 0 0 12
-0.83366841 -0.1611312 -1.2028733 19 0 0 0 12
-1.385852 -0.28834924 -0.83306152 19 0 0 0 12
-1.3108084 -0.680664 -0.66847008 19 0 0 0 12
-0.90604371 -0.62161958 -0.92882621 19 0 0 0 12
-1.0555129 -0.95696247 -0.70555747 19 0 0 0 12
-1.3193524 -0.58889693 -0.72127283 19 0 0 0 12
-1.5203587 -0.29862487 -0.76060784 19 0 0 0 12
-1.3635072 -0.10812438 -0.94391024 19 0 0 0 12
-1.260487 -0.13581179 -0.98968929 19 0 0 0 12
-1.391201 -0.77996832 -0.60552591 19 0 0 0 12
-0.9820208 -0.68991446 -0.85593599 19 0 0 0 12
-0.98459727 -0.60000938 -0.89765298 19 0 0 0 12
-0.94938403 -0.52977943 -0.98080176 19 0 0 0 12
-1.8898066 -0.75148588 -1.5838586 0 0 0 0 13
-2.0617933 -0.65853864 -1.5150341 0 0 0 0 13
-2.1507809 -1.1902652 -2.1707106 0 0 0 0 13
-1.6036699 -0.62358326 -1.2883277 0 0 0 0 13
-2.2079172 -0.56105471 -1.4318591 0 0 0 0 13
-1.9109077 -0.70021379 -1.5049258 0 0 0 0 13
-2.0618765 -1.1047846 -2.0443552 0 0 0 0 13
-2.2511818 -1.0928508 -2.069757 0 0 0 0 13
-2.00369 -1.0533851 -1.9634622 0 0 0 0 13
-1.8592812 -0.85998929 -1.6994058 0 0 0 0 13
-1.6747727 -1.123745 -1.9300171 0 0 0 0 13
-1.9850349 -1.1091291 -2.0263939 0 0 0 0 13
-1.6916356 -1.0992328 -1.916051 0 0 0 0 13
-1.7000216 -0.82801431 -1.6002198 0 0 0 0 13
-2.2173243 -0.68308657 -1.5627373 0 0 0 0 13
-2.2320368 -1.0942066 -2.0856078 0 0 0 0 13
-2.056922 -0.83195657 -1.7232078 0 0 0 0 13
-2.4543502 -0.61770946 -1.5638845 0 0 0 0 13
-1.5489389 -0.79897654 -1.5184424 0 0 0 0 13
-2.290947 -0.81464964 -1.7498044 0 0 0 0 13
-1.8231473 -0.58199894 -1.3297223 0 0 0 0 13
-1.9945998 -0.92982477 -1.824621 0 0 0 0 13
-1.7435023 -0.55457735 -1.2969007 0 0 0 0 13
-1.5767369 -0.9290033 -1.677231 0 0 0 0 13
-1.6039611 -1.0790215 -1.8444846 0 0 0 0 13
-2.3465457 -0.6265201 -1.5534873 0 0 0 0 13
-2.3234847 -0.77779967 -1.7342545 0 0 0 0 13
-1.7544854 -0.81092638 -1.5670235 0 0 0 0 13
-2.2606549 -0.94345665 -1.9169596 0 0 0 0 13
-1.8387997 -0.58198488 -1.3558936 0 0 0 0 13
-2.3920066 -0.85132402 -1.8548189 0 0 0 0 13
-2.3515291 -0.83148998 -1.8365873 0 0 0 0 13
-1.7647051 -0.64654702 -1.3923377 0 0 0 0 13
-1.7511677 -0.59034133 -1.3490576 0 0 0 0 13
-1.9662684 -0.83632261 -1.6770461 0 0 0 0 13
-1.4950777 -1.2113318 -1.9554578 0 0 0 0 13
-1.8598893 -0.70875502 -1.4968004 0 0 0 0 13
-2.1023273 -0.9458546 -1.8432151 0 0 0 0 13
-2.2546544 -1.039675 -2.0252123 0 0 0 0 13
-2.1351051 -0.76225954 -1.6519969 0 0 0 0 13
-2.2878613 -1.1471471 -2.1763732 1 0 0 0 13
-1.906877 -0.82279849 -1.6754903 1 0 0 0 13
-1.5717921 -0.72350401 -1.4256278 1 0 0 0 13
-2.2147453 -1.0659182 -2.065027 1 0 0 0 13
-1.7080332 -0.78579265 -1.5225317 1 0 0 0 13
-1.7836288 -0.90808207 -1.7130384 1 0 0 0 13
-1.9872541 -1.1394154 -2.0533257 1 0 0 0 13
-1.6809853 -0.93288994 -1.7363186 1 0 0 0 13
-1.7356906 -0.91610676 -1.6929004 1 0 0 0 13
-1.7325987 -0.87892699 -1.6405197 1 0 0 0 13
-2.3443744 -1.0692264 -2.1045434 1 0 0 0 13
-1.8354503 -0.57601935 -1.3150643 1 0 0 0 13
-1.7002227 -1.0053327 -1.8115853 1 0 0 0 13
-2.1659942 -0.54648685 -1.4203495 1 0 0 0 13
-2.48382 -0.57296789 -1.5308471 1 0 0 0 13
-1.5623151 -0.88589275 -1.6371403 1 0 0 0 13
-2.0488517 -0.92966777 -1.8503466 1 0 0 0 13
-1.8546689 -0.75176245 -1.5517873 1 0 0 0 13
-1.6925734 -0.67866749 -1.3881488 1 0 0 0 13
-1.7774523 -0.70566601 -1.4599558 1 0 0 0 13
-2.3061826 -0.77604449 -1.7455548 1 0 0 0 13
-1.6899967 -1.1264799 -1.980592 1 0 0 0 13
-1.8441496 -0.65483993 -1.4149286 1 0 0 0 13
-1.6999702 -0.61668044 -1.326522 1 0 0 0 13
-1.743762 -0.76979107 -1.5640386 1 0 0 0 13
-1.6432345 -0.81972605 -1.5512697 1 0 0 0 13
-1.8758762 -0.94543314 -1.8096927 1 0 0 0 13
-1.5272187 -1.127022 -1.9336065 1 0 0 0 13
-2.3247032 -1.1409831 -2.1326065 1 0 0 0 13
-2.1022048 -0.78248477 -1.6312255 1 0 0 0 13
-1.9098504 -0.89150834 -1.7268962 1 0 0 0 13
-1.6581745 -0.90897578 -1.6745676 1 0 0 0 13
-2.4336219 -0.80413449 -1.8403791 1 0 0 0 13
-2.209621 -0.97541237 -1.9236233 1 0 0 0 13
-1.5781641 -1.1943915 -1.9863631 1 0 0 0 13
-1.6443028 -0.9598254 -1.7544415 1 0 0 0 13
-1.7966285 -1.195008 -2.0800822 1 0 0 0 13
-1.6275965 -1.1925187 -1.9913745 1 0 0 0 13
-2.2620018 -0.72863454 -1.6556162 1 0 0 0 13
-2.3590353 -0.68677706 -1.6455569 1 0 0 0 13
-1.9409786 -0.91465718 -1.7503272 2 0 0 0 13
-1.6348991 -0.61401612 -1.3037364 2 0 0 0 13
-1.8292007 -0.66927493 -1.4583185 2 0 0 0 13
-2.3337455 -0.97468364 -1.9847629 2 0 0 0 13
-2.4204075 -0.87031013 -1.8924689 2 0 0 0 13
-1.7996936 -0.89443594 -1.7258337 2 0 0 0 13
-1.6226193 -1.1255999 -1.9249502 2 0 0 0 13
-2.0903139 -0.57387578 -1.4116971 2 0 0 0 13
-1.689236 -0.67521304 -1.4004598 2 0 0 0 13
-1.7423584 -1.022177 -1.8074782 2 0 0 0 13
-2.1454718 -0.75119632 -1.6624622 2 0 0 0 13
-2.0622008 -0.97478032 -1.8911072 2 0 0 0 13
-2.3301177 -0.89323395 -1.8772299 2 0 0 0 13
-2.2547319 -0.81481886 -1.754185 2 0 0 0 13
-1.7945845 -0.9383837 -1.7507321 2 0 0 0 13
-1.9618995 -0.66824967 -1.4922006 2 0 0 0 13
-2.3027182 -1.0952561 -2.1000543 2 0 0 0 13
-1.8073148 -1.0353557 -1.885676 2 0 0 0 13
-1.7009341 -0.54324758 -1.2815112 2 0 0 0 13
-2.4090669 -0.61070913 -1.5808237 2 0 0 0 13
-2.3881991 -0.89954507 -1.9001999 2 0 0 0 13
-2.3433323 -0.77772737 -1.7623756 2 0 0 0 13
-2.2829361 -0.5807634 -1.4431691 2 0 0 0 13
-2.0337551 -0.69482636 -1.5571351 2 0 0 0 13
-2.3633924 -0.67140794 -1.6432728 2 0 0 0 13
-1.6408811 -0.55707467 -1.2690097 2 0 0 0 13
-2.1180985 -0.94015372 -1.8767477 2 0 0 0 13
-1.7488177 -0.56142336 -1.295104 2 0 0 0 13
-1.6705087 -0.66433883 -1.399027 2 0 0 0 13
-2.0806065 -0.87487668 -1.7689527 2 0 0 0 13
-2.2336154 -0.6117906 -1.498804 2 0 0 0 13
-2.39485 -0.57771003 -1.5258558 2 0 0 0 13
-1.5614194 -1.151073 -1.9596392 2 0 0 0 13
-2.0554416 -0.79758966 -1.6603677 2 0 0 0 13
-1.8199269 -0.8627103 -1.6804945 2 0 0 0 13
-1.7102728 -1.0492666 -1.8558174 2 0 0 0 13
-1.7038702 -0.56170726 -1.2729839 2 0 0 0 13
-2.3334568 -1.1822454 -2.1944561 2 0 0 0 13
-1.6238521 -0.91164458 -1.6743661 2 0 0 0 13
-1.6498451 -1.1767391 -1.9910283 2 0 0 0 13
-2.0988986 -1.1627836 -2.1273882 3 0 0 0 13
-2.1245184 -0.65628088 -1.5138927 3 0 0 0 13
-1.600318 -1.0148474 -1.8111227 3 0 0 0 13
-1.9399933 -0.91046613 -1.7364092 3 0 0 0 13
-1.6557364 -0.84595191 -1.5983512 3 0 0 0 13
-1.7388099 -0.76094878 -1.5385188 3 0 0 0 13
-1.7907064 -0.56413513 -1.311537 3 0 0 0 13
-1.6245046 -0.93216735 -1.6971452 3 0 0 0 13
-2.168653 -1.0316594 -1.9990082 3 0 0 0 13
-2.011771 -0.7982533 -1.6522269 3 0 0 0 13
-1.6264248 -0.65513909 -1.353339 3 0 0 0 13
-2.2771413 -0.94314194 -1.9163607 3 0 0 0 13
-2.1029742 -0.85810691 -1.7607542 3 0 0 0 13
-2.0952134 -0.98005688 -1.894299 3 0 0 0 13
-2.4696889 -0.61103439 -1.5705003 3 0 0 0 13
-1.8376864 -0.60024774 -1.3659755 3 0 0 0 13
-1.6037358 -1.0270774 -1.821698 3 0 0 0 13
-1.7544488 -1.0806279 -1.9065744 3 0 0 0 13
-1.6122091 -1.0656334 -1.8236018 3 0 0 0 13
-2.0676341 -0.92460495 -1.8519831 3 0 0 0 13
-2.0704854 -0.79957932 -1.6710439 3 0 0 0 13
-1.6625583 -0.71222621 -1.461499 3 0 0 0 13
-1.7081128 -1.151778 -1.996865 3 0 0 0 13
-2.0384727 -0.88512576 -1.786674 3 0 0 0 13
-2.157717 -0.56388402 -1.3965223 3 0 0 0 13
-2.0366604 -0.79700094 -1.6524857 3 0 0 0 13
-1.9630816 -0.55674881 -1.3705332 3 0 0 0 13
-2.2377009 -1.1886797 -2.2099445 3 0 0 0 13
-2.0622928 -1.0051497 -1.9084836 3 0 0 0 13
-1.810174 -0.66981184 -1.4464165 3 0 0 0 13
-2.2983937 -0.72816962 -1.6836029 3 0 0 0 13
-1.6471169 -1.1569856 -1.9794558 3 0 0 0 13
-2.0041363 -0.91958177 -1.8133352 3 0 0 0 13
-1.8016013 -1.1421965 -1.9852828 3 0 0 0 13
-2.1343997 -0.79268849 -1.6893283 3 0 0 0 13
-2.0758972 -1.0465374 -1.9694403 3 0 0 0 13
-2.18085 -0.68404937 -1.5458237 3 0 0 0 13
-1.5958667 -0.89345354 -1.6529729 3 0 0 0 13
-1.6133767 -0.65824789 -1.3725033 3 0 0 0 13
-2.2341416 -0.98435104 -1.9605377 3 0 0 0 13
-1.7122701 -0.59278768 -1.3021574 4 0 0 0 13
-2.0112088 -0.93809623 -1.8519465 4 0 0 0 13
-2.3902402 -0.5640859 -1.4953933 4 0 0 0 13
-1.7376959 -0.59219134 -1.3301928 4 0 0 0 13
-2.1591957 -0.84277743 -1.7588195 4 0 0 0 13
-1.7723538 -1.032656 -1.8701985 4 0 0 0 13
-1.9015514 -0.82017696 -1.6355505 4 0 0 0 13
-1.5922426 -0.94019467 -1.7183279 4 0 0 0 13
-1.8049835 -0.93673837 -1.7505702 4 0 0 0 13
-1.6000413 -1.177392 -1.9768515 4 0 0 0 13
-2.4496326 -0.79921895 -1.7827632 4 0 0 0 13
-1.9336956 -1.1013402 -1.9930155 4 0 0 0 13
-1.6232922 -0.6878041 -1.3851469 4 0 0 0 13
-1.9169483 -0.91385239 -1.762495 4 0 0 0 13
-2.321142 -1.087476 -2.1163871 4 0 0 0 13
-1.9609275 -0.97889084 -1.8473212 4 0 0 0 13
-1.8391405 -1.1280833 -2.0047987 4 0 0 0 13
-1.4174894 -1.1701136 -1.9140103 4 0 0 0 13
-2.2695832 -1.0003246 -1.9647219 4 0 0 0 13
-1.6840427 -1.1496278 -1.9875455 4 0 0 0 13
-1.8841411 -1.0839771 -1.9395441 4 0 0 0 13
-2.4987006 -0.69547951 -1.6923739 4 0 0 0 13
-1.7962835 -0.59661388 -1.3566624 4 0 0 0 13
-1.9535478 -1.2213781 -2.114985 4 0 0 0 13
-1.7893356 -0.99212289 -1.8235978 4 0 0 0 13
-1.7466793 -0.69432098 -1.4388181 4 0 0 0 13
-1.6979287 -0.72883028 -1.4547768 4 0 0 0 13
-1.6211675 -0.9112922 -1.6796649 4 0 0 0 13
-2.3754709 -0.96557677 -1.9735574 4 0 0 0 13
-2.1911266 -1.1176685 -2.1126878 4 0 0 0 13
-1.6405185 -1.1563712 -1.9752889 4 0 0 0 13
-1.8976544 -1.1268106 -2.002564 4 0 0 0 13
-1.8877467 -0.77592248 -1.5904912 4 0 0 0 13
-2.1550927 -0.72149259 -1.6233542 4 0 0 0 13
-2.3755841 -0.60007411 -1.5555359 4 0 0 0 13
-2.1189868 -0.61305243 -1.4766549 4 0 0 0 13
-1.6575131 -0.8951059 -1.6551758 4 0 0 0 13
-1.5464134 -1.151127 -1.9195067 4 0 0 0 13
-1.8022645 -0.76233524 -1.5423292 4 0 0 0 13
-1.845189 -1.1447366 -2.0238628 4 0 0 0 13
-2.3885093 -0.67993814 -1.657499 5 0 0 0 13
-1.7990044 -0.62681091 -1.4045653 5 0 0 0 13
-2.0584066 -0.62992013 -1.4722416 5 0 0 0 13
-2.0304639 -1.0555851 -1.9683042 5 0 0 0 13
-2.2508662 -0.61759382 -1.5247272 5 0 0 0 13
-1.8291613 -1.1583556 -2.0308297 5 0 0 0 13
-1.8405392 -1.1154407 -1.9557225 5 0 0 0 13
-2.3243086 -0.83995706 -1.8052983 5 0 0 0 13
-1.6199085 -0.64688069 -1.3615792 5 0 0 0 13
-1.8711386 -0.82981992 -1.6553682 5 0 0 0 13
-1.6433316 -0.62260783 -1.3262763 5 0 0 0 13
-1.7347765 -0.8453474 -1.6281325 5 0 0 0 13
-1.6727104 -0.84262222 -1.6044289 5 0 0 0 13
-1.9086105 -0.93520075 -1.7794544 5 0 0 0 13
-2.2235124 -0.80733359 -1.7053736 5 0 0 0 13
-2.2967482 -1.1190481 -2.1439013 5 0 0 0 13
-2.2449787 -0.66624904 -1.5834028 5 0 0 0 13
-2.4338143 -0.90993798 -1.9407536 5 0 0 0 13
-1.6775386 -1.1727813 -1.9816881 5 0 0 0 13
-1.7760878 -0.57975376 -1.3325651 5 0 0 0 13
-1.5635082 -1.2055463 -1.9840524 5 0 0 0 13
-2.1254621 -0.92243707 -1.8431296 5 0 0 0 13
-1.664441 -0.86475068 -1.6264338 5 0 0 0 13
-1.6281868 -0.8595196 -1.5817134 5 0 0 0 13
-2.193125 -0.80411881 -1.7212574 5 0 0 0 13
-1.8443294 -0.99542117 -1.8271098 5 0 0 0 13
-2.2378945 -1.0650035 -2.0374386 5 0 0 0 13
-1.5873065 -0.95677185 -1.7174039 5 0 0 0 13
-1.5696273 -1.0958393 -1.8787549 5 0 0 0 13
-1.6680377 -0.70261329 -1.4448019 5 0 0 0 13
-1.6798326 -1.0992333 -1.9320438 5 0 0 0 13
-2.0328786 -0.71715724 -1.585533 5 0 0 0 13
-1.4623873 -1.1735696 -1.9393151 5 0 0 0 13
-1.9372513 -0.55862588 -1.3529075 5 0 0 0 13
-1.8668693 -1.1361001 -2.0192034 5 0 0 0 13
-2.4142148 -0.83776718 -1.8380253 5 0 0 0 13
-2.1583791 -0.70015621 -1.5925996 5 0 0 0 13
-2.0593076 -0.57253861 -1.411854 5 0 0 0 13
-2.1581142 -0.57425129 -1.4321012 5 0 0 0 13
-1.6890892 -0.94110125 -1.7112215 5 0 0 0 13
-2.0789988 -0.73430508 -1.6078188 6 0 0 0 13
-1.617334 -0.92854726 -1.6872927 6 0 0 0 13
-1.9914541 -0.59877688 -1.4220043 6 0 0 0 13
-1.6405801 -1.1525811 -1.9499472 6 0 0 0 13
-1.8662407 -1.1153417 -2.0095706 6 0 0 0 13
-1.8669126 -0.97658193 -1.8398608 6 0 0 0 13
-2.0743117 -0.8563984 -1.7476109 6 0 0 0 13
-1.9651347 -1.1991066 -2.1058495 6 0 0 0 13
-2.0593281 -0.94820285 -1.8597813 6 0 0 0 13
-1.716675 -1.0115997 -1.7967726 6 0 0 0 13
-1.8494569 -1.2017971 -2.079479 6 0 0 0 13
-2.3145211 -0.8878051 -1.8405521 6 0 0 0 13
-1.8057569 -0.68959337 -1.469898 6 0 0 0 13
-1.7526373 -1.188894 -2.0300546 6 0 0 0 13
-1.9524484 -1.1108978 -2.0321071 6 0 0 0 13
-1.4845239 -1.1165594 -1.8488925 6 0 0 0 13
-2.3502395 -0.63255233 -1.5573374 6 0 0 0 13
-1.9403931 -0.7220909 -1.5252684 6 0 0 0 13
-1.6181036 -0.90886635 -1.6554962 6 0 0 0 13
-1.6677352 -0.61295408 -1.3254045 6 0 0 0 13
-2.2313519 -1.0019073 -1.9707571 6 0 0 0 13
-2.4097424 -0.94103676 -1.9437916 6 0 0 0 13
-2.3419065 -1.0214942 -2.0501335 6 0 0 0 13
-2.3046124 -1.038546 -2.070039 6 0 0 0 13
-2.2493703 -0.9990536 -1.992874 6 0 0 0 13
-2.1003528 -0.81831223 -1.71723 6 0 0 0 13
-1.9387449 -1.1405461 -2.0638392 6 0 0 0 13
-1.5763072 -0.84919709 -1.5887085 6 0 0 0 13
-2.1209669 -0.81622106 -1.7116987 6 0 0 0 13
-1.6041734 -0.71289682 -1.4249674 6 0 0 0 13
-1.5950416 -0.83065641 -1.5613656 6 0 0 0 13
-1.7433618 -0.59019005 -1.3238757 6 0 0 0 13
-2.2806861 -0.78276306 -1.7641829 6 0 0 0 13
-1.5069941 -0.90393746 -1.6080269 6 0 0 0 13
-1.8637238 -1.1333737 -2.0031886 6 0 0 0 13
-1.7173784 -0.84981734 -1.6476554 6 0 0 0 13
-1.9500227 -0.91924912 -1.7863274 6 0 0 0 13
-2.3075883 -0.98114282 -1.9761035 6 0 0 0 13
-1.6550254 -0.8418352 -1.5959333 6 0 0 0 13
-1.9313849 -1.1677827 -2.0802228 6 0 0 0 13
-1.4396493 -1.0633943 -1.8020878 7 0 0 0 13
-2.4515226 -0.77618086 -1.7654731 7 0 0 0 13
-2.273427 -0.98546863 -1.952029 7 0 0 0 13
-2.0942686 -0.92078322 -1.8398869 7 0 0 0 13
-2.0790353 -0.76826328 -1.6468453 7 0 0 0 13
-2.3084409 -0.88675791 -1.8719974 7 0 0 0 13
-1.8827553 -0.95596504 -1.8115036 7 0 0 0 13
-2.1058652 -0.73469281 -1.6088768 7 0 0 0 13
-2.0496883 -0.94821 -1.879635 7 0 0 0 13
-1.7972422 -1.1344908 -1.9906958 7 0 0 0 13
-2.0363507 -0.68917519 -1.5410509 7 0 0 0 13
-1.6089606 -1.1130897 -1.9026022 7 0 0 0 13
-2.3216019 -0.72998601 -1.6556925 7 0 0 0 13
-1.8129666 -0.72586447 -1.5036321 7 0 0 0 13
-1.5898336 -0.97000307 -1.7221655 7 0 0 0 13
-1.7465856 -0.92558557 -1.7035552 7 0 0 0 13
-2.316186 -0.93552125 -1.9239577 7 0 0 0 13
-1.5815399 -1.0240817 -1.78253 7 0 0 0 13
-1.9519744 -0.99055064 -1.8536171 7 0 0 0 13
-2.0085595 -1.0413342 -1.941065 7 0 0 0 13
-1.7846081 -0.78297704 -1.5587306 7 0 0 0 13
-1.8733757 -0.94846964 -1.7997732 7 0 0 0 13
-1.8403233 -0.73822796 -1.5137054 7 0 0 0 13
-1.6584735 -1.0874406 -1.8818464 7 0 0 0 13
-1.9689995 -0.81823099 -1.6850257 7 0 0 0 13
-2.2073603 -1.1986476 -2.1739843 7 0 0 0 13
-1.9173502 -1.1205271 -2.0167375 7 0 0 0 13
-1.4347594 -1.2075151 -1.9472072 7 0 0 0 13
-1.8804135 -0.84883142 -1.6710405 7 0 0 0 13
-1.6453779 -0.62822956 -1.3236167 7 0 0 0 13
-2.3154202 -1.1861222 -2.2312055 7 0 0 0 13
-1.8805166 -1.100162 -1.9453709 7 0 0 0 13
-2.1685424 -0.63966441 -1.506663 7 0 0 0 13
-2.2235754 -0.878488 -1.8461963 7 0 0 0 13
-1.6490381 -1.0973057 -1.8967382 7 0 0 0 13
-1.7847463 -1.1252512 -1.9607744 7 0 0 0 13
-1.6420485 -0.86033088 -1.629344 7 0 0 0 13
-1.8930593 -0.65953326 -1.4676011 7 0 0 0 13
-2.4021139 -0.95468932 -1.946519 7 0 0 0 13
-2.3076506 -1.1634831 -2.2197776 7 0 0 0 13
-1.5842863 -1.0145639 -1.7893734 8 0 0 0 13
-2.3581109 -0.63053727 -1.6083037 8 0 0 0 13
-2.2263429 -1.1059961 -2.0844467 8 0 0 0 13
-1.8367959 -0.98411047 -1.8294119 8 0 0 0 13
-1.6514201 -1.0335641 -1.8198011 8 0 0 0 13
-1.539474 -0.99393207 -1.732865 8 0 0 0 13
-1.5700727 -0.98656648 -1.7210778 8 0 0 0 13
-1.539742 -1.0574778 -1.8201395 8 0 0 0 13
-2.1686924 -0.69133264 -1.5688779 8 0 0 0 13
-1.6473743 -1.0062093 -1.7956442 8 0 0 0 13
-2.405818 -1.0146976 -2.0169683 8 0 0 0 13
-2.2680604 -1.007872 -2.0253048 8 0 0 0 13
-1.7563534 -0.96326393 -1.7486585 8 0 0 0 13
-2.1670294 -0.61473048 -1.5130017 8 0 0 0 13
-2.1450644 -1.1567419 -2.1390409 8 0 0 0 13
-2.0065618 -0.63460273 -1.4904799 8 0 0 0 13
-1.9165988 -0.86757565 -1.7062633 8 0 0 0 13
-1.4484681 -1.073367 -1.7846261 8 0 0 0 13
-1.7073418 -1.1119018 -1.934422 8 0 0 0 13
-2.1472561 -0.93972647 -1.8521318 8 0 0 0 13
-1.5616475 -1.0607133 -1.8286728 8 0 0 0 13
-2.3663487 -1.0866696 -2.0765214 8 0 0 0 13
-1.4419684 -1.0538881 -1.7880442 8 0 0 0 13
-1.8893274 -0.94103456 -1.7896274 8 0 0 0 13
-2.2292762 -1.1775267 -2.185107 8 0 0 0 13
-2.1337535 -1.0341853 -1.9769015 8 0 0 0 13
-1.8830663 -0.73795086 -1.5342 8 0 0 0 13
-2.0009778 -0.85430938 -1.7400954 8 0 0 0 13
-2.137476 -0.76384169 -1.6548742 8 0 0 0 13
-1.9378239 -0.59138143 -1.411018 8 0 0 0 13
-1.7630447 -0.84187049 -1.6189139 8 0 0 0 13
-2.0054021 -1.0403757 -1.9510041 8 0 0 0 13
-1.780794 -0.82525307 -1.6225019 8 0 0 0 13
-1.6644648 -0.85139793 -1.6266181 8 0 0 0 13
-1.9662112 -0.89943767 -1.7771047 8 0 0 0 13
-1.7251525 -0.69910377 -1.4606391 8 0 0 0 13
-2.3490245 -0.83593893 -1.802559 8 0 0 0 13
-1.6601171 -1.0729827 -1.8878089 8 0 0 0 13
-1.6547416 -0.59739548 -1.3036695 8 0 0 0 13
-2.1333876 -1.0828377 -2.0503957 8 0 0 0 13
-1.7159625 -0.57101721 -1.3061461 9 0 0 0 13
-2.0100505 -0.84931284 -1.7468323 9 0 0 0 13
-1.6755457 -1.0087746 -1.8053769 9 0 0 0 13
-2.0913391 -0.72771484 -1.620397 9 0 0 0 13
-1.6848216 -0.78358459 -1.5416238 9 0 0 0 13
-1.6939018 -0.70118195 -1.4539679 9 0 0 0 13
-1.4322433 -1.0997695 -1.8085786 9 0 0 0 13
-1.9059281 -0.55689275 -1.3340439 9 0 0 0 13
-1.6927661 -0.54689026 -1.258736 9 0 0 0 13
-1.9225259 -0.70194209 -1.5117722 9 0 0 0 13
-1.9561422 -0.68679255 -1.5042773 9 0 0 0 13
-1.5242052 -0.90705013 -1.6194475 9 0 0 0 13
-1.8888334 -0.85625017 -1.6934545 9 0 0 0 13
-2.4736321 -0.65597254 -1.6381004 9 0 0 0 13
-2.1674161 -0.92768216 -1.8706857 9 0 0 0 13
-2.052362 -0.83617252 -1.7117149 9 0 0 0 13
-2.1973062 -0.8779822 -1.8103038 9 0 0 0 13
-1.6147985 -0.81875414 -1.540777 9 0 0 0 13
-2.0722659 -0.79042667 -1.646789 9 0 0 0 13
-1.6716436 -1.1709743 -1.9980379 9 0 0 0 13
-2.214401 -0.60761762 -1.484507 9 0 0 0 13
-2.0097921 -0.9380725 -1.8304448 9 0 0 0 13
-1.5462971 -1.143124 -1.9331741 9 0 0 0 13
-2.1708541 -0.95947105 -1.8840315 9 0 0 0 13
-1.634832 -0.68385613 -1.4307665 9 0 0 0 13
-1.7332691 -0.56413215 -1.2739022 9 0 0 0 13
-1.801893 -1.1848572 -2.0278754 9 0 0 0 13
-2.045114 -0.62108648 -1.4610288 9 0 0 0 13
-1.7748361 -1.1698864 -1.9999272 9 0 0 0 13
-2.3189569 -0.71950012 -1.6491498 9 0 0 0 13
-2.3047168 -0.86123973 -1.8088703 9 0 0 0 13
-2.1879368 -0.84793985 -1.7599657 9 0 0 0 13
-2.3450613 -0.80998081 -1.7752635 9 0 0 0 13
-1.745373 -0.69397491 -1.4574509 9 0 0 0 13
-1.394647 -1.1999773 -1.9282782 9 0 0 0 13
-1.4288304 -1.1421018 -1.8669986 9 0 0 0 13
-2.4985685 -0.68293953 -1.649897 9 0 0 0 13
-1.5401897 -1.1651917 -1.9290354 9 0 0 0 13
-1.793947 -1.0362402 -1.8799064 9 0 0 0 13
-1.7449454 -1.1488878 -1.9918993 9 0 0 0 13
-1.8093752 -0.86610246 -1.6632773 10 0 0 0 13
-2.3461223 -0.60083413 -1.5536964 10 0 0 0 13
-1.4742948 -0.98144495 -1.6967353 10 0 0 0 13
-2.2858953 -1.1432027 -2.1554997 10 0 0 0 13
-1.9090208 -0.75684655 -1.5728241 10 0 0 0 13
-1.9696802 -1.1737899 -2.0857916 10 0 0 0 13
-1.9121029 -0.90881938 -1.7652085 10 0 0 0 13
-2.2032287 -0.5938319 -1.4753187 10 0 0 0 13
-1.5989699 -1.0094877 -1.7827495 10 0 0 0 13
-1.7373701 -1.1841598 -2.0222666 10 0 0 0 13
-1.7122563 -1.1359458 -1.9539059 10 0 0 0 13
-1.4410902 -1.0737158 -1.7799253 10 0 0 0 13
-1.786906 -0.85773855 -1.6694813 10 0 0 0 13
-1.7672716 -1.1132104 -1.9560065 10 0 0 0 13
-1.9927479 -0.73768961 -1.567453 10 0 0 0 13
-1.7631807 -0.61967045 -1.393747 10 0 0 0 13
-2.4202161 -0.72368664 -1.7084771 10 0 0 0 13
-1.4413652 -1.1964314 -1.9613926 10 0 0 0 13
-2.2342055 -0.90537298 -1.8719813 10 0 0 0 13
-1.6656977 -1.1840289 -2.008733 10 0 0 0 13
-2.2094162 -1.1314992 -2.1306162 10 0 0 0 13
-2.4897559 -0.73907775 -1.7305543 10 0 0 0 13
-2.4116869 -0.66994935 -1.6206789 10 0 0 0 13
-2.3672502 -0.73399252 -1.6833916 10 0 0 0 13
-2.0802281 -0.62839884 -1.4373568 10 0 0 0 13
-1.6094543 -0.64961684 -1.3644557 10 0 0 0 13
-1.800205 -0.96846509 -1.7629081 10 0 0 0 13
-1.9506708 -1.1838592 -2.0974874 10 0 0 0 13
-1.894694 -1.1189294 -2.0245626 10 0 0 0 13
-1.8328084 -1.1603315 -2.0244544 10 0 0 0 13
-1.7211632 -1.0280137 -1.8211985 10 0 0 0 13
-2.1161189 -1.0488548 -1.9981225 10 0 0 0 13
-2.0938993 -0.72643125 -1.6249146 10 0 0 0 13
-1.8874052 -1.1531891 -2.0629954 10 0 0 0 13
-1.8338524 -0.86844391 -1.6793253 10 0 0 0 13
-2.2698746 -1.045174 -2.0163071 10 0 0 0 13
-2.2696161 -0.72292536 -1.6366357 10 0 0 0 13
-1.8415371 -0.81724954 -1.6210425 10 0 0 0 13
-1.7038884 -0.83930564 -1.5984586 10 0 0 0 13
-2.4098618 -0.6769926 -1.6473534 10 0 0 0 13
-1.5933715 -0.71489644 -1.4371839 11 0 0 0 13
-2.037607 -1.1544777 -2.0700283 11 0 0 0 13
-2.3955133 -0.60487527 -1.5314243 11 0 0 0 13
-1.690392 -0.7120803 -1.4444083 11 0 0 0 13
-1.8894912 -1.0788412 -1.9410961 11 0 0 0 13
-1.6109443 -1.1156085 -1.8982128 11 0 0 0 13
-2.3636708 -0.73074496 -1.6607021 11 0 0 0 13
-2.0366802 -0.64468342 -1.4734485 11 0 0 0 13
-2.1062894 -0.89952821 -1.8111655 11 0 0 0 13
-2.131628 -0.63588548 -1.4779272 11 0 0 0 13
-2.1102746 -1.1018105 -2.0400386 11 0 0 0 13
-1.8966931 -1.0243295 -1.918625 11 0 0 0 13
-1.9720322 -1.1494277 -2.0686741 11 0 0 0 13
-2.1803916 -0.5869602 -1.4824866 11 0 0 0 13
-2.0342965 -1.0096681 -1.9092677 11 0 0 0 13
-2.3112097 -0.77867264 -1.7400182 11 0 0 0 13
-1.9866288 -0.74695927 -1.5915548 11 0 0 0 13
-2.3343022 -0.91649413 -1.9031996 11 0 0 0 13
-1.7155942 -0.68899369 -1.4671122 11 0 0 0 13
-2.2308242 -0.72912669 -1.6629541 11 0 0 0 13
-1.9949187 -1.0126029 -1.9118555 11 0 0 0 13
-1.5044466 -0.93775433 -1.6224698 11 0 0 0 13
-2.2380691 -0.90574419 -1.8611012 11 0 0 0 13
-2.3010657 -1.1322747 -2.1430366 11 0 0 0 13
-2.0736587 -1.0908638 -2.0243058 11 0 0 0 13
-1.804267 -0.66046065 -1.4262451 11 0 0 0 13
-2.3530128 -0.68035138 -1.653514 11 0 0 0 13
-2.5059798 -0.57523924 -1.5596658 11 0 0 0 13
-1.5327739 -1.0966858 -1.8405565 11 0 0 0 13
-1.8803327 -0.64527845 -1.4474262 11 0 0 0 13
-1.9631531 -0.7437771 -1.5724231 11 0 0 0 13
-2.1165476 -0.63750517 -1.4706501 11 0 0 0 13
-2.1461139 -0.78918642 -1.6892803 11 0 0 0 13
-2.2720289 -0.55610669 -1.4484642 11 0 0 0 13
-1.5573038 -1.1530206 -1.9169065 11 0 0 0 13
-1.8027489 -0.9791621 -1.797671 11 0 0 0 13
-1.5279515 -1.0930984 -1.869871 11 0 0 0 13
-1.7875665 -0.6492179 -1.4049506 11 0 0 0 13
-1.7310399 -0.7242558 -1.4710922 11 0 0 0 13
-1.5181562 -0.99364102 -1.7395791 11 0 0 0 13
-1.555882 -1.0020102 -1.7425423 12 0 0 0 13
-2.2051356 -0.67529947 -1.5578501 12 0 0 0 13
-1.9554322 -1.0489622 -1.9485379 12 0 0 0 13
-2.0480268 -0.92899597 -1.8195766 12 0 0 0 13
-1.6851057 -1.0748318 -1.8827784 12 0 0 0 13
-2.4106648 -0.6372031 -1.5999352 12 0 0 0 13
-1.7033224 -1.0547807 -1.8631303 12 0 0 0 13
-1.522946 -0.91143262 -1.6232885 12 0 0 0 13
-1.6831231 -0.83615482 -1.5919375 12 0 0 0 13
-2.3687143 -0.85784549 -1.8382407 12 0 0 0 13
-1.5959305 -1.1034194 -1.8981814 12 0 0 0 13
-1.7140568 -0.63036132 -1.3931243 12 0 0 0 13
-2.3526528 -0.71898788 -1.661706 12 0 0 0 13
-1.9302375 -0.59165937 -1.3946886 12 0 0 0 13
-1.6154034 -0.65194923 -1.3821259 12 0 0 0 13
-2.0848401 -0.93260127 -1.8530195 12 0 0 0 13
-2.3061194 -0.69133353 -1.6335104 12 0 0 0 13
-1.8425454 -1.1247946 -1.9821126 12 0 0 0 13
-1.8035688 -0.72901237 -1.5073053 12 0 0 0 13
-1.7583467 -1.2169876 -2.0506723 12 0 0 0 13
-2.1856492 -0.68411463 -1.5936762 12 0 0 0 13
-2.2536988 -1.0646329 -2.0473702 12 0 0 0 13
-2.2344675 -0.79555392 -1.7075957 12 0 0 0 13
-1.787846 -1.2094935 -2.0693908 12 0 0 0 13
-2.062036 -0.89113516 -1.8104171 12 0 0 0 13
-1.7988864 -0.9712348 -1.780849 12 0 0 0 13
-1.7633457 -0.94230318 -1.7576934 12 0 0 0 13
-1.6165552 -0.91502553 -1.6931432 12 0 0 0 13
-1.7610478 -1.0038892 -1.7833728 12 0 0 0 13
-1.8852541 -0.66553962 -1.4397572 12 0 0 0 13
-2.2324996 -0.95005494 -1.9196812 12 0 0 0 13
-2.091007 -0.82707489 -1.6977752 12 0 0 0 13
-1.9499029 -1.1672747 -2.0808947 12 0 0 0 13
-1.6262571 -0.93731922 -1.6870625 12 0 0 0 13
-2.180547 -0.83495235 -1.752007 12 0 0 0 13
-1.9737856 -0.92647505 -1.7905929 12 0 0 0 13
-2.0765135 -0.80744046 -1.7072794 12 0 0 0 13
-2.2059202 -1.224481 -2.2009716 12 0 0 0 13
-1.7901988 -0.84449619 -1.6512423 12 0 0 0 13
-1.7132107 -0.64741641 -1.3940158 12 0 0 0 13
-2.4970512 -0.62626863 -1.6235683 13 0 0 0 13
-2.4082248 -0.74113309 -1.7218027 13 0 0 0 13
-2.0152674 -0.97531009 -1.8819134 13 0 0 0 13
-2.2193942 -1.1018045 -2.09079 13 0 0 0 13
-1.7836087 -0.71370602 -1.4955658 13 0 0 0 13
-1.7072645 -0.9193244 -1.7186952 13 0 0 0 13
-2.163079 -0.84084046 -1.7463871 13 0 0 0 13
-2.2950895 -1.1710171 -2.2274792 13 0 0 0 13
-1.7529653 -1.0346695 -1.8189794 13 0 0 0 13
-1.6355131 -0.64425778 -1.3516865 13 0 0 0 13
-1.5392947 -1.1534723 -1.9158852 13 0 0 0 13
-2.2909694 -0.68326741 -1.5873675 13 0 0 0 13
-1.5905288 -0.92319852 -1.6980681 13 0 0 0 13
-2.1024969 -0.96612442 -1.8680767 13 0 0 0 13
-2.0564487 -0.92936075 -1.8408482 13 0 0 0 13
-1.6541293 -1.0205699 -1.807375 13 0 0 0 13
-1.6003165 -0.65783852 -1.367761 13 0 0 0 13
-1.7857362 -0.54233271 -1.3007979 13 0 0 0 13
-1.7862936 -0.82404363 -1.6223758 13 0 0 0 13
-1.8562002 -0.61570358 -1.3950056 13 0 0 0 13
-1.9822487 -1.1298132 -2.0467391 13 0 0 0 13
-2.3579299 -0.88893372 -1.8580633 13 0 0 0 13
-1.4977503 -1.121533 -1.8599151 13 0 0 0 13
-1.8989118 -0.87431717 -1.7338139 13 0 0 0 13
-2.4071164 -0.78702134 -1.7829229 13 0 0 0 13
-1.4864695 -1.1213741 -1.858132 13 0 0 0 13
-1.5513684 -0.93413478 -1.6692244 13 0 0 0 13
-2.1442087 -0.82131684 -1.7024658 13 0 0 0 13
-1.6345825 -1.197145 -1.9924519 13 0 0 0 13
-1.9676433 -0.91725695 -1.7897055 13 0 0 0 13
-1.4414604 -1.0530072 -1.7971777 13 0 0 0 13
-2.2945664 -0.91433394 -1.8942343 13 0 0 0 13
-2.0257237 -0.66818058 -1.5184686 13 0 0 0 13
-2.1105895 -0.76322025 -1.6261499 13 0 0 0 13
-1.8365504 -0.74322182 -1.541013 13 0 0 0 13
-1.9389319 -1.1350482 -2.0330124 13 0 0 0 13
-1.5388808 -1.0449626 -1.7939556 13 0 0 0 13
-1.3949362 -1.1819614 -1.9232093 13 0 0 0 13
-2.2895985 -0.55984771 -1.4633607 13 0 0 0 13
-2.0338504 -1.1323344 -2.0481269 13 0 0 0 13
-2.5014172 -0.69477654 -1.6878232 14 0 0 0 13
-1.7496425 -0.63638449 -1.372319 14 0 0 0 13
-1.5632191 -0.75474107 -1.5014153 14 0 0 0 13
-2.3164105 -0.93142307 -1.9317158 14 0 0 0 13
-1.7426956 -1.1662775 -1.9991262 14 0 0 0 13
-1.8358232 -1.0040871 -1.8549886 14 0 0 0 13
-1.8657055 -0.55558664 -1.3296863 14 0 0 0 13
-2.3395581 -1.0523425 -2.0844743 14 0 0 0 13
-2.1867239 -0.81880784 -1.750459 14 0 0 0 13
-1.5701387 -0.96595311 -1.7359622 14 0 0 0 13
-1.6526904 -1.1342909 -1.9397597 14 0 0 0 13
-2.2509027 -0.70306247 -1.6262641 14 0 0 0 13
-2.1051342 -1.1097668 -2.0573449 14 0 0 0 13
-2.2298372 -1.0332596 -2.0159872 14 0 0 0 13
-2.2977324 -0.68544328 -1.6063863 14 0 0 0 13
-1.9251817 -0.58121032 -1.3738753 14 0 0 0 13
-2.0704718 -0.58819616 -1.4124122 14 0 0 0 13
-1.6950115 -0.89957595 -1.6705444 14 0 0 0 13
-2.4738472 -0.6276989 -1.6139112 14 0 0 0 13
-2.2956321 -1.1373312 -2.1796811 14 0 0 0 13
-2.0288022 -0.66427237 -1.4887191 14 0 0 0 13
-2.1525099 -0.93653315 -1.8729062 14 0 0 0 13
-2.1677978 -0.61031413 -1.5041924 14 0 0 0 13
-1.6729019 -0.62577301 -1.3184062 14 0 0 0 13
-1.9186659 -0.87606823 -1.7090676 14 0 0 0 13
-1.6304858 -0.62344325 -1.3299451 14 0 0 0 13
-2.1537466 -0.66818684 -1.5552148 14 0 0 0 13
-1.8507701 -1.0895104 -1.9276369 14 0 0 0 13
-1.7557757 -1.098053 -1.9687802 14 0 0 0 13
-2.1952271 -0.92396313 -1.8445348 14 0 0 0 13
-2.2819548 -0.78302163 -1.7152755 14 0 0 0 13
-1.6118951 -0.98259723 -1.7236831 14 0 0 0 13
-1.7864414 -0.86852789 -1.6437403 14 0 0 0 13
-1.7830951 -0.7152431 -1.5084698 14 0 0 0 13
-1.8963103 -0.67132413 -1.4779691 14 0 0 0 13
-2.4807658 -0.58864605 -1.5539793 14 0 0 0 13
-1.4402603 -1.1536363 -1.8983772 14 0 0 0 13
-1.5255653 -0.99892128 -1.759472 14 0 0 0 13
-2.242238 -0.87571901 -1.8412135 14 0 0 0 13
-1.7779244 -1.0732688 -1.8781388 14 0 0 0 13
-2.0401387 -0.68960047 -1.5499749 15 0 0 0 13
-1.8881586 -1.0786482 -1.962923 15 0 0 0 13
-2.3020902 -1.1661508 -2.2117064 15 0 0 0 13
-2.2050798 -0.84043485 -1.7647271 15 0 0 0 13
-1.9977579 -0.55802077 -1.3884617 15 0 0 0 13
-2.1920953 -0.8160395 -1.7557179 15 0 0 0 13
-1.6262149 -1.1851275 -2.019398 15 0 0 0 13
-1.5948905 -1.1374584 -1.9213775 15 0 0 0 13
-1.5749795 -1.0206351 -1.7559874 15 0 0 0 13
-1.8753449 -1.1488025 -2.0325418 15 0 0 0 13
-2.1078324 -1.1904956 -2.1443582 15 0 0 0 13
-1.8488607 -0.97830653 -1.8445086 15 0 0 0 13
-2.2100489 -1.0388443 -1.9962422 15 0 0 0 13
-1.7521313 -0.57140446 -1.3187675 15 0 0 0 13
-2.402246 -0.59958929 -1.5571085 15 0 0 0 13
-1.9627697 -1.0278386 -1.9146367 15 0 0 0 13
-1.8797463 -0.8967948 -1.7231622 15 0 0 0 13
-1.7332371 -1.1720877 -2.0252399 15 0 0 0 13
-1.6698365 -0.73661226 -1.4756249 15 0 0 0 13
-2.3222361 -0.61434799 -1.551423 15 0 0 0 13
-1.8174796 -0.81328094 -1.6223993 15 0 0 0 13
-2.3099022 -0.83824372 -1.8040813 15 0 0 0 13
-1.6189669 -0.62942314 -1.3120151 15 0 0 0 13
-2.2375882 -0.7137692 -1.6523119 15 0 0 0 13
-2.3969319 -0.71603847 -1.6931537 15 0 0 0 13
-1.814268 -0.77028489 -1.5753872 15 0 0 0 13
-2.0343928 -0.96845913 -1.8747808 15 0 0 0 13
-1.8695927 -0.7461682 -1.5332686 15 0 0 0 13
-1.459501 -1.1442398 -1.9009725 15 0 0 0 13
-1.7761961 -0.66779935 -1.4337844 15 0 0 0 13
-1.5971972 -0.94644904 -1.7207261 15 0 0 0 13
-2.0029624 -0.6409325 -1.4648508 15 0 0 0 13
-2.232043 -1.1993653 -2.2083459 15 0 0 0 13
-1.8188016 -1.0270169 -1.8669697 15 0 0 0 13
-2.0162742 -0.57623076 -1.3940556 15 0 0 0 13
-1.5733854 -0.98792827 -1.7574457 15 0 0 0 13
-1.8512753 -1.0597632 -1.9184337 15 0 0 0 13
-2.2500048 -0.7767477 -1.7401443 15 0 0 0 13
-1.8689815 -1.0644523 -1.9357402 15 0 0 0 13
-1.8492061 -0.89443725 -1.7193519 15 0 0 0 13
-1.6229304 -0.73592675 -1.4706298 16 0 0 0 13
-1.7646273 -0.55898029 -1.3170425 16 0 0 0 13
-2.0875878 -1.0877367 -2.0161819 16 0 0 0 13
-2.2881784 -0.96389467 -1.9594917 16 0 0 0 13
-1.6965708 -0.83510804 -1.6343054 16 0 0 0 13
-2.165755 -0.61296237 -1.4635487 16 0 0 0 13
-1.7496749 -0.82019776 -1.6170732 16 0 0 0 13
-2.4254746 -0.87546235 -1.8986579 16 0 0 0 13
-1.6204967 -0.72094929 -1.430244 16 0 0 0 13
-2.4544709 -0.56070024 -1.5365981 16 0 0 0 13
-1.7468842 -0.62864 -1.3818288 16 0 0 0 13
-2.2862122 -0.72332978 -1.6639354 16 0 0 0 13
-1.8669028 -0.6670683 -1.4507976 16 0 0 0 13
-1.7897004 -0.69608438 -1.4635696 16 0 0 0 13
-1.6129829 -0.64864755 -1.3745481 16 0 0 0 13
-1.4061525 -1.1787033 -1.9026328 16 0 0 0 13
-1.7006992 -0.72209495 -1.4611303 16 0 0 0 13
-2.092813 -0.83307266 -1.7276069 16 0 0 0 13
-2.0425882 -1.1076512 -2.0352519 16 0 0 0 13
-1.9463644 -0.80067462 -1.6148958 16 0 0 0 13
-2.2246809 -1.0223734 -1.9930403 16 0 0 0 13
-1.5009472 -1.0313656 -1.7668002 16 0 0 0 13
-1.7654728 -0.57053244 -1.2985778 16 0 0 0 13
-2.3526399 -1.0364156 -2.0480299 16 0 0 0 13
-2.1028926 -0.75412971 -1.6578509 16 0 0 0 13
-1.7085446 -0.63829756 -1.3456683 16 0 0 0 13
-1.9865992 -0.78730279 -1.6486402 16 0 0 0 13
-2.2970169 -0.56197172 -1.461939 16 0 0 0 13
-1.6783967 -0.58195692 -1.2910755 16 0 0 0 13
-2.2945325 -0.96711451 -1.9359223 16 0 0 0 13
-2.1399996 -1.006856 -1.9617707 16 0 0 0 13
-1.8608786 -1.0432146 -1.8815756 16 0 0 0 13
-2.0189891 -1.1297507 -2.0429809 16 0 0 0 13
-2.1545465 -1.1835762 -2.1669288 16 0 0 0 13
-1.6636647 -0.54818076 -1.2634923 16 0 0 0 13
-1.7690054 -1.1892787 -2.026536 16 0 0 0 13
-1.991833 -1.0549709 -1.9823318 16 0 0 0 13
-1.8896651 -0.64768559 -1.4332563 16 0 0 0 13
-1.8321517 -1.0910728 -1.9477417 16 0 0 0 13
-1.4858387 -1.1500016 -1.8902414 16 0 0 0 13
-1.7129102 -1.1159 -1.9397693 17 0 0 0 13
-2.0497808 -0.74159527 -1.5788738 17 0 0 0 13
-2.3252687 -1.1564087 -2.1856465 17 0 0 0 13
-1.9452269 -0.63368434 -1.4523901 17 0 0 0 13
-2.2706792 -1.0148057 -2.0191433 17 0 0 0 13
-2.1134963 -0.60321254 -1.4834825 17 0 0 0 13
-2.3629906 -0.62769222 -1.5388255 17 0 0 0 13
-2.2715456 -1.081825 -2.0626214 17 0 0 0 13
-2.4200056 -0.66983175 -1.6265883 17 0 0 0 13
-2.0854011 -0.64760202 -1.4945796 17 0 0 0 13
-1.9084244 -0.97257608 -1.8356464 17 0 0 0 13
-2.0411742 -0.7462846 -1.5983378 17 0 0 0 13
-2.3257139 -0.6234253 -1.5516161 17 0 0 0 13
-2.2391295 -1.0328641 -2.0443599 17 0 0 0 13
-1.5661938 -0.80457509 -1.5105276 17 0 0 0 13
-1.865845 -1.0046952 -1.8741554 17 0 0 0 13
-2.2181959 -1.1924242 -2.1882811 17 0 0 0 13
-2.1340289 -0.81917846 -1.7375255 17 0 0 0 13
-2.4002175 -0.79782403 -1.7884645 17 0 0 0 13
-1.9373155 -0.7432366 -1.6060383 17 0 0 0 13
-1.783891 -0.65090644 -1.4166902 17 0 0 0 13
-2.4187384 -0.69698739 -1.6739029 17 0 0 0 13
-2.3086069 -0.58768225 -1.5068307 17 0 0 0 13
-2.237148 -1.0473684 -2.0425887 17 0 0 0 13
-2.4110239 -0.64137763 -1.5774356 17 0 0 0 13
-2.0148926 -0.69619632 -1.5214156 17 0 0 0 13
-2.0871961 -0.77927363 -1.6908714 17 0 0 0 13
-2.2553947 -0.78095925 -1.7185712 17 0 0 0 13
-2.1955836 -1.1216128 -2.1094172 17 0 0 0 13
-2.1738355 -0.95202851 -1.8667644 17 0 0 0 13
-1.9038513 -0.66908991 -1.468998 17 0 0 0 13
-1.965872 -0.57678932 -1.3821834 17 0 0 0 13
-1.9389024 -0.79347587 -1.6178148 17 0 0 0 13
-1.7000124 -0.81506926 -1.5754468 17 0 0 0 13
-1.802852 -0.87769103 -1.6681199 17 0 0 0 13
-2.1997344 -0.82268429 -1.7472867 17 0 0 0 13
-2.3227899 -0.77881593 -1.7325134 17 0 0 0 13
-2.1293664 -1.0018988 -1.905714 17 0 0 0 13
-2.0489697 -0.59779423 -1.4488922 17 0 0 0 13
-2.0204072 -0.994744 -1.8876042 17 0 0 0 13
-2.285697 -0.59257412 -1.5371581 18 0 0 0 13
-1.9581318 -0.65395123 -1.4592422 18 0 0 0 13
-2.1068242 -1.1795715 -2.1672864 18 0 0 0 13
-2.2142751 -1.1331629 -2.0859783 18 0 0 0 13
-2.1642098 -1.0385007 -1.9572537 18 0 0 0 13
-2.3980112 -0.9662205 -1.9820143 18 0 0 0 13
-1.9783615 -1.0644234 -1.9730341 18 0 0 0 13
-1.6309339 -0.57887167 -1.3049612 18 0 0 0 13
-1.8210962 -1.1041039 -1.9649974 18 0 0 0 13
-1.6195903 -0.56144601 -1.2379584 18 0 0 0 13
-2.1780171 -0.92385274 -1.8622204 18 0 0 0 13
-1.925745 -0.94453055 -1.8102845 18 0 0 0 13
-1.7955912 -0.84970665 -1.6678385 18 0 0 0 13
-2.3492801 -0.56668657 -1.5020608 18 0 0 0 13
-1.6147305 -0.93411285 -1.6944211 18 0 0 0 13
-2.0587161 -0.894512 -1.7991886 18 0 0 0 13
-1.5910573 -1.1984808 -2.0052085 18 0 0 0 13
-2.1095538 -0.56085467 -1.4299225 18 0 0 0 13
-1.8381954 -0.69924176 -1.4454871 18 0 0 0 13
-1.7249731 -1.0559559 -1.8640875 18 0 0 0 13
-1.8574634 -0.84638131 -1.6742094 18 0 0 0 13
-1.7095336 -0.86222005 -1.6448441 18 0 0 0 13
-2.5016909 -0.67695719 -1.6750323 18 0 0 0 13
-1.6954738 -0.65720963 -1.3991251 18 0 0 0 13
-2.2089672 -0.99986845 -1.9497389 18 0 0 0 13
-1.4874566 -1.0770561 -1.8340466 18 0 0 0 13
-2.3180163 -0.93286574 -1.9016933 18 0 0 0 13
-1.8286862 -0.6191054 -1.3561945 18 0 0 0 13
-1.7962738 -0.77457136 -1.5604316 18 0 0 0 13
-2.1007233 -0.88913512 -1.8194487 18 0 0 0 13
-1.5303895 -0.83821189 -1.5577289 18 0 0 0 13
-1.7007869 -1.0340351 -1.864695 18 0 0 0 13
-1.9570757 -0.7568934 -1.5798193 18 0 0 0 13
-1.475558 -1.1904792 -1.9510151 18 0 0 0 13
-2.3375344 -0.6559484 -1.5733659 18 0 0 0 13
-2.36567 -1.0828378 -2.0769463 18 0 0 0 13
-1.6713741 -0.68486875 -1.4266564 18 0 0 0 13
-2.0236318 -0.84514225 -1.7109567 18 0 0 0 13
-2.1709943 -1.0158483 -1.9731213 18 0 0 0 13
-1.7238088 -1.1212373 -1.967371 18 0 0 0 13
-2.4251292 -0.59414351 -1.5345973 19 0 0 0 13
-1.6789187 -0.98842394 -1.7583154 19 0 0 0 13
-2.0456614 -0.79403526 -1.6887363 19 0 0 0 13
-2.3262126 -1.0723103 -2.1041315 19 0 0 0 13
-2.0326939 -0.93509829 -1.8161696 19 0 0 0 13
-2.2491446 -0.61130774 -1.5046799 19 0 0 0 13
-2.498409 -0.73469061 -1.7494506 19 0 0 0 13
-1.9345802 -0.83413917 -1.6790512 19 0 0 0 13
-1.6113067 -0.79368949 -1.5289422 19 0 0 0 13
-2.0447922 -0.96842551 -1.8594553 19 0 0 0 13
-1.9481808 -0.5731017 -1.3537391 19 0 0 0 13
-1.7494805 -1.1339172 -1.9707922 19 0 0 0 13
-2.241667 -1.0941792 -2.0611207 19 0 0 0 13
-1.9672524 -1.1597716 -2.0689297 19 0 0 0 13
-2.4617784 -0.73845702 -1.7636755 19 0 0 0 13
-2.339488 -0.5827657 -1.496851 19 0 0 0 13
-1.8010862 -0.70435864 -1.4870043 19 0 0 0 13
-2.247467 -1.2001355 -2.216007 19 0 0 0 13
-2.5251153 -0.68432885 -1.6805149 19 0 0 0 13
-2.4045043 -0.63723755 -1.5810106 19 0 0 0 13
-2.0906322 -0.96291 -1.8501323 19 0 0 0 13
-1.8261243 -0.73840696 -1.5704906 19 0 0 0 13
-1.8127546 -1.0707778 -1.9129571 19 0 0 0 13
-1.5954056 -1.0161334 -1.7715474 19 0 0 0 13
-1.501803 -0.97086376 -1.7065597 19 0 0 0 13
-2.1880331 -0.94479054 -1.9014338 19 0 0 0 13
-2.197782 -0.76474023 -1.6549779 19 0 0 0 13
-1.7831017 -1.0620003 -1.9114743 19 0 0 0 13
-2.4916921 -0.75034761 -1.7605429 19 0 0 0 13
-2.4916811 -0.71579093 -1.7004534 19 0 0 0 13
-2.0196671 -1.0025198 -1.9245232 19 0 0 0 13
-1.6504115 -0.57338029 -1.2936424 19 0 0 0 13
-2.1019528 -1.0134639 -1.9421209 19 0 0 0 13
-1.8666328 -0.68120086 -1.4789267 19 0 0 0 13
-2.4084735 -0.63409352 -1.5760598 19 0 0 0 13
-1.5334007 -1.1355841 -1.9099463 19 0 0 0 13
-2.1049159 -1.0669371 -2.0052481 19 0 0 0 13
-2.1509874 -0.57723558 -1.4628154 19 0 0 0 13
-2.3200283 -0.84869057 -1.7898743 19 0 0 0 13
-2.0983517 -0.9040364 -1.8063753 19 0 0 0 13
1.5747116 1.8886752 0.34269497 0 0 0 0 14
2.2461245 1.8378071 0.78390837 0 0 0 0 14
1.4576221 1.7951308 0.4903782 0 0 0 0 14
2.2370393 2.0080819 0.4233115 0 0 0 0 14
2.161577 1.777433 0.87026638 0 0 0 0 14
2.3120916 2.1814265 0.17843656 0 0 0 0 14
2.1973684 1.9660652 0.53758085 0 0 0 0 14
1.5695173 1.61193 0.84318662 0 0 0 0 14
1.926955 1.8353403 0.66332221 0 0 0 0 14
1.4432251 1.9395539 0.22879872 0 0 0 0 14
2.1636643 1.7861242 0.80952233 0 0 0 0 14
1.801662 2.0550039 0.17653227 0 0 0 0 14
1.9045912 2.0118957 0.33714846 0 0 0 0 14
1.5749393 1.535068 1.0584706 0 0 0 0 14
2.1161258 1.8491569 0.69461548 0 0 0 0 14
2.1676311 1.9873517 0.45505032 0 0 0 0 14
2.2496169 2.0518954 0.38634574 0 0 0 0 14
2.0260224 1.9423336 0.50138903 0 0 0 0 14
1.9300411 1.7047815 0.86720693 0 0 0 0 14
1.6966966 1.7661996 0.66884607 0 0 0 0 14
1.5143539 1.6685095 0.77751893 0 0 0 0 14
2.0291667 2.0811341 0.26457781 0 0 0 0 14
2.2517493 1.8063225 0.82694966 0 0 0 0 14
1.9303448 2.040432 0.23509544 0 0 0 0 14
2.241888 1.9654355 0.5227915 0 0 0 0 14
1.6947796 1.7237866 0.77702719 0 0 0 0 14
2.0077367 1.9936254 0.33926144 0 0 0 0 14
1.8574313 2.0006547 0.30048388 0 0 0 0 14
2.2832263 1.7535522 0.97907144 0 0 0 0 14
2.3695748 1.8769615 0.73263615 0 0 0 0 14
2.2529166 1.7961617 0.82548153 0 0 0 0 14
1.8547752 1.9543294 0.35265523 0 0 0 0 14
2.3638737 2.0453751 0.45451492 0 0 0 0 14
2.1448679 1.7476337 0.88947326 0 0 0 0 14
2.0797215 1.8770555 0.59760725 0 0 0 0 14
2.2232952 2.175863 0.18325089 0 0 0 0 14
2.2034411 1.7214428 0.96254236 0 0 0 0 14
1.5823952 1.9801745 0.20745036 0 0 0 0 14
2.3948655 2.0256553 0.5041284 0 0 0 0 14
1.8980783 1.7227679 0.85842204 0 0 0 0 14
1.904936 1.9590812 0.39146963 1 0 0 0 14
1.6603914 1.6838623 0.75064224 1 0 0 0 14
1.6682681 1.88776 0.42422476 1 0 0 0 14
2.1153967 2.0969698 0.27703369 1 0 0 0 14
1.8182588 2.0207698 0.21955132 1 0 0 0 14
1.9745179 1.7322531 0.80924553 1 0 0 0 14
2.0272076 1.96438 0.42441019 1 0 0 0 14
1.4710982 1.7210995 0.63089818 1 0 0 0 14
2.1348147 1.8457302 0.68393451 1 0 0 0 14
1.632095 1.8617151 0.46578541 1 0 0 0 14
1.9347973 1.9454162 0.43329179 1 0 0 0 14
2.2736812 1.9327205 0.58787364 1 0 0 0 14
2.2592933 2.1894312 0.15491678 1 0 0 0 14
2.2303143 2.1739492 0.14925574 1 0 0 0 14
2.0765591 1.8312504 0.70627022 1 0 0 0 14
2.4621649 1.7785474 0.97340298 1 0 0 0 14
2.0437016 1.8881292 0.58803582 1 0 0 0 14
2.3719578 2.0716197 0.40985161 1 0 0 0 14
2.2476799 1.8524115 0.7396332 1 0 0 0 14
2.1627047 2.0268559 0.35537809 1 0 0 0 14
1.370072 1.9240952 0.22577274 1 0 0 0 14
2.1322467 1.6681803 1.0142159 1 0 0 0 14
1.4282674 1.8610836 0.34691203 1 0 0 0 14
1.6732473 1.6165956 0.93939781 1 0 0 0 14
1.5518959 1.615057 0.89548719 1 0 0 0 14
2.3141828 2.1644974 0.23071934 1 0 0 0 14
2.2772496 2.1070266 0.36047325 1 0 0 0 14
1.556623 1.8734329 0.34831667 1 0 0 0 14
1.7753248 1.6584712 0.87346196 1 0 0 0 14
1.8100294 2.0087452 0.26887456 1 0 0 0 14
1.5641342 1.850576 0.44947663 1 0 0 0 14
1.5909488 1.8797222 0.40578309 1 0 0 0 14
2.0542421 2.0059655 0.34696388 1 0 0 0 14
1.8278086 1.7907541 0.67153317 1 0 0 0 14
2.0920124 1.9237556 0.55962127 1 0 0 0 14
1.759837 1.8220243 0.58062583 1 0 0 0 14
2.5055952 1.8015901 0.94651175 1 0 0 0 14
2.3758292 1.8311625 0.87941945 1 0 0 0 14
1.6293402 2.0063689 0.20566769 1 0 0 0 14
1.824487 2.0519531 0.19082348 1 0 0 0 14
2.2342367 1.8947312 0.65336704 2 0 0 0 14
1.5032223 1.7497298 0.58808428 2 0 0 0 14
1.5520077 1.7901156 0.55825138 2 0 0 0 14
2.2111819 1.8521049 0.71634698 2 0 0 0 14
2.0024791 2.0707014 0.21663697 2 0 0 0 14
1.8453884 1.6359142 0.97270346 2 0 0 0 14
2.1204355 1.6769445 1.0082036 2 0 0 0 14
1.6976489 1.8794922 0.46970439 2 0 0 0 14
2.0438707 1.8688114 0.61919504 2 0 0 0 14
2.3303943 1.8336719 0.81626844 2 0 0 0 14
1.8516507 1.7713919 0.68143088 2 0 0 0 14
2.0070589 1.8329512 0.68519634 2 0 0 0 14
1.8921647 1.7869914 0.73565477 2 0 0 0 14
1.9776819 1.9011889 0.57165551 2 0 0 0 14
2.148205 1.8244504 0.75603884 2 0 0 0 14
1.9790986 1.8614779 0.64304125 2 0 0 0 14
1.6805321 1.9855338 0.25792676 2 0 0 0 14
1.7158067 1.9475653 0.35996473 2 0 0 0 14
1.8312846 1.7563998 0.73904675 2 0 0 0 14
1.9389951 2.0773771 0.210912 2 0 0 0 14
2.1935225 1.9608301 0.51375574 2 0 0 0 14
1.7150813 1.9795003 0.25716218 2 0 0 0 14
2.0754569 1.6937747 0.92193437 2 0 0 0 14
1.9057297 1.6088899 1.0180783 2 0 0 0 14
1.5956199 1.5798166 0.91184282 2 0 0 0 14
2.0317013 2.0045424 0.36311707 2 0 0 0 14
2.1841063 2.0135972 0.40038177 2 0 0 0 14
1.5835383 1.9476441 0.32280821 2 0 0 0 14
2.0550377 1.7753719 0.76151484 2 0 0 0 14
1.7486514 1.598642 0.9494797 2 0 0 0 14
2.4656606 1.860267 0.85480535 2 0 0 0 14
2.1895261 2.1385303 0.20766295 2 0 0 0 14
2.0577736 1.7627853 0.79385382 2 0 0 0 14
1.8236454 1.8184115 0.60714889 2 0 0 0 14
1.4376924 1.879688 0.34196922 2 0 0 0 14
1.8825443 1.7101445 0.85427803 2 0 0 0 14
1.9114066 1.8320212 0.6447264 2 0 0 0 14
1.4043956 1.844185 0.4123441 2 0 0 0 14
2.3030677 2.1605465 0.22407103 2 0 0 0 14
2.2382824 1.8350723 0.76090527 2 0 0 0 14
1.7688745 1.6836537 0.85862464 3 0 0 0 14
2.1510673 2.0642514 0.31605914 3 0 0 0 14
2.3417385 2.1123168 0.29317415 3 0 0 0 14
1.8709496 1.7455925 0.75657034 3 0 0 0 14
1.9424949 1.8515277 0.59608203 3 0 0 0 14
2.3783019 2.0132701 0.4939824 3 0 0 0 14
2.3585691 1.8191395 0.87351596 3 0 0 0 14
2.3306007 1.7970458 0.83640987 3 0 0 0 14
2.2682171 2.0262468 0.41936183 3 0 0 0 14
2.0807912 1.8263518 0.7074365 3 0 0 0 14
2.4088504 1.8431268 0.85135978 3 0 0 0 14
1.8885087 1.8929138 0.49496844 3 0 0 0 14
2.2360098 2.1482503 0.16246262 3 0 0 0 14
2.1614032 1.7178797 0.94271445 3 0 0 0 14
2.2042336 1.9593781 0.49136421 3 0 0 0 14
1.8952137 1.9938517 0.31504884 3 0 0 0 14
1.6060899 1.7173915 0.65849876 3 0 0 0 14
2.2766962 1.8902372 0.66854924 3 0 0 0 14
1.548665 1.8290981 0.47752035 3 0 0 0 14
2.0790548 2.0156305 0.35208306 3 0 0 0 14
1.6043533 1.6038086 0.95137709 3 0 0 0 14
2.3646708 1.8385462 0.82962883 3 0 0 0 14
2.2417285 1.8365473 0.76915616 3 0 0 0 14
1.7698493 1.7426269 0.72389489 3 0 0 0 14
1.9861048 2.0867455 0.1892921 3 0 0 0 14
1.8951652 1.8719406 0.55999619 3 0 0 0 14
1.8218243 1.9986714 0.29840228 3 0 0 0 14
1.5968473 1.6669059 0.8109352 3 0 0 0 14
2.2599528 1.7786685 0.87628275 3 0 0 0 14
1.9255935 2.0763683 0.20749465 3 0 0 0 14
1.9653931 1.8193384 0.69139951 3 0 0 0 14
1.8489342 1.9466753 0.38541433 3 0 0 0 14
1.9421831 1.8324041 0.68918598 3 0 0 0 14
1.9391545 1.8343621 0.66511327 3 0 0 0 14
2.3090131 1.9808913 0.54221904 3 0 0 0 14
1.5226057 1.9165444 0.37428957 3 0 0 0 14
2.0420289 1.8907592 0.61338723 3 0 0 0 14
1.6338749 1.5590715 1.0170143 3 0 0 0 14
2.0720251 2.1038218 0.22296739 3 0 0 0 14
2.0516973 1.7475002 0.8532474 3 0 0 0 14
2.1640673 2.028141 0.39985883 4 0 0 0 14
1.6175107 1.635726 0.84647918 4 0 0 0 14
2.1537011 1.9545311 0.54060358 4 0 0 0 14
1.5932854 1.8694271 0.41219389 4 0 0 0 14
2.0440302 1.8441275 0.64336681 4 0 0 0 14
2.1356788 2.0136335 0.36922845 4 0 0 0 14
1.7367879 1.838305 0.53662282 4 0 0 0 14
2.3414974 1.7663434 0.92254972 4 0 0 0 14
1.5358162 1.8584719 0.4483121 4 0 0 0 14
2.3966737 1.8407887 0.8624649 4 0 0 0 14
1.8862702 1.7037781 0.88237631 4 0 0 0 14
1.8426733 1.7067597 0.87148428 4 0 0 0 14
2.3388646 1.8883646 0.71669841 4 0 0 0 14
2.2838562 1.9394705 0.61427504 4 0 0 0 14
1.7531098 1.7338864 0.70119059 4 0 0 0 14
2.3618701 1.8908343 0.70701796 4 0 0 0 14
1.3928009 1.90917 0.22954559 4 0 0 0 14
1.5067437 1.9515904 0.25254941 4 0 0 0 14
2.3303282 2.0123682 0.46569097 4 0 0 0 14
1.9391042 2.0141895 0.34752989 4 0 0 0 14
1.5917592 1.7574208 0.62072754 4 0 0 0 14
1.9056907 1.8004917 0.71240169 4 0 0 0 14
2.2135084 1.7415704 0.94254363 4 0 0 0 14
1.4051292 1.9390635 0.22057009 4 0 0 0 14
2.1402602 1.8963374 0.65500414 4 0 0 0 14
2.4206917 1.9370669 0.67624134 4 0 0 0 14
2.1922631 1.794431 0.84814668 4 0 0 0 14
1.6779002 1.9447328 0.3028883 4 0 0 0 14
2.2327631 2.0701182 0.30630943 4 0 0 0 14
1.7695016 1.6212561 0.99626237 4 0 0 0 14
1.6363554 1.993754 0.21036029 4 0 0 0 14
1.38324 1.8914481 0.31807926 4 0 0 0 14
2.2258465 1.7506064 0.88851768 4 0 0 0 14
1.487325 1.770255 0.56279522 4 0 0 0 14
2.3038447 2.1261365 0.2885671 4 0 0 0 14
2.1443291 1.7268679 0.9443689 4 0 0 0 14
1.6492012 1.8361973 0.51774234 4 0 0 0 14
1.5585693 1.8581319 0.43472138 4 0 0 0 14
2.0306859 1.9005921 0.52840263 4 0 0 0 14
1.8974484 1.7237166 0.84327757 4 0 0 0 14
1.8728948 1.869965 0.55094796 5 0 0 0 14
2.2093244 2.1522148 0.15815155 5 0 0 0 14
1.9037006 1.7405028 0.74881667 5 0 0 0 14
1.5501261 1.7675375 0.61818063 5 0 0 0 14
1.622031 1.7330074 0.64705199 5 0 0 0 14
2.3348148 1.7378733 1.0069003 5 0 0 0 14
1.6982383 1.7968731 0.59602696 5 0 0 0 14
2.1549358 1.757044 0.86784518 5 0 0 0 14
1.4511135 1.8287563 0.46713033 5 0 0 0 14
2.2156603 1.7748995 0.85347879 5 0 0 0 14
2.0118086 2.1053777 0.18226036 5 0 0 0 14
1.7045677 1.6800959 0.86363661 5 0 0 0 14
2.0664778 1.9366639 0.48354959 5 0 0 0 14
1.53036 1.7306769 0.65209049 5 0 0 0 14
2.0552821 1.9301941 0.50109023 5 0 0 0 14
1.8645591 1.6017133 1.003448 5 0 0 0 14
1.5149682 1.760914 0.56879014 5 0 0 0 14
1.8167727 1.7334689 0.76846111 5 0 0 0 14
1.7612236 1.8796889 0.47497654 5 0 0 0 14
1.7518847 1.9959061 0.22058842 5 0 0 0 14
2.1230831 1.8699538 0.68278962 5 0 0 0 14
1.5053655 1.6949128 0.69856828 5 0 0 0 14
2.0658321 1.7708459 0.7937997 5 0 0 0 14
1.9256938 1.9616716 0.42621163 5 0 0 0 14
1.5522983 1.6904774 0.7137264 5 0 0 0 14
1.501653 1.7060246 0.68478811 5 0 0 0 14
2.2786572 2.018507 0.44339517 5 0 0 0 14
2.2251322 2.087543 0.30965036 5 0 0 0 14
1.6320934 1.7506303 0.65273821 5 0 0 0 14
1.7737279 1.9733874 0.28722236 5 0 0 0 14
1.4666108 1.910394 0.32675827 5 0 0 0 14
1.6384374 1.8659053 0.44307441 5 0 0 0 14
1.7327969 1.984061 0.2774823 5 0 0 0 14
1.7156874 1.8687783 0.46097058 5 0 0 0 14
1.7559142 1.8703431 0.51304793 5 0 0 0 14
1.7687784 2.0272846 0.21690293 5 0 0 0 14
1.6438408 1.8905033 0.43178502 5 0 0 0 14
2.2599037 1.9942346 0.4589431 5 0 0 0 14
2.1010253 1.7904209 0.8154161 5 0 0 0 14
1.4323188 1.8413312 0.37554559 5 0 0 0 14
2.1851652 1.9006274 0.64050025 6 0 0 0 14
1.4543307 1.9566128 0.21864009 6 0 0 0 14
2.0564535 1.9617994 0.45814878 6 0 0 0 14
1.4974948 1.7453022 0.60629952 6 0 0 0 14
1.4763188 1.8850104 0.36185446 6 0 0 0 14
1.7460712 1.645088 0.86296535 6 0 0 0 14
1.6298885 1.6794536 0.79461378 6 0 0 0 14
1.6916711 1.991399 0.25295582 6 0 0 0 14
1.6172854 1.9593877 0.25979534 6 0 0 0 14
1.736452 1.6104895 0.96558261 6 0 0 0 14
2.3585985 1.9570045 0.61899388 6 0 0 0 14
1.8745611 1.7379829 0.77124 6 0 0 0 14
1.9621707 1.6907362 0.92651218 6 0 0 0 14
2.4146669 1.8863842 0.73195302 6 0 0 0 14
1.5026784 1.8869815 0.35558799 6 0 0 0 14
1.7779964 1.9063202 0.46014971 6 0 0 0 14
1.616995 1.6374695 0.86280841 6 0 0 0 14
2.2845492 2.0711782 0.38335875 6 0 0 0 14
1.7999095 1.8506755 0.56821322 6 0 0 0 14
1.7727604 1.8507348 0.54620481 6 0 0 0 14
1.8973911 2.0520923 0.22978735 6 0 0 0 14
1.7591919 1.6813786 0.85266161 6 0 0 0 14
2.1058235 1.9439853 0.5347423 6 0 0 0 14
1.766615 1.7008078 0.83109289 6 0 0 0 14
2.3900542 2.0499532 0.43885708 6 0 0 0 14
2.2891526 1.6997313 1.0049475 6 0 0 0 14
1.8585103 1.7183499 0.80988812 6 0 0 0 14
2.2746346 1.8449339 0.79864126 6 0 0 0 14
2.1984806 1.7387186 0.94331819 6 0 0 0 14
2.2774873 1.9991306 0.51204646 6 0 0 0 14
2.0561893 1.6537627 1.0225145 6 0 0 0 14
2.0578849 1.7975013 0.77056426 6 0 0 0 14
1.8957307 1.9804465 0.37081939 6 0 0 0 14
1.5384169 1.7315787 0.64146155 6 0 0 0 14
1.5812701 1.8711516 0.39504215 6 0 0 0 14
1.7532556 1.664503 0.86778551 6 0 0 0 14
1.8249046 1.7524045 0.75784129 6 0 0 0 14
1.9939657 1.7544066 0.80342799 6 0 0 0 14
2.03424 1.8157336 0.72094631 6 0 0 0 14
1.6948026 1.9275407 0.40211943 6 0 0 0 14
2.1503706 1.9212017 0.54888135 7 0 0 0 14
2.1633906 2.0841813 0.30355221 7 0 0 0 14
1.6945429 1.8345783 0.56334513 7 0 0 0 14
1.7277042 1.7869246 0.6374771 7 0 0 0 14
1.7700171 1.9364172 0.39816025 7 0 0 0 14
1.7669224 1.8035827 0.65654296 7 0 0 0 14
2.2866433 2.1467354 0.24869862 7 0 0 0 14
2.189497 2.1635756 0.16153245 7 0 0 0 14
2.4088638 1.9450524 0.60137367 7 0 0 0 14
2.3887458 2.0148966 0.50893354 7 0 0 0 14
1.7348186 1.6299051 0.96811676 7 0 0 0 14
1.6862296 1.7322412 0.70878583 7 0 0 0 14
1.5563543 1.6285986 0.8697896 7 0 0 0 14
1.8854651 2.0179899 0.29649004 7 0 0 0 14
1.7274188 1.5532482 1.0465819 7 0 0 0 14
1.847165 2.0688899 0.19294961 7 0 0 0 14
2.3724654 1.7923123 0.88120306 7 0 0 0 14
1.6589574 1.8584479 0.46376699 7 0 0 0 14
1.6507175 1.854067 0.48083535 7 0 0 0 14
2.1562538 1.7376833 0.91990012 7 0 0 0 14
1.887782 1.6481766 0.98308051 7 0 0 0 14
2.2171357 1.9781593 0.50769043 7 0 0 0 14
2.0992446 1.6807311 0.98656386 7 0 0 0 14
1.6741978 1.6180784 0.89737141 7 0 0 0 14
2.117691 2.0787582 0.28760135 7 0 0 0 14
2.4322793 1.7593701 0.98752278 7 0 0 0 14
2.0042098 1.8608935 0.62076133 7 0 0 0 14
1.7833712 2.0527964 0.18728034 7 0 0 0 14
1.500497 1.7986805 0.513183 7 0 0 0 14
2.2693272 1.9969078 0.46153927 7 0 0 0 14
1.9629732 2.0988684 0.17487459 7 0 0 0 14
1.7106446 1.6413262 0.90245998 7 0 0 0 14
2.2870424 2.0763824 0.35689241 7 0 0 0 14
1.7040591 1.5409199 1.0580879 7 0 0 0 14
1.7474455 1.7401863 0.71465611 7 0 0 0 14
2.1136951 1.7622042 0.82758474 7 0 0 0 14
1.7507647 1.8311362 0.59929085 7 0 0 0 14
1.8066816 1.7210792 0.7841121 7 0 0 0 14
2.4143469 1.802206 0.88133395 7 0 0 0 14
2.1681933 2.0569584 0.31952044 7 0 0 0 14
1.9597957 2.0306876 0.2782917 8 0 0 0 14
2.0500088 1.6744732 0.95800734 8 0 0 0 14
1.9912785 1.9488077 0.4540692 8 0 0 0 14
1.8517942 1.726652 0.81683475 8 0 0 0 14
2.3698738 1.7651284 0.95085788 8 0 0 0 14
1.9052665 1.7173719 0.80459833 8 0 0 0 14
2.2800174 1.7854466 0.8611896 8 0 0 0 14
2.3111923 2.2002013 0.12019616 8 0 0 0 14
2.3237264 1.9661814 0.54087126 8 0 0 0 14
1.9539578 1.7673454 0.75396997 8 0 0 0 14
2.2354612 2.093719 0.30156237 8 0 0 0 14
2.1534855 1.8826178 0.6578576 8 0 0 0 14
1.9462612 1.9254433 0.45778149 8 0 0 0 14
2.3142333 1.8963897 0.68137091 8 0 0 0 14
2.2023659 1.6906018 1.0221002 8 0 0 0 14
1.4890671 1.7126225 0.66117793 8 0 0 0 14
1.7427149 1.9564906 0.32575229 8 0 0 0 14
2.3198531 1.9021531 0.68660849 8 0 0 0 14
2.3292973 2.1381278 0.27125472 8 0 0 0 14
1.9953632 1.6753787 0.96248692 8 0 0 0 14
1.8163995 1.807053 0.61399287 8 0 0 0 14
2.0477624 1.8293903 0.68171722 8 0 0 0 14
2.0523598 1.7500229 0.826994 8 0 0 0 14
1.5680183 1.6909009 0.72903997 8 0 0 0 14
1.6788046 2.0151706 0.17024951 8 0 0 0 14
1.6402545 1.688867 0.75577593 8 0 0 0 14
2.3923147 1.7728661 0.93789011 8 0 0 0 14
1.4803894 1.9057765 0.31337506 8 0 0 0 14
1.5948666 1.840205 0.46414387 8 0 0 0 14
1.6801488 1.7846421 0.62270921 8 0 0 0 14
1.7359121 1.7729698 0.65036327 8 0 0 0 14
2.1952491 1.6755733 1.0163609 8 0 0 0 14
1.9061251 2.0036445 0.31738365 8 0 0 0 14
2.4001298 1.9383085 0.66834301 8 0 0 0 14
2.297945 2.0394876 0.3845388 8 0 0 0 14
2.4927948 1.8134482 0.94388109 8 0 0 0 14
1.9587775 1.6959915 0.91762954 8 0 0 0 14
2.2089572 2.0946903 0.26650336 8 0 0 0 14
1.9195559 1.8858402 0.52349544 8 0 0 0 14
1.8969686 1.8577116 0.60559505 8 0 0 0 14
1.559302 1.5338308 1.0236386 9 0 0 0 14
2.1266327 1.848981 0.69254094 9 0 0 0 14
1.5369014 1.849069 0.40903094 9 0 0 0 14
2.3399134 1.8187376 0.85567176 9 0 0 0 14
1.5204366 1.8441865 0.41246068 9 0 0 0 14
2.1224771 1.9672301 0.50143933 9 0 0 0 14
2.1361802 1.9776952 0.49432114 9 0 0 0 14
1.8414474 1.9338012 0.37861133 9 0 0 0 14
1.9256823 1.814121 0.62658644 9 0 0 0 14
1.9887388 1.6298251 1.0315608 9 0 0 0 14
1.5870463 1.7772424 0.60520393 9 0 0 0 14
2.0655098 1.9309126 0.50872403 9 0 0 0 14
2.2226055 1.8560429 0.74736184 9 0 0 0 14
2.2802489 1.8727719 0.72018164 9 0 0 0 14
1.4800761 1.9522983 0.24909882 9 0 0 0 14
1.9171803 1.8988811 0.51753169 9 0 0 0 14
2.2698898 1.8813345 0.69735909 9 0 0 0 14
1.806314 2.0425498 0.23063074 9 0 0 0 14
1.9803236 1.8329699 0.65597022 9 0 0 0 14
1.9634062 2.1053593 0.17277172 9 0 0 0 14
2.2333856 1.9731423 0.50537431 9 0 0 0 14
1.8590542 1.9818695 0.32216147 9 0 0 0 14
1.7946357 1.5837171 1.0282797 9 0 0 0 14
1.6755499 1.7141148 0.72281867 9 0 0 0 14
1.7700417 1.6585985 0.9085328 9 0 0 0 14
1.9385433 1.8987483 0.57448703 9 0 0 0 14
1.6146463 1.9698815 0.2617867 9 0 0 0 14
2.0113778 2.0755258 0.22710054 9 0 0 0 14
1.8060185 1.5890484 1.0065182 9 0 0 0 14
1.9788584 1.6978528 0.93591106 9 0 0 0 14
2.3769026 1.8778868 0.76309478 9 0 0 0 14
2.2335806 2.1546421 0.18846512 9 0 0 0 14
2.4059546 1.948716 0.63440275 9 0 0 0 14
2.0177281 1.9218775 0.50775963 9 0 0 0 14
1.8704852 2.0877566 0.17578784 9 0 0 0 14
2.1857791 2.0067568 0.3687861 9 0 0 0 14
1.4586875 1.8089737 0.48943907 9 0 0 0 14
1.9016165 2.0274494 0.25422972 9 0 0 0 14
1.5118458 1.6213697 0.83680511 9 0 0 0 14
1.6208575 1.7535701 0.63191342 9 0 0 0 14
2.1520557 2.1501503 0.14222805 10 0 0 0 14
2.102711 2.0679514 0.28183588 10 0 0 0 14
1.6306549 1.5637956 1.0312468 10 0 0 0 14
1.8286289 1.9668446 0.36013243 10 0 0 0 14
1.7056309 1.7695223 0.64051712 10 0 0 0 14
1.5078878 1.6185579 0.8401612 10 0 0 0 14
1.5778915 1.7508513 0.62097096 10 0 0 0 14
2.307852 1.8132026 0.84268594 10 0 0 0 14
2.4428012 1.8989115 0.76107496 10 0 0 0 14
2.2288446 1.9319937 0.59713745 10 0 0 0 14
1.8080455 1.7759411 0.6939835 10 0 0 0 14
2.1374462 2.0578682 0.28348765 10 0 0 0 14
2.287051 1.7151902 0.98773628 10 0 0 0 14
1.4921789 1.6672252 0.7726481 10 0 0 0 14
2.0069673 1.9884974 0.38492906 10 0 0 0 14
2.1440372 1.9550236 0.50694889 10 0 0 0 14
2.2107925 2.066062 0.33730125 10 0 0 0 14
1.6138177 1.8029964 0.54844892 10 0 0 0 14
1.782421 1.5597906 1.039656 10 0 0 0 14
1.6005375 1.5617682 0.99468613 10 0 0 0 14
2.3287439 1.9892142 0.5335331 10 0 0 0 14
1.5402192 1.7182707 0.71107244 10 0 0 0 14
2.0652857 1.9407852 0.48550662 10 0 0 0 14
2.0512717 1.714295 0.87903845 10 0 0 0 14
1.9428385 1.9822114 0.36176851 10 0 0 0 14
2.3073494 2.1407349 0.2449847 10 0 0 0 14
2.3734972 1.7399943 0.9954266 10 0 0 0 14
2.4438834 1.8337709 0.85902417 10 0 0 0 14
1.9292792 1.8723941 0.58082891 10 0 0 0 14
1.6688915 1.9999468 0.23351546 10 0 0 0 14
1.7106848 1.8524195 0.49437144 10 0 0 0 14
2.1670351 2.143595 0.18878311 10 0 0 0 14
1.7859635 1.6865665 0.82584137 10 0 0 0 14
2.1770024 1.7333988 0.92611796 10 0 0 0 14
1.5856241 1.6952586 0.73177469 10 0 0 0 14
2.088167 1.9260765 0.53707653 10 0 0 0 14
1.8884846 1.8359469 0.59326524 10 0 0 0 14
1.8787581 1.9123822 0.49905676 10 0 0 0 14
2.4563248 1.8356864 0.87526673 10 0 0 0 14
2.3359671 1.7588325 0.97014999 10 0 0 0 14
1.4910928 1.6915439 0.70945549 11 0 0 0 14
2.1000671 1.8836881 0.62008744 11 0 0 0 14
2.3663204 2.0720081 0.35051471 11 0 0 0 14
1.843712 2.0491269 0.20169133 11 0 0 0 14
2.3613734 2.0025661 0.52889085 11 0 0 0 14
1.8203616 1.8799795 0.50039369 11 0 0 0 14
1.5804893 1.9793658 0.18221113 11 0 0 0 14
1.6569073 1.6799697 0.76127851 11 0 0 0 14
1.7490402 1.6794167 0.89819926 11 0 0 0 14
1.7432581 1.9626409 0.29859591 11 0 0 0 14
1.9465053 1.7493244 0.81581569 11 0 0 0 14
1.5633317 1.5894909 0.91271073 11 0 0 0 14
2.2313199 1.7565781 0.92955393 11 0 0 0 14
1.8331503 1.9145181 0.43715358 11 0 0 0 14
1.8591758 1.8027314 0.6911642 11 0 0 0 14
2.3621352 2.0232139 0.4873417 11 0 0 0 14
2.0204902 1.889317 0.57798588 11 0 0 0 14
1.8589965 1.980318 0.32592112 11 0 0 0 14
2.309443 1.9679334 0.57480031 11 0 0 0 14
1.8767021 1.8179287 0.59583294 11 0 0 0 14
1.8550234 1.964184 0.38831699 11 0 0 0 14
2.2667022 2.0834184 0.31912619 11 0 0 0 14
2.4445572 1.7789741 0.97273004 11 0 0 0 14
2.2911708 1.7414675 0.96611899 11 0 0 0 14
2.0580423 2.01667 0.35947096 11 0 0 0 14
2.3433428 1.7383416 1.0049783 11 0 0 0 14
1.9992678 1.7642487 0.81064743 11 0 0 0 14
1.8130161 1.8980101 0.4500106 11 0 0 0 14
2.0058291 1.6460775 1.0306133 11 0 0 0 14
2.0916793 1.9402043 0.46717566 11 0 0 0 14
1.5653092 1.7354995 0.64713305 11 0 0 0 14
1.5530937 1.591791 0.93584275 11 0 0 0 14
2.4318128 1.8245542 0.88010824 11 0 0 0 14
1.7226461 1.8944095 0.46802479 11 0 0 0 14
1.4485928 1.9016571 0.27800032 11 0 0 0 14
1.7234824 1.9294635 0.39056197 11 0 0 0 14
1.7715859 1.5766386 1.0458946 11 0 0 0 14
2.2451477 1.8309172 0.78964525 11 0 0 0 14
2.0406334 1.7664711 0.81559527 11 0 0 0 14
1.5353 1.6408983 0.83119619 11 0 0 0 14
1.4265176 1.853627 0.37545851 12 0 0 0 14
2.3561187 1.9480616 0.58886093 12 0 0 0 14
1.7568572 1.9863449 0.26567838 12 0 0 0 14
1.8572046 1.991268 0.3049196 12 0 0 0 14
2.0855844 1.6752506 0.9814679 12 0 0 0 14
2.0308797 2.1093183 0.18018685 12 0 0 0 14
1.408945 1.9016 0.29246324 12 0 0 0 14
2.1173999 1.9465013 0.50314504 12 0 0 0 14
2.2155626 1.8128889 0.81349802 12 0 0 0 14
2.4166389 1.8004262 0.93203735 12 0 0 0 14
1.8224596 1.8184478 0.64478856 12 0 0 0 14
1.8137065 1.9259195 0.43902308 12 0 0 0 14
2.09955 1.8163655 0.70488912 12 0 0 0 14
1.7078614 1.6953472 0.78818434 12 0 0 0 14
1.6721395 1.6970477 0.77769619 12 0 0 0 14
1.9308349 1.893558 0.48837087 12 0 0 0 14
1.851299 1.6418829 0.98650193 12 0 0 0 14
2.0272322 1.6622453 0.9603554 12 0 0 0 14
2.2435229 2.099092 0.29341212 12 0 0 0 14
1.8282443 1.790562 0.67871821 12 0 0 0 14
1.7116363 1.5688622 1.0135673 12 0 0 0 14
2.4250209 1.8456403 0.84868139 12 0 0 0 14
1.496477 1.7831148 0.56115973 12 0 0 0 14
1.9309599 1.9214413 0.48562649 12 0 0 0 14
1.8780482 2.0302124 0.24738427 12 0 0 0 14
1.9522344 1.7220656 0.85695374 12 0 0 0 14
1.9964002 1.6892124 0.91294587 12 0 0 0 14
1.9663978 2.0990689 0.1504717 12 0 0 0 14
1.8003385 1.8364331 0.58497173 12 0 0 0 14
2.280756 1.7260131 0.97059065 12 0 0 0 14
2.0929375 1.6954728 0.9653405 12 0 0 0 14
2.1232553 1.9626894 0.46201766 12 0 0 0 14
1.7729055 1.788013 0.6672771 12 0 0 0 14
2.4490445 1.8475386 0.87011933 12 0 0 0 14
2.2483737 1.8195418 0.7988314 12 0 0 0 14
2.0885992 2.0112586 0.39369768 12 0 0 0 14
1.9484146 1.8437777 0.63991457 12 0 0 0 14
1.4997016 1.772241 0.59320259 12 0 0 0 14
2.3915269 1.9255878 0.69645894 12 0 0 0 14
1.7329963 1.6434433 0.89391798 12 0 0 0 14
1.7929449 1.9748911 0.31997645 13 0 0 0 14
1.9884752 2.0927277 0.19450709 13 0 0 0 14
2.0143428 1.7946501 0.76789892 13 0 0 0 14
1.9855841 1.9651586 0.43896455 13 0 0 0 14
1.8454493 2.0100489 0.25172919 13 0 0 0 14
1.8620456 1.9929546 0.3582657 13 0 0 0 14
1.5523758 1.5548106 0.99991071 13 0 0 0 14
1.8964334 1.8811675 0.53939199 13 0 0 0 14
1.9236511 1.7588474 0.76083434 13 0 0 0 14
1.4805425 1.9255623 0.28411636 13 0 0 0 14
2.2822113 1.8694334 0.73795295 13 0 0 0 14
1.5484635 1.7677659 0.57604295 13 0 0 0 14
1.4962639 1.8115803 0.46347064 13 0 0 0 14
1.9891828 1.7434516 0.85430884 13 0 0 0 14
1.4863503 1.9490852 0.24251136 13 0 0 0 14
1.4233525 1.8083303 0.46606821 13 0 0 0 14
1.6155068 1.5305657 1.0595276 13 0 0 0 14
1.8493426 1.8563492 0.56367075 13 0 0 0 14
1.6955 1.7787663 0.62224209 13 0 0 0 14
1.9430383 2.0353942 0.26068336 13 0 0 0 14
2.0035472 1.8981817 0.55298918 13 0 0 0 14
1.5411692 1.5789503 0.96948415 13 0 0 0 14
2.0952322 1.9438015 0.50809383 13 0 0 0 14
1.8593012 1.7334294 0.79481804 13 0 0 0 14
1.8172877 1.806429 0.63149226 13 0 0 0 14
1.9121677 2.0043719 0.32501116 13 0 0 0 14
1.5240571 1.7002869 0.69433135 13 0 0 0 14
1.6076477 1.7046971 0.74511784 13 0 0 0 14
1.4832996 1.800734 0.51105314 13 0 0 0 14
1.813904 1.776772 0.69992828 13 0 0 0 14
2.3133175 1.9343736 0.61516082 13 0 0 0 14
1.8105773 1.5941854 1.0263942 13 0 0 0 14
1.6664046 1.953216 0.28464577 13 0 0 0 14
2.3184154 1.7405033 0.95034808 13 0 0 0 14
2.2906263 1.8565087 0.75924593 13 0 0 0 14
1.8557497 2.0410476 0.2422819 13 0 0 0 14
2.149754 1.8620613 0.68337423 13 0 0 0 14
1.5362648 1.7182081 0.652583 13 0 0 0 14
1.7501709 1.6489679 0.86724484 13 0 0 0 14
1.468152 1.8109337 0.49159971 13 0 0 0 14
1.505102 1.8601785 0.39400968 14 0 0 0 14
1.9161057 1.8237336 0.66584408 14 0 0 0 14
2.0810568 2.0827763 0.22989257 14 0 0 0 14
2.4400392 1.8731134 0.76529521 14 0 0 0 14
2.4370883 1.7888041 0.97707886 14 0 0 0 14
2.2073677 1.7649734 0.89448482 14 0 0 0 14
1.7007056 1.5742462 0.98331076 14 0 0 0 14
2.3301742 2.1767845 0.19849482 14 0 0 0 14
1.8354038 1.6913837 0.85442418 14 0 0 0 14
1.9053494 1.6369129 0.99407184 14 0 0 0 14
2.2047844 1.9324661 0.58740169 14 0 0 0 14
2.1215103 1.7680049 0.84195763 14 0 0 0 14
1.7687815 1.7045901 0.80953008 14 0 0 0 14
1.7191598 1.7462176 0.6841231 14 0 0 0 14
2.2577865 2.0426569 0.37077609 14 0 0 0 14
2.3618808 1.8262086 0.85590154 14 0 0 0 14
2.0479519 1.8997868 0.54783678 14 0 0 0 14
2.0641084 1.8152177 0.75735092 14 0 0 0 14
2.0306659 1.6700182 0.96968418 14 0 0 0 14
1.9163404 1.6852586 0.91982532 14 0 0 0 14
2.2801278 1.7804599 0.89279026 14 0 0 0 14
1.8954406 1.8394434 0.60712647 14 0 0 0 14
1.5476986 1.8875078 0.36266485 14 0 0 0 14
2.0995109 1.8473264 0.69610471 14 0 0 0 14
1.815321 1.7253286 0.82131344 14 0 0 0 14
2.4039965 1.8157343 0.86522913 14 0 0 0 14
1.5371785 1.6408325 0.78555596 14 0 0 0 14
2.2021277 2.0548065 0.34760404 14 0 0 0 14
1.5193987 1.9083868 0.32327804 14 0 0 0 14
1.6328075 1.5598108 1.0072005 14 0 0 0 14
2.2076378 2.1043549 0.26158166 14 0 0 0 14
1.4194721 1.8900262 0.32299215 14 0 0 0 14
2.3580108 2.0870473 0.36911175 14 0 0 0 14
1.9400812 1.9941292 0.35039231 14 0 0 0 14
1.7442234 1.632422 0.91343462 14 0 0 0 14
2.0079596 1.6848948 0.97218621 14 0 0 0 14
1.8221397 1.8673887 0.53090966 14 0 0 0 14
1.7693113 1.7220944 0.77351278 14 0 0 0 14
1.8076097 1.6503518 0.94165272 14 0 0 0 14
1.8689002 1.8320022 0.60379589 14 0 0 0 14
1.9963709 2.0617421 0.24555725 15 0 0 0 14
1.5791122 1.7842627 0.58605164 15 0 0 0 14
1.8515413 2.0078266 0.28011847 15 0 0 0 14
2.3519516 1.9471406 0.66712254 15 0 0 0 14
1.6226618 1.9558837 0.28033006 15 0 0 0 14
1.7881165 1.6380658 0.9308272 15 0 0 0 14
1.6243466 1.8454685 0.48006168 15 0 0 0 14
1.466965 1.9224705 0.29236615 15 0 0 0 14
1.6428741 1.6987369 0.76178944 15 0 0 0 14
1.6536421 1.7277238 0.65226388 15 0 0 0 14
2.2424643 2.0618966 0.35807917 15 0 0 0 14
1.5882308 1.837869 0.50960159 15 0 0 0 14
1.8058593 2.0469186 0.19239505 15 0 0 0 14
1.61509 1.9368594 0.32528159 15 0 0 0 14
2.0127575 1.6740265 0.97495037 15 0 0 0 14
2.2952034 2.0556581 0.36651829 15 0 0 0 14
1.9657136 1.990145 0.35177058 15 0 0 0 14
1.7936649 2.0445845 0.20351498 15 0 0 0 14
1.9325889 1.9882671 0.32806009 15 0 0 0 14
1.9517386 2.009577 0.32494229 15 0 0 0 14
1.5226312 1.6708483 0.75976855 15 0 0 0 14
1.8786308 2.0737572 0.19972223 15 0 0 0 14
1.6785215 2.0354915 0.19136454 15 0 0 0 14
1.7341703 1.8012075 0.6183126 15 0 0 0 14
1.8155407 1.5904237 1.0388768 15 0 0 0 14
1.8773267 2.0716412 0.17364915 15 0 0 0 14
1.6171877 1.7570918 0.62551463 15 0 0 0 14
1.5237453 1.7064147 0.67404509 15 0 0 0 14
1.9199172 1.7335085 0.81280702 15 0 0 0 14
1.6788907 1.9373984 0.3704434 15 0 0 0 14
1.3819407 1.8882136 0.24643083 15 0 0 0 14
1.7929704 1.9037901 0.49103382 15 0 0 0 14
1.6170596 1.5815605 0.94040245 15 0 0 0 14
1.5586811 1.8696376 0.42677256 15 0 0 0 14
1.9629859 1.8714238 0.59081733 15 0 0 0 14
1.8776869 1.6887887 0.90894556 15 0 0 0 14
1.9005936 1.7615162 0.79147094 15 0 0 0 14
1.6997496 1.8157341 0.58721095 15 0 0 0 14
2.1735089 2.1619897 0.15728997 15 0 0 0 14
1.9949979 2.0930047 0.17896457 15 0 0 0 14
1.529145 1.7221164 0.63658625 16 0 0 0 14
2.2131474 2.1640832 0.14561975 16 0 0 0 14
1.80814 1.6709571 0.83149064 16 0 0 0 14
2.2785418 2.0946491 0.3176696 16 0 0 0 14
2.4621127 1.794992 0.97823972 16 0 0 0 14
1.9036103 2.0667069 0.17012964 16 0 0 0 14
2.1599023 1.975395 0.46456215 16 0 0 0 14
2.3308549 2.1667523 0.21663037 16 0 0 0 14
1.8208092 1.7264873 0.78222173 16 0 0 0 14
1.7166384 1.7113303 0.8020367 16 0 0 0 14
1.5590703 1.5411496 1.0236189 16 0 0 0 14
1.5245694 1.8646051 0.40853015 16 0 0 0 14
2.1182094 1.9674188 0.44088402 16 0 0 0 14
2.1618736 2.1011086 0.27116048 16 0 0 0 14
2.4625952 1.881534 0.8037746 16 0 0 0 14
1.8638355 1.8191675 0.65492541 16 0 0 0 14
2.1957819 2.1259296 0.21017914 16 0 0 0 14
2.2719336 1.8179556 0.83308923 16 0 0 0 14
1.6131743 1.8361427 0.50447017 16 0 0 0 14
1.5875326 1.5320606 1.0363251 16 0 0 0 14
2.2612817 1.7622415 0.88295144 16 0 0 0 14
2.1944959 2.0901525 0.30218828 16 0 0 0 14
1.8102925 1.7061939 0.78188515 16 0 0 0 14
1.9162599 1.916886 0.47316742 16 0 0 0 14
1.8290201 1.6489226 0.94215286 16 0 0 0 14
2.072237 1.7734044 0.79446542 16 0 0 0 14
2.0255358 1.7455329 0.85239178 16 0 0 0 14
2.1947136 1.7601072 0.84906143 16 0 0 0 14
1.8806144 1.6636571 0.9319945 16 0 0 0 14
2.2857354 1.7378384 0.96156311 16 0 0 0 14
2.3863652 1.8383689 0.81626552 16 0 0 0 14
1.994101 2.0139296 0.31412759 16 0 0 0 14
1.7101414 1.8314441 0.55018514 16 0 0 0 14
2.2332323 1.7318126 0.95773172 16 0 0 0 14
1.9192591 1.6268163 1.0351366 16 0 0 0 14
1.5973444 1.670701 0.82883453 16 0 0 0 14
2.2048454 2.0230019 0.42057496 16 0 0 0 14
1.6050057 1.7114364 0.70409214 16 0 0 0 14
2.0327682 1.6960124 0.88835651 16 0 0 0 14
2.2641766 2.0108199 0.45634034 16 0 0 0 14
2.1168418 2.1226256 0.19085982 17 0 0 0 14
2.2349174 2.091629 0.25462309 17 0 0 0 14
1.6170094 1.8366237 0.49643815 17 0 0 0 14
1.6086892 1.8762236 0.399306 17 0 0 0 14
2.1168189 1.6516086 1.0243813 17 0 0 0 14
2.261169 1.7449135 0.9072997 17 0 0 0 14
2.1795211 2.0544863 0.34466717 17 0 0 0 14
1.7964947 1.6481224 0.94177401 17 0 0 0 14
2.272161 1.9328693 0.60029483 17 0 0 0 14
1.4626478 1.9152669 0.27318758 17 0 0 0 14
2.2385752 2.1581721 0.18967688 17 0 0 0 14
2.2942467 1.8352472 0.78047293 17 0 0 0 14
1.8930188 1.7353801 0.79778105 17 0 0 0 14
2.3540926 1.807507 0.8798759 17 0 0 0 14
2.3945918 1.9455725 0.62763351 17 0 0 0 14
1.5177101 1.6348255 0.79918492 17 0 0 0 14
1.601681 1.9404951 0.29349631 17 0 0 0 14
1.7983084 1.754948 0.6991182 17 0 0 0 14
2.2289484 1.8628184 0.6900031 17 0 0 0 14
1.8358341 2.0199921 0.23648241 17 0 0 0 14
1.7521044 1.5664712 1.0239626 17 0 0 0 14
2.3225825 1.9854448 0.53993499 17 0 0 0 14
2.2472057 1.939718 0.56671 17 0 0 0 14
2.0847039 1.7745519 0.8172822 17 0 0 0 14
2.3219135 1.7393669 1.0167471 17 0 0 0 14
1.7308238 1.8168199 0.56188953 17 0 0 0 14
1.6543927 1.9689188 0.26166242 17 0 0 0 14
2.1848741 1.9763358 0.52732551 17 0 0 0 14
1.4971411 1.8967817 0.33730826 17 0 0 0 14
2.0179498 1.6460723 1.0001847 17 0 0 0 14
2.1571925 2.012929 0.40770242 17 0 0 0 14
1.9909921 1.853071 0.59688884 17 0 0 0 14
1.6737413 1.903981 0.39088064 17 0 0 0 14
1.7867171 1.6586466 0.90905184 17 0 0 0 14
1.8406309 1.9626898 0.37233633 17 0 0 0 14
1.9576437 2.061399 0.2566241 17 0 0 0 14
2.3543079 1.8719983 0.74433744 17 0 0 0 14
1.7278397 1.9222316 0.3865011 17 0 0 0 14
2.1224487 2.0805299 0.24507371 17 0 0 0 14
2.0748372 1.976902 0.45106652 17 0 0 0 14
1.5904835 1.7438602 0.64391822 18 0 0 0 14
1.8350527 1.9691155 0.34988794 18 0 0 0 14
2.294131 1.7187734 1.0002506 18 0 0 0 14
2.0285153 1.7784036 0.77244204 18 0 0 0 14
1.5599425 1.7004287 0.73003811 18 0 0 0 14
1.6011254 1.6598794 0.83384472 18 0 0 0 14
1.9395308 1.8404553 0.63192195 18 0 0 0 14
1.6445098 1.8619391 0.4250375 18 0 0 0 14
2.1765223 1.8734382 0.67128986 18 0 0 0 14
1.5299869 1.9721949 0.19526352 18 0 0 0 14
1.7231898 1.8955241 0.43801975 18 0 0 0 14
1.7254906 1.7105131 0.78183025 18 0 0 0 14
1.8004812 1.6944733 0.83396226 18 0 0 0 14
2.2198942 2.1619906 0.16143227 18 0 0 0 14
1.8506849 1.6264356 1.0031588 18 0 0 0 14
2.4634602 1.8668158 0.84296334 18 0 0 0 14
2.2246253 1.8767838 0.68963706 18 0 0 0 14
2.2572398 1.8104794 0.80628639 18 0 0 0 14
2.1946638 2.0477476 0.35021621 18 0 0 0 14
1.5619576 1.5365045 1.0566325 18 0 0 0 14
1.8833995 2.0181689 0.31622609 18 0 0 0 14
1.7322091 1.9354787 0.37248832 18 0 0 0 14
1.6348637 1.8500253 0.48173171 18 0 0 0 14
1.9906863 1.7520998 0.82787013 18 0 0 0 14
2.1533802 1.9233506 0.56969029 18 0 0 0 14
2.3281701 1.7157011 0.9904291 18 0 0 0 14
1.6274694 1.5700573 1.0086844 18 0 0 0 14
2.2573466 1.8512272 0.73794127 18 0 0 0 14
1.5703183 1.9696294 0.23565686 18 0 0 0 14
2.2018254 1.873703 0.68653494 18 0 0 0 14
2.2923555 2.0411522 0.43923679 18 0 0 0 14
1.8330991 1.7895221 0.68717116 18 0 0 0 14
1.9448352 1.972789 0.44189498 18 0 0 0 14
2.0753884 1.8751097 0.60561109 18 0 0 0 14
2.4109783 1.9049308 0.72557366 18 0 0 0 14
1.832997 1.960215 0.33707243 18 0 0 0 14
1.9956405 1.7643311 0.74542248 18 0 0 0 14
2.3844669 1.812067 0.91728097 18 0 0 0 14
1.8447905 1.6494734 0.96296251 18 0 0 0 14
1.9340769 2.0161898 0.30253524 18 0 0 0 14
1.9166473 2.0280449 0.26729497 19 0 0 0 14
2.2948272 1.8971388 0.67234272 19 0 0 0 14
2.1716006 1.8485496 0.71403372 19 0 0 0 14
1.8813751 1.7564384 0.75229645 19 0 0 0 14
2.3781424 1.7806069 0.94518191 19 0 0 0 14
2.2422435 1.8810931 0.67972821 19 0 0 0 14
1.6027286 1.8670315 0.43360192 19 0 0 0 14
2.1913245 1.8031805 0.79635113 19 0 0 0 14
1.8412867 1.912066 0.48581958 19 0 0 0 14
1.6530123 1.6848097 0.7636016 19 0 0 0 14
1.7877079 2.0332983 0.21103798 19 0 0 0 14
1.5453783 1.9432333 0.24594435 19 0 0 0 14
1.3795927 1.9119158 0.24936035 19 0 0 0 14
1.4823468 1.7890692 0.54875785 19 0 0 0 14
1.5219178 1.9213667 0.31955135 19 0 0 0 14
2.0108881 2.1001093 0.19883212 19 0 0 0 14
2.2006376 1.731102 0.96863699 19 0 0 0 14
1.6426181 1.921515 0.34623373 19 0 0 0 14
2.205267 2.092855 0.28094241 19 0 0 0 14
1.9909855 1.8617302 0.6553486 19 0 0 0 14
2.1060469 1.9007852 0.55515689 19 0 0 0 14
1.5932143 1.7854167 0.55662543 19 0 0 0 14
2.4602826 1.7890735 0.9175849 19 0 0 0 14
1.8851233 1.985479 0.34709856 19 0 0 0 14
2.2237363 1.7802186 0.85231113 19 0 0 0 14
2.2204926 1.8509613 0.72658932 19 0 0 0 14
2.3678417 1.8425025 0.83495486 19 0 0 0 14
1.9890038 1.8192415 0.73902625 19 0 0 0 14
1.6395689 1.7891812 0.59155464 19 0 0 0 14
1.6353595 1.6124238 0.91024965 19 0 0 0 14
1.7505069 1.8355547 0.54587662 19 0 0 0 14
1.9469733 1.9536761 0.45421314 19 0 0 0 14
1.6779087 1.5904641 0.96444094 19 0 0 0 14
2.2138169 1.7305061 0.93879724 19 0 0 0 14
2.4074888 1.8717238 0.77501142 19 0 0 0 14
1.5365144 1.86894 0.40599513 19 0 0 0 14
1.520901 1.8898805 0.39942986 19 0 0 0 14
2.3982611 1.7715131 0.93916696 19 0 0 0 14
2.1818285 2.0668156 0.27220589 19 0 0 0 14
1.8539914 1.887448 0.53161424 19 0 0 0 14
-0.60629314 0.89418513 0.82564795 0 0 0 0 15
-0.20903209 0.71487069 0.64769089 0 0 0 0 15
-0.36083671 0.82505029 0.98088229 0 0 0 0 15
-0.22977439 0.72916722 0.58700114 0 0 0 0 15
-0.026460389 0.73713696 1.128891 0 0 0 0 15
-0.18346648 0.79509079 1.2923445 0 0 0 0 15
0.16152829 0.64705896 0.92584556 0 0 0 0 15
-0.3861073 0.78701311 0.57396919 0 0 0 0 15
-0.11007502 0.70352298 0.6941573 0 0 0 0 15
-0.057538226 0.68159306 0.80096841 0 0 0 0 15
-0.38461393 0.75933599 0.37256894 0 0 0 0 15
-0.36449689 0.85177368 1.2367465 0 0 0 0 15
0.28546837 0.58109003 0.89877933 0 0 0 0 15
-0.51048917 0.81810373 0.54631662 0 0 0 0 15
0.22939058 0.63605994 1.1027391 0 0 0 0 15
-0.17530435 0.74699783 0.78222573 0 0 0 0 15
-0.3640058 0.82132131 0.89103776 0 0 0 0 15
-0.057940166 0.76711696 1.2071553 0 0 0 0 15
-0.56107867 0.87131089 0.78407586 0 0 0 0 15
-0.58290482 0.89246237 0.93098873 0 0 0 0 15
-0.14352074 0.78892928 1.3285605 0 0 0 0 15
0.43531027 0.54350948 0.8812151 0 0 0 0 15
-0.76872325 0.91676664 0.60888779 0 0 0 0 15
-0.1139236 0.65570146 0.39490408 0 0 0 0 15
-0.10013445 0.63897747 0.31911647 0 0 0 0 15
-0.08445403 0.64571315 0.31754735 0 0 0 0 15
0.035010081 0.72941172 1.2183969 0 0 0 0 15
0.12714574 0.5988819 0.54527855 0 0 0 0 15
0.26748046 0.61354202 1.0260602 0 0 0 0 15
-0.21103053 0.73238814 0.74570864 0 0 0 0 15
-0.69207847 0.89225918 0.71481371 0 0 0 0 15
-0.055948634 0.76046944 1.2713571 0 0 0 0 15
-0.42290074 0.83544481 0.89653331 0 0 0 0 15
-0.36421281 0.81864476 1.0037949 0 0 0 0 15
-0.12213077 0.7515015 1.0278066 0 0 0 0 15
-0.0080826869 0.60239148 0.15756775 0 0 0 0 15
-0.73252368 0.90924197 0.61791873 0 0 0 0 15
-0.63019675 0.89694363 0.87733328 0 0 0 0 15
0.034574121 0.69286823 0.8253094 0 0 0 0 15
0.24417676 0.58590853 0.95421851 0 0 0 0 15
-0.19502738 0.66907763 0.40944871 1 0 0 0 15
-0.37840784 0.73906744 0.36009443 1 0 0 0 15
-0.17503296 0.67517734 0.43795031 1 0 0 0 15
-0.1964471 0.74568564 0.70583671 1 0 0 0 15
-0.67578864 0.89723474 0.68441409 1 0 0 0 15
-0.34436214 0.86772168 1.234514 1 0 0 0 15
-0.25448585 0.79229313 0.90113008 1 0 0 0 15
-0.62061536 0.88989747 0.89016306 1 0 0 0 15
0.010186841 0.68352646 0.89446765 1 0 0 0 15
0.27182809 0.60025185 0.88106936 1 0 0 0 15
0.24764635 0.58507895 0.82795537 1 0 0 0 15
-0.011497629 0.59173197 0.18363528 1 0 0 0 15
0.22445919 0.56416988 0.60393798 1 0 0 0 15
-0.14498329 0.65298682 0.24261476 1 0 0 0 15
-0.090316102 0.72930217 0.97481066 1 0 0 0 15
0.23889607 0.59261471 0.83810216 1 0 0 0 15
-0.072325721 0.73362839 1.0618299 1 0 0 0 15
-0.4751901 0.84699029 0.95197439 1 0 0 0 15
0.24368146 0.59195912 0.83687574 1 0 0 0 15
-0.067929648 0.67840165 0.57022637 1 0 0 0 15
-0.13659252 0.70892155 0.81349295 1 0 0 0 15
-0.39688605 0.7854932 0.63782227 1 0 0 0 15
-0.062628865 0.70131028 0.88813174 1 0 0 0 15
-0.16321778 0.76646078 1.0695765 1 0 0 0 15
-0.012361138 0.73893201 1.260191 1 0 0 0 15
-0.29801014 0.81201923 0.93302834 1 0 0 0 15
-0.046088185 0.61793876 0.330899 1 0 0 0 15
0.17950998 0.57347852 0.59010708 1 0 0 0 15
-0.33457434 0.8685236 1.1954842 1 0 0 0 15
-0.018931508 0.6623531 0.5202077 1 0 0 0 15
-0.12371402 0.71151227 0.89713544 1 0 0 0 15
0.095017985 0.69222826 1.1754519 1 0 0 0 15
-0.20344958 0.72720897 0.58058852 1 0 0 0 15
0.037941962 0.67094058 0.85810101 1 0 0 0 15
-0.044399168 0.63240367 0.24717499 1 0 0 0 15
-0.28210208 0.72695738 0.52781641 1 0 0 0 15
0.047713544 0.60655326 0.46593595 1 0 0 0 15
-0.66769093 0.88400644 0.62019867 1 0 0 0 15
-0.50228894 0.82686001 0.63706923 1 0 0 0 15
0.082945697 0.65549749 0.84332043 1 0 0 0 15
0.23449673 0.62655121 1.0799865 2 0 0 0 15
-0.13040899 0.68483233 0.4811548 2 0 0 0 15
-0.50469494 0.87271845 1.0394816 2 0 0 0 15
0.22216876 0.63304073 0.99057901 2 0 0 0 15
-0.23743026 0.79884744 1.0679576 2 0 0 0 15
-0.0038490638 0.72442323 1.0222634 2 0 0 0 15
-0.67026216 0.90801996 0.80030304 2 0 0 0 15
-0.3645972 0.85432518 1.2177789 2 0 0 0 15
-0.48330724 0.8138662 0.57240194 2 0 0 0 15
0.048050184 0.68689233 1.1234807 2 0 0 0 15
-0.44177455 0.82575053 0.72671193 2 0 0 0 15
-0.19513063 0.68571144 0.28531188 2 0 0 0 15
-0.66078353 0.88471204 0.67205042 2 0 0 0 15
-0.18450689 0.77190369 1.1007395 2 0 0 0 15
-0.020810641 0.73663592 1.1978084 2 0 0 0 15
0.35960865 0.57185775 0.7804758 2 0 0 0 15
-0.065929338 0.61753589 0.25233603 2 0 0 0 15
-0.50006479 0.8426767 0.63701046 2 0 0 0 15
-0.27947173 0.83482426 1.2068157 2 0 0 0 15
0.095056899 0.6521253 0.89861554 2 0 0 0 15
-0.48652464 0.80094904 0.50670707 2 0 0 0 15
0.059770387 0.61302459 0.52265632 2 0 0 0 15
-0.61635464 0.85986507 0.66154486 2 0 0 0 15
0.0059577883 0.72454226 1.0719469 2 0 0 0 15
0.03218326 0.67418224 0.80430371 2 0 0 0 15
0.26385304 0.61359018 0.87665582 2 0 0 0 15
-0.10942033 0.75977355 1.1948718 2 0 0 0 15
-0.22407931 0.79353994 1.138009 2 0 0 0 15
0.086815983 0.64704961 0.78211701 2 0 0 0 15
-0.38714042 0.76067102 0.39589459 2 0 0 0 15
0.055215556 0.70692766 1.1264335 2 0 0 0 15
-0.16890524 0.71267539 0.71440548 2 0 0 0 15
-0.32157508 0.81526726 1.0311515 2 0 0 0 15
-0.31152147 0.71449804 0.2705617 2 0 0 0 15
-0.44454148 0.80068684 0.64118356 2 0 0 0 15
-0.37111688 0.83291036 0.9037497 2 0 0 0 15
-0.21084717 0.82421714 1.2984978 2 0 0 0 15
-0.6573329 0.89260125 0.76361591 2 0 0 0 15
-0.20092091 0.68285322 0.35460922 2 0 0 0 15
-0.44012135 0.80390036 0.61453229 2 0 0 0 15
-0.18651336 0.80577207 1.2832564 3 0 0 0 15
-0.56414527 0.8581996 0.71359438 3 0 0 0 15
-0.024141595 0.73197931 1.0930247 3 0 0 0 15
-0.087400988 0.70179278 0.75050825 3 0 0 0 15
0.013117091 0.62379342 0.44025514 3 0 0 0 15
-0.28982612 0.82982272 0.99544764 3 0 0 0 15
0.08269722 0.66907448 0.86137563 3 0 0 0 15
-0.17710042 0.78629267 1.0699259 3 0 0 0 15
0.0949682 0.60885167 0.55243218 3 0 0 0 15
-0.605941 0.88173306 0.79853898 3 0 0 0 15
-0.43843773 0.82169789 0.74497449 3 0 0 0 15
-0.46783122 0.85199523 0.91006744 3 0 0 0 15
0.43384185 0.53451568 0.78957194 3 0 0 0 15
0.21388598 0.59308529 0.78635478 3 0 0 0 15
-0.14258616 0.71599096 0.91005629 3 0 0 0 15
0.067275867 0.57810485 0.24719471 3 0 0 0 15
-0.11483947 0.80148882 1.3132211 3 0 0 0 15
-0.29401585 0.78858024 0.83100122 3 0 0 0 15
-0.3490712 0.7871902 0.61449385 3 0 0 0 15
-0.50684917 0.87461293 1.0174389 3 0 0 0 15
-0.11879042 0.64960849 0.42864972 3 0 0 0 15
-0.07100495 0.6420573 0.33788458 3 0 0 0 15
-0.18238813 0.76588494 0.94171113 3 0 0 0 15
-0.21753781 0.79023868 1.0519319 3 0 0 0 15
0.24083641 0.60150522 0.88042557 3 0 0 0 15
-0.21051496 0.71511877 0.44349241 3 0 0 0 15
-0.39840907 0.75442898 0.37087473 3 0 0 0 15
-0.3180286 0.73393214 0.35651323 3 0 0 0 15
-0.49002394 0.85540134 0.86341733 3 0 0 0 15
-0.22772473 0.71549588 0.56746483 3 0 0 0 15
-0.12598617 0.63512176 0.18231267 3 0 0 0 15
0.36237842 0.56627417 0.8925634 3 0 0 0 15
0.017844319 0.60850877 0.52404255 3 0 0 0 15
-0.19750164 0.69378543 0.46679783 3 0 0 0 15
0.33626583 0.55323231 0.78838688 3 0 0 0 15
-0.38398144 0.84452045 0.98578274 3 0 0 0 15
-0.45427796 0.8843596 1.0276356 3 0 0 0 15
0.042619139 0.6584087 0.91044486 3 0 0 0 15
-0.097616188 0.65426433 0.53299451 3 0 0 0 15
0.34584898 0.56892806 0.9133386 3 0 0 0 15
0.049040597 0.56343377 0.24465717 4 0 0 0 15
0.038588624 0.69302142 1.1320864 4 0 0 0 15
0.25462535 0.58522266 0.8307128 4 0 0 0 15
-0.2498519 0.72286212 0.57327449 4 0 0 0 15
-0.0012126683 0.68271959 0.91503698 4 0 0 0 15
-0.7200222 0.91439199 0.65247089 4 0 0 0 15
-0.28923193 0.81940162 1.1617212 4 0 0 0 15
0.26668423 0.59316021 0.77613348 4 0 0 0 15
0.12130415 0.61244261 0.56660014 4 0 0 0 15
0.31564045 0.57770884 0.82786363 4 0 0 0 15
-0.22370046 0.81672835 1.1866846 4 0 0 0 15
-0.2725535 0.70844775 0.34922132 4 0 0 0 15
-0.081950597 0.75366467 1.0640017 4 0 0 0 15
0.014191205 0.68861938 0.82768786 4 0 0 0 15
0.10962143 0.61968434 0.70510435 4 0 0 0 15
0.023113819 0.68938816 0.94552737 4 0 0 0 15
-0.011412067 0.62559515 0.43908226 4 0 0 0 15
0.032194309 0.64231712 0.74121487 4 0 0 0 15
0.35000768 0.58174819 0.99481058 4 0 0 0 15
-0.078363739 0.62780058 0.29858467 4 0 0 0 15
-0.11294018 0.75737655 0.9761526 4 0 0 0 15
-0.16105448 0.66500342 0.27847663 4 0 0 0 15
0.085363805 0.59156388 0.46180442 4 0 0 0 15
-0.23290564 0.83043146 1.3147955 4 0 0 0 15
-0.20823108 0.71261042 0.45112914 4 0 0 0 15
-0.07156954 0.78292239 1.2546684 4 0 0 0 15
0.2513361 0.62883747 1.0735836 4 0 0 0 15
-0.65839845 0.86208093 0.54180765 4 0 0 0 15
-0.40119192 0.85289109 1.0393548 4 0 0 0 15
-0.15671621 0.65402973 0.2509988 4 0 0 0 15
-0.39402935 0.82887614 0.9375819 4 0 0 0 15
-0.12591995 0.73133272 0.84983963 4 0 0 0 15
-0.39646956 0.73792624 0.37968388 4 0 0 0 15
-0.21227457 0.76413286 0.90212411 4 0 0 0 15
-0.2050304 0.79794598 1.1736058 4 0 0 0 15
-0.11092629 0.78007102 1.3208128 4 0 0 0 15
-0.25623763 0.83507049 1.2928036 4 0 0 0 15
-0.019246483 0.6120472 0.36830235 4 0 0 0 15
-0.53375167 0.86520863 0.82485569 4 0 0 0 15
-0.18748008 0.64808571 0.23155603 4 0 0 0 15
-0.43345547 0.81451321 0.91962671 5 0 0 0 15
0.080915153 0.60977095 0.45829222 5 0 0 0 15
0.0030440059 0.62296873 0.53287131 5 0 0 0 15
-0.20121218 0.80670488 1.1859336 5 0 0 0 15
-0.55858779 0.87546337 0.71024883 5 0 0 0 15
0.062949508 0.59186393 0.28143016 5 0 0 0 15
-0.46273065 0.83100688 0.8271246 5 0 0 0 15
0.16249637 0.64772791 1.1478705 5 0 0 0 15
0.27184808 0.62888461 1.0332381 5 0 0 0 15
-0.40145993 0.86620528 1.1187186 5 0 0 0 15
0.16799191 0.58783394 0.55813146 5 0 0 0 15
-0.13146625 0.80592859 1.3148423 5 0 0 0 15
0.30098367 0.55162495 0.75714207 5 0 0 0 15
-0.1506796 0.76696366 1.0710354 5 0 0 0 15
0.017241666 0.59905028 0.29956728 5 0 0 0 15
-0.50690061 0.86282951 0.9094851 5 0 0 0 15
-0.055903297 0.60418016 0.10141199 5 0 0 0 15
-0.31936863 0.81408513 1.1407568 5 0 0 0 15
-0.33002561 0.84085578 1.1057507 5 0 0 0 15
-0.32204595 0.83569717 1.0629824 5 0 0 0 15
-0.30425754 0.71333247 0.28609368 5 0 0 0 15
0.23102267 0.59011257 0.76924074 5 0 0 0 15
0.10683071 0.66556948 1.0661764 5 0 0 0 15
0.090823673 0.57890069 0.33735248 5 0 0 0 15
-0.64677554 0.89722717 0.63762492 5 0 0 0 15
-0.18110532 0.69154483 0.45807612 5 0 0 0 15
-0.031337515 0.72273171 0.95752186 5 0 0 0 15
-0.047132622 0.71725178 1.0536008 5 0 0 0 15
-0.57274842 0.84542114 0.49981821 5 0 0 0 15
-0.19247116 0.76029396 1.0372885 5 0 0 0 15
0.075809106 0.68564129 0.93910444 5 0 0 0 15
0.0068057133 0.69284165 0.99516106 5 0 0 0 15
-0.12001624 0.75942427 1.0451953 5 0 0 0 15
-0.23629959 0.69848967 0.40452567 5 0 0 0 15
-0.00052586588 0.61595041 0.39847302 5 0 0 0 15
-0.48355079 0.8642031 0.82491553 5 0 0 0 15
-0.11425685 0.69841444 0.64402586 5 0 0 0 15
-0.62472254 0.90393013 0.76435179 5 0 0 0 15
-0.28999656 0.76945454 0.78937322 5 0 0 0 15
-0.19377233 0.78381008 1.0502673 5 0 0 0 15
-0.61428851 0.87129664 0.62816268 6 0 0 0 15
-0.31137305 0.86045134 1.3235956 6 0 0 0 15
0.11002887 0.60304344 0.48663712 6 0 0 0 15
-0.50471115 0.88944846 0.95495248 6 0 0 0 15
0.18875173 0.60027778 0.83308649 6 0 0 0 15
0.28162786 0.53479147 0.60533708 6 0 0 0 15
0.17318738 0.61431891 0.9319073 6 0 0 0 15
-0.43073055 0.85244888 0.89869219 6 0 0 0 15
-0.052168906 0.7136308 0.73373419 6 0 0 0 15
-0.5755505 0.90411752 0.94396138 6 0 0 0 15
0.17918257 0.65858734 1.0871264 6 0 0 0 15
0.15051842 0.65904087 1.0567864 6 0 0 0 15
-0.0037377111 0.63613439 0.4884724 6 0 0 0 15
-0.46795315 0.89934409 1.0292678 6 0 0 0 15
0.001236251 0.72951007 1.2407616 6 0 0 0 15
-0.26026154 0.77859503 0.85740316 6 0 0 0 15
0.17117874 0.62649387 0.88029075 6 0 0 0 15
-0.16576637 0.6642065 0.30939674 6 0 0 0 15
0.13560914 0.60339218 0.66247588 6 0 0 0 15
0.052409921 0.70521313 1.1991084 6 0 0 0 15
-0.013970912 0.64448255 0.52926183 6 0 0 0 15
0.21669774 0.60284859 0.89126843 6 0 0 0 15
-0.35036087 0.82510424 1.01182 6 0 0 0 15
-0.54774791 0.84154862 0.63014853 6 0 0 0 15
-0.052980416 0.73757118 1.0622268 6 0 0 0 15
-0.33822069 0.78743064 0.65414351 6 0 0 0 15
-0.4685747 0.82591015 0.73765618 6 0 0 0 15
0.2762028 0.51932234 0.58894545 6 0 0 0 15
-0.28662062 0.84346944 1.2106165 6 0 0 0 15
-0.34585509 0.77727246 0.65165186 6 0 0 0 15
0.19070309 0.62012357 1.0091013 6 0 0 0 15
-0.32532445 0.74392313 0.44956973 6 0 0 0 15
-0.0096756322 0.67163622 0.76188582 6 0 0 0 15
-0.41008601 0.81216884 0.66646022 6 0 0 0 15
0.34882715 0.5549348 0.77587879 6 0 0 0 15
-0.027497293 0.64669883 0.43644571 6 0 0 0 15
-0.53386045 0.84125632 0.62056851 6 0 0 0 15
-0.40823779 0.79756343 0.65167725 6 0 0 0 15
0.3199589 0.53808361 0.60945481 6 0 0 0 15
-0.043564368 0.61349833 0.19456114 6 0 0 0 15
-0.3787604 0.7890054 0.5068028 7 0 0 0 15
-0.081648402 0.68121862 0.53683716 7 0 0 0 15
-0.54391432 0.83010316 0.61115253 7 0 0 0 15
-0.65750915 0.88043445 0.57128817 7 0 0 0 15
-0.058361068 0.75169051 1.2446747 7 0 0 0 15
0.15232275 0.63257778 0.84483165 7 0 0 0 15
-0.070056416 0.75849462 1.175463 7 0 0 0 15
0.16546378 0.55483407 0.42219684 7 0 0 0 15
0.19055381 0.5840407 0.70336628 7 0 0 0 15
0.15496109 0.58016229 0.41010052 7 0 0 0 15
0.2909658 0.57704663 0.84304547 7 0 0 0 15
-0.32062638 0.81630754 1.0308485 7 0 0 0 15
0.33959261 0.55846387 0.88926452 7 0 0 0 15
-0.24653959 0.83797902 1.3293744 7 0 0 0 15
-0.2413543 0.69166857 0.33312908 7 0 0 0 15
-0.2289886 0.77727431 0.87831122 7 0 0 0 15
0.10596631 0.67255622 0.95502335 7 0 0 0 15
0.27157661 0.5696913 0.80195361 7 0 0 0 15
-0.39537677 0.79084343 0.55742335 7 0 0 0 15
-0.31748736 0.77564502 0.75540024 7 0 0 0 15
-0.35133559 0.85124123 1.0337743 7 0 0 0 15
0.077593312 0.67834246 0.99462074 7 0 0 0 15
-0.44344839 0.83367503 0.81538057 7 0 0 0 15
-0.35550165 0.75893074 0.43773988 7 0 0 0 15
-0.076194867 0.72932845 0.98701322 7 0 0 0 15
-0.2453928 0.75964522 0.76809269 7 0 0 0 15
0.0031084737 0.56937587 0.18422566 7 0 0 0 15
-0.012197179 0.74074984 1.2454808 7 0 0 0 15
-0.25189009 0.79638356 0.97908694 7 0 0 0 15
-0.41195917 0.84746259 0.92759335 7 0 0 0 15
0.13855088 0.62177223 0.84559125 7 0 0 0 15
-0.052133758 0.73550177 1.1487727 7 0 0 0 15
-0.61806077 0.89727432 0.84420568 7 0 0 0 15
-0.2919611 0.80036765 0.80502498 7 0 0 0 15
-0.2563622 0.76190627 0.67561442 7 0 0 0 15
-0.25674659 0.81551552 1.1230813 7 0 0 0 15
-0.038398735 0.67555547 0.68308127 7 0 0 0 15
0.12378925 0.60318464 0.47617403 7 0 0 0 15
0.15335093 0.66591328 0.91649598 7 0 0 0 15
0.086694755 0.69927788 1.1863502 7 0 0 0 15
0.32904065 0.58195323 0.98020577 8 0 0 0 15
-0.034811661 0.68508857 0.72802734 8 0 0 0 15
-0.12060066 0.786421 1.3218849 8 0 0 0 15
0.0011040373 0.70691413 0.97822976 8 0 0 0 15
-0.42573878 0.87545198 1.0348139 8 0 0 0 15
0.16538937 0.57198614 0.40946501 8 0 0 0 15
-0.44108891 0.86721402 1.0946134 8 0 0 0 15
-0.32051417 0.7160818 0.2819874 8 0 0 0 15
0.23445103 0.58146077 0.68376821 8 0 0 0 15
-0.36765742 0.84755665 1.1545405 8 0 0 0 15
-0.25139713 0.78569061 0.94210821 8 0 0 0 15
-0.17968862 0.79544699 1.0640006 8 0 0 0 15
-0.18944322 0.76824582 0.95820075 8 0 0 0 15
-0.16526335 0.69455034 0.55810499 8 0 0 0 15
0.19176923 0.65385073 1.1303678 8 0 0 0 15
-0.12727804 0.73409414 0.84505993 8 0 0 0 15
0.14729752 0.6607613 1.0182819 8 0 0 0 15
-0.057293024 0.71587044 0.95609975 8 0 0 0 15
-0.55890214 0.86346322 0.73629034 8 0 0 0 15
-0.37979198 0.86116767 1.214883 8 0 0 0 15
0.052286599 0.66869712 0.92370409 8 0 0 0 15
-0.39179 0.84726912 1.0636921 8 0 0 0 15
-0.10655549 0.66474736 0.36220431 8 0 0 0 15
-0.44730633 0.84299684 0.83148706 8 0 0 0 15
0.062598407 0.5908494 0.37282947 8 0 0 0 15
-0.58515435 0.87919694 0.76923317 8 0 0 0 15
0.47008297 0.54085308 0.85333288 8 0 0 0 15
-0.3294473 0.80620092 0.83706397 8 0 0 0 15
-0.42643145 0.76604128 0.41686147 8 0 0 0 15
0.42911744 0.52617848 0.8501485 8 0 0 0 15
-0.13022128 0.79251641 1.3106033 8 0 0 0 15
-0.055241369 0.63470113 0.34244785 8 0 0 0 15
-0.21781108 0.78671587 1.0124781 8 0 0 0 15
-0.27535641 0.82157308 1.0262628 8 0 0 0 15
0.18734002 0.61654711 0.76380074 8 0 0 0 15
-0.17456624 0.66368157 0.20505099 8 0 0 0 15
-0.27254382 0.85575408 1.3525192 8 0 0 0 15
0.17341313 0.63708103 0.89824814 8 0 0 0 15
-0.087181814 0.72185403 0.84047019 8 0 0 0 15
-0.28132004 0.84133154 1.3690604 8 0 0 0 15
-0.32394165 0.79589921 0.81134152 9 0 0 0 15
-0.52037919 0.80708838 0.50416237 9 0 0 0 15
-0.24536434 0.76405257 0.82714111 9 0 0 0 15
-0.13160193 0.66894901 0.44697207 9 0 0 0 15
-0.34617904 0.80937028 0.85798436 9 0 0 0 15
-0.14841963 0.67427289 0.34349796 9 0 0 0 15
-0.12432302 0.65194613 0.48182899 9 0 0 0 15
0.33669022 0.56410837 0.83583397 9 0 0 0 15
-0.17769818 0.73546541 0.80110031 9 0 0 0 15
-0.15849227 0.7158429 0.73851728 9 0 0 0 15
0.26850656 0.55104262 0.54379576 9 0 0 0 15
-0.19793814 0.67129743 0.20211291 9 0 0 0 15
-0.38782901 0.76062697 0.34635559 9 0 0 0 15
0.052795265 0.7050885 1.2247226 9 0 0 0 15
-0.37232468 0.80936146 0.705984 9 0 0 0 15
-0.011640206 0.71777987 1.0025436 9 0 0 0 15
0.35641834 0.55968916 0.86302215 9 0 0 0 15
0.34344566 0.58930784 0.98905444 9 0 0 0 15
-0.53438789 0.87596738 0.74768412 9 0 0 0 15
-0.095874488 0.66132796 0.18619272 9 0 0 0 15
-0.0077415393 0.68394482 0.90598673 9 0 0 0 15
-0.41585699 0.80450565 0.73937827 9 0 0 0 15
0.036056064 0.65614653 0.74034083 9 0 0 0 15
0.01304118 0.66591817 0.71061224 9 0 0 0 15
-0.65586746 0.90837657 0.83125693 9 0 0 0 15
-0.031313058 0.68004185 0.76283729 9 0 0 0 15
-0.43526497 0.8476826 0.98661619 9 0 0 0 15
-0.014976963 0.5957619 0.23964727 9 0 0 0 15
-0.73451322 0.92757142 0.62010896 9 0 0 0 15
0.37526411 0.53228724 0.74726188 9 0 0 0 15
0.20656665 0.57804108 0.62765765 9 0 0 0 15
-0.46027738 0.79194385 0.44244048 9 0 0 0 15
-0.16035345 0.76255548 1.024906 9 0 0 0 15
-0.21729356 0.7049374 0.45987317 9 0 0 0 15
-0.29731834 0.86055171 1.3652285 9 0 0 0 15
-0.58784091 0.85766423 0.69864804 9 0 0 0 15
0.024118293 0.62962729 0.60785604 9 0 0 0 15
-0.0081273951 0.75400054 1.1685085 9 0 0 0 15
0.020528141 0.58079332 0.28192565 9 0 0 0 15
0.34057319 0.56244218 0.92099482 9 0 0 0 15
0.19981338 0.57777548 0.5850724 10 0 0 0 15
-0.1176333 0.77806461 1.241116 10 0 0 0 15
-0.39161554 0.79087079 0.58012944 10 0 0 0 15
0.099278353 0.61755931 0.69092906 10 0 0 0 15
0.33378556 0.59364122 0.89856458 10 0 0 0 15
-0.026554486 0.72292638 1.0173385 10 0 0 0 15
-0.36570552 0.82754177 1.0132574 10 0 0 0 15
0.015825806 0.65287334 0.61249828 10 0 0 0 15
0.39425263 0.55080003 0.8728596 10 0 0 0 15
-0.1518525 0.76482421 1.1348178 10 0 0 0 15
-0.39251676 0.81696469 0.75911456 10 0 0 0 15
-0.067305699 0.66441321 0.43255767 10 0 0 0 15
0.34029111 0.54627538 0.69664067 10 0 0 0 15
-0.24642634 0.80428654 1.1815112 10 0 0 0 15
0.31600529 0.59168249 0.96789891 10 0 0 0 15
0.1240532 0.60845375 0.47617787 10 0 0 0 15
-0.1516934 0.69030815 0.47574943 10 0 0 0 15
0.00019581584 0.59540761 0.30127656 10 0 0 0 15
-0.067404814 0.65454298 0.55869806 10 0 0 0 15
-0.32541254 0.78116512 0.80968887 10 0 0 0 15
-0.047831792 0.65218043 0.71300304 10 0 0 0 15
-0.021403303 0.70169264 0.90557629 10 0 0 0 15
0.023727404 0.61459315 0.3546429 10 0 0 0 15
-0.093878314 0.74915886 1.1831822 10 0 0 0 15
0.48049769 0.52869314 0.90482038 10 0 0 0 15
-0.36574131 0.77976817 0.46336386 10 0 0 0 15
-0.205727 0.72300524 0.61760557 10 0 0 0 15
-0.2623685 0.71063322 0.43068272 10 0 0 0 15
-0.44369453 0.88474578 1.1033059 10 0 0 0 15
0.17026579 0.57618767 0.6375308 10 0 0 0 15
0.3718259 0.57405066 0.89445305 10 0 0 0 15
-0.40003616 0.77453268 0.50881815 10 0 0 0 15
0.13248202 0.60734713 0.644499 10 0 0 0 15
-0.015314442 0.63542938 0.43070641 10 0 0 0 15
0.10472369 0.60688472 0.61145717 10 0 0 0 15
-0.24852379 0.66268653 0.25983721 10 0 0 0 15
0.24083306 0.5781759 0.75018531 10 0 0 0 15
-0.11309091 0.71805495 0.80786139 10 0 0 0 15
0.078568302 0.56860942 0.33503932 10 0 0 0 15
-0.11851085 0.72395337 0.86053282 10 0 0 0 15
-0.33593655 0.84379935 1.1123464 11 0 0 0 15
-0.32979354 0.82229066 1.0857552 11 0 0 0 15
-0.064253628 0.6695348 0.68382591 11 0 0 0 15
-0.21925774 0.77980483 1.0439943 11 0 0 0 15
-0.36618611 0.78174931 0.71217352 11 0 0 0 15
-0.35190171 0.8332004 1.1223061 11 0 0 0 15
0.033431921 0.66971761 0.92630792 11 0 0 0 15
-0.41642365 0.77580005 0.60471839 11 0 0 0 15
-0.46599051 0.84604591 0.93320483 11 0 0 0 15
-0.20002279 0.70530498 0.58822078 11 0 0 0 15
-0.056304533 0.69102919 0.7422778 11 0 0 0 15
0.16805997 0.64660048 1.1470048 11 0 0 0 15
0.06227053 0.61944228 0.56950539 11 0 0 0 15
0.054810911 0.67849439 1.0096145 11 0 0 0 15
-0.30295071 0.72777516 0.42254245 11 0 0 0 15
-0.076737292 0.61651146 0.20223457 11 0 0 0 15
0.25223571 0.62688267 0.96255052 11 0 0 0 15
0.2670083 0.55724412 0.65018803 11 0 0 0 15
-0.18850864 0.7482664 0.93304956 11 0 0 0 15
0.10378164 0.6309936 0.65304995 11 0 0 0 15
-0.037477847 0.71665812 0.93749279 11 0 0 0 15
0.0254717 0.60745704 0.35524389 11 0 0 0 15
-0.14709377 0.78913599 1.2336743 11 0 0 0 15
-0.14355564 0.6900084 0.48587534 11 0 0 0 15
-0.53858387 0.83123845 0.59161544 11 0 0 0 15
-0.28545353 0.71695781 0.41478264 11 0 0 0 15
0.21297558 0.58481693 0.66338331 11 0 0 0 15
0.21618553 0.57344276 0.68566906 11 0 0 0 15
-0.34430334 0.77359152 0.54374599 11 0 0 0 15
-0.33231729 0.84166217 1.1144824 11 0 0 0 15
-0.52676225 0.86672348 0.80224884 11 0 0 0 15
-0.28283456 0.71993738 0.31368494 11 0 0 0 15
-0.085725859 0.68056655 0.5289126 11 0 0 0 15
-0.15494053 0.69022048 0.40463257 11 0 0 0 15
-0.56227428 0.85237104 0.77374017 11 0 0 0 15
-0.13189448 0.69100672 0.48082367 11 0 0 0 15
-0.29050884 0.75385582 0.69946718 11 0 0 0 15
0.20135437 0.59126598 0.74895078 11 0 0 0 15
-0.16618191 0.74128526 0.86742526 11 0 0 0 15
0.081759065 0.5969584 0.41350526 11 0 0 0 15
-0.36495179 0.8236782 0.99417895 12 0 0 0 15
-0.27496672 0.76066589 0.68825454 12 0 0 0 15
-0.39840293 0.81854254 0.76582974 12 0 0 0 15
-0.62307996 0.88960862 0.86938173 12 0 0 0 15
-0.56276745 0.84193438 0.55246621 12 0 0 0 15
-0.50502843 0.87762332 0.89352864 12 0 0 0 15
-0.31283849 0.73270905 0.40060568 12 0 0 0 15
-0.65702397 0.90826708 0.83923721 12 0 0 0 15
0.35206589 0.5909394 1.0095799 12 0 0 0 15
0.10078719 0.58021176 0.48048958 12 0 0 0 15
-0.52150011 0.84110349 0.6368801 12 0 0 0 15
0.2100931 0.60156578 0.71601063 12 0 0 0 15
-0.5394668 0.82130945 0.53475928 12 0 0 0 15
-0.1415091 0.68650478 0.47725102 12 0 0 0 15
-0.13645174 0.69915932 0.57730126 12 0 0 0 15
-0.035260137 0.65950775 0.52313167 12 0 0 0 15
0.097560428 0.679129 1.1404272 12 0 0 0 15
-0.093260042 0.70763719 0.80785429 12 0 0 0 15
-0.63154501 0.89019126 0.74806923 12 0 0 0 15
-0.2610313 0.79847932 0.8658672 12 0 0 0 15
-0.098360777 0.75600201 1.2747123 12 0 0 0 15
0.045751795 0.61727345 0.5376156 12 0 0 0 15
-0.40100524 0.82418686 0.80673677 12 0 0 0 15
0.40891856 0.54838538 0.85413283 12 0 0 0 15
-0.1329215 0.77966648 1.0913013 12 0 0 0 15
0.013893673 0.67949873 0.8220883 12 0 0 0 15
-0.15814386 0.72232383 0.77525061 12 0 0 0 15
-0.10011176 0.64093947 0.17479379 12 0 0 0 15
0.058934063 0.65350324 0.72806621 12 0 0 0 15
0.085567594 0.68868685 1.1811601 12 0 0 0 15
-0.53663796 0.82860237 0.48614517 12 0 0 0 15
-0.10486162 0.74492085 0.9877255 12 0 0 0 15
-0.084004223 0.74338835 1.0403496 12 0 0 0 15
-0.041041549 0.65458125 0.6613422 12 0 0 0 15
-0.14888312 0.63161927 0.18388228 12 0 0 0 15
-0.070962749 0.60589665 0.15641853 12 0 0 0 15
-0.61361635 0.87819231 0.74737144 12 0 0 0 15
0.046244994 0.5965451 0.35754585 12 0 0 0 15
-0.13141331 0.78544593 1.225041 12 0 0 0 15
0.071916267 0.68183321 1.0707359 12 0 0 0 15
-0.16854696 0.6697498 0.27485031 13 0 0 0 15
-0.13803528 0.73787421 0.98312861 13 0 0 0 15
-0.016086577 0.71754676 1.0447435 13 0 0 0 15
-0.52584761 0.86211103 0.75300133 13 0 0 0 15
-0.29279593 0.80765033 0.91691148 13 0 0 0 15
-0.043137308 0.59560668 0.13151622 13 0 0 0 15
0.33455881 0.57844079 1.0082276 13 0 0 0 15
-0.56829971 0.89441699 0.95629907 13 0 0 0 15
-0.52988905 0.87619817 0.86307323 13 0 0 0 15
0.10870802 0.63776559 0.79908514 13 0 0 0 15
-0.28143933 0.84554547 1.263774 13 0 0 0 15
0.14041862 0.63994515 0.88633841 13 0 0 0 15
0.045289204 0.68124914 0.99569285 13 0 0 0 15
-0.13954464 0.68463743 0.59784591 13 0 0 0 15
-0.52106202 0.89777231 1.0308379 13 0 0 0 15
0.0324241 0.69772184 1.0542336 13 0 0 0 15
-0.2476642 0.72154748 0.57298332 13 0 0 0 15
-0.23523019 0.80236691 1.1738756 13 0 0 0 15
0.0069094836 0.71344268 0.9382031 13 0 0 0 15
0.16308211 0.65208542 1.0085586 13 0 0 0 15
-0.14641713 0.74989861 0.84108335 13 0 0 0 15
-0.55247617 0.88570386 0.98522365 13 0 0 0 15
-0.32744902 0.83648109 1.18873 13 0 0 0 15
-0.55229729 0.84905005 0.68107653 13 0 0 0 15
-0.30963996 0.74469775 0.53382295 13 0 0 0 15
-0.52632409 0.82052457 0.55941671 13 0 0 0 15
0.067707114 0.61142325 0.5243361 13 0 0 0 15
0.086201966 0.59054905 0.34669748 13 0 0 0 15
0.010973696 0.58121628 0.21435152 13 0 0 0 15
0.027775105 0.72037929 0.97354645 13 0 0 0 15
-0.58563095 0.87107021 0.76067394 13 0 0 0 15
-0.16377775 0.76980966 1.0977734 13 0 0 0 15
-0.61258358 0.85421598 0.5232268 13 0 0 0 15
-0.44820502 0.8037796 0.60202074 13 0 0 0 15
-0.53317887 0.86854088 0.85342002 13 0 0 0 15
-0.29599795 0.80001026 0.93257535 13 0 0 0 15
0.37493014 0.54949421 0.72544652 13 0 0 0 15
0.076464653 0.58942062 0.37293324 13 0 0 0 15
-0.26373622 0.76965111 0.94573581 13 0 0 0 15
0.12593228 0.58294022 0.33295611 13 0 0 0 15
0.32841012 0.5523414 0.74786842 14 0 0 0 15
-0.27542174 0.76414078 0.58271044 14 0 0 0 15
0.2375644 0.60469335 0.96100718 14 0 0 0 15
-0.090566769 0.71014166 0.90838891 14 0 0 0 15
0.24921918 0.60919946 1.0006036 14 0 0 0 15
-0.74612755 0.91338891 0.66256928 14 0 0 0 15
-0.40966991 0.77147955 0.40443161 14 0 0 0 15
-0.44194311 0.79216051 0.50999284 14 0 0 0 15
-0.011054615 0.59561926 0.16100582 14 0 0 0 15
0.093353197 0.69442052 1.0930794 14 0 0 0 15
-0.13963756 0.74811959 0.99615973 14 0 0 0 15
-0.13027291 0.76377743 1.1228522 14 0 0 0 15
-0.30273515 0.77355582 0.71227741 14 0 0 0 15
-0.027693514 0.70921236 1.0781416 14 0 0 0 15
-0.29549986 0.75518459 0.6351825 14 0 0 0 15
-0.26444015 0.76939678 0.80024552 14 0 0 0 15
-0.052118089 0.62814605 0.27957064 14 0 0 0 15
-0.16126832 0.71468002 0.56864965 14 0 0 0 15
0.055698071 0.64627123 0.74509507 14 0 0 0 15
-0.62500632 0.86720777 0.72726405 14 0 0 0 15
0.14487542 0.64736724 0.95948339 14 0 0 0 15
0.43573579 0.5074777 0.80650002 14 0 0 0 15
-0.15820073 0.79252529 1.2605004 14 0 0 0 15
-0.20662415 0.69098586 0.43840861 14 0 0 0 15
-0.12527159 0.71795082 0.81662804 14 0 0 0 15
-0.26045242 0.69310784 0.30228812 14 0 0 0 15
0.064449944 0.59237403 0.3171885 14 0 0 0 15
-0.2045065 0.70375246 0.48257881 14 0 0 0 15
-0.53127998 0.81551474 0.58306605 14 0 0 0 15
-0.049519502 0.74186677 1.0414684 14 0 0 0 15
0.33975029 0.56611806 0.97940886 14 0 0 0 15
-0.04188231 0.74624348 1.161549 14 0 0 0 15
0.23756441 0.58476621 0.73996776 14 0 0 0 15
-0.57332742 0.8334142 0.49374744 14 0 0 0 15
-0.34475309 0.82523018 0.95154238 14 0 0 0 15
-0.50382513 0.87179852 0.90621352 14 0 0 0 15
-0.58433729 0.91765547 0.93823546 14 0 0 0 15
-0.20395458 0.68667275 0.31657043 14 0 0 0 15
-0.003575345 0.70006579 1.0028689 14 0 0 0 15
-0.038295593 0.66961944 0.71189255 14 0 0 0 15
-0.46066818 0.83950859 0.89122397 15 0 0 0 15
0.020226333 0.61666781 0.44303417 15 0 0 0 15
-0.36646095 0.76653904 0.59532869 15 0 0 0 15
-0.11151717 0.72943872 0.71382433 15 0 0 0 15
0.061555315 0.70994216 1.2044102 15 0 0 0 15
0.21838203 0.64153892 1.0656557 15 0 0 0 15
-0.026475744 0.61377567 0.32477418 15 0 0 0 15
-0.026136458 0.69640714 0.79819697 15 0 0 0 15
-0.21587867 0.69339931 0.40883264 15 0 0 0 15
0.21908219 0.61005056 0.91713727 15 0 0 0 15
-0.12696072 0.72760755 0.86461562 15 0 0 0 15
-0.54096907 0.88398749 0.92377013 15 0 0 0 15
-0.31088665 0.74480069 0.55088001 15 0 0 0 15
-0.2475099 0.86490577 1.4237204 15 0 0 0 15
-0.14358549 0.73156446 0.84698498 15 0 0 0 15
-0.47762811 0.84841645 0.83248544 15 0 0 0 15
-0.30721623 0.81667733 1.0871345 15 0 0 0 15
-0.17219739 0.68357956 0.44942784 15 0 0 0 15
-0.023740752 0.7080372 0.95528746 15 0 0 0 15
-0.30818292 0.75940377 0.59941071 15 0 0 0 15
-0.2663072 0.741225 0.73638654 15 0 0 0 15
-0.0044009509 0.65478343 0.5908038 15 0 0 0 15
-0.1568031 0.6709528 0.33183703 15 0 0 0 15
0.23931499 0.57533646 0.66081381 15 0 0 0 15
-0.12401026 0.76996452 1.1018326 15 0 0 0 15
-0.3825348 0.77430457 0.5186649 15 0 0 0 15
-0.36014935 0.82439584 0.95062423 15 0 0 0 15
-0.30683279 0.80636477 1.0298657 15 0 0 0 15
-0.27140537 0.68983942 0.26793039 15 0 0 0 15
0.27603331 0.60716474 1.0477623 15 0 0 0 15
-0.30767176 0.80339402 0.93750441 15 0 0 0 15
0.28378081 0.55902684 0.75734413 15 0 0 0 15
-0.46423501 0.78897649 0.47187781 15 0 0 0 15
0.05882572 0.66410905 0.74206364 15 0 0 0 15
-0.028315051 0.6811772 0.75710243 15 0 0 0 15
-0.55746764 0.84861881 0.63582271 15 0 0 0 15
-0.32781035 0.77017391 0.6006102 15 0 0 0 15
-0.47846767 0.83108473 0.72072041 15 0 0 0 15
-0.29400915 0.74981636 0.78953212 15 0 0 0 15
-0.6757496 0.89662987 0.70821619 15 0 0 0 15
-0.49060076 0.84493816 0.68264735 16 0 0 0 15
-0.0023886003 0.68944287 0.77314919 16 0 0 0 15
0.21153389 0.6178056 0.92181075 16 0 0 0 15
-0.34562066 0.79437828 0.58956093 16 0 0 0 15
0.26972342 0.5354749 0.55278862 16 0 0 0 15
-0.21814546 0.75256515 0.94665498 16 0 0 0 15
-0.49279654 0.84663779 0.79698437 16 0 0 0 15
-0.18213449 0.78788185 1.0907937 16 0 0 0 15
-0.29365864 0.69911784 0.37221354 16 0 0 0 15
-0.63452154 0.88420224 0.73407346 16 0 0 0 15
-0.43252707 0.78756154 0.57996154 16 0 0 0 15
-0.662211 0.93571031 0.80354095 16 0 0 0 15
0.01518654 0.67219168 0.82479191 16 0 0 0 15
0.020914325 0.59061629 0.20573366 16 0 0 0 15
-0.0027733918 0.66613448 0.82073212 16 0 0 0 15
0.097221524 0.62058079 0.60410494 16 0 0 0 15
0.12783162 0.58084178 0.47278184 16 0 0 0 15
-0.15162095 0.70472896 0.68841577 16 0 0 0 15
-0.5216828 0.87596858 0.97236586 16 0 0 0 15
-0.31169581 0.82915175 1.1301928 16 0 0 0 15
0.083397917 0.62629747 0.6791752 16 0 0 0 15
-0.14731762 0.80780733 1.2942562 16 0 0 0 15
-0.18094105 0.7325685 0.66426528 16 0 0 0 15
-0.15723132 0.714064 0.77922326 16 0 0 0 15
0.30361858 0.61732936 1.0549216 16 0 0 0 15
-0.11104671 0.76148617 1.1591926 16 0 0 0 15
-0.57082427 0.82611978 0.48128542 16 0 0 0 15
-0.27388462 0.76889372 0.71068734 16 0 0 0 15
0.3100175 0.54380667 0.672288 16 0 0 0 15
-0.1907457 0.74720764 0.87787485 16 0 0 0 15
-0.25413081 0.78828257 1.0586194 16 0 0 0 15
0.1984497 0.56445211 0.48280355 16 0 0 0 15
-0.68106991 0.91280872 0.65404224 16 0 0 0 15
-0.29597464 0.76153165 0.64880455 16 0 0 0 15
-0.28253838 0.78920841 0.90655762 16 0 0 0 15
-0.37495729 0.84619564 1.0742455 16 0 0 0 15
-0.10783049 0.67936331 0.47384909 16 0 0 0 15
-0.31539896 0.7300818 0.42237905 16 0 0 0 15
0.42925692 0.5041818 0.81012213 16 0 0 0 15
0.41032234 0.53591603 0.82543588 16 0 0 0 15
0.35709906 0.56684536 0.84791386 17 0 0 0 15
-0.013248564 0.70524913 1.0143098 17 0 0 0 15
-0.16124368 0.67720711 0.36650521 17 0 0 0 15
-0.09659192 0.68354917 0.56939059 17 0 0 0 15
-0.25496125 0.78759778 1.0555953 17 0 0 0 15
0.022122461 0.62407631 0.54612345 17 0 0 0 15
-0.51699936 0.85993022 0.97831994 17 0 0 0 15
-0.36186469 0.77049893 0.69285959 17 0 0 0 15
-0.55185914 0.88967186 0.91127622 17 0 0 0 15
-0.0060552033 0.61632299 0.36792576 17 0 0 0 15
-0.12438329 0.73142862 0.93853045 17 0 0 0 15
0.079943828 0.67052376 0.98601216 17 0 0 0 15
0.25324443 0.57680798 0.72567701 17 0 0 0 15
0.29376853 0.60275871 1.0523769 17 0 0 0 15
0.047905069 0.66987181 0.83049309 17 0 0 0 15
-0.28638339 0.71711487 0.3526141 17 0 0 0 15
0.26595253 0.53839856 0.59031528 17 0 0 0 15
0.063131027 0.59432185 0.28059301 17 0 0 0 15
0.051465522 0.6427905 0.69576007 17 0 0 0 15
-0.34640399 0.75291467 0.44158328 17 0 0 0 15
0.20866655 0.59058219 0.6176573 17 0 0 0 15
0.049571957 0.65833354 0.77223647 17 0 0 0 15
-0.46786001 0.89106655 1.0881917 17 0 0 0 15
-0.25704694 0.7984134 1.0407224 17 0 0 0 15
-0.51964414 0.84216022 0.69376087 17 0 0 0 15
-0.27821937 0.74980015 0.70837528 17 0 0 0 15
-0.049435735 0.69008112 0.73827827 17 0 0 0 15
-0.31089821 0.80683243 1.0611815 17 0 0 0 15
-0.26744542 0.74850726 0.73205912 17 0 0 0 15
-0.26498225 0.72391248 0.5677923 17 0 0 0 15
0.093836926 0.63417345 0.62585539 17 0 0 0 15
-0.39277405 0.80386221 0.62853116 17 0 0 0 15
-0.66491687 0.93106598 0.81523854 17 0 0 0 15
-0.32497266 0.76020879 0.63750327 17 0 0 0 15
0.227458 0.62265694 1.0219748 17 0 0 0 15
0.28457198 0.58113748 0.92681444 17 0 0 0 15
0.038793813 0.68063903 0.83084118 17 0 0 0 15
0.15400137 0.5682041 0.36964992 17 0 0 0 15
-0.60121417 0.87732506 0.66293824 17 0 0 0 15
-0.13418226 0.74185538 0.97027117 17 0 0 0 15
-0.23313731 0.75681168 0.79056418 18 0 0 0 15
-0.12048022 0.75727499 1.1945101 18 0 0 0 15
-0.57690263 0.87047529 0.72537321 18 0 0 0 15
-0.66631961 0.90597862 0.59056431 18 0 0 0 15
0.047054254 0.62203234 0.45490685 18 0 0 0 15
-0.577034 0.82303369 0.47760683 18 0 0 0 15
-0.063133553 0.62146455 0.23622154 18 0 0 0 15
-0.021107964 0.63453406 0.31191295 18 0 0 0 15
-0.3577657 0.74238473 0.4620119 18 0 0 0 15
-0.32876578 0.81125379 0.94578183 18 0 0 0 15
-0.42232108 0.81388468 0.72128922 18 0 0 0 15
0.13859758 0.56535912 0.3826544 18 0 0 0 15
0.14915615 0.58071369 0.45570686 18 0 0 0 15
-0.27895588 0.81387913 1.1929694 18 0 0 0 15
-0.35120291 0.84034956 1.2203201 18 0 0 0 15
-0.093060814 0.69807744 0.7173146 18 0 0 0 15
-0.36363491 0.85497457 1.1325001 18 0 0 0 15
-0.20655908 0.7654677 0.79019862 18 0 0 0 15
-0.18312578 0.7481252 0.8847037 18 0 0 0 15
-0.10945543 0.65670902 0.43369424 18 0 0 0 15
-0.42809525 0.77529019 0.46945646 18 0 0 0 15
-0.014801947 0.68504596 0.81012273 18 0 0 0 15
0.31632319 0.59584486 0.98614806 18 0 0 0 15
-0.032263029 0.66027695 0.53575081 18 0 0 0 15
0.1043594 0.6635713 1.1304963 18 0 0 0 15
-0.73278868 0.90089709 0.59312773 18 0 0 0 15
-0.20846267 0.71591604 0.4040722 18 0 0 0 15
-0.33490875 0.78767812 0.6855641 18 0 0 0 15
-0.3424879 0.84824026 1.2259856 18 0 0 0 15
0.045090385 0.61071295 0.42894879 18 0 0 0 15
-0.53182018 0.88457233 1.0218239 18 0 0 0 15
-0.26561964 0.80471116 1.119608 18 0 0 0 15
-0.54013658 0.82821429 0.51259166 18 0 0 0 15
-0.27769327 0.74205565 0.32633752 18 0 0 0 15
-0.52179474 0.85637653 0.75828558 18 0 0 0 15
-0.54570955 0.84429193 0.58780587 18 0 0 0 15
0.053665206 0.61220723 0.57779104 18 0 0 0 15
-0.35313699 0.81629407 0.91812468 18 0 0 0 15
-0.24362205 0.78446877 1.0423586 18 0 0 0 15
-0.39195356 0.79523641 0.71654069 18 0 0 0 15
-0.20888984 0.79769391 1.1821722 19 0 0 0 15
-0.082937941 0.75066042 1.1137395 19 0 0 0 15
-0.098173968 0.63711333 0.35662356 19 0 0 0 15
-0.07039582 0.73905784 1.1273805 19 0 0 0 15
0.31637844 0.5769242 0.96678728 19 0 0 0 15
-0.23167548 0.83381462 1.2930912 19 0 0 0 15
-0.20906815 0.82708693 1.1975579 19 0 0 0 15
0.27251005 0.56315714 0.7443794 19 0 0 0 15
-0.41552749 0.78721094 0.42949578 19 0 0 0 15
-0.61582625 0.87777179 0.62269491 19 0 0 0 15
-0.41722494 0.77102494 0.42774689 19 0 0 0 15
-0.4423818 0.84050471 0.76009661 19 0 0 0 15
-0.57802749 0.87883073 0.86545223 19 0 0 0 15
-0.18008739 0.68891078 0.57463247 19 0 0 0 15
0.43814304 0.52548361 0.7822746 19 0 0 0 15
-0.17073347 0.81769103 1.3494929 19 0 0 0 15
0.024632651 0.69239581 0.96687591 19 0 0 0 15
-0.18785401 0.69493967 0.35267618 19 0 0 0 15
-0.17981808 0.75845104 0.95041978 19 0 0 0 15
-0.66498643 0.89405519 0.79140842 19 0 0 0 15
-0.14786893 0.67752701 0.42214116 19 0 0 0 15
0.14725736 0.64625663 0.91411239 19 0 0 0 15
0.20113485 0.57734108 0.62175405 19 0 0 0 15
-0.24928264 0.72371846 0.48907349 19 0 0 0 15
-0.086335659 0.71748775 0.83802444 19 0 0 0 15
-0.30571297 0.72569865 0.33236045 19 0 0 0 15
-0.51540691 0.81677145 0.5185219 19 0 0 0 15
-0.0033150427 0.6027683 0.24505365 19 0 0 0 15
-0.058269035 0.65949202 0.45226961 19 0 0 0 15
-0.4371095 0.82913721 0.85253513 19 0 0 0 15
0.039336216 0.61440337 0.48767766 19 0 0 0 15
-0.60006475 0.88512713 0.55448699 19 0 0 0 15
-0.53896284 0.87276012 0.91035277 19 0 0 0 15
0.28625301 0.56852233 0.69396526 19 0 0 0 15
-0.34231502 0.82615405 0.93932813 19 0 0 0 15
0.057406098 0.69612956 0.99326783 19 0 0 0 15
-0.64033192 0.88815904 0.76333719 19 0 0 0 15
-0.24904376 0.79985124 0.94242567 19 0 0 0 15
-0.039091334 0.72856122 1.0170881 19 0 0 0 15
-0.33267933 0.77943558 0.67731899 19 0 0 0 15
0.83544827 -0.07020738 -1.5544854 0 0 0 0 16
1.0322934 -0.023837844 -1.6587402 0 0 0 0 16
1.2359931 0.091173537 -2.1693063 0 0 0 0 16
1.2186064 -0.071336642 -1.5442168 0 0 0 0 16
0.62669975 -0.00049243635 -1.7807672 0 0 0 0 16
0.67223161 0.052552883 -1.9405925 0 0 0 0 16
1.165576 0.034660071 -1.9428277 0 0 0 0 16
0.66150451 0.0043366891 -1.7131128 0 0 0 0 16
1.2810166 -0.11280265 -1.4316655 0 0 0 0 16
1.0982566 -0.024050046 -1.7054714 0 0 0 0 16
1.2047123 0.067164093 -2.0729594 0 0 0 0 16
0.53876376 0.081468076 -2.0166092 0 0 0 0 16
0.92451578 -0.069543421 -1.5132105 0 0 0 0 16
0.78426427 -0.0019772735 -1.7937219 0 0 0 0 16
0.51262456 0.094006971 -2.1327763 0 0 0 0 16
1.1027203 -0.083721086 -1.4801795 0 0 0 0 16
0.92768574 0.018856857 -1.8224245 0 0 0 0 16
0.62029463 0.046350513 -1.898127 0 0 0 0 16
0.6595338 0.10963904 -2.1417174 0 0 0 0 16
0.7681886 0.093879141 -2.135704 0 0 0 0 16
0.64598072 -0.12341719 -1.284206 0 0 0 0 16
1.2892262 -0.11024603 -1.4259723 0 0 0 0 16
1.0641297 0.039289881 -1.928381 0 0 0 0 16
0.77682471 0.030360712 -1.9098834 0 0 0 0 16
0.44679955 0.09152846 -2.0024061 0 0 0 0 16
1.0288075 0.072714612 -2.0421293 0 0 0 0 16
1.0220343 0.088373557 -2.0799983 0 0 0 0 16
0.67200893 -0.027396616 -1.6719974 0 0 0 0 16
0.74293941 0.010745347 -1.7334003 0 0 0 0 16
0.25404707 0.053401947 -2.0028689 0 0 0 0 16
0.77343905 -0.025462337 -1.7268598 0 0 0 0 16
0.99080509 -0.12532911 -1.2923142 0 0 0 0 16
0.79201823 -0.055118352 -1.5676157 0 0 0 0 16
0.94333208 0.013233617 -1.8414792 0 0 0 0 16
0.89815402 0.11526746 -2.222321 0 0 0 0 16
0.78373295 -0.0044141659 -1.7219925 0 0 0 0 16
0.67003608 -0.046880424 -1.6135496 0 0 0 0 16
0.85375166 -0.07553196 -1.5064639 0 0 0 0 16
0.89655167 -0.029596908 -1.7462662 0 0 0 0 16
1.1940663 -0.026973365 -1.6568267 0 0 0 0 16
0.29741269 0.02776158 -1.8838574 1 0 0 0 16
0.99621284 -0.0042676781 -1.7655021 1 0 0 0 16
0.56431615 -0.073314689 -1.5072004 1 0 0 0 16
0.7958374 -0.092369013 -1.4722039 1 0 0 0 16
1.1456016 0.035142187 -1.947592 1 0 0 0 16
0.44911465 -0.024308652 -1.6210574 1 0 0 0 16
0.4826324 0.00012844724 -1.7524378 1 0 0 0 16
0.5510878 0.023052158 -1.9028969 1 0 0 0 16
1.1709279 -0.073673271 -1.5176202 1 0 0 0 16
0.59023857 -0.0536272 -1.6000443 1 0 0 0 16
0.8444016 0.06544394 -2.0211694 1 0 0 0 16
1.0575129 0.10060231 -2.1846585 1 0 0 0 16
0.75850916 0.055226963 -2.010747 1 0 0 0 16
1.2882067 -0.12560365 -1.4217688 1 0 0 0 16
1.1546335 0.12349219 -2.2435186 1 0 0 0 16
0.65109217 0.0089885285 -1.8606921 1 0 0 0 16
0.97429597 0.12717693 -2.2347946 1 0 0 0 16
0.52938795 0.070245028 -2.030251 1 0 0 0 16
0.63054055 0.11067384 -2.1217482 1 0 0 0 16
0.73547947 -0.1631164 -1.2464092 1 0 0 0 16
0.8886627 0.11681788 -2.2173371 1 0 0 0 16
1.2786633 -0.094912633 -1.4706293 1 0 0 0 16
0.43782622 0.07102488 -2.0310407 1 0 0 0 16
0.81753308 -0.051370744 -1.5286031 1 0 0 0 16
0.68033236 -0.090845056 -1.4235926 1 0 0 0 16
1.0862269 0.079470009 -2.1063297 1 0 0 0 16
0.58509207 -0.047091462 -1.5193065 1 0 0 0 16
1.0355092 0.12244914 -2.271244 1 0 0 0 16
0.82202035 -0.022367217 -1.6239361 1 0 0 0 16
1.0321529 0.11706061 -2.2075202 1 0 0 0 16
0.87065941 -0.00058006088 -1.7616512 1 0 0 0 16
1.1566308 0.12871014 -2.2657225 1 0 0 0 16
1.2522845 0.032516971 -1.9872155 1 0 0 0 16
0.79204017 -0.011109211 -1.7383331 1 0 0 0 16
0.75950015 -0.019456081 -1.6596098 1 0 0 0 16
0.65733588 0.12154689 -2.1246481 1 0 0 0 16
1.2443089 0.023771906 -1.8384249 1 0 0 0 16
0.76294833 -0.11861145 -1.3202621 1 0 0 0 16
1.3701797 -0.077522963 -1.5617039 1 0 0 0 16
0.52571946 0.11591955 -2.099232 1 0 0 0 16
0.69497341 0.015788656 -1.7816333 2 0 0 0 16
0.45517713 0.030715991 -1.8955523 2 0 0 0 16
0.419478 0.0094708884 -1.7752148 2 0 0 0 16
0.79470259 -0.045412697 -1.6868684 2 0 0 0 16
1.3504483 0.016435111 -1.8986166 2 0 0 0 16
0.593858 -0.077974565 -1.461458 2 0 0 0 16
1.1764125 0.061254803 -1.9719332 2 0 0 0 16
1.1984344 -0.028947853 -1.8081504 2 0 0 0 16
0.97918087 -0.1380143 -1.3242544 2 0 0 0 16
0.9224602 -0.043110676 -1.6851434 2 0 0 0 16
0.32773635 0.030760698 -1.8946954 2 0 0 0 16
0.65821803 -0.11250476 -1.3530153 2 0 0 0 16
0.59849805 -0.029222071 -1.6239666 2 0 0 0 16
0.53483343 0.0092408396 -1.7959687 2 0 0 0 16
1.0402361 0.12991418 -2.2662792 2 0 0 0 16
0.84056848 0.083897658 -2.0804114 2 0 0 0 16
0.48690405 -0.087487072 -1.4635437 2 0 0 0 16
0.45630521 0.053875186 -1.955066 2 0 0 0 16
0.76140189 0.042150538 -1.9085863 2 0 0 0 16
0.40119824 -0.042475071 -1.6302683 2 0 0 0 16
0.31401601 0.035580564 -1.8747345 2 0 0 0 16
0.48486859 0.022392474 -1.8294408 2 0 0 0 16
0.91422361 -0.050895266 -1.6906778 2 0 0 0 16
0.8511982 0.12080272 -2.1591997 2 0 0 0 16
0.76183385 0.069639623 -2.0292416 2 0 0 0 16
1.1574265 0.074154519 -2.1416304 2 0 0 0 16
0.50894856 0.0054615443 -1.7849599 2 0 0 0 16
0.98410749 0.082963765 -2.0546587 2 0 0 0 16
1.2850602 -0.071455933 -1.5617677 2 0 0 0 16
0.66724271 -0.0093652615 -1.7452527 2 0 0 0 16
0.65627402 -0.16161278 -1.1959137 2 0 0 0 16
0.70861465 -0.014403844 -1.667652 2 0 0 0 16
0.49651432 0.10440285 -2.0878294 2 0 0 0 16
1.3144336 0.033368092 -1.870324 2 0 0 0 16
0.53335792 -0.030956529 -1.6212423 2 0 0 0 16
1.0503014 -0.14698125 -1.3142571 2 0 0 0 16
0.80355769 0.082337551 -2.0424612 2 0 0 0 16
1.0024375 -0.040896416 -1.5892884 2 0 0 0 16
0.82050467 -0.085475974 -1.4637655 2 0 0 0 16
0.56611192 -0.071762666 -1.4262972 2 0 0 0 16
1.1734946 -0.0058559868 -1.8121175 3 0 0 0 16
0.52397794 0.06624952 -1.9725435 3 0 0 0 16
1.2038608 0.08405485 -2.0863757 3 0 0 0 16
1.1153435 0.08029262 -2.1538451 3 0 0 0 16
0.9819749 -0.039184578 -1.6557353 3 0 0 0 16
1.3026013 -0.11803123 -1.4755201 3 0 0 0 16
0.9833551 0.15101971 -2.3125899 3 0 0 0 16
0.68204135 0.08029034 -2.1159105 3 0 0 0 16
0.80327225 0.075550362 -1.9691867 3 0 0 0 16
1.1121418 0.073519997 -2.0499434 3 0 0 0 16
1.1825629 0.098583303 -2.15464 3 0 0 0 16
0.88182276 0.084659576 -2.1061473 3 0 0 0 16
1.2941959 -0.0047988761 -1.8395455 3 0 0 0 16
0.41328657 0.091279529 -2.0775845 3 0 0 0 16
0.59320801 0.041895404 -1.899027 3 0 0 0 16
1.2207904 -0.020333132 -1.7901051 3 0 0 0 16
0.82668591 0.050909232 -1.9403037 3 0 0 0 16
0.72873551 -0.017071983 -1.7088242 3 0 0 0 16
1.1277261 0.1479302 -2.3148301 3 0 0 0 16
1.1526762 0.10632704 -2.1802828 3 0 0 0 16
0.74060476 -0.053388104 -1.6063689 3 0 0 0 16
1.2160424 0.047053576 -2.0716596 3 0 0 0 16
0.92826027 0.089190513 -2.1105039 3 0 0 0 16
0.71214181 0.024921441 -1.8469306 3 0 0 0 16
0.6004796 0.076159433 -2.048836 3 0 0 0 16
0.61631471 0.028469574 -1.8870678 3 0 0 0 16
0.49119842 -0.016803028 -1.6806343 3 0 0 0 16
1.1287583 0.068445556 -1.9949157 3 0 0 0 16
0.70726359 -0.066976272 -1.4945583 3 0 0 0 16
0.78983933 -0.04342835 -1.5620569 3 0 0 0 16
0.93688065 0.047787745 -1.975606 3 0 0 0 16
1.2320689 0.045916528 -1.992136 3 0 0 0 16
0.42685604 0.051188763 -1.9973885 3 0 0 0 16
0.49367955 -0.092257217 -1.4965429 3 0 0 0 16
0.9355551 -0.09313076 -1.4974422 3 0 0 0 16
1.3734945 -0.10013765 -1.5385357 3 0 0 0 16
1.0216489 -0.10828976 -1.3896672 3 0 0 0 16
0.48526412 0.0056376224 -1.8116884 3 0 0 0 16
1.1134404 -0.070845053 -1.6216605 3 0 0 0 16
0.48045358 0.067764193 -2.0035245 3 0 0 0 16
0.956056 0.13335817 -2.2704692 4 0 0 0 16
0.79622024 -0.013783854 -1.7520558 4 0 0 0 16
0.85013634 -0.083480321 -1.4482406 4 0 0 0 16
0.6113317 -0.050847277 -1.6081988 4 0 0 0 16
0.9021225 -0.027396632 -1.6741571 4 0 0 0 16
1.0094515 0.035635594 -1.9515997 4 0 0 0 16
1.0782497 0.096576139 -2.116812 4 0 0 0 16
1.1508988 0.011895445 -1.8141153 4 0 0 0 16
0.9793402 0.069406919 -2.0081897 4 0 0 0 16
1.1416432 0.15790287 -2.3749304 4 0 0 0 16
0.71568435 0.048939984 -1.9830364 4 0 0 0 16
0.4890376 -0.077787563 -1.4862814 4 0 0 0 16
0.7463057 0.11928894 -2.1462796 4 0 0 0 16
0.50605595 -0.0085006012 -1.6677301 4 0 0 0 16
1.1135291 -0.12282933 -1.357712 4 0 0 0 16
1.3838686 -0.086641945 -1.4998008 4 0 0 0 16
0.97649771 0.017322943 -1.7883264 4 0 0 0 16
1.0721377 -0.084264822 -1.4981955 4 0 0 0 16
0.97406584 0.12888657 -2.2523408 4 0 0 0 16
0.74372005 0.065681837 -2.0336592 4 0 0 0 16
0.50437856 0.047535956 -1.9433275 4 0 0 0 16
0.59617996 -0.060227923 -1.560423 4 0 0 0 16
0.55050075 -0.12742199 -1.3252631 4 0 0 0 16
0.64223176 -0.051185779 -1.5839863 4 0 0 0 16
1.2106439 0.056462929 -2.0519633 4 0 0 0 16
0.91426772 0.051236745 -1.9938028 4 0 0 0 16
0.82476872 0.1446227 -2.2163877 4 0 0 0 16
1.0470725 0.00069555757 -1.8676137 4 0 0 0 16
0.90748209 -0.075502984 -1.5418125 4 0 0 0 16
1.0953373 -0.12616204 -1.3390632 4 0 0 0 16
1.2770839 0.0068227844 -1.8229476 4 0 0 0 16
1.031431 -0.079110339 -1.4807265 4 0 0 0 16
0.63666826 -0.070216998 -1.5139661 4 0 0 0 16
0.61250162 -0.019401856 -1.6973476 4 0 0 0 16
0.84959424 -0.081798263 -1.4613816 4 0 0 0 16
0.57089937 0.022804867 -1.8552269 4 0 0 0 16
1.0527862 0.05786572 -2.0223298 4 0 0 0 16
0.3158842 0.037044883 -1.8816717 4 0 0 0 16
1.0041934 -0.037168771 -1.6347684 4 0 0 0 16
0.62034851 -0.1387492 -1.3051522 4 0 0 0 16
1.221146 0.11161572 -2.146378 5 0 0 0 16
0.66421765 0.081431329 -2.0756428 5 0 0 0 16
0.92205226 -0.032531232 -1.7138243 5 0 0 0 16
0.73109746 -0.024930729 -1.7102283 5 0 0 0 16
0.64516634 -0.17808822 -1.1469363 5 0 0 0 16
0.46703264 -0.046514783 -1.5902653 5 0 0 0 16
1.3407944 -0.070135914 -1.5671432 5 0 0 0 16
0.54743546 0.062386956 -1.9492943 5 0 0 0 16
0.53625518 -0.065869465 -1.5259484 5 0 0 0 16
0.9529261 0.13417383 -2.2216516 5 0 0 0 16
1.0983819 -0.11328693 -1.3270537 5 0 0 0 16
0.50229478 0.079965197 -2.1078694 5 0 0 0 16
1.1715176 0.10911884 -2.1839931 5 0 0 0 16
1.3418757 -0.04114924 -1.6493267 5 0 0 0 16
0.55820495 -0.11976202 -1.3581902 5 0 0 0 16
0.81089067 -0.022243194 -1.695996 5 0 0 0 16
0.79139185 -0.077568471 -1.5180008 5 0 0 0 16
0.56741625 -0.10790698 -1.341604 5 0 0 0 16
0.39273393 -0.029386725 -1.6636437 5 0 0 0 16
1.2854668 -0.060196273 -1.6168283 5 0 0 0 16
0.78728306 0.13868125 -2.2167237 5 0 0 0 16
1.3799714 -0.093981892 -1.4869066 5 0 0 0 16
0.6130119 -0.14711641 -1.2142391 5 0 0 0 16
0.51055372 -0.037877161 -1.6272327 5 0 0 0 16
1.0998887 -0.10106765 -1.4129727 5 0 0 0 16
0.81957883 0.049813416 -1.966861 5 0 0 0 16
0.93206251 0.10907467 -2.1821368 5 0 0 0 16
0.68731654 -0.12483796 -1.3113478 5 0 0 0 16
0.82415175 0.0022478083 -1.7955438 5 0 0 0 16
0.2945545 0.054482851 -1.9221851 5 0 0 0 16
0.56208193 0.0039143749 -1.7919965 5 0 0 0 16
1.0813389 -0.0769521 -1.5124528 5 0 0 0 16
0.95065165 0.099230245 -2.1330104 5 0 0 0 16
0.39567807 0.060755033 -1.9577694 5 0 0 0 16
1.040393 0.010180068 -1.8651376 5 0 0 0 16
0.77088243 -0.14522901 -1.2767473 5 0 0 0 16
1.1477522 0.12635587 -2.2323217 5 0 0 0 16
1.1638716 -0.070030399 -1.5285252 5 0 0 0 16
0.67612672 0.054793637 -1.989989 5 0 0 0 16
0.44038132 -0.011576278 -1.7219398 5 0 0 0 16
0.73404282 0.032321293 -1.9111744 6 0 0 0 16
1.3101584 0.038103636 -1.9945233 6 0 0 0 16
0.49821231 -0.053116858 -1.6137081 6 0 0 0 16
1.1829257 -0.023641163 -1.7116427 6 0 0 0 16
1.2247603 -0.0494329 -1.6301938 6 0 0 0 16
0.37057108 0.024330657 -1.8518033 6 0 0 0 16
1.035387 -0.083246127 -1.552187 6 0 0 0 16
0.56084293 -0.060941748 -1.5094514 6 0 0 0 16
0.82615232 0.066575184 -2.0658538 6 0 0 0 16
0.87728775 -0.076505594 -1.4726524 6 0 0 0 16
1.003262 -0.018470932 -1.7297164 6 0 0 0 16
0.35762328 0.00097521598 -1.7448298 6 0 0 0 16
0.85182458 -0.12870093 -1.313513 6 0 0 0 16
1.4292812 -0.050659392 -1.6616324 6 0 0 0 16
0.75893676 -0.00017203813 -1.7497246 6 0 0 0 16
0.64408541 -0.11428223 -1.3049456 6 0 0 0 16
0.80307639 -0.12225273 -1.3334005 6 0 0 0 16
1.1004211 -0.11792523 -1.4063147 6 0 0 0 16
1.3550318 0.0047019441 -1.8651427 6 0 0 0 16
0.50186914 -0.018446207 -1.7608049 6 0 0 0 16
0.54378146 -0.077067316 -1.5126721 6 0 0 0 16
0.52047157 0.0034742274 -1.755478 6 0 0 0 16
0.78206629 0.021399742 -1.8095183 6 0 0 0 16
0.81257051 0.059304234 -1.9953662 6 0 0 0 16
0.40064502 0.05592804 -1.8884892 6 0 0 0 16
0.97508121 -0.011271957 -1.6923125 6 0 0 0 16
0.43710384 -0.045759372 -1.6279881 6 0 0 0 16
0.90278041 -0.033193558 -1.6559409 6 0 0 0 16
1.1248322 0.12416013 -2.2118478 6 0 0 0 16
1.0415509 0.1513489 -2.3410864 6 0 0 0 16
0.74023533 0.027532771 -1.8317848 6 0 0 0 16
0.32278696 0.067842498 -1.9363803 6 0 0 0 16
1.1106241 -0.026328346 -1.7532282 6 0 0 0 16
0.77606201 -0.14696929 -1.2340057 6 0 0 0 16
1.1289719 -0.12252946 -1.3534211 6 0 0 0 16
1.455053 -0.079106048 -1.5281423 6 0 0 0 16
1.0014867 -0.10606411 -1.3466092 6 0 0 0 16
1.1843055 0.067917429 -2.0851431 6 0 0 0 16
0.94817567 -0.086074784 -1.5329434 6 0 0 0 16
0.69234967 -0.13479765 -1.2170559 6 0 0 0 16
0.73480433 0.034578823 -1.8625835 7 0 0 0 16
0.57050246 -0.13849758 -1.2816478 7 0 0 0 16
0.29638875 0.08745034 -2.0321286 7 0 0 0 16
1.012488 0.12869985 -2.2633486 7 0 0 0 16
0.80521542 0.0069784825 -1.7495232 7 0 0 0 16
0.96942723 -0.1182245 -1.3445375 7 0 0 0 16
0.7984221 0.13162091 -2.2467077 7 0 0 0 16
1.0863893 0.13204488 -2.2694018 7 0 0 0 16
0.54647368 -0.072660834 -1.4642849 7 0 0 0 16
0.45404947 0.024025936 -1.7699275 7 0 0 0 16
0.95828348 0.057897191 -2.0247557 7 0 0 0 16
0.68687332 -0.06624227 -1.5266052 7 0 0 0 16
1.0933704 0.15802811 -2.3247192 7 0 0 0 16
0.74841809 0.030306932 -1.8878635 7 0 0 0 16
1.1106241 -0.011702539 -1.7963306 7 0 0 0 16
1.2957563 -0.048753332 -1.6348735 7 0 0 0 16
1.2841896 -0.064757101 -1.6115214 7 0 0 0 16
1.3198134 -0.075645164 -1.6031981 7 0 0 0 16
0.9429791 -0.13267231 -1.3089077 7 0 0 0 16
0.99360108 0.14549801 -2.3291681 7 0 0 0 16
0.32411766 0.092687778 -2.0199497 7 0 0 0 16
0.63452452 -0.10216038 -1.4156122 7 0 0 0 16
0.94774336 -0.050371349 -1.6283585 7 0 0 0 16
1.1068939 -0.086091548 -1.488364 7 0 0 0 16
1.3036072 -0.02404671 -1.7435974 7 0 0 0 16
0.9413622 -0.04922216 -1.611037 7 0 0 0 16
0.58240753 0.095712341 -2.098284 7 0 0 0 16
0.74515104 0.11021244 -2.2054255 7 0 0 0 16
1.0793407 0.046670459 -1.9745071 7 0 0 0 16
0.70922112 0.030806238 -1.8940189 7 0 0 0 16
0.61345643 -0.1468201 -1.1882489 7 0 0 0 16
1.1305671 -0.030901205 -1.6302388 7 0 0 0 16
0.67127544 0.11508748 -2.1974163 7 0 0 0 16
1.246507 -0.09113726 -1.5522039 7 0 0 0 16
1.1004124 0.033442486 -1.87886 7 0 0 0 16
0.84339863 0.10418141 -2.1881557 7 0 0 0 16
0.74191934 0.053127576 -1.9833895 7 0 0 0 16
0.64314544 0.030933177 -1.8748977 7 0 0 0 16
0.87961143 0.011791823 -1.8284978 7 0 0 0 16
1.1631262 0.11186393 -2.2436485 7 0 0 0 16
0.31876278 0.037038296 -1.8595622 8 0 0 0 16
0.48952612 0.070838444 -1.973623 8 0 0 0 16
0.77970833 0.096224405 -2.1616549 8 0 0 0 16
0.95243186 0.12221768 -2.2693489 8 0 0 0 16
0.80320573 -0.062290795 -1.5699736 8 0 0 0 16
0.86831164 -0.12392708 -1.2725632 8 0 0 0 16
1.1101183 0.027149811 -1.9658524 8 0 0 0 16
1.0697117 0.096875101 -2.1484406 8 0 0 0 16
0.76694703 -0.0010519009 -1.7899613 8 0 0 0 16
0.79438597 -0.086274147 -1.3718122 8 0 0 0 16
1.0421032 -0.057059053 -1.647298 8 0 0 0 16
0.60969627 0.098608024 -2.077908 8 0 0 0 16
0.7907508 0.0057769488 -1.7737502 8 0 0 0 16
0.71604788 0.10566287 -2.1141245 8 0 0 0 16
1.2646495 -0.055895593 -1.6027751 8 0 0 0 16
0.71638626 0.085506722 -2.1075313 8 0 0 0 16
1.389551 -0.0085738143 -1.7267612 8 0 0 0 16
0.39559698 0.0027358935 -1.7849022 8 0 0 0 16
0.98704433 0.12616433 -2.2350955 8 0 0 0 16
0.51574379 -0.00069860072 -1.7513437 8 0 0 0 16
0.8834554 0.12517872 -2.2744119 8 0 0 0 16
0.58710986 -0.16441149 -1.2147758 8 0 0 0 16
0.41606218 0.019347928 -1.8759913 8 0 0 0 16
0.77416819 0.07361757 -2.0274205 8 0 0 0 16
1.4419394 -0.1076505 -1.4844469 8 0 0 0 16
0.99939108 0.14034264 -2.2931554 8 0 0 0 16
0.75634974 0.11117736 -2.0972853 8 0 0 0 16
1.0747504 0.091274522 -2.1268985 8 0 0 0 16
0.61622274 0.11604032 -2.1543074 8 0 0 0 16
0.53941333 -0.062749416 -1.5710908 8 0 0 0 16
0.48848641 -0.08872924 -1.4102983 8 0 0 0 16
1.1786408 -0.0086712018 -1.7955205 8 0 0 0 16
0.56257439 0.051018789 -1.8361219 8 0 0 0 16
0.92680585 -0.021257322 -1.6465552 8 0 0 0 16
0.45449567 0.056753464 -1.954211 8 0 0 0 16
0.96391273 -0.043888379 -1.6948916 8 0 0 0 16
0.85266203 -0.10583195 -1.4326972 8 0 0 0 16
0.8933872 -0.034731686 -1.6951929 8 0 0 0 16
0.84859979 -0.047773462 -1.6538725 8 0 0 0 16
0.60079783 0.062129173 -1.9397773 8 0 0 0 16
1.1587869 -0.097115681 -1.5276424 9 0 0 0 16
1.0250599 -0.12384885 -1.3914773 9 0 0 0 16
0.7814585 0.098724119 -2.0977538 9 0 0 0 16
1.1010453 0.060315229 -2.0253906 9 0 0 0 16
0.90078241 -0.0032198033 -1.8123118 9 0 0 0 16
1.135024 -0.093500413 -1.4802415 9 0 0 0 16
0.84108388 0.12177442 -2.1905067 9 0 0 0 16
1.2433562 0.041421056 -1.9729532 9 0 0 0 16
0.60744131 0.11427788 -2.1680014 9 0 0 0 16
1.0044056 0.089170292 -2.1151426 9 0 0 0 16
0.93230253 -0.07836277 -1.5592366 9 0 0 0 16
0.79444653 0.085150816 -2.1251826 9 0 0 0 16
0.38770398 0.013661773 -1.8390574 9 0 0 0 16
1.107487 0.10796145 -2.1852734 9 0 0 0 16
0.46221167 0.057429079 -1.8905631 9 0 0 0 16
1.3537159 -0.087949723 -1.5332637 9 0 0 0 16
0.66211981 -0.031770933 -1.6453112 9 0 0 0 16
1.077728 -0.0084211957 -1.7458297 9 0 0 0 16
1.136404 0.10511469 -2.1142304 9 0 0 0 16
1.4465398 -0.079316176 -1.4735624 9 0 0 0 16
1.3660957 -0.06339635 -1.6194162 9 0 0 0 16
1.1198132 0.15803851 -2.3173833 9 0 0 0 16
1.0532941 -0.011227254 -1.7422833 9 0 0 0 16
1.0337051 -0.055288665 -1.6336002 9 0 0 0 16
0.66592723 0.020227406 -1.8385637 9 0 0 0 16
0.61956656 -0.11521496 -1.4473149 9 0 0 0 16
0.6830672 0.11563393 -2.1538079 9 0 0 0 16
1.3113914 -0.064044006 -1.5777214 9 0 0 0 16
0.75304675 -0.059489328 -1.5903414 9 0 0 0 16
1.2967083 -0.052066546 -1.6341398 9 0 0 0 16
0.8570835 0.10482129 -2.0984764 9 0 0 0 16
0.67766577 0.047456909 -1.8968747 9 0 0 0 16
0.56684309 -0.14972915 -1.2205831 9 0 0 0 16
0.95235276 0.08063066 -2.0904794 9 0 0 0 16
1.122676 -0.040534757 -1.6651279 9 0 0 0 16
1.2234881 0.029279629 -1.9561312 9 0 0 0 16
0.69339663 -0.12298597 -1.2928455 9 0 0 0 16
1.1257428 0.17062508 -2.3447616 9 0 0 0 16
0.84811199 -0.11991445 -1.3789673 9 0 0 0 16
1.1282555 -0.13366367 -1.3446664 9 0 0 0 16
0.74104333 0.0080739642 -1.7793443 10 0 0 0 16
0.7884233 -0.055644196 -1.6565701 10 0 0 0 16
1.127328 -0.03517266 -1.6665399 10 0 0 0 16
1.4492168 -0.086317323 -1.5468973 10 0 0 0 16
0.99821562 0.053865597 -1.9650341 10 0 0 0 16
0.41049603 -0.020835418 -1.6617714 10 0 0 0 16
1.1083623 0.095721491 -2.0894783 10 0 0 0 16
0.75836241 -0.039430927 -1.6564258 10 0 0 0 16
0.43593034 -0.011613324 -1.6709989 10 0 0 0 16
0.79637474 0.061728574 -2.0410769 10 0 0 0 16
0.76354408 -0.091781214 -1.4514296 10 0 0 0 16
1.358614 -0.019983012 -1.80099 10 0 0 0 16
0.8085475 0.11040933 -2.2080598 10 0 0 0 16
1.3747665 -0.065336138 -1.6545967 10 0 0 0 16
0.46748981 0.068807103 -1.9233031 10 0 0 0 16
1.1645728 0.10574184 -2.1800075 10 0 0 0 16
0.61536378 0.061894391 -1.9097784 10 0 0 0 16
0.73965508 0.032204635 -1.8798263 10 0 0 0 16
0.68074894 -0.041604877 -1.5627866 10 0 0 0 16
0.59217519 -0.023385197 -1.6996516 10 0 0 0 16
1.1903173 0.081973143 -2.1332226 10 0 0 0 16
1.4339049 -0.051954664 -1.6160842 10 0 0 0 16
0.9697842 0.10847575 -2.2242732 10 0 0 0 16
0.67974478 -0.017199228 -1.7373971 10 0 0 0 16
0.4599815 0.0081589799 -1.8130763 10 0 0 0 16
0.34026021 -0.01091301 -1.7364899 10 0 0 0 16
1.3303699 -0.075708747 -1.5432086 10 0 0 0 16
0.45337421 -0.040885132 -1.6072134 10 0 0 0 16
0.53230143 -0.10755341 -1.3557552 10 0 0 0 16
0.65063882 -0.078435272 -1.4524685 10 0 0 0 16
0.5446797 -0.032675456 -1.6697816 10 0 0 0 16
0.85434496 -0.10144568 -1.3870348 10 0 0 0 16
1.0872842 0.12536091 -2.2230854 10 0 0 0 16
0.90196919 0.073562592 -2.0045016 10 0 0 0 16
0.41845298 -0.0327603 -1.5993019 10 0 0 0 16
0.33764538 0.020048579 -1.8052298 10 0 0 0 16
0.43122119 0.05129312 -1.9826721 10 0 0 0 16
0.61932933 0.081147201 -2.1105337 10 0 0 0 16
0.41738978 -0.038914088 -1.6196393 10 0 0 0 16
0.69980389 -0.16097295 -1.2119715 10 0 0 0 16
1.195882 0.061003026 -2.0413022 11 0 0 0 16
0.75473458 0.094926283 -2.1110291 11 0 0 0 16
0.71279442 0.10785498 -2.1543574 11 0 0 0 16
0.30530429 0.067271501 -1.9345452 11 0 0 0 16
0.6476894 -0.063508518 -1.5561904 11 0 0 0 16
0.30909854 0.024457132 -1.8730294 11 0 0 0 16
0.79095989 0.08270359 -2.0087509 11 0 0 0 16
1.0594635 -0.029436776 -1.6950229 11 0 0 0 16
0.74801326 0.059807435 -1.9913824 11 0 0 0 16
0.66187084 -0.112384 -1.344596 11 0 0 0 16
0.86899704 0.038997315 -1.9306741 11 0 0 0 16
0.79832417 0.013339895 -1.8703251 11 0 0 0 16
0.73365015 -0.1541096 -1.1824077 11 0 0 0 16
0.67800909 0.10828775 -2.1991112 11 0 0 0 16
0.64286739 -0.096983708 -1.4262701 11 0 0 0 16
0.86511463 -0.091792069 -1.4687589 11 0 0 0 16
0.80918938 0.008420404 -1.7363937 11 0 0 0 16
0.88998026 -0.093288213 -1.3801421 11 0 0 0 16
0.60816908 -0.12132677 -1.3157177 11 0 0 0 16
1.1930977 0.065266311 -2.0277424 11 0 0 0 16
0.6958608 -0.092885286 -1.4195331 11 0 0 0 16
1.3126425 0.017655089 -1.9115182 11 0 0 0 16
0.95131695 0.002959108 -1.7908983 11 0 0 0 16
0.64096951 0.050888252 -1.9984436 11 0 0 0 16
0.50144869 0.080597602 -2.0137155 11 0 0 0 16
1.2750719 -0.045704782 -1.6003165 11 0 0 0 16
1.1778046 0.0086531937 -1.8342012 11 0 0 0 16
0.65707111 -0.071753971 -1.5472208 11 0 0 0 16
0.6407249 0.036784627 -1.9235777 11 0 0 0 16
1.2333726 0.061720289 -1.9768981 11 0 0 0 16
0.95537627 0.057782184 -1.981109 11 0 0 0 16
0.69528502 -5.0991592e-05 -1.7216985 11 0 0 0 16
0.84258515 -0.041960657 -1.6355218 11 0 0 0 16
0.85342759 0.10915686 -2.1556854 11 0 0 0 16
0.45843485 0.039077446 -1.7977779 11 0 0 0 16
0.89699531 -0.020386985 -1.7166162 11 0 0 0 16
0.88198781 -0.096645981 -1.3694018 11 0 0 0 16
1.3888147 -0.046402849 -1.6592482 11 0 0 0 16
0.92372566 -0.027705047 -1.6967405 11 0 0 0 16
0.57725084 0.066353135 -1.9669799 11 0 0 0 16
0.57700533 -0.012215195 -1.743131 12 0 0 0 16
0.887573 -0.028744025 -1.6847228 12 0 0 0 16
0.70873123 -0.010509127 -1.7367481 12 0 0 0 16
0.59344107 0.029239915 -1.8633254 12 0 0 0 16
0.65989739 -0.13918902 -1.2645777 12 0 0 0 16
0.59255904 0.038724612 -1.9111224 12 0 0 0 16
1.3235573 0.017819071 -1.9183003 12 0 0 0 16
0.72334635 -0.096546166 -1.4111677 12 0 0 0 16
0.96423846 -0.099272549 -1.4236294 12 0 0 0 16
1.3608992 0.037413236 -1.8615526 12 0 0 0 16
0.78874952 -0.044167701 -1.652691 12 0 0 0 16
0.93975651 -0.072893724 -1.4558445 12 0 0 0 16
0.50886375 0.10465668 -2.098901 12 0 0 0 16
0.4643271 -0.032373946 -1.6341681 12 0 0 0 16
0.50156534 0.065540589 -1.9487017 12 0 0 0 16
0.79744726 -0.10402139 -1.3320416 12 0 0 0 16
1.1733961 0.09860684 -2.1743016 12 0 0 0 16
0.95746756 0.11015491 -2.1966574 12 0 0 0 16
1.364184 -0.024101712 -1.7371749 12 0 0 0 16
0.91886508 -0.10169467 -1.4410481 12 0 0 0 16
0.82187104 -0.16330823 -1.233873 12 0 0 0 16
0.95696115 -0.046636757 -1.6933566 12 0 0 0 16
1.4730457 -0.078273989 -1.5374171 12 0 0 0 16
1.2143826 0.018769126 -1.8833278 12 0 0 0 16
0.32750285 0.024680264 -1.8434507 12 0 0 0 16
0.77625477 -0.04138023 -1.6696126 12 0 0 0 16
0.66923046 0.1162879 -2.1677313 12 0 0 0 16
1.3495452 -0.04129329 -1.6353173 12 0 0 0 16
1.1257371 -0.011972474 -1.7494493 12 0 0 0 16
0.36118653 0.059469707 -1.9568019 12 0 0 0 16
1.1343347 0.15470095 -2.3665009 12 0 0 0 16
0.3622885 0.0077611399 -1.7584996 12 0 0 0 16
0.69679677 -0.12099662 -1.3201995 12 0 0 0 16
0.90931457 -0.060453031 -1.5351993 12 0 0 0 16
1.0839581 -0.02234013 -1.7219393 12 0 0 0 16
0.48842064 0.10201237 -2.0702984 12 0 0 0 16
1.308303 -0.053211391 -1.6781247 12 0 0 0 16
0.68259299 0.0073603131 -1.8686103 12 0 0 0 16
0.99607772 0.040576283 -1.9100965 12 0 0 0 16
1.2743535 -0.094491683 -1.4372792 12 0 0 0 16
1.2712454 -0.069557942 -1.5576812 13 0 0 0 16
0.63774252 0.017876351 -1.8343626 13 0 0 0 16
1.1083552 0.15793788 -2.3083086 13 0 0 0 16
0.56781441 0.080887347 -2.0456934 13 0 0 0 16
1.2655047 0.029129686 -1.858529 13 0 0 0 16
1.2977377 -0.0088331187 -1.7635732 13 0 0 0 16
0.97218233 -0.047581613 -1.6006821 13 0 0 0 16
0.56383324 -0.070262015 -1.4918867 13 0 0 0 16
0.80594707 0.068893962 -2.0245943 13 0 0 0 16
0.74544346 -0.085592464 -1.4171972 13 0 0 0 16
0.72186738 0.067520715 -2.0677228 13 0 0 0 16
0.66348714 -0.080414094 -1.5291674 13 0 0 0 16
0.61861247 -0.008764714 -1.7097617 13 0 0 0 16
0.49581987 0.076842636 -1.9824333 13 0 0 0 16
0.57524055 -0.13611537 -1.2581631 13 0 0 0 16
1.1154915 0.035587803 -1.9578862 13 0 0 0 16
0.78574389 -0.016512081 -1.7214884 13 0 0 0 16
0.72300828 0.064419538 -1.9798855 13 0 0 0 16
0.6309675 0.0031001442 -1.8080677 13 0 0 0 16
1.0405084 0.046896167 -1.9701165 13 0 0 0 16
0.81542718 -0.020418743 -1.6685438 13 0 0 0 16
1.4379108 -0.08332096 -1.6030009 13 0 0 0 16
0.79397237 -0.15443896 -1.2516551 13 0 0 0 16
0.73735404 0.070848525 -2.012346 13 0 0 0 16
1.3539213 -0.095105916 -1.4503742 13 0 0 0 16
1.3856947 -0.026182042 -1.7361593 13 0 0 0 16
1.0714314 0.10867908 -2.1880684 13 0 0 0 16
1.1531577 0.017566007 -1.8348646 13 0 0 0 16
0.99787015 0.062445737 -2.0721791 13 0 0 0 16
0.75282657 -0.086292662 -1.4797863 13 0 0 0 16
0.54867381 -0.061028738 -1.544891 13 0 0 0 16
0.73919404 -0.040271103 -1.610449 13 0 0 0 16
0.98146933 -0.02986325 -1.711116 13 0 0 0 16
0.68165624 -0.14871283 -1.1851231 13 0 0 0 16
0.96432543 0.10002056 -2.1710594 13 0 0 0 16
0.80162627 0.033094108 -1.9091129 13 0 0 0 16
0.47697631 0.0072506499 -1.8082038 13 0 0 0 16
1.0204085 -0.05430292 -1.617885 13 0 0 0 16
0.34775528 0.068244889 -1.9667993 13 0 0 0 16
0.87937754 -0.067325443 -1.549243 13 0 0 0 16
1.2289901 0.066508189 -2.1137972 14 0 0 0 16
1.1698922 0.083369032 -2.0646892 14 0 0 0 16
0.55316293 0.045479115 -1.9037393 14 0 0 0 16
0.67723095 0.09997274 -2.0983956 14 0 0 0 16
0.71862477 -0.0084129199 -1.7310702 14 0 0 0 16
0.77811766 -0.0084549692 -1.7101178 14 0 0 0 16
0.4920671 0.049622953 -2.0033891 14 0 0 0 16
1.1849865 -0.12025081 -1.3773388 14 0 0 0 16
1.0810686 0.0080446508 -1.821196 14 0 0 0 16
0.86370337 -0.019414125 -1.7112147 14 0 0 0 16
0.77769452 0.015199375 -1.8108796 14 0 0 0 16
0.99801201 -0.079738505 -1.4980118 14 0 0 0 16
0.82585758 0.087254696 -2.0913463 14 0 0 0 16
0.72185832 0.042967234 -1.9656917 14 0 0 0 16
1.3581115 -0.0031574673 -1.8405398 14 0 0 0 16
0.69509262 0.043993227 -1.8806963 14 0 0 0 16
0.50179321 0.03796697 -1.9052064 14 0 0 0 16
0.83301759 -0.058320347 -1.6152165 14 0 0 0 16
1.4661715 -0.086492434 -1.5394413 14 0 0 0 16
1.0864451 0.021145443 -1.8612875 14 0 0 0 16
1.0222298 0.096545853 -2.1274199 14 0 0 0 16
0.71170998 0.082041621 -2.1289098 14 0 0 0 16
0.9966495 0.045274843 -1.9696429 14 0 0 0 16
0.80175579 -0.062480107 -1.5873868 14 0 0 0 16
0.33675465 -0.0041995393 -1.7559874 14 0 0 0 16
0.63514286 0.097052522 -2.0902193 14 0 0 0 16
1.151547 0.046237972 -1.9701525 14 0 0 0 16
0.85406846 0.093111277 -2.1041634 14 0 0 0 16
1.2220167 0.040002566 -1.9271349 14 0 0 0 16
0.45448086 0.057401661 -1.9796143 14 0 0 0 16
1.0343701 -0.021492345 -1.7134917 14 0 0 0 16
0.7060684 -0.10031236 -1.3716391 14 0 0 0 16
0.9085629 -0.064880006 -1.4760479 14 0 0 0 16
0.85442531 0.11697054 -2.2019157 14 0 0 0 16
0.45460987 -0.027629759 -1.6730028 14 0 0 0 16
0.8452397 -0.094117329 -1.3739079 14 0 0 0 16
0.91165936 0.10348272 -2.2112777 14 0 0 0 16
0.8549763 -0.12826514 -1.3109115 14 0 0 0 16
1.2420834 -0.096449241 -1.4217473 14 0 0 0 16
1.1332493 0.0026562561 -1.7842884 14 0 0 0 16
0.67445606 0.0015886952 -1.7542474 15 0 0 0 16
0.5849281 -0.064305983 -1.5105553 15 0 0 0 16
1.1161078 -0.075330988 -1.4948618 15 0 0 0 16
0.63127154 0.075348139 -2.0205781 15 0 0 0 16
0.99720377 -0.038304485 -1.6770306 15 0 0 0 16
1.3128332 -0.10735563 -1.4175828 15 0 0 0 16
1.0091213 0.074896879 -2.0982132 15 0 0 0 16
0.92321837 0.0033332638 -1.8263781 15 0 0 0 16
0.74138808 -0.04268853 -1.6512263 15 0 0 0 16
0.65822023 0.043912344 -1.9244826 15 0 0 0 16
1.1969439 0.053555638 -2.0466943 15 0 0 0 16
1.1003757 0.11414885 -2.2384357 15 0 0 0 16
1.2239214 -0.02709786 -1.7423027 15 0 0 0 16
0.52014005 0.069438152 -1.9283733 15 0 0 0 16
1.1496347 -0.054547306 -1.496751 15 0 0 0 16
0.53436571 0.096272379 -2.076406 15 0 0 0 16
1.2980703 -0.013214373 -1.7832907 15 0 0 0 16
0.55695313 -0.092131741 -1.4482815 15 0 0 0 16
1.1026857 -0.092354931 -1.4797962 15 0 0 0 16
1.1084369 0.12796052 -2.2391849 15 0 0 0 16
0.53530329 0.042783409 -1.9008007 15 0 0 0 16
1.0857645 -0.12954579 -1.3737277 15 0 0 0 16
1.0255921 0.057043593 -2.0007694 15 0 0 0 16
1.008395 0.092464857 -2.1620438 15 0 0 0 16
0.90876567 -0.13374189 -1.2991357 15 0 0 0 16
0.91175449 -0.13179596 -1.2954549 15 0 0 0 16
1.0279732 -0.044802699 -1.6494808 15 0 0 0 16
0.79782194 0.0087230522 -1.8624365 15 0 0 0 16
0.934919 -0.12334626 -1.3784084 15 0 0 0 16
1.3370022 0.034603685 -1.8617835 15 0 0 0 16
0.73358303 -0.15161838 -1.2170976 15 0 0 0 16
0.72189099 0.08295425 -2.0782497 15 0 0 0 16
1.3352093 -0.037952717 -1.7003502 15 0 0 0 16
1.0673426 0.058641713 -2.0272408 15 0 0 0 16
0.76128179 -0.02735327 -1.6947482 15 0 0 0 16
1.0878396 0.11773655 -2.2441137 15 0 0 0 16
0.45308599 -0.083570786 -1.5120971 15 0 0 0 16
0.42023125 0.055961933 -1.9565012 15 0 0 0 16
0.99545979 -0.12347975 -1.37993 15 0 0 0 16
1.1548872 0.080373041 -2.0911176 15 0 0 0 16
0.91077012 0.11500881 -2.167069 16 0 0 0 16
0.79391181 -0.14436294 -1.2940239 16 0 0 0 16
1.0750918 0.1563919 -2.3211563 16 0 0 0 16
1.1871388 -0.064842165 -1.6064217 16 0 0 0 16
1.2170767 0.039851949 -2.045192 16 0 0 0 16
0.46728119 0.097499162 -2.1075685 16 0 0 0 16
0.50720477 -0.083697125 -1.4493486 16 0 0 0 16
1.1386875 0.029006153 -1.8799179 16 0 0 0 16
1.1894138 0.010948062 -1.8705729 16 0 0 0 16
0.7739026 -0.0059758518 -1.7726523 16 0 0 0 16
1.1720337 -0.031442881 -1.7065315 16 0 0 0 16
0.7293787 0.048793156 -1.9433143 16 0 0 0 16
0.73886865 0.0547156 -1.9713022 16 0 0 0 16
0.76595151 0.12395892 -2.2006152 16 0 0 0 16
0.83276653 0.032399356 -1.9615779 16 0 0 0 16
1.2352076 -0.0015069405 -1.792658 16 0 0 0 16
0.53911155 0.045679521 -1.9298518 16 0 0 0 16
0.78199112 -0.14618123 -1.2186496 16 0 0 0 16
0.82720447 -0.024984039 -1.7130967 16 0 0 0 16
0.7883299 -0.10468467 -1.4234543 16 0 0 0 16
0.53316629 0.096302852 -2.118928 16 0 0 0 16
1.0972506 -0.10533282 -1.4590477 16 0 0 0 16
0.37839517 0.11054259 -2.0619228 16 0 0 0 16
0.827811 -0.066986963 -1.5826373 16 0 0 0 16
0.78856862 0.030424051 -1.8772445 16 0 0 0 16
0.61472225 -0.12108395 -1.3338398 16 0 0 0 16
0.90002775 -0.13048354 -1.2921321 16 0 0 0 16
0.48826611 0.0069938824 -1.7903502 16 0 0 0 16
0.93302166 0.045308758 -1.9287382 16 0 0 0 16
0.69634271 0.10042188 -2.1418366 16 0 0 0 16
1.4717864 -0.069084078 -1.5552771 16 0 0 0 16
0.8677277 -0.10266483 -1.4292582 16 0 0 0 16
0.54638553 -0.026760744 -1.740802 16 0 0 0 16
0.67529219 -0.098761879 -1.4618396 16 0 0 0 16
1.0944633 -0.047947433 -1.6476806 16 0 0 0 16
0.69745445 0.019800605 -1.8397213 16 0 0 0 16
0.52659786 0.072617739 -2.0083096 16 0 0 0 16
0.31168896 0.049066324 -1.8745608 16 0 0 0 16
0.55525857 -0.062752239 -1.5397476 16 0 0 0 16
0.596708 0.085603051 -2.1231787 16 0 0 0 16
1.2667532 -0.091820136 -1.4662595 17 0 0 0 16
0.5073632 0.024548201 -1.8749826 17 0 0 0 16
1.1769338 -0.081495054 -1.4414889 17 0 0 0 16
0.59361541 0.056016244 -1.9138458 17 0 0 0 16
1.2011824 -0.0094562359 -1.8275601 17 0 0 0 16
1.2859887 -0.08689329 -1.4841685 17 0 0 0 16
0.60080034 0.086383134 -2.1035686 17 0 0 0 16
0.60896826 -0.083184697 -1.4363908 17 0 0 0 16
0.64379853 0.12583829 -2.1768403 17 0 0 0 16
0.94003165 -0.13324773 -1.3130471 17 0 0 0 16
0.37378442 -0.02869774 -1.6657656 17 0 0 0 16
1.0429722 0.13801247 -2.334687 17 0 0 0 16
0.76773125 0.11061173 -2.2079446 17 0 0 0 16
1.0991303 0.054253697 -1.9402996 17 0 0 0 16
1.2649581 -0.050405215 -1.6600338 17 0 0 0 16
0.4789446 0.048048854 -1.8394933 17 0 0 0 16
1.1715444 0.11559734 -2.1575649 17 0 0 0 16
1.1842072 -0.0089964401 -1.7615798 17 0 0 0 16
0.82969916 -0.076403007 -1.5423219 17 0 0 0 16
0.72350496 0.0057371245 -1.8216029 17 0 0 0 16
0.28522155 0.041194767 -1.9061623 17 0 0 0 16
1.1772821 -0.11424258 -1.3625261 17 0 0 0 16
1.2856305 -0.089497432 -1.494498 17 0 0 0 16
0.75280231 -0.020423537 -1.6601735 17 0 0 0 16
1.2314334 0.033583086 -1.9315318 17 0 0 0 16
0.76328999 -0.067173883 -1.568586 17 0 0 0 16
1.1281296 0.15767486 -2.3618202 17 0 0 0 16
0.82520324 0.0079903919 -1.9017675 17 0 0 0 16
1.1980321 -0.029405089 -1.6728628 17 0 0 0 16
1.1579107 -0.012866483 -1.7737428 17 0 0 0 16
1.0407225 0.066325404 -2.0427239 17 0 0 0 16
0.65115428 -0.13147378 -1.2362969 17 0 0 0 16
1.2870505 -0.10407542 -1.4547938 17 0 0 0 16
0.99767667 -0.11080607 -1.417554 17 0 0 0 16
0.99083978 -0.05230628 -1.580416 17 0 0 0 16
1.0927236 0.10594837 -2.2098024 17 0 0 0 16
0.98204893 0.13275437 -2.2463391 17 0 0 0 16
1.243192 0.079346649 -2.1281433 17 0 0 0 16
1.033255 -0.041837472 -1.6569295 17 0 0 0 16
1.0009392 -0.10051864 -1.4229788 17 0 0 0 16
0.67923474 0.0053726607 -1.7850147 18 0 0 0 16
0.98405242 -0.084847942 -1.5150347 18 0 0 0 16
1.4080712 -0.077728257 -1.5709425 18 0 0 0 16
0.89969289 0.10659467 -2.1588197 18 0 0 0 16
0.5432542 -0.01544958 -1.7302954 18 0 0 0 16
0.82669264 0.086810701 -2.1620421 18 0 0 0 16
1.2370541 -0.018294591 -1.7550136 18 0 0 0 16
1.1266376 0.034345459 -1.8993676 18 0 0 0 16
1.1631221 0.0048894091 -1.8246826 18 0 0 0 16
0.44728833 0.073193938 -2.0341599 18 0 0 0 16
0.54525799 -0.063707024 -1.5614762 18 0 0 0 16
0.64062732 0.018358869 -1.8417565 18 0 0 0 16
1.3912916 -0.055679604 -1.6312532 18 0 0 0 16
0.92671847 0.053159177 -1.9174719 18 0 0 0 16
1.2428092 -0.10918116 -1.421802 18 0 0 0 16
1.1084837 0.045252182 -1.9441183 18 0 0 0 16
0.92482126 -0.024447406 -1.6183209 18 0 0 0 16
0.85867739 0.076381169 -1.9756993 18 0 0 0 16
0.32874849 0.041435096 -1.9113796 18 0 0 0 16
0.70505637 -0.06889414 -1.5112292 18 0 0 0 16
0.99090677 -0.11264677 -1.4140277 18 0 0 0 16
1.3121275 -0.04124625 -1.6732547 18 0 0 0 16
0.9101159 -0.023225021 -1.6944815 18 0 0 0 16
1.1365744 -0.087408692 -1.4475838 18 0 0 0 16
0.9158197 0.060966197 -1.975805 18 0 0 0 16
0.89497387 0.10308412 -2.1982501 18 0 0 0 16
1.1451192 0.15176487 -2.3439341 18 0 0 0 16
1.0448589 0.061462495 -2.0519717 18 0 0 0 16
0.65836161 -0.13537407 -1.3337433 18 0 0 0 16
0.89506084 -0.1237722 -1.3795528 18 0 0 0 16
0.97120309 0.019520219 -1.9306438 18 0 0 0 16
0.60482895 0.043407187 -1.9530691 18 0 0 0 16
0.62210065 -0.013629657 -1.7268252 18 0 0 0 16
0.37172055 0.050677978 -1.8944658 18 0 0 0 16
0.90829962 0.099265859 -2.1375964 18 0 0 0 16
1.0284998 0.0062065516 -1.7617185 18 0 0 0 16
0.83910447 0.09619651 -2.0678351 18 0 0 0 16
0.47690645 -0.016420251 -1.66388 18 0 0 0 16
1.0095292 -0.12005429 -1.2867253 18 0 0 0 16
1.029031 0.023705466 -1.9184451 18 0 0 0 16
0.75413293 -0.11332329 -1.4209931 19 0 0 0 16
0.48457319 -0.060193069 -1.5576812 19 0 0 0 16
1.1534526 0.018552819 -1.8820016 19 0 0 0 16
0.51334709 0.055778485 -1.9366187 19 0 0 0 16
0.75888067 0.10173026 -2.091572 19 0 0 0 16
0.72080731 -0.1646259 -1.2129395 19 0 0 0 16
0.33316442 0.087503701 -2.0419867 19 0 0 0 16
0.74354619 -0.12900361 -1.2535563 19 0 0 0 16
1.0603812 -0.10803406 -1.3141887 19 0 0 0 16
0.75349444 -0.082274094 -1.5428544 19 0 0 0 16
1.013072 -0.001349912 -1.7642115 19 0 0 0 16
0.5752247 -0.12481218 -1.3356822 19 0 0 0 16
0.80216503 0.11470786 -2.2452447 19 0 0 0 16
1.3448194 -0.0038182184 -1.877233 19 0 0 0 16
1.0026486 0.11050422 -2.1053476 19 0 0 0 16
1.1104037 0.031007506 -1.8943872 19 0 0 0 16
1.0478266 0.031414166 -1.925104 19 0 0 0 16
0.37121189 0.0028025107 -1.6723087 19 0 0 0 16
1.1467509 0.096518092 -2.1544824 19 0 0 0 16
0.44904557 0.03710204 -1.8733839 19 0 0 0 16
1.0792136 0.13223088 -2.3218684 19 0 0 0 16
0.68264568 0.083339579 -2.1318123 19 0 0 0 16
1.3444307 0.028166531 -1.9098936 19 0 0 0 16
0.97403324 -0.13921268 -1.3508521 19 0 0 0 16
0.82029748 0.048243027 -1.8995633 19 0 0 0 16
0.72114283 -0.16059312 -1.2396677 19 0 0 0 16
0.5309304 0.0019906454 -1.8080655 19 0 0 0 16
0.64764351 0.030202243 -1.9017034 19 0 0 0 16
1.3697367 -0.085598819 -1.4994525 19 0 0 0 16
1.0400413 -0.065757625 -1.5062889 19 0 0 0 16
0.32140231 0.064741649 -1.9611305 19 0 0 0 16
0.80620098 -0.088141412 -1.4098932 19 0 0 0 16
0.62427199 0.010486872 -1.7540901 19 0 0 0 16
1.1369476 0.066831395 -2.0456407 19 0 0 0 16
0.99170572 0.11960728 -2.1677566 19 0 0 0 16
0.94843733 0.060320467 -1.9823191 19 0 0 0 16
0.62482685 0.077648066 -2.073755 19 0 0 0 16
1.1604267 0.022712514 -1.9096045 19 0 0 0 16
0.94673145 -0.10583586 -1.3428812 19 0 0 0 16
0.26199007 0.037399624 -1.9235541 19 0 0 0 16
0.94323707 1.0646601 1.5697957 0 0 0 0 17
0.44060066 1.003615 1.6736439 0 0 0 0 17
0.85917079 0.73086113 1.612578 0 0 0 0 17
0.69567603 1.1733409 1.5985848 0 0 0 0 17
1.265987 0.45855355 1.5609212 0 0 0 0 17
0.61594588 0.99495399 1.6327885 0 0 0 0 17
0.97585291 0.89204383 1.5696657 0 0 0 0 17
0.65349323 0.82917321 1.6489497 0 0 0 0 17
1.3131825 1.2278876 1.4997913 0 0 0 0 17
0.87576568 0.24470308 1.6839825 0 0 0 0 17
1.3173543 0.60856807 1.5558132 0 0 0 0 17
0.48757863 0.54028285 1.6977146 0 0 0 0 17
1.2345694 0.64880872 1.5664314 0 0 0 0 17
0.97719151 0.5789659 1.6096349 0 0 0 0 17
1.021358 0.70676005 1.5659964 0 0 0 0 17
1.4836959 0.42642662 1.5314478 0 0 0 0 17
1.126595 0.90755308 1.5377177 0 0 0 0 17
0.43460092 0.83107525 1.6950592 0 0 0 0 17
0.44203171 1.0373994 1.6586962 0 0 0 0 17
0.59311515 0.77113748 1.667028 0 0 0 0 17
1.200053 0.4266035 1.5775733 0 0 0 0 17
0.84292144 0.46461397 1.6607476 0 0 0 0 17
1.4178916 0.35260355 1.5652916 0 0 0 0 17
1.0938849 0.9790439 1.5564708 0 0 0 0 17
1.2805912 1.0340495 1.5016786 0 0 0 0 17
1.0651796 0.54361075 1.5871551 0 0 0 0 17
0.62116832 0.44723365 1.6964626 0 0 0 0 17
1.2137779 1.0023894 1.5308479 0 0 0 0 17
0.9542222 0.47751486 1.6389179 0 0 0 0 17
1.0535979 1.2618071 1.5313412 0 0 0 0 17
1.2826608 1.082919 1.505904 0 0 0 0 17
0.65623951 1.1705359 1.6114374 0 0 0 0 17
1.3483953 0.92314005 1.5164865 0 0 0 0 17
1.3304483 1.0565298 1.4922125 0 0 0 0 17
0.9394502 0.72932571 1.5876127 0 0 0 0 17
0.74930239 0.23810282 1.6889637 0 0 0 0 17
1.0842077 0.41539526 1.5981469 0 0 0 0 17
0.92360711 1.2345455 1.5553725 0 0 0 0 17
0.93898529 1.0977305 1.5726125 0 0 0 0 17
1.1626316 0.76116067 1.5739484 0 0 0 0 17
0.55651522 0.45554113 1.6926553 1 0 0 0 17
1.0448942 0.3198902 1.6399298 1 0 0 0 17
0.51043338 0.98003715 1.6536254 1 0 0 0 17
1.0852952 0.42452183 1.6224566 1 0 0 0 17
1.1361098 0.76654285 1.5710088 1 0 0 0 17
0.97461665 0.80525738 1.6032182 1 0 0 0 17
1.2770419 0.8927899 1.5209702 1 0 0 0 17
1.3880314 0.72454214 1.5179623 1 0 0 0 17
0.77998459 0.48056743 1.6628578 1 0 0 0 17
0.80751914 0.60380179 1.6278957 1 0 0 0 17
1.4117373 0.59673625 1.5280911 1 0 0 0 17
0.65752709 0.86299753 1.6434807 1 0 0 0 17
0.48181558 0.63874429 1.7045308 1 0 0 0 17
0.84754658 0.54751271 1.630908 1 0 0 0 17
0.90913969 0.43940479 1.6400106 1 0 0 0 17
0.85139245 0.31016991 1.6729858 1 0 0 0 17
0.75349081 0.98514557 1.6023846 1 0 0 0 17
1.2907819 0.49261793 1.5613638 1 0 0 0 17
0.46925735 0.79472625 1.6852529 1 0 0 0 17
0.95450652 0.9603433 1.5979265 1 0 0 0 17
0.46389237 1.0401357 1.6717851 1 0 0 0 17
0.55680943 0.58849323 1.7019248 1 0 0 0 17
0.87615621 0.71795845 1.6325175 1 0 0 0 17
1.1608071 0.55776757 1.5871186 1 0 0 0 17
1.1369607 0.49024233 1.589321 1 0 0 0 17
0.63214177 0.28935465 1.7091562 1 0 0 0 17
0.96371108 0.72877592 1.601172 1 0 0 0 17
0.72668046 0.89619493 1.6247238 1 0 0 0 17
0.49715978 0.54483241 1.707502 1 0 0 0 17
0.85574001 0.31957462 1.6709976 1 0 0 0 17
0.76491016 0.5171057 1.648906 1 0 0 0 17
1.0560098 0.36958131 1.6312443 1 0 0 0 17
0.72437304 0.97140175 1.6319354 1 0 0 0 17
0.70382464 0.66745156 1.6679039 1 0 0 0 17
0.41399685 0.96059078 1.6873525 1 0 0 0 17
1.3904632 0.7895568 1.515475 1 0 0 0 17
1.2485095 0.86501831 1.5520916 1 0 0 0 17
1.3042691 0.36574498 1.5624803 1 0 0 0 17
0.96682411 0.33924219 1.6343176 1 0 0 0 17
1.0700083 0.39567277 1.6030947 1 0 0 0 17
0.71460027 0.88032246 1.6376915 2 0 0 0 17
1.1160368 1.1664346 1.5425115 2 0 0 0 17
0.83074284 0.39694685 1.6643913 2 0 0 0 17
0.36985904 1.0462533 1.6903541 2 0 0 0 17
1.2655901 0.65699226 1.5580722 2 0 0 0 17
1.1080577 0.33211553 1.6176478 2 0 0 0 17
0.75522304 0.31231135 1.686341 2 0 0 0 17
1.3001181 0.82588762 1.5479428 2 0 0 0 17
0.70814872 0.41159183 1.6832088 2 0 0 0 17
1.4084221 0.44775012 1.5314169 2 0 0 0 17
0.56354564 0.94238782 1.6551048 2 0 0 0 17
0.74192351 0.56484729 1.6526283 2 0 0 0 17
0.73460394 1.1788119 1.5841693 2 0 0 0 17
0.89097536 0.94252604 1.5910486 2 0 0 0 17
0.9081369 1.1263156 1.5889257 2 0 0 0 17
0.7471742 0.71448255 1.6436539 2 0 0 0 17
1.2719935 0.85546774 1.5170484 2 0 0 0 17
0.79034102 0.4740839 1.6611768 2 0 0 0 17
0.594504 0.28416118 1.7175281 2 0 0 0 17
1.1381747 0.77615678 1.553219 2 0 0 0 17
1.0785778 1.1437347 1.5463953 2 0 0 0 17
0.50767547 0.46252573 1.7305164 2 0 0 0 17
0.82344353 0.25824937 1.6667651 2 0 0 0 17
0.69777203 1.1098863 1.6275847 2 0 0 0 17
0.69699413 1.038692 1.6111387 2 0 0 0 17
1.0005393 1.1663604 1.5516682 2 0 0 0 17
1.118827 0.53726214 1.5910652 2 0 0 0 17
0.99392623 0.93526375 1.5720202 2 0 0 0 17
1.2942197 1.2876629 1.467484 2 0 0 0 17
0.63040608 0.37034163 1.6993768 2 0 0 0 17
0.87759501 0.96384495 1.5938914 2 0 0 0 17
1.2134948 0.36788845 1.5943998 2 0 0 0 17
0.87791532 1.2265739 1.5792294 2 0 0 0 17
1.2855401 0.98676199 1.5000916 2 0 0 0 17
1.0643433 0.42037979 1.6132846 2 0 0 0 17
0.68744242 1.131542 1.6036538 2 0 0 0 17
1.1602656 0.8712399 1.543623 2 0 0 0 17
0.75148624 0.37224889 1.6689578 2 0 0 0 17
0.94418901 0.65498221 1.6126248 2 0 0 0 17
0.83002627 0.59885126 1.6301354 2 0 0 0 17
1.1309723 0.56832051 1.588691 3 0 0 0 17
1.0059433 0.39952302 1.6387072 3 0 0 0 17
0.59864169 0.92572373 1.6463213 3 0 0 0 17
0.61254734 0.3512449 1.6834211 3 0 0 0 17
0.62440425 0.62810266 1.6582206 3 0 0 0 17
0.91429067 0.46252573 1.6267589 3 0 0 0 17
0.73185986 1.1501375 1.6095417 3 0 0 0 17
1.2749633 0.99649447 1.5141324 3 0 0 0 17
1.0039603 1.0050746 1.5632848 3 0 0 0 17
1.2324489 1.1241632 1.5135283 3 0 0 0 17
1.2978569 0.86596882 1.5396297 3 0 0 0 17
1.38547 0.75711352 1.5128258 3 0 0 0 17
1.2271019 1.2230844 1.5317389 3 0 0 0 17
0.75782192 0.99948597 1.6222967 3 0 0 0 17
0.88706362 1.064361 1.5872308 3 0 0 0 17
0.4541803 0.63844019 1.6971143 3 0 0 0 17
0.54019815 0.33463871 1.7130796 3 0 0 0 17
1.0737499 0.96935314 1.5596341 3 0 0 0 17
0.69381791 0.37841719 1.6883305 3 0 0 0 17
1.204172 0.86969495 1.5384346 3 0 0 0 17
1.373471 0.60023028 1.5413064 3 0 0 0 17
1.2043475 0.34451455 1.5876079 3 0 0 0 17
0.92975563 0.5628649 1.6312212 3 0 0 0 17
0.8292588 0.8791638 1.610534 3 0 0 0 17
1.1960902 0.78710437 1.5418422 3 0 0 0 17
0.91273111 0.61231142 1.6208365 3 0 0 0 17
1.0265946 1.1203228 1.5447897 3 0 0 0 17
1.2399987 0.90013313 1.5351188 3 0 0 0 17
0.76447475 0.61497355 1.644637 3 0 0 0 17
0.80861211 0.343404 1.672381 3 0 0 0 17
0.79236853 0.65417665 1.6423546 3 0 0 0 17
0.91930979 0.22594227 1.6485173 3 0 0 0 17
1.1924772 0.64338231 1.5663067 3 0 0 0 17
0.75435019 0.60330015 1.6766937 3 0 0 0 17
1.013842 0.30297163 1.6228855 3 0 0 0 17
1.3413495 0.94395173 1.5029675 3 0 0 0 17
1.3905877 0.46430248 1.5554229 3 0 0 0 17
1.0068895 0.96978462 1.5692883 3 0 0 0 17
0.99141306 1.0907069 1.5690516 3 0 0 0 17
0.69560587 0.98848689 1.6257201 3 0 0 0 17
1.1913041 0.81962925 1.545225 4 0 0 0 17
0.99716818 1.2378049 1.5445372 4 0 0 0 17
0.51910555 0.61030245 1.6888512 4 0 0 0 17
1.3372602 0.66871995 1.5160481 4 0 0 0 17
1.2094966 1.225421 1.5081149 4 0 0 0 17
1.1188544 0.89955747 1.5648699 4 0 0 0 17
0.70461428 0.83195257 1.6173663 4 0 0 0 17
1.0787241 1.0172054 1.5556467 4 0 0 0 17
1.1333356 0.34121278 1.5904324 4 0 0 0 17
0.72459096 0.8271997 1.6535119 4 0 0 0 17
1.0369947 0.55302972 1.612381 4 0 0 0 17
0.52596676 0.59537584 1.7052318 4 0 0 0 17
1.0387994 0.79329658 1.5637525 4 0 0 0 17
0.70084804 0.34737179 1.6909876 4 0 0 0 17
1.0690675 0.51792872 1.5796796 4 0 0 0 17
1.2421448 0.9686566 1.5331991 4 0 0 0 17
1.211797 0.54863203 1.5686942 4 0 0 0 17
1.2319275 0.70329338 1.5489076 4 0 0 0 17
1.1660463 0.33147812 1.5968097 4 0 0 0 17
0.66254359 0.16866975 1.6959516 4 0 0 0 17
0.6014266 0.33188081 1.6908253 4 0 0 0 17
1.2999114 0.65384275 1.5397997 4 0 0 0 17
0.57111907 0.62009722 1.7011096 4 0 0 0 17
0.92741436 0.6381917 1.6069233 4 0 0 0 17
0.77065784 0.23407868 1.6922784 4 0 0 0 17
1.1973215 1.201997 1.496421 4 0 0 0 17
1.3840791 0.60398883 1.5368453 4 0 0 0 17
0.68559772 0.22648314 1.6971393 4 0 0 0 17
0.51385337 1.1347711 1.638598 4 0 0 0 17
1.1636951 0.87885249 1.5609205 4 0 0 0 17
0.94437486 1.2052906 1.550252 4 0 0 0 17
1.3017648 0.44113097 1.5607687 4 0 0 0 17
0.71578836 0.87307447 1.620972 4 0 0 0 17
0.85443133 1.0757196 1.5809982 4 0 0 0 17
1.0222982 0.76858866 1.5880859 4 0 0 0 17
1.3286555 0.98996347 1.4999235 4 0 0 0 17
0.60109437 0.53589231 1.6853201 4 0 0 0 17
1.0683223 1.1397152 1.5305607 4 0 0 0 17
0.41883165 1.0802226 1.6651303 4 0 0 0 17
1.1517559 0.75745714 1.5556917 4 0 0 0 17
0.46964899 1.0842865 1.6541668 5 0 0 0 17
0.81427884 0.7238676 1.6315963 5 0 0 0 17
0.54112536 0.49061459 1.6958532 5 0 0 0 17
1.1872462 1.132651 1.5299067 5 0 0 0 17
1.1519846 0.38992304 1.5965447 5 0 0 0 17
0.49091679 0.8873257 1.6774427 5 0 0 0 17
0.89728928 0.67441005 1.6375413 5 0 0 0 17
1.0129687 0.80556792 1.5744815 5 0 0 0 17
0.80383259 1.0370667 1.5837837 5 0 0 0 17
0.69422251 1.0715929 1.6207215 5 0 0 0 17
0.74093199 0.47744134 1.66562 5 0 0 0 17
0.40895391 1.0892445 1.6711776 5 0 0 0 17
0.7719087 1.0127461 1.5972667 5 0 0 0 17
0.86983371 0.62391347 1.6234654 5 0 0 0 17
0.37634522 0.9981094 1.6844634 5 0 0 0 17
1.0674862 0.45774809 1.6097479 5 0 0 0 17
1.3323984 0.35419619 1.5605628 5 0 0 0 17
0.6568526 0.70551968 1.6801748 5 0 0 0 17
1.1665982 0.43245238 1.5820423 5 0 0 0 17
0.45439607 0.94369286 1.6704638 5 0 0 0 17
1.4219819 0.57886267 1.5335944 5 0 0 0 17
0.69705403 0.71304762 1.6480608 5 0 0 0 17
1.4176008 0.53650063 1.5395726 5 0 0 0 17
1.3015227 1.1292098 1.4996845 5 0 0 0 17
0.86905652 1.1445204 1.5880959 5 0 0 0 17
1.2994773 0.70929796 1.5486449 5 0 0 0 17
1.340531 0.63878679 1.5248541 5 0 0 0 17
0.54536361 0.43394026 1.7044852 5 0 0 0 17
0.8642354 1.1185769 1.5783523 5 0 0 0 17
0.98351997 0.32506257 1.6258572 5 0 0 0 17
0.84010363 0.77038896 1.6312294 5 0 0 0 17
0.77468544 0.23615527 1.6895363 5 0 0 0 17
1.0701584 1.0524144 1.5589079 5 0 0 0 17
0.83498353 1.1434655 1.5763198 5 0 0 0 17
0.52301306 0.50938153 1.700533 5 0 0 0 17
0.87268221 0.72532058 1.6121311 5 0 0 0 17
1.3304121 0.52810585 1.5422959 5 0 0 0 17
0.71695077 1.184934 1.6005119 5 0 0 0 17
0.73185807 0.46549392 1.6711539 5 0 0 0 17
0.58711189 0.52860975 1.6845014 5 0 0 0 17
1.23954 0.30791041 1.5896015 6 0 0 0 17
0.82560015 0.25589547 1.6642429 6 0 0 0 17
0.6439296 0.54601741 1.6797233 6 0 0 0 17
0.50654179 0.86109906 1.671428 6 0 0 0 17
1.3578179 0.64397186 1.537442 6 0 0 0 17
0.60466224 0.85098851 1.6460086 6 0 0 0 17
1.2486173 1.1626924 1.5050384 6 0 0 0 17
1.1933876 1.0466975 1.5371456 6 0 0 0 17
1.4472096 0.34729576 1.5390491 6 0 0 0 17
0.61157018 0.97043478 1.6366804 6 0 0 0 17
0.67567158 0.17360979 1.6972597 6 0 0 0 17
0.68809873 0.95094734 1.633639 6 0 0 0 17
1.2177826 0.35043705 1.5812559 6 0 0 0 17
0.45415589 0.92191762 1.6901927 6 0 0 0 17
0.55695587 0.79350442 1.6821281 6 0 0 0 17
1.2392339 1.1049261 1.5264238 6 0 0 0 17
1.0124179 0.5633294 1.6190779 6 0 0 0 17
0.91217446 0.51437807 1.6244165 6 0 0 0 17
0.89856017 0.55262256 1.6228112 6 0 0 0 17
0.53092051 1.0615572 1.6530981 6 0 0 0 17
1.2866532 0.79446828 1.5364342 6 0 0 0 17
1.3206685 0.50584054 1.5659485 6 0 0 0 17
1.0523554 0.25515005 1.625932 6 0 0 0 17
1.3546304 0.61485082 1.5234524 6 0 0 0 17
1.1675043 1.2863944 1.5030681 6 0 0 0 17
1.2751379 1.1424297 1.507816 6 0 0 0 17
1.0304312 0.53420877 1.5936136 6 0 0 0 17
0.51075971 0.56777233 1.6970798 6 0 0 0 17
1.3088088 1.0200419 1.5073093 6 0 0 0 17
1.2963996 0.52463925 1.5419465 6 0 0 0 17
0.90152633 0.83158505 1.6090558 6 0 0 0 17
0.59006375 0.29409754 1.7102435 6 0 0 0 17
0.90693963 0.96650714 1.5876042 6 0 0 0 17
1.0822288 0.63460386 1.5988101 6 0 0 0 17
0.68105453 0.41298112 1.6941646 6 0 0 0 17
0.56796283 0.53797209 1.7135974 6 0 0 0 17
1.1216881 0.41666251 1.5972168 6 0 0 0 17
0.73062372 0.95877939 1.6028464 6 0 0 0 17
1.380291 0.39636168 1.5678294 6 0 0 0 17
0.83844954 0.97104508 1.597191 6 0 0 0 17
0.86578077 1.2182752 1.5508502 7 0 0 0 17
0.69836575 1.093323 1.5917575 7 0 0 0 17
0.90671307 0.73071724 1.6026318 7 0 0 0 17
1.1077307 0.50206459 1.5996826 7 0 0 0 17
0.88196886 0.8115415 1.6017305 7 0 0 0 17
1.2215298 0.5909183 1.5713017 7 0 0 0 17
0.9916724 1.0518426 1.5535922 7 0 0 0 17
0.8138777 1.0085672 1.5993245 7 0 0 0 17
1.1812766 0.37894586 1.6050313 7 0 0 0 17
0.62743604 0.31473434 1.6929868 7 0 0 0 17
0.62175906 1.0967903 1.6192904 7 0 0 0 17
0.75284863 0.56687373 1.6512374 7 0 0 0 17
0.79978496 0.79724079 1.6162524 7 0 0 0 17
1.2822357 0.60815626 1.5544701 7 0 0 0 17
1.1155738 0.3131718 1.626793 7 0 0 0 17
0.57039726 0.77328807 1.6680963 7 0 0 0 17
0.82080114 0.82615852 1.6377649 7 0 0 0 17
0.73148626 0.18160036 1.6645842 7 0 0 0 17
1.2029717 0.85884607 1.5370649 7 0 0 0 17
0.85136956 0.69981557 1.6211697 7 0 0 0 17
1.0129908 0.78572679 1.5821773 7 0 0 0 17
0.98771 0.23465466 1.6124523 7 0 0 0 17
1.0580329 0.31843403 1.6194792 7 0 0 0 17
0.7665174 0.27248704 1.6886475 7 0 0 0 17
0.42317063 1.0738823 1.6732197 7 0 0 0 17
1.1300139 0.68827003 1.5694793 7 0 0 0 17
0.77890497 1.0832417 1.5937206 7 0 0 0 17
1.3025608 0.42053321 1.5609663 7 0 0 0 17
0.78270251 0.32249439 1.6858687 7 0 0 0 17
0.48859102 0.46630856 1.7102278 7 0 0 0 17
0.89636976 0.2309984 1.6617112 7 0 0 0 17
0.50878358 0.67523855 1.6888357 7 0 0 0 17
0.63063723 0.26408985 1.7037973 7 0 0 0 17
0.69113785 0.78149521 1.6496701 7 0 0 0 17
0.83592874 0.96364242 1.587932 7 0 0 0 17
1.2948747 0.82375014 1.5375216 7 0 0 0 17
1.2552649 0.82054323 1.5306041 7 0 0 0 17
0.74210066 0.34339231 1.6695632 7 0 0 0 17
1.3062863 1.0883549 1.4916883 7 0 0 0 17
0.75640637 0.20256358 1.6997696 7 0 0 0 17
0.74017233 0.89051938 1.633267 8 0 0 0 17
0.70423383 0.4066546 1.6879618 8 0 0 0 17
1.0014869 0.36079821 1.6332266 8 0 0 0 17
0.54358006 0.91276562 1.6504555 8 0 0 0 17
0.86480081 0.35244483 1.6450362 8 0 0 0 17
0.97997713 1.2475344 1.5369496 8 0 0 0 17
0.77487266 0.25880706 1.6833432 8 0 0 0 17
1.2626133 1.268414 1.5024283 8 0 0 0 17
0.75838923 0.55494046 1.6651165 8 0 0 0 17
0.51616609 0.61917752 1.7160445 8 0 0 0 17
1.0602549 1.2504663 1.5238651 8 0 0 0 17
1.103148 1.1971124 1.5290995 8 0 0 0 17
1.3584549 0.77011681 1.5077889 8 0 0 0 17
1.4504967 0.5263148 1.5255566 8 0 0 0 17
0.72684079 1.0732569 1.6157229 8 0 0 0 17
0.48698735 0.48833877 1.7066771 8 0 0 0 17
0.4957931 0.41760403 1.7279282 8 0 0 0 17
1.4516217 0.46409297 1.5010591 8 0 0 0 17
1.2598957 1.2025234 1.4909009 8 0 0 0 17
0.68470705 1.0769448 1.6231153 8 0 0 0 17
0.90743023 0.8686325 1.6155946 8 0 0 0 17
0.8370254 0.45916313 1.6633033 8 0 0 0 17
1.1328393 0.65869623 1.5696014 8 0 0 0 17
1.1260672 0.7269547 1.5706619 8 0 0 0 17
1.0152079 1.232896 1.5368513 8 0 0 0 17
0.665039 0.21471861 1.6794492 8 0 0 0 17
0.82033908 0.93435889 1.6046805 8 0 0 0 17
1.2628007 0.60002738 1.5614219 8 0 0 0 17
0.63829738 1.0565144 1.6298056 8 0 0 0 17
1.2952683 1.2595242 1.5055002 8 0 0 0 17
0.86280251 0.83867002 1.6104767 8 0 0 0 17
1.0801377 1.2041179 1.5293256 8 0 0 0 17
0.76035279 0.83592886 1.6347564 8 0 0 0 17
1.315384 0.34034017 1.5483664 8 0 0 0 17
0.85851896 1.0768074 1.5720873 8 0 0 0 17
1.4281243 0.56061929 1.5351701 8 0 0 0 17
0.92535156 0.36321577 1.6467872 8 0 0 0 17
0.67498547 1.0348547 1.627072 8 0 0 0 17
1.3433173 0.34338066 1.5646235 8 0 0 0 17
1.2592316 1.240021 1.4890208 8 0 0 0 17
0.86736256 0.35940114 1.665923 9 0 0 0 17
0.47533479 1.1261623 1.6531203 9 0 0 0 17
0.78389293 0.77703154 1.6301378 9 0 0 0 17
1.1437914 0.93195522 1.5424809 9 0 0 0 17
0.49305779 0.96692872 1.6669126 9 0 0 0 17
0.64408815 1.0354797 1.6353015 9 0 0 0 17
1.0064703 0.48209718 1.6382066 9 0 0 0 17
1.117008 1.0221236 1.5372432 9 0 0 0 17
0.4074257 0.97781479 1.6850461 9 0 0 0 17
1.0464709 0.47116032 1.6078337 9 0 0 0 17
1.3116779 0.47460988 1.5526679 9 0 0 0 17
0.72686321 0.5498814 1.6574873 9 0 0 0 17
0.76645374 0.44503722 1.6581132 9 0 0 0 17
1.2401905 0.7160452 1.5397241 9 0 0 0 17
1.2272419 0.32024801 1.5828857 9 0 0 0 17
1.2367486 1.2116326 1.5074825 9 0 0 0 17
1.0368561 0.92963892 1.5732325 9 0 0 0 17
1.0622848 0.35142693 1.6112591 9 0 0 0 17
1.1915691 0.4924449 1.5864588 9 0 0 0 17
0.67833388 0.64407289 1.6601247 9 0 0 0 17
1.2200986 0.96700066 1.5369303 9 0 0 0 17
0.41028994 1.0185938 1.6740029 9 0 0 0 17
0.66875952 0.89015323 1.6313097 9 0 0 0 17
0.83283144 0.56571412 1.6474748 9 0 0 0 17
0.92123991 0.59092188 1.618974 9 0 0 0 17
0.91670763 0.90558171 1.5704174 9 0 0 0 17
1.2847037 0.43025324 1.5399976 9 0 0 0 17
1.316806 0.99547386 1.5096914 9 0 0 0 17
1.1711601 1.0145953 1.509086 9 0 0 0 17
1.0131443 1.0082906 1.561456 9 0 0 0 17
0.56885552 0.4000794 1.706041 9 0 0 0 17
0.47084206 0.51258379 1.7083153 9 0 0 0 17
1.1496861 0.45266733 1.6095605 9 0 0 0 17
0.72868741 0.79758495 1.622991 9 0 0 0 17
0.63631123 0.50416726 1.6945124 9 0 0 0 17
0.53874969 0.27494285 1.729782 9 0 0 0 17
1.1935331 0.39475623 1.5827777 9 0 0 0 17
0.94837874 1.2112005 1.5599978 9 0 0 0 17
1.2496161 0.38233408 1.571118 9 0 0 0 17
0.65126359 1.0655839 1.6347731 9 0 0 0 17
0.6566059 1.0741036 1.6128891 10 0 0 0 17
0.73758066 1.1643718 1.5979903 10 0 0 0 17
1.2957231 0.90679646 1.5222394 10 0 0 0 17
1.3960363 0.7013495 1.5127107 10 0 0 0 17
0.65457934 0.78825772 1.6443242 10 0 0 0 17
1.3769528 0.67564505 1.5352004 10 0 0 0 17
0.4556573 0.87751412 1.6806415 10 0 0 0 17
1.4384208 0.64923066 1.5315592 10 0 0 0 17
0.35557178 1.1126126 1.674271 10 0 0 0 17
1.1457595 0.82797205 1.5612539 10 0 0 0 17
0.44685024 0.97685969 1.6730257 10 0 0 0 17
0.68568939 0.3052482 1.6784605 10 0 0 0 17
0.48140594 0.50699574 1.7241035 10 0 0 0 17
0.51954246 0.53676969 1.7122065 10 0 0 0 17
0.72176063 0.74095953 1.6347476 10 0 0 0 17
0.76034999 0.8378365 1.6416061 10 0 0 0 17
1.3273672 0.78922033 1.5100783 10 0 0 0 17
1.169595 0.69880545 1.5628804 10 0 0 0 17
0.62497193 0.26588839 1.7187591 10 0 0 0 17
1.428457 0.64340919 1.529632 10 0 0 0 17
1.3525945 0.40963823 1.5553048 10 0 0 0 17
1.2021303 1.0561039 1.5164543 10 0 0 0 17
0.91577935 1.1189457 1.5734977 10 0 0 0 17
1.0035412 0.86998343 1.5751421 10 0 0 0 17
1.0130922 0.86598462 1.5724118 10 0 0 0 17
0.8718816 0.49637491 1.6500723 10 0 0 0 17
1.288934 0.32986969 1.581872 10 0 0 0 17
1.4025134 0.37204316 1.5447946 10 0 0 0 17
1.2023743 0.35314065 1.5916504 10 0 0 0 17
1.2186229 0.64721256 1.5469948 10 0 0 0 17
1.0093815 0.7086609 1.5839919 10 0 0 0 17
1.1238973 1.085102 1.527158 10 0 0 0 17
1.3375345 1.0925745 1.4882777 10 0 0 0 17
0.58482814 0.70996922 1.6807109 10 0 0 0 17
0.89026469 1.0942676 1.5775884 10 0 0 0 17
0.74601853 0.79186058 1.6205596 10 0 0 0 17
1.0541472 0.55018216 1.5915306 10 0 0 0 17
0.63796329 0.6020453 1.675536 10 0 0 0 17
1.0127513 0.28847539 1.6241666 10 0 0 0 17
0.88062441 0.80759615 1.605823 10 0 0 0 17
0.89383852 0.64710885 1.6215571 11 0 0 0 17
0.93774837 0.3003023 1.6461762 11 0 0 0 17
0.62514138 0.67529529 1.6524051 11 0 0 0 17
1.1731411 1.1407459 1.5148917 11 0 0 0 17
1.4033358 0.47054234 1.5523193 11 0 0 0 17
0.66577661 0.2517992 1.6953586 11 0 0 0 17
0.45593196 0.6401332 1.712654 11 0 0 0 17
0.61092371 1.1738464 1.6113247 11 0 0 0 17
0.96279353 0.78595984 1.5887142 11 0 0 0 17
1.0628443 0.83597332 1.58283 11 0 0 0 17
1.3388759 0.32999089 1.5627457 11 0 0 0 17
0.81662399 0.61681592 1.6351191 11 0 0 0 17
0.8690266 1.0112947 1.5928044 11 0 0 0 17
0.6811949 0.57313448 1.6507001 11 0 0 0 17
0.73735201 1.1656582 1.6130835 11 0 0 0 17
1.0472302 1.1043338 1.5571638 11 0 0 0 17
0.52657831 0.81853479 1.6777695 11 0 0 0 17
1.3543282 0.60752004 1.5244479 11 0 0 0 17
0.62661409 0.75392598 1.6669164 11 0 0 0 17
1.0051568 0.68023241 1.6050993 11 0 0 0 17
1.2381241 0.47704735 1.5812204 11 0 0 0 17
0.90307909 1.0535054 1.5830173 11 0 0 0 17
0.94866306 0.59210277 1.6019104 11 0 0 0 17
1.035701 0.63376069 1.5929209 11 0 0 0 17
1.2027094 1.2272003 1.502208 11 0 0 0 17
1.2375835 0.36078978 1.5838848 11 0 0 0 17
0.85437119 0.26488352 1.6683725 11 0 0 0 17
0.64281404 0.6677863 1.6684551 11 0 0 0 17
1.0362707 1.2281297 1.5235884 11 0 0 0 17
1.351421 1.007506 1.4899238 11 0 0 0 17
0.59120005 0.66360831 1.6887445 11 0 0 0 17
0.7933768 0.66361904 1.6432003 11 0 0 0 17
0.92298502 0.60538191 1.6158452 11 0 0 0 17
0.64012575 0.94139665 1.6328919 11 0 0 0 17
1.0424883 1.1973529 1.5449853 11 0 0 0 17
1.0626744 0.64092225 1.6010582 11 0 0 0 17
1.1720107 1.2227215 1.5159976 11 0 0 0 17
1.3088959 0.60404593 1.5468713 11 0 0 0 17
1.3002946 0.43143651 1.5755659 11 0 0 0 17
0.81173468 0.92812741 1.6049225 11 0 0 0 17
0.74480122 0.89230323 1.6163794 12 0 0 0 17
1.3887621 0.5841983 1.5262852 12 0 0 0 17
1.2743326 0.84744734 1.5332307 12 0 0 0 17
1.2257239 0.45152166 1.5754241 12 0 0 0 17
0.64718246 0.70653379 1.6568657 12 0 0 0 17
0.80096084 0.74100226 1.6317618 12 0 0 0 17
1.4008893 0.58863288 1.5373203 12 0 0 0 17
0.56589246 0.51745576 1.701089 12 0 0 0 17
0.74152273 0.60337907 1.6556346 12 0 0 0 17
0.80141574 0.79249918 1.6173438 12 0 0 0 17
1.223745 0.9247058 1.5285163 12 0 0 0 17
0.42357984 0.96240538 1.6803799 12 0 0 0 17
0.9225899 0.83594203 1.60717 12 0 0 0 17
1.0586966 0.73717439 1.6004883 12 0 0 0 17
1.2277013 0.82997471 1.5551139 12 0 0 0 17
1.0331123 0.57987082 1.6122296 12 0 0 0 17
0.82166195 0.41727173 1.6529839 12 0 0 0 17
0.45811805 0.92733949 1.6736339 12 0 0 0 17
0.82612658 0.54790348 1.6460785 12 0 0 0 17
0.80741817 0.26720923 1.6742245 12 0 0 0 17
1.2366207 0.90198404 1.5503958 12 0 0 0 17
1.0916384 0.63771993 1.5848563 12 0 0 0 17
0.67677122 0.38539764 1.6969457 12 0 0 0 17
0.70478952 0.23796035 1.7197907 12 0 0 0 17
0.80739957 0.97880942 1.6013923 12 0 0 0 17
1.3143926 1.1821204 1.4848534 12 0 0 0 17
0.59911263 0.9512018 1.628356 12 0 0 0 17
1.2733573 1.155079 1.5228504 12 0 0 0 17
0.53621036 0.99669534 1.6575264 12 0 0 0 17
1.3395288 0.41457626 1.5617681 12 0 0 0 17
0.97711295 1.1076223 1.5532918 12 0 0 0 17
1.0970327 1.0880467 1.5383338 12 0 0 0 17
1.206829 1.2005101 1.4962037 12 0 0 0 17
0.74534291 1.0105839 1.6185939 12 0 0 0 17
1.3697983 0.94684482 1.5174526 12 0 0 0 17
0.47797078 0.60095817 1.7097473 12 0 0 0 17
1.2062234 0.97406352 1.5272595 12 0 0 0 17
0.82796985 0.34086201 1.6631136 12 0 0 0 17
0.8468287 0.20823808 1.6994528 12 0 0 0 17
0.75729138 0.46800175 1.6783608 12 0 0 0 17
0.56347275 0.651317 1.6823916 13 0 0 0 17
0.62172288 0.9896462 1.6368378 13 0 0 0 17
0.79695928 0.33631954 1.6688153 13 0 0 0 17
0.83015776 0.25664034 1.6762899 13 0 0 0 17
0.88687193 0.89182293 1.6008706 13 0 0 0 17
0.84531981 0.57855165 1.6458901 13 0 0 0 17
0.95189327 1.0108732 1.5822759 13 0 0 0 17
1.0448576 1.118476 1.5544202 13 0 0 0 17
0.81997067 0.25568449 1.6736246 13 0 0 0 17
1.0733904 1.039358 1.5449021 13 0 0 0 17
1.0100324 0.98609203 1.5746071 13 0 0 0 17
1.2249564 0.3250756 1.5812764 13 0 0 0 17
1.2531071 0.7333045 1.5519745 13 0 0 0 17
0.56453592 0.7727856 1.6834313 13 0 0 0 17
0.6977452 0.328632 1.6873548 13 0 0 0 17
1.2843852 0.33222485 1.5559813 13 0 0 0 17
0.73218709 1.0629908 1.6126029 13 0 0 0 17
0.40351859 0.82553619 1.6873617 13 0 0 0 17
0.46441007 0.86531341 1.6890094 13 0 0 0 17
0.68327338 1.1191729 1.6077303 13 0 0 0 17
1.3048065 1.2820678 1.4916154 13 0 0 0 17
1.243883 0.84586036 1.5410078 13 0 0 0 17
1.2360212 0.33117968 1.5842005 13 0 0 0 17
0.5787279 1.144698 1.6353403 13 0 0 0 17
0.47751617 0.98969239 1.6821591 13 0 0 0 17
0.92838627 0.96789813 1.5678151 13 0 0 0 17
1.3093147 0.62925357 1.5443419 13 0 0 0 17
1.0017934 0.55669081 1.6105683 13 0 0 0 17
1.1325483 0.44375432 1.5968701 13 0 0 0 17
0.54012322 1.0774186 1.6543992 13 0 0 0 17
1.4640949 0.41064236 1.5198927 13 0 0 0 17
1.3364186 0.64318746 1.5379603 13 0 0 0 17
1.2422647 0.77778286 1.5578138 13 0 0 0 17
1.3659101 1.0006875 1.504367 13 0 0 0 17
0.77315944 1.0747871 1.6187537 13 0 0 0 17
0.5886004 0.16829967 1.7363548 13 0 0 0 17
0.65047663 0.62267983 1.6653926 13 0 0 0 17
1.0952954 0.89078361 1.5695188 13 0 0 0 17
0.79066676 1.0898203 1.5927768 13 0 0 0 17
0.75714964 0.69427526 1.6377224 13 0 0 0 17
0.59507453 0.4402785 1.6758422 14 0 0 0 17
0.38891077 1.0406791 1.6838173 14 0 0 0 17
0.64556378 0.63088691 1.6760468 14 0 0 0 17
0.59378052 1.0884376 1.6195241 14 0 0 0 17
1.1437849 1.0484529 1.5407393 14 0 0 0 17
1.3860065 0.75782454 1.5015404 14 0 0 0 17
1.0766969 1.2493685 1.5130028 14 0 0 0 17
1.253685 0.84208673 1.5254441 14 0 0 0 17
1.3677402 0.94265884 1.4847858 14 0 0 0 17
1.1399766 0.93232858 1.5520893 14 0 0 0 17
0.57190007 0.18545775 1.7319946 14 0 0 0 17
1.2613726 0.86097544 1.5260495 14 0 0 0 17
1.0331843 1.1506821 1.5321854 14 0 0 0 17
0.85083097 0.62073219 1.6384473 14 0 0 0 17
0.45981735 1.0408159 1.6738963 14 0 0 0 17
0.53493673 0.6996088 1.6813791 14 0 0 0 17
0.96845692 0.30553481 1.6143556 14 0 0 0 17
0.97096044 1.2294711 1.5405042 14 0 0 0 17
0.50298727 0.50359762 1.7160138 14 0 0 0 17
0.47944906 0.99066848 1.6672585 14 0 0 0 17
1.3996012 0.6867249 1.5117081 14 0 0 0 17
1.1692291 0.64994055 1.5713526 14 0 0 0 17
1.0700043 1.2116954 1.5327033 14 0 0 0 17
1.2512541 0.70522696 1.5599618 14 0 0 0 17
1.3118126 0.90714854 1.531673 14 0 0 0 17
0.91323018 0.76320446 1.6135602 14 0 0 0 17
1.3404233 0.82243818 1.5069075 14 0 0 0 17
1.1464469 0.40420914 1.5918529 14 0 0 0 17
0.90324694 0.31658807 1.6754212 14 0 0 0 17
0.97844106 0.77234924 1.6063837 14 0 0 0 17
0.88543105 0.88003433 1.6070117 14 0 0 0 17
1.2979761 0.43493426 1.5683584 14 0 0 0 17
0.52038336 0.34803307 1.7249122 14 0 0 0 17
0.8408578 0.24749173 1.6662046 14 0 0 0 17
1.1003262 1.1852013 1.5244696 14 0 0 0 17
0.99722326 0.4256531 1.6233636 14 0 0 0 17
0.41342425 1.100989 1.6666619 14 0 0 0 17
0.96475583 1.0005245 1.5598922 14 0 0 0 17
1.3883816 0.51426923 1.5231801 14 0 0 0 17
0.6045531 0.47000206 1.6840308 14 0 0 0 17
0.52647954 0.73728412 1.6922687 15 0 0 0 17
0.84911507 0.63700956 1.6343914 15 0 0 0 17
1.0368878 0.31866553 1.616522 15 0 0 0 17
1.095758 0.26677629 1.6160864 15 0 0 0 17
0.96439219 0.86536807 1.5948422 15 0 0 0 17
0.64453697 1.1057303 1.6270052 15 0 0 0 17
1.0005037 1.0014067 1.5800744 15 0 0 0 17
1.2181861 0.57808238 1.5594603 15 0 0 0 17
1.0565994 0.60607678 1.6123477 15 0 0 0 17
0.87912375 0.92587984 1.6064779 15 0 0 0 17
0.94966263 0.26254559 1.6311604 15 0 0 0 17
1.2575994 1.281473 1.4947276 15 0 0 0 17
0.64857799 0.2148014 1.6955332 15 0 0 0 17
1.444901 0.57631445 1.517424 15 0 0 0 17
1.2734861 0.93724453 1.5159374 15 0 0 0 17
0.98965049 1.0923572 1.5692492 15 0 0 0 17
1.0016459 0.54939413 1.6172457 15 0 0 0 17
0.61455172 0.90192538 1.6488967 15 0 0 0 17
0.50992477 1.0589848 1.6353896 15 0 0 0 17
1.0679499 0.27309033 1.6215681 15 0 0 0 17
1.1258529 0.87493026 1.5645423 15 0 0 0 17
0.62975365 0.64646363 1.6823615 15 0 0 0 17
1.2539965 1.2111932 1.5081902 15 0 0 0 17
0.52160025 1.119242 1.6561042 15 0 0 0 17
1.0331838 1.1585201 1.5491012 15 0 0 0 17
1.0597844 0.46032116 1.6175659 15 0 0 0 17
0.67707634 0.58486521 1.6902664 15 0 0 0 17
0.69697714 0.74803251 1.653368 15 0 0 0 17
1.1135679 0.9508428 1.5448552 15 0 0 0 17
1.2122991 0.99021298 1.5105733 15 0 0 0 17
1.0707426 0.95832896 1.5486876 15 0 0 0 17
0.59935349 0.524423 1.6930448 15 0 0 0 17
1.222419 1.2662557 1.5079589 15 0 0 0 17
0.89079082 0.9645918 1.5843577 15 0 0 0 17
0.49413711 1.1172383 1.6383122 15 0 0 0 17
1.2064701 0.31435013 1.5851806 15 0 0 0 17
1.1624863 0.89137113 1.551176 15 0 0 0 17
0.8662768 0.4080883 1.6458725 15 0 0 0 17
0.59795326 0.46138999 1.6933467 15 0 0 0 17
0.68279189 0.30701622 1.70818 15 0 0 0 17
1.1841021 0.97174901 1.5475174 16 0 0 0 17
0.87346584 0.46726978 1.6628025 16 0 0 0 17
0.66201484 0.52916598 1.6736994 16 0 0 0 17
1.3804436 0.48314729 1.548767 16 0 0 0 17
1.3233374 0.82041532 1.5456208 16 0 0 0 17
1.3136153 0.82374394 1.5178775 16 0 0 0 17
1.4310378 0.58100545 1.5223249 16 0 0 0 17
1.0751073 0.99703538 1.5390232 16 0 0 0 17
0.52468079 1.1503247 1.6281943 16 0 0 0 17
1.1875494 1.0930818 1.5139108 16 0 0 0 17
0.43949518 0.72019368 1.7020493 16 0 0 0 17
1.1907495 1.2747697 1.5073498 16 0 0 0 17
0.57910466 0.38761121 1.7167366 16 0 0 0 17
0.65845394 0.30238107 1.6759385 16 0 0 0 17
0.89102477 0.93065631 1.5823972 16 0 0 0 17
1.3300442 0.81649935 1.5322567 16 0 0 0 17
1.4134388 0.67604482 1.526454 16 0 0 0 17
1.1602987 0.75652134 1.5647297 16 0 0 0 17
1.1287541 0.30492383 1.6035521 16 0 0 0 17
0.76374418 0.82583183 1.6125869 16 0 0 0 17
0.48920995 1.0121428 1.6492809 16 0 0 0 17
0.68145013 1.0407947 1.6281941 16 0 0 0 17
0.51670665 1.0042883 1.6398488 16 0 0 0 17
0.96141165 0.46075907 1.6314771 16 0 0 0 17
0.80330944 0.20283857 1.6857929 16 0 0 0 17
0.73909456 0.64275068 1.6421711 16 0 0 0 17
0.64334673 0.30139267 1.710133 16 0 0 0 17
0.50946689 0.58840889 1.711875 16 0 0 0 17
1.3564785 0.88671815 1.5129772 16 0 0 0 17
1.1882379 0.55623025 1.5801351 16 0 0 0 17
1.0600952 0.40225685 1.6107173 16 0 0 0 17
0.62020928 0.86016899 1.6648854 16 0 0 0 17
1.3613214 0.34993875 1.5647143 16 0 0 0 17
0.74846184 0.82912886 1.6341623 16 0 0 0 17
0.90218204 0.58413577 1.6331152 16 0 0 0 17
0.95651436 0.75133961 1.6019957 16 0 0 0 17
0.62534219 1.0744687 1.6217332 16 0 0 0 17
0.82773423 0.22809082 1.6769748 16 0 0 0 17
1.2553173 0.3394196 1.5769957 16 0 0 0 17
0.51199013 0.53684944 1.7040691 16 0 0 0 17
0.51826656 0.51551533 1.7140265 17 0 0 0 17
0.39664271 1.0639318 1.6680408 17 0 0 0 17
0.82530588 0.93132442 1.5863849 17 0 0 0 17
0.95565832 1.0878904 1.5661453 17 0 0 0 17
0.76404655 0.83657748 1.643099 17 0 0 0 17
1.0679998 0.8488844 1.558055 17 0 0 0 17
1.262468 0.75693345 1.54066 17 0 0 0 17
1.1774689 0.74984646 1.5837195 17 0 0 0 17
0.74837601 1.1877584 1.5915511 17 0 0 0 17
0.99051803 0.52469683 1.6012423 17 0 0 0 17
0.61993325 0.97614759 1.6445358 17 0 0 0 17
0.9775725 0.47671878 1.6156266 17 0 0 0 17
1.3392292 1.0321571 1.5030571 17 0 0 0 17
1.2926177 0.96753985 1.4932483 17 0 0 0 17
0.88449949 1.0590899 1.5796041 17 0 0 0 17
0.59989268 0.72989869 1.6830083 17 0 0 0 17
0.99193168 0.85024041 1.5886459 17 0 0 0 17
0.49737462 0.7612412 1.6790924 17 0 0 0 17
0.57613027 0.55006659 1.6911535 17 0 0 0 17
0.63648957 1.1455702 1.6088372 17 0 0 0 17
0.59609759 0.377491 1.7004874 17 0 0 0 17
0.74729449 0.52096713 1.6602052 17 0 0 0 17
0.396391 0.95920384 1.6853186 17 0 0 0 17
0.78000766 1.0724865 1.6033669 17 0 0 0 17
0.57081074 0.4016332 1.7168992 17 0 0 0 17
0.42988178 0.79286218 1.6974287 17 0 0 0 17
0.86081892 0.5137614 1.6472846 17 0 0 0 17
0.93040967 0.49435011 1.6303784 17 0 0 0 17
0.55244356 0.45618173 1.7193593 17 0 0 0 17
1.2056915 0.83914828 1.5513558 17 0 0 0 17
1.398999 0.65116096 1.5309589 17 0 0 0 17
1.1850414 0.50110459 1.5823698 17 0 0 0 17
1.3641875 0.75187385 1.5184573 17 0 0 0 17
1.0959115 0.69576538 1.5759331 17 0 0 0 17
0.97540039 0.87644267 1.5821583 17 0 0 0 17
0.99054605 0.33029199 1.6377585 17 0 0 0 17
0.95378298 0.45142421 1.6364181 17 0 0 0 17
0.91019905 1.0916419 1.5748694 17 0 0 0 17
0.7004438 0.97332847 1.6322199 17 0 0 0 17
1.1936164 1.1729128 1.5136565 17 0 0 0 17
0.87071639 0.38999033 1.6507053 18 0 0 0 17
1.3483641 1.0589404 1.4998271 18 0 0 0 17
0.90922582 0.54937655 1.615092 18 0 0 0 17
1.3331629 1.0932096 1.5005964 18 0 0 0 17
0.88241071 0.4014082 1.6678945 18 0 0 0 17
0.52563924 0.46866116 1.725992 18 0 0 0 17
1.0049348 0.87294722 1.5955664 18 0 0 0 17
0.78144312 1.0063211 1.5912477 18 0 0 0 17
0.73746836 1.1054612 1.6106653 18 0 0 0 17
0.78262007 1.035087 1.6142608 18 0 0 0 17
0.5622853 1.0989598 1.6569071 18 0 0 0 17
0.74493009 1.0849588 1.6025256 18 0 0 0 17
0.81018943 0.42921156 1.6503545 18 0 0 0 17
0.7009055 1.0456202 1.6367671 18 0 0 0 17
0.43903467 0.68440902 1.7104847 18 0 0 0 17
1.2271341 1.2636622 1.4932153 18 0 0 0 17
1.4045331 0.5942803 1.543746 18 0 0 0 17
0.68598318 0.876158 1.6335503 18 0 0 0 17
0.60438257 0.83026749 1.6551059 18 0 0 0 17
1.1076894 0.63728231 1.5820621 18 0 0 0 17
1.1670557 0.66946268 1.5780332 18 0 0 0 17
0.68371844 0.29408854 1.6993155 18 0 0 0 17
1.3113261 1.1051244 1.5056375 18 0 0 0 17
1.351142 0.35364801 1.541504 18 0 0 0 17
0.68018669 0.63838279 1.659963 18 0 0 0 17
0.819341 0.27858245 1.6522954 18 0 0 0 17
0.88829362 1.0567127 1.5794958 18 0 0 0 17
0.97875059 0.51438218 1.6259389 18 0 0 0 17
0.53373873 0.69298583 1.6672518 18 0 0 0 17
0.92116904 0.54144597 1.624378 18 0 0 0 17
0.52532429 1.1113737 1.6439539 18 0 0 0 17
0.58678734 0.51959634 1.6872032 18 0 0 0 17
0.52919543 0.92145002 1.6542094 18 0 0 0 17
0.56666493 0.54967552 1.6930234 18 0 0 0 17
1.1855919 1.1895331 1.5036638 18 0 0 0 17
0.86490148 0.37194049 1.6508774 18 0 0 0 17
0.90608251 0.79999828 1.5884838 18 0 0 0 17
0.69615918 0.92309386 1.6392616 18 0 0 0 17
0.76613283 0.46392998 1.6747489 18 0 0 0 17
0.91384649 1.1694554 1.5757722 18 0 0 0 17
1.4889336 0.36555386 1.5266809 19 0 0 0 17
1.062662 0.87032205 1.5866542 19 0 0 0 17
1.4193424 0.6596967 1.5198842 19 0 0 0 17
0.50281036 0.97923946 1.6788182 19 0 0 0 17
0.55685687 0.17245016 1.7287382 19 0 0 0 17
0.48595622 0.78364509 1.6916173 19 0 0 0 17
0.87434024 0.9031688 1.6155541 19 0 0 0 17
1.2696284 0.58143342 1.5538634 19 0 0 0 17
0.76445025 1.1063412 1.5927669 19 0 0 0 17
1.0012122 0.89735848 1.5826502 19 0 0 0 17
0.92115527 1.0300848 1.598459 19 0 0 0 17
1.3236402 0.38573465 1.5692872 19 0 0 0 17
0.82468051 0.66338617 1.636537 19 0 0 0 17
0.81776386 0.94464123 1.6069075 19 0 0 0 17
1.2154611 0.95872462 1.5226676 19 0 0 0 17
0.88719893 0.38339809 1.636287 19 0 0 0 17
0.70986849 0.62744945 1.6614151 19 0 0 0 17
1.3122886 1.0523356 1.5158652 19 0 0 0 17
0.9669255 0.56969881 1.6197227 19 0 0 0 17
1.2681202 1.0455087 1.5247655 19 0 0 0 17
0.426054 0.7302025 1.6932023 19 0 0 0 17
1.2267941 1.1866487 1.5063047 19 0 0 0 17
1.1134378 0.75875324 1.5600353 19 0 0 0 17
1.1276506 0.39384323 1.5925566 19 0 0 0 17
1.3759797 0.50555992 1.5364488 19 0 0 0 17
1.0236932 0.59997576 1.5894777 19 0 0 0 17
0.61112279 0.5862909 1.6769038 19 0 0 0 17
0.61733335 0.82201743 1.6632169 19 0 0 0 17
1.0875881 0.44940329 1.604398 19 0 0 0 17
0.99005848 1.0142167 1.5742406 19 0 0 0 17
1.0836315 0.9119162 1.560393 19 0 0 0 17
0.54991978 0.40271071 1.7213703 19 0 0 0 17
1.3096148 0.32364085 1.5666722 19 0 0 0 17
0.75281382 0.81622225 1.6518583 19 0 0 0 17
1.1402502 0.76726794 1.5550995 19 0 0 0 17
1.080054 1.1212826 1.5368202 19 0 0 0 17
0.97532219 0.32929209 1.6448864 19 0 0 0 17
1.1461579 1.0279003 1.5383698 19 0 0 0 17
1.0624042 1.1756092 1.5435693 19 0 0 0 17
1.3513831 0.33283591 1.5637691 19 0 0 0 17
-1.0270332 0.76777148 0.26665309 0 0 0 0 18
-0.98550433 0.39625502 0.81112814 0 0 0 0 18
-1.1815275 0.76470959 1.1422489 0 0 0 0 18
-0.91025144 0.50770342 0.13749987 0 0 0 0 18
-1.2321039 1.2545195 0.39220476 0 0 0 0 18
-1.2494538 1.1545876 0.74810272 0 0 0 0 18
-1.0809731 0.47681355 1.059711 0 0 0 0 18
-1.1329523 0.77498645 0.75665075 0 0 0 0 18
-0.96585631 0.17086227 0.97207594 0 0 0 0 18
-0.9406051 0.281441 0.70617414 0 0 0 0 18
-0.92485529 0.40985548 0.37368861 0 0 0 0 18
-0.99695629 0.36769763 0.9238106 0 0 0 0 18
-1.1636803 0.8485204 0.78669441 0 0 0 0 18
-1.1188654 0.65010798 0.90147603 0 0 0 0 18
-1.1395019 1.0679116 0.31774735 0 0 0 0 18
-1.1177965 0.66554874 0.90411019 0 0 0 0 18
-1.0229263 0.38812819 0.88678044 0 0 0 0 18
-1.1214868 0.74838811 0.68858898 0 0 0 0 18
-1.1125013 0.63072932 0.96564966 0 0 0 0 18
-1.0228285 0.79141426 0.20773405 0 0 0 0 18
-0.9743697 0.28907979 0.87630653 0 0 0 0 18
-1.064496 0.49691337 0.96967554 0 0 0 0 18
-1.0258461 0.72379249 0.50119472 0 0 0 0 18
-1.0343254 0.67454559 0.44269738 0 0 0 0 18
-1.0128549 0.45103422 0.78151345 0 0 0 0 18
-0.99934638 0.50662553 0.61295086 0 0 0 0 18
-1.2926706 0.94209301 1.1280279 0 0 0 0 18
-1.0488781 0.78308684 0.40608576 0 0 0 0 18
-0.9204542 0.53198701 0.18168807 0 0 0 0 18
-0.93391687 0.64050001 0.10953865 0 0 0 0 18
-1.2298907 0.78211731 1.2020364 0 0 0 0 18
-1.0376184 0.43580657 0.89765954 0 0 0 0 18
-1.1345258 0.86343861 0.57948804 0 0 0 0 18
-1.2328991 1.2124206 0.5026567 0 0 0 0 18
-1.135354 0.92914909 0.52269936 0 0 0 0 18
-1.1774102 1.1084882 0.42100251 0 0 0 0 18
-0.99951023 0.68801975 0.26086655 0 0 0 0 18
-0.92289615 0.18224721 0.85980487 0 0 0 0 18
-1.13068 0.8049686 0.71949977 0 0 0 0 18
-1.1429747 0.91027975 0.55146146 0 0 0 0 18
-1.1991622 0.78769767 1.0511459 1 0 0 0 18
-1.2637964 1.2629113 0.4752439 1 0 0 0 18
-1.105617 0.74144107 0.66680872 1 0 0 0 18
-0.98540699 0.5295313 0.45065355 1 0 0 0 18
-1.0589148 0.7148695 0.5704447 1 0 0 0 18
-0.96579528 0.58659798 0.38641143 1 0 0 0 18
-1.0913604 0.67748952 0.80263335 1 0 0 0 18
-1.0140553 0.33630317 0.98693627 1 0 0 0 18
-1.0058049 0.32389787 0.98833394 1 0 0 0 18
-1.1522616 0.73980498 0.87802011 1 0 0 0 18
-0.94362539 0.54323292 0.36173055 1 0 0 0 18
-1.2735881 1.1336659 0.70690554 1 0 0 0 18
-0.96828508 0.27135611 0.91411781 1 0 0 0 18
-1.0484462 0.78620636 0.3870115 1 0 0 0 18
-1.0549464 0.71924031 0.50062919 1 0 0 0 18
-0.95832217 0.33793336 0.64362806 1 0 0 0 18
-0.88554907 0.51178104 0.11206375 1 0 0 0 18
-1.08125 0.68231231 0.76731616 1 0 0 0 18
-0.94329029 0.28921351 0.66096479 1 0 0 0 18
-1.2469785 0.92953891 1.0727333 1 0 0 0 18
-1.0108339 0.58667415 0.52167153 1 0 0 0 18
-1.2006702 1.197046 0.41981468 1 0 0 0 18
-1.0385227 0.66971403 0.45631239 1 0 0 0 18
-1.1312956 0.77303183 0.79398024 1 0 0 0 18
-1.1356758 0.80192971 0.6754151 1 0 0 0 18
-1.0238855 0.6963352 0.38618568 1 0 0 0 18
-1.1000036 0.85740125 0.48157236 1 0 0 0 18
-1.0603991 0.48707506 1.027841 1 0 0 0 18
-1.2430874 0.9755879 0.9244777 1 0 0 0 18
-1.2567329 1.1208074 0.76050246 1 0 0 0 18
-1.139964 0.55576456 1.1202193 1 0 0 0 18
-1.2302727 0.8775925 1.1177539 1 0 0 0 18
-1.1956974 1.0077767 0.66007948 1 0 0 0 18
-1.1741459 0.68552423 1.1783317 1 0 0 0 18
-1.2813873 1.1216171 0.83835125 1 0 0 0 18
-1.1120318 0.62815189 0.84594798 1 0 0 0 18
-1.2261031 1.0028471 0.80564606 1 0 0 0 18
-0.98347336 0.39759436 0.66625756 1 0 0 0 18
-0.93710101 0.53275388 0.2856667 1 0 0 0 18
-0.94898784 0.22146519 0.95945823 1 0 0 0 18
-1.1453069 0.68635595 0.94452512 2 0 0 0 18
-1.2714674 1.1603966 0.71744907 2 0 0 0 18
-1.1668028 0.8792671 0.74794424 2 0 0 0 18
-1.2032529 0.94104654 0.87456733 2 0 0 0 18
-1.2185659 0.9078756 0.98716342 2 0 0 0 18
-1.0094663 0.76366699 0.17576084 2 0 0 0 18
-1.0474384 0.40222684 1.0349138 2 0 0 0 18
-0.94715482 0.31153861 0.76933318 2 0 0 0 18
-1.1502196 0.86720687 0.60910988 2 0 0 0 18
-1.1158993 0.55178654 1.0294993 2 0 0 0 18
-0.93107444 0.35627833 0.63879514 2 0 0 0 18
-0.95214587 0.49035692 0.35279301 2 0 0 0 18
-1.1979872 0.79186594 0.9938978 2 0 0 0 18
-1.1433196 0.66876471 1.0075899 2 0 0 0 18
-1.0759062 0.88327849 0.27023527 2 0 0 0 18
-1.1709653 1.0558792 0.49957943 2 0 0 0 18
-1.0115565 0.34674954 0.97695547 2 0 0 0 18
-0.94993138 0.58288938 0.26485801 2 0 0 0 18
-1.2582024 1.2709141 0.48892817 2 0 0 0 18
-1.1843356 1.1247493 0.4408451 2 0 0 0 18
-1.0487047 0.61483788 0.58959955 2 0 0 0 18
-0.91212434 0.51386356 0.23853183 2 0 0 0 18
-1.059194 0.88600272 0.28889495 2 0 0 0 18
-0.97412825 0.43473178 0.66441393 2 0 0 0 18
-1.271979 0.97215158 1.0459347 2 0 0 0 18
-0.89972597 0.20681293 0.7113378 2 0 0 0 18
-1.0547265 0.71697879 0.4763585 2 0 0 0 18
-1.2740494 1.0895549 0.86621565 2 0 0 0 18
-0.9909451 0.43288296 0.64738202 2 0 0 0 18
-1.1707413 1.0239996 0.57279658 2 0 0 0 18
-0.96280909 0.26722857 0.90632838 2 0 0 0 18
-1.2550868 1.204779 0.54932153 2 0 0 0 18
-1.06209 0.54212791 0.85975105 2 0 0 0 18
-1.2141451 0.78735137 1.0898908 2 0 0 0 18
-1.2234745 0.7900877 1.1647432 2 0 0 0 18
-1.0460361 0.72476339 0.38339433 2 0 0 0 18
-0.91441214 0.42756799 0.36478654 2 0 0 0 18
-1.1032199 0.66810781 0.77224267 2 0 0 0 18
-1.100789 0.75724882 0.64119917 2 0 0 0 18
-1.2062429 1.0034115 0.59045029 2 0 0 0 18
-1.1266265 0.8592611 0.51862413 3 0 0 0 18
-1.2263736 0.7805084 1.2149699 3 0 0 0 18
-1.061607 0.86055797 0.33738253 3 0 0 0 18
-1.2696967 1.3000879 0.43291065 3 0 0 0 18
-1.2484663 0.89518279 1.1427702 3 0 0 0 18
-1.1742004 0.7645514 1.0074301 3 0 0 0 18
-1.2193377 0.80818325 1.1662024 3 0 0 0 18
-1.0900685 0.79685742 0.5800907 3 0 0 0 18
-1.053854 0.72573668 0.49486628 3 0 0 0 18
-1.1893959 0.9033708 0.79877251 3 0 0 0 18
-1.2293394 0.92963225 0.9814406 3 0 0 0 18
-0.95142043 0.43428952 0.43886334 3 0 0 0 18
-1.2806371 0.9353621 1.1191453 3 0 0 0 18
-0.94539362 0.19314224 0.96712643 3 0 0 0 18
-1.0405664 0.4138858 0.97921509 3 0 0 0 18
-1.1612446 0.64903337 1.152938 3 0 0 0 18
-0.99553359 0.59543854 0.42026424 3 0 0 0 18
-0.96196854 0.32141963 0.75714082 3 0 0 0 18
-0.97524846 0.26736015 0.98125881 3 0 0 0 18
-1.0685937 0.72181553 0.5384919 3 0 0 0 18
-1.1660744 1.0502338 0.39225236 3 0 0 0 18
-1.1759568 0.92025137 0.79213244 3 0 0 0 18
-0.99304211 0.52938551 0.50736624 3 0 0 0 18
-1.0160561 0.39437646 0.865192 3 0 0 0 18
-1.1306159 0.928464 0.47762313 3 0 0 0 18
-0.95161736 0.33715084 0.76687092 3 0 0 0 18
-1.0682784 0.53724021 0.90183723 3 0 0 0 18
-0.92807305 0.20346859 0.77518189 3 0 0 0 18
-1.103027 0.96520513 0.34972563 3 0 0 0 18
-1.1026244 0.8914727 0.40228766 3 0 0 0 18
-1.2504103 1.0682321 0.80691725 3 0 0 0 18
-1.0902785 0.75894815 0.54092938 3 0 0 0 18
-1.1165633 0.58275819 1.0805666 3 0 0 0 18
-1.1278161 0.71349919 0.92815489 3 0 0 0 18
-1.1707361 0.63577956 1.1221602 3 0 0 0 18
-1.0571227 0.49530178 0.83654445 3 0 0 0 18
-1.166358 0.86659908 0.72564763 3 0 0 0 18
-1.2551881 0.93913132 1.1117225 3 0 0 0 18
-1.1526244 0.63113928 1.1083336 3 0 0 0 18
-1.2334337 0.93617451 0.93484235 3 0 0 0 18
-0.9457339 0.3977606 0.51920944 4 0 0 0 18
-1.1164961 0.96600467 0.30872077 4 0 0 0 18
-0.98883563 0.61434549 0.43728909 4 0 0 0 18
-1.2442774 1.1638538 0.67172939 4 0 0 0 18
-1.223772 1.0601684 0.78012973 4 0 0 0 18
-1.0738518 0.64178687 0.70973641 4 0 0 0 18
-0.96473783 0.31744266 0.75112689 4 0 0 0 18
-1.0681027 0.51867563 0.88997883 4 0 0 0 18
-1.0230922 0.3962867 0.94355553 4 0 0 0 18
-0.95187354 0.57484758 0.38715664 4 0 0 0 18
-1.0829849 0.79525554 0.49121645 4 0 0 0 18
-1.2303801 0.87836218 0.98588288 4 0 0 0 18
-0.91430521 0.30884606 0.55905509 4 0 0 0 18
-1.1578587 1.0339092 0.39511344 4 0 0 0 18
-0.94250256 0.59135711 0.28079861 4 0 0 0 18
-1.0682871 0.58774078 0.82848042 4 0 0 0 18
-1.2293506 0.83638728 1.1404688 4 0 0 0 18
-0.96272886 0.39762443 0.67287743 4 0 0 0 18
-1.2212613 0.99191421 0.81056136 4 0 0 0 18
-1.0632309 0.5854764 0.86501932 4 0 0 0 18
-1.0548208 0.66249502 0.57277393 4 0 0 0 18
-1.0772175 0.77583456 0.56249654 4 0 0 0 18
-1.0544493 0.39502662 1.0546474 4 0 0 0 18
-0.89297229 0.27471092 0.57875925 4 0 0 0 18
-1.1791834 0.77541023 0.89693004 4 0 0 0 18
-1.125469 0.95466012 0.43781793 4 0 0 0 18
-0.94819289 0.48056898 0.36181435 4 0 0 0 18
-0.90437543 0.28345245 0.68351805 4 0 0 0 18
-1.0713552 0.67580742 0.68597907 4 0 0 0 18
-1.0330371 0.44329044 0.81176519 4 0 0 0 18
-0.93435067 0.27489847 0.72083843 4 0 0 0 18
-1.2649308 1.2356923 0.59136409 4 0 0 0 18
-1.0905664 0.82545656 0.43214437 4 0 0 0 18
-1.1983724 0.83218181 1.038566 4 0 0 0 18
-0.95905101 0.47338867 0.51057142 4 0 0 0 18
-1.0043691 0.40158957 0.90639043 4 0 0 0 18
-0.97250831 0.4083668 0.6048609 4 0 0 0 18
-1.0400566 0.40883166 0.94684428 4 0 0 0 18
-0.93612647 0.17618935 0.9383173 4 0 0 0 18
-1.0454504 0.63922006 0.59980375 4 0 0 0 18
-1.2502007 0.91874057 1.1095349 5 0 0 0 18
-1.2041768 1.1780242 0.35750934 5 0 0 0 18
-1.0650977 0.54502761 0.88871443 5 0 0 0 18
-1.0609176 0.58373046 0.7606824 5 0 0 0 18
-0.94184041 0.25327894 0.82610255 5 0 0 0 18
-0.9012956 0.15736163 0.7194739 5 0 0 0 18
-1.0721583 0.46818969 1.0564942 5 0 0 0 18
-1.0241096 0.81606174 0.22411689 5 0 0 0 18
-0.90206629 0.32570302 0.60484684 5 0 0 0 18
-1.1845361 0.91779923 0.73936111 5 0 0 0 18
-1.176793 0.70189869 1.0961872 5 0 0 0 18
-0.93156028 0.28819451 0.72504622 5 0 0 0 18
-0.90217787 0.26495135 0.61602539 5 0 0 0 18
-1.0278417 0.39973062 0.98997146 5 0 0 0 18
-1.0656558 0.86267495 0.21763602 5 0 0 0 18
-1.004204 0.61859298 0.43550676 5 0 0 0 18
-0.88278747 0.47735211 0.13966444 5 0 0 0 18
-1.1936657 0.76973784 1.0708725 5 0 0 0 18
-0.94629413 0.39986819 0.49207157 5 0 0 0 18
-1.0076073 0.4362984 0.82228911 5 0 0 0 18
-1.247403 0.91526604 0.94631189 5 0 0 0 18
-0.87691098 0.4775992 0.067665182 5 0 0 0 18
-0.98470515 0.37019026 0.77976501 5 0 0 0 18
-1.2415935 0.81751096 1.1227728 5 0 0 0 18
-1.0135585 0.72958255 0.38063335 5 0 0 0 18
-1.2227902 1.0512544 0.64870179 5 0 0 0 18
-1.0556393 0.55218321 0.73420715 5 0 0 0 18
-0.90526056 0.50643104 0.072216004 5 0 0 0 18
-0.96568739 0.57566035 0.25431278 5 0 0 0 18
-1.0876052 0.78430915 0.60182524 5 0 0 0 18
-1.1200271 0.74925423 0.68774837 5 0 0 0 18
-0.95793694 0.2314041 0.84663659 5 0 0 0 18
-1.2051498 0.95225775 0.74182081 5 0 0 0 18
-1.214368 0.73292476 1.1774883 5 0 0 0 18
-1.1062394 0.81006908 0.50705928 5 0 0 0 18
-0.88850653 0.30604115 0.49688405 5 0 0 0 18
-1.1113292 0.65693718 0.77391297 5 0 0 0 18
-1.2454361 0.87528902 1.2345098 5 0 0 0 18
-1.1875592 0.82925087 0.86088735 5 0 0 0 18
-1.1976323 0.85607702 0.99597239 5 0 0 0 18
-0.99538493 0.3096697 0.89939052 6 0 0 0 18
-1.0882118 0.80329013 0.53593034 6 0 0 0 18
-1.0658374 0.50603664 0.99682689 6 0 0 0 18
-1.1849312 0.7653656 1.0142256 6 0 0 0 18
-1.0546535 0.50529724 0.86235428 6 0 0 0 18
-0.97854966 0.55025715 0.39824125 6 0 0 0 18
-0.94642043 0.26831928 0.82734632 6 0 0 0 18
-1.2210442 0.82100379 1.1726613 6 0 0 0 18
-0.95062608 0.21149926 0.92115271 6 0 0 0 18
-1.1915954 0.78046578 0.95773637 6 0 0 0 18
-0.91544467 0.57257175 0.10048325 6 0 0 0 18
-1.2365867 1.1222147 0.71068323 6 0 0 0 18
-1.2197299 1.103215 0.64319837 6 0 0 0 18
-1.1595699 1.0048729 0.42639512 6 0 0 0 18
-1.1503407 0.79139876 0.80933738 6 0 0 0 18
-1.1141815 0.9228512 0.40737188 6 0 0 0 18
-0.99069822 0.6789782 0.26316896 6 0 0 0 18
-1.0142785 0.58892018 0.53972358 6 0 0 0 18
-1.1392788 0.819547 0.65384847 6 0 0 0 18
-1.0402296 0.68533671 0.58893353 6 0 0 0 18
-1.0107107 0.72920024 0.20076738 6 0 0 0 18
-0.8983084 0.083552167 0.89076507 6 0 0 0 18
-0.97445196 0.56152689 0.36342102 6 0 0 0 18
-0.89265847 0.42459086 0.3744337 6 0 0 0 18
-1.1898651 1.1188391 0.38487518 6 0 0 0 18
-1.0698586 0.54355866 0.81631899 6 0 0 0 18
-0.92948067 0.2748152 0.73294592 6 0 0 0 18
-1.0133998 0.60288048 0.52997351 6 0 0 0 18
-0.9439612 0.53929776 0.30344236 6 0 0 0 18
-1.1470991 0.60127926 1.0859894 6 0 0 0 18
-0.96969986 0.39938647 0.70473093 6 0 0 0 18
-0.93783545 0.30314347 0.76301748 6 0 0 0 18
-1.2821938 0.90845436 1.1736087 6 0 0 0 18
-0.99459201 0.59615487 0.42603058 6 0 0 0 18
-1.2577834 0.87378985 1.2026401 6 0 0 0 18
-1.1808492 1.0079529 0.57986331 6 0 0 0 18
-1.0113108 0.76026177 0.23975116 6 0 0 0 18
-1.1991837 0.77743042 1.0926703 6 0 0 0 18
-0.90060014 0.2886079 0.49982059 6 0 0 0 18
-0.96464658 0.56198901 0.39366388 6 0 0 0 18
-1.1530365 0.62064075 1.1509116 7 0 0 0 18
-1.058256 0.83338696 0.26051918 7 0 0 0 18
-0.91469949 0.49719304 0.34137207 7 0 0 0 18
-1.220372 1.0081767 0.75796276 7 0 0 0 18
-1.1353617 0.99624252 0.32712674 7 0 0 0 18
-1.1530182 0.88109124 0.60672903 7 0 0 0 18
-1.0832106 0.56648159 0.9302845 7 0 0 0 18
-1.0371982 0.40903401 0.99656111 7 0 0 0 18
-1.2168462 0.90679628 0.97522706 7 0 0 0 18
-0.93094635 0.37115133 0.57384115 7 0 0 0 18
-1.2680932 0.87893295 1.1863492 7 0 0 0 18
-1.2023203 0.94487196 0.80004662 7 0 0 0 18
-1.0996828 0.75534666 0.70324856 7 0 0 0 18
-1.1880518 1.1485593 0.35077557 7 0 0 0 18
-1.2043819 0.91399968 0.89056867 7 0 0 0 18
-1.0990663 0.50072986 1.0438297 7 0 0 0 18
-0.89327937 0.18341124 0.71283525 7 0 0 0 18
-1.0656618 0.63661319 0.70470995 7 0 0 0 18
-0.88964421 0.24274643 0.64528292 7 0 0 0 18
-0.93502122 0.53939819 0.15836954 7 0 0 0 18
-1.0652354 0.78875959 0.39004043 7 0 0 0 18
-1.1866069 0.87571722 0.78789794 7 0 0 0 18
-1.0508393 0.61261684 0.67412853 7 0 0 0 18
-0.96113211 0.37788334 0.74922764 7 0 0 0 18
-1.0103011 0.29133725 0.99648589 7 0 0 0 18
-1.271211 1.0283175 0.93055743 7 0 0 0 18
-0.99737573 0.53078413 0.55839014 7 0 0 0 18
-1.2533762 0.85082805 1.2756116 7 0 0 0 18
-0.92546594 0.58055305 0.12375052 7 0 0 0 18
-1.1365002 0.99392223 0.40411451 7 0 0 0 18
-1.2298056 1.0830454 0.74472058 7 0 0 0 18
-1.023544 0.54220301 0.60214013 7 0 0 0 18
-0.87353504 0.29746053 0.45771903 7 0 0 0 18
-1.2000223 1.0489945 0.64278603 7 0 0 0 18
-1.2283245 1.1916848 0.47213453 7 0 0 0 18
-1.1884302 0.79129326 1.0652444 7 0 0 0 18
-0.99727213 0.49806646 0.55642849 7 0 0 0 18
-1.2351903 1.0230575 0.85436845 7 0 0 0 18
-1.1236738 0.55207253 1.1140625 7 0 0 0 18
-0.96248519 0.23615682 0.95627093 7 0 0 0 18
-1.2211341 1.2331787 0.37074342 8 0 0 0 18
-1.2071393 1.0535637 0.56427574 8 0 0 0 18
-1.1009148 0.63108277 0.81592709 8 0 0 0 18
-0.89115059 0.31862503 0.46217626 8 0 0 0 18
-1.0902421 0.76531047 0.55450052 8 0 0 0 18
-1.0164053 0.31430918 1.0295537 8 0 0 0 18
-1.1678219 0.7680127 0.90906286 8 0 0 0 18
-1.2425628 0.9134236 1.0572942 8 0 0 0 18
-0.91451311 0.31299368 0.59370887 8 0 0 0 18
-1.1010485 0.93935424 0.28720525 8 0 0 0 18
-1.0109954 0.67966843 0.33980626 8 0 0 0 18
-0.96371895 0.59988695 0.23557033 8 0 0 0 18
-0.93775135 0.52283216 0.30857724 8 0 0 0 18
-1.2443585 1.0757031 0.73484498 8 0 0 0 18
-1.1667173 0.94995981 0.58093488 8 0 0 0 18
-1.2662009 1.2566406 0.53172392 8 0 0 0 18
-1.2684835 0.99127924 1.0001738 8 0 0 0 18
-0.9026106 0.21482603 0.71658278 8 0 0 0 18
-1.2324231 1.0826219 0.68653524 8 0 0 0 18
-1.0078174 0.61700267 0.45978668 8 0 0 0 18
-1.2778943 1.1324157 0.77728695 8 0 0 0 18
-1.0821587 0.67477256 0.71646047 8 0 0 0 18
-0.88162732 0.34439465 0.34219679 8 0 0 0 18
-1.1689111 0.78418648 0.94266087 8 0 0 0 18
-1.2003636 1.1513352 0.42963043 8 0 0 0 18
-0.9603824 0.61259496 0.24153918 8 0 0 0 18
-1.1988086 0.96366006 0.65119863 8 0 0 0 18
-0.9711107 0.36910883 0.7409606 8 0 0 0 18
-0.92729425 0.47981066 0.34642231 8 0 0 0 18
-1.0698714 0.76323581 0.40542766 8 0 0 0 18
-1.1975645 0.77996123 1.0234553 8 0 0 0 18
-1.2699208 1.1827236 0.68664396 8 0 0 0 18
-1.1132534 0.80639297 0.58562726 8 0 0 0 18
-1.0626757 0.41220418 1.0886705 8 0 0 0 18
-0.96875435 0.3130883 0.81241453 8 0 0 0 18
-0.98404449 0.6544705 0.34642878 8 0 0 0 18
-0.90044117 0.22735348 0.67097962 8 0 0 0 18
-1.2056648 1.1766032 0.36149311 8 0 0 0 18
-0.88071477 0.30717018 0.41789204 8 0 0 0 18
-1.2473274 1.1584053 0.63800979 8 0 0 0 18
-1.2464774 1.2620249 0.42311731 9 0 0 0 18
-1.0733547 0.86135513 0.39804918 9 0 0 0 18
-1.1396464 0.9658823 0.42435291 9 0 0 0 18
-1.1121923 0.75148594 0.59226209 9 0 0 0 18
-0.92789871 0.55878347 0.26555797 9 0 0 0 18
-0.94815671 0.21688816 0.77346081 9 0 0 0 18
-1.0446707 0.63399363 0.6078679 9 0 0 0 18
-1.1858526 0.8848381 0.95480216 9 0 0 0 18
-1.0032591 0.32513207 0.90927505 9 0 0 0 18
-1.1661011 0.91013575 0.66745347 9 0 0 0 18
-1.1177708 0.76881272 0.74330413 9 0 0 0 18
-1.1397612 0.98860586 0.39077613 9 0 0 0 18
-1.2535404 0.84085286 1.2554369 9 0 0 0 18
-0.9844768 0.44920734 0.59986293 9 0 0 0 18
-1.1001564 0.62049955 0.91273654 9 0 0 0 18
-1.1290992 0.80819714 0.74435371 9 0 0 0 18
-1.0039515 0.76203942 0.17566012 9 0 0 0 18
-1.0098133 0.55315185 0.62527555 9 0 0 0 18
-0.91094649 0.55622518 0.14897875 9 0 0 0 18
-1.1288576 0.88256317 0.54054445 9 0 0 0 18
-1.0860829 0.8720938 0.337731 9 0 0 0 18
-1.05415 0.63047177 0.64118528 9 0 0 0 18
-1.0461224 0.85197645 0.25290737 9 0 0 0 18
-0.91451985 0.45376551 0.35301313 9 0 0 0 18
-1.2281803 0.88182712 0.95931315 9 0 0 0 18
-1.1874899 1.1519967 0.42118984 9 0 0 0 18
-0.95936418 0.53580594 0.41905999 9 0 0 0 18
-1.1203638 0.99281371 0.27763239 9 0 0 0 18
-1.094378 0.7360388 0.74345964 9 0 0 0 18
-1.0722359 0.59332311 0.79254723 9 0 0 0 18
-1.1069355 0.84341246 0.52172071 9 0 0 0 18
-1.1714303 0.83073038 0.89524537 9 0 0 0 18
-0.96203184 0.27321282 0.76873022 9 0 0 0 18
-1.1319588 0.61047101 0.98914981 9 0 0 0 18
-1.2492199 1.0444186 0.7564252 9 0 0 0 18
-0.92137313 0.58187491 0.087208703 9 0 0 0 18
-1.0236577 0.80526173 0.18424647 9 0 0 0 18
-0.94227141 0.34566453 0.63585281 9 0 0 0 18
-1.0057631 0.45508668 0.73392212 9 0 0 0 18
-1.0681092 0.69365191 0.56573486 9 0 0 0 18
-1.237413 1.1995322 0.52590525 10 0 0 0 18
-1.2024179 1.12936 0.55654019 10 0 0 0 18
-1.1664581 0.93754697 0.63459897 10 0 0 0 18
-1.142242 0.76016366 0.83210212 10 0 0 0 18
-0.96790367 0.47585735 0.47686356 10 0 0 0 18
-1.2170637 1.1263348 0.54695064 10 0 0 0 18
-0.92046839 0.21255867 0.7268818 10 0 0 0 18
-1.2156481 0.96464163 0.84148186 10 0 0 0 18
-1.0527718 0.71026558 0.59095281 10 0 0 0 18
-1.2651107 1.0751083 0.81884629 10 0 0 0 18
-0.88774234 0.2865389 0.51198429 10 0 0 0 18
-0.91459441 0.26396376 0.6916191 10 0 0 0 18
-1.0594926 0.71700126 0.43785751 10 0 0 0 18
-1.0611644 0.77662504 0.38355565 10 0 0 0 18
-1.2717818 1.0359749 0.97301441 10 0 0 0 18
-1.0257577 0.73042154 0.29307193 10 0 0 0 18
-0.97289443 0.49428016 0.5535084 10 0 0 0 18
-1.2452822 0.86879653 1.0994526 10 0 0 0 18
-0.92158866 0.53207308 0.25818682 10 0 0 0 18
-0.93701822 0.51084077 0.28008017 10 0 0 0 18
-1.1566383 1.0677516 0.43543911 10 0 0 0 18
-1.1752248 0.85862708 0.80725807 10 0 0 0 18
-1.1313592 0.85719734 0.66491282 10 0 0 0 18
-1.0045962 0.38627711 0.89516515 10 0 0 0 18
-1.0928698 0.57417095 0.96585411 10 0 0 0 18
-1.2861753 1.0525367 0.98099667 10 0 0 0 18
-1.1710824 1.0603313 0.45576736 10 0 0 0 18
-1.0675505 0.52971494 0.81867248 10 0 0 0 18
-0.98827052 0.2495829 0.97374552 10 0 0 0 18
-0.99870712 0.59924865 0.4761849 10 0 0 0 18
-1.2520417 0.87885374 1.0871515 10 0 0 0 18
-1.0188544 0.34617314 0.95638257 10 0 0 0 18
-0.97843516 0.26924598 0.94590056 10 0 0 0 18
-0.97572637 0.6338191 0.28074887 10 0 0 0 18
-1.2160181 0.79644847 1.1598829 10 0 0 0 18
-1.2284101 0.79966402 1.1134804 10 0 0 0 18
-1.04905 0.61860275 0.65393472 10 0 0 0 18
-0.87694192 0.39548606 0.24384122 10 0 0 0 18
-1.2222114 0.84531367 1.1016686 10 0 0 0 18
-0.93690896 0.11595291 0.92689019 10 0 0 0 18
-1.0676084 0.86172873 0.35253015 11 0 0 0 18
-1.0047417 0.36454123 0.91911268 11 0 0 0 18
-0.90317595 0.31956616 0.51394767 11 0 0 0 18
-1.2118804 0.82405955 1.028179 11 0 0 0 18
-1.1974807 0.98258442 0.69371659 11 0 0 0 18
-1.0470794 0.58707112 0.65045357 11 0 0 0 18
-0.94016647 0.4352369 0.50823212 11 0 0 0 18
-1.207999 0.85371292 0.8684715 11 0 0 0 18
-0.89888901 0.33095235 0.42669025 11 0 0 0 18
-1.1814488 0.82736927 0.91983533 11 0 0 0 18
-0.92986894 0.25702357 0.75709671 11 0 0 0 18
-1.0292091 0.61130601 0.6099872 11 0 0 0 18
-1.0486153 0.80057228 0.36020356 11 0 0 0 18
-1.1423181 0.83587509 0.60246545 11 0 0 0 18
-1.1118693 0.80324996 0.59415829 11 0 0 0 18
-0.95410216 0.66984653 0.1270992 11 0 0 0 18
-1.0976847 0.70436591 0.72470713 11 0 0 0 18
-0.98415059 0.58641255 0.49943504 11 0 0 0 18
-0.98279458 0.71151322 0.22984643 11 0 0 0 18
-1.0776932 0.7001676 0.632532 11 0 0 0 18
-1.2255791 0.86748439 1.0790554 11 0 0 0 18
-1.152826 0.99717355 0.57653332 11 0 0 0 18
-1.1743058 0.83141381 0.8327865 11 0 0 0 18
-1.1185813 0.53181726 1.0887805 11 0 0 0 18
-1.2253051 1.070634 0.70256156 11 0 0 0 18
-1.273788 1.057471 0.97809118 11 0 0 0 18
-1.0542182 0.70916384 0.54299694 11 0 0 0 18
-1.1922926 1.1022202 0.47107777 11 0 0 0 18
-1.1523805 0.83540148 0.70461798 11 0 0 0 18
-1.1344515 0.70168442 0.97833735 11 0 0 0 18
-1.0867683 0.59576505 0.89573181 11 0 0 0 18
-1.2155343 0.98627955 0.77472937 11 0 0 0 18
-1.0528818 0.60584903 0.72808939 11 0 0 0 18
-0.91675472 0.18698505 0.84717506 11 0 0 0 18
-0.89423233 0.36158863 0.35488743 11 0 0 0 18
-1.1059283 0.99383479 0.29917225 11 0 0 0 18
-0.98811448 0.49830142 0.60361385 11 0 0 0 18
-1.244414 0.93693799 1.056491 11 0 0 0 18
-1.1298963 0.84073102 0.67172956 11 0 0 0 18
-1.1303457 0.89444339 0.47173873 11 0 0 0 18
-0.98870599 0.55460912 0.56798685 12 0 0 0 18
-1.2605401 1.0857501 0.86708933 12 0 0 0 18
-0.90122575 0.29523656 0.53640401 12 0 0 0 18
-1.1298168 0.63802058 1.0945092 12 0 0 0 18
-1.241432 1.1796823 0.56687295 12 0 0 0 18
-1.073509 0.86514789 0.35419929 12 0 0 0 18
-1.0587823 0.57952654 0.70606136 12 0 0 0 18
-1.1912924 1.1792876 0.36369067 12 0 0 0 18
-1.270593 1.0693544 0.91776651 12 0 0 0 18
-0.89962244 0.53361195 0.13198787 12 0 0 0 18
-1.271457 1.220627 0.53110445 12 0 0 0 18
-1.1234297 0.73749065 0.81147224 12 0 0 0 18
-1.212988 0.7923854 1.1133101 12 0 0 0 18
-1.2879213 0.9284932 1.1380063 12 0 0 0 18
-0.98244822 0.49820766 0.61460394 12 0 0 0 18
-1.1952513 1.0031998 0.68711913 12 0 0 0 18
-0.97133827 0.25366706 0.92923576 12 0 0 0 18
-1.2268828 1.1276411 0.54748476 12 0 0 0 18
-1.059505 0.38915381 1.0262762 12 0 0 0 18
-1.0214942 0.71441245 0.32292211 12 0 0 0 18
-0.95267659 0.33557341 0.69257021 12 0 0 0 18
-1.1742936 1.0778531 0.40680256 12 0 0 0 18
-1.0252062 0.42992234 0.88746309 12 0 0 0 18
-1.2714384 1.1650317 0.72138035 12 0 0 0 18
-1.2005413 1.0655333 0.46071351 12 0 0 0 18
-1.0080515 0.56622398 0.4800517 12 0 0 0 18
-1.0629712 0.89231551 0.30518362 12 0 0 0 18
-0.99570191 0.62533152 0.42541915 12 0 0 0 18
-1.2707459 1.0981146 0.81686676 12 0 0 0 18
-0.92707288 0.43057191 0.43826419 12 0 0 0 18
-1.2217221 0.84087491 1.130033 12 0 0 0 18
-0.96138793 0.24941261 0.88173175 12 0 0 0 18
-0.99274307 0.43090633 0.74735957 12 0 0 0 18
-1.2105614 1.1010444 0.53775769 12 0 0 0 18
-1.1226161 1.0294374 0.33198628 12 0 0 0 18
-0.98903543 0.37887633 0.7531085 12 0 0 0 18
-0.9639973 0.23167409 0.97814775 12 0 0 0 18
-1.0086942 0.45559701 0.68151832 12 0 0 0 18
-0.89790601 0.19735764 0.66779709 12 0 0 0 18
-1.2682813 1.1749269 0.60248488 12 0 0 0 18
-0.93033612 0.55963475 0.20172709 13 0 0 0 18
-0.99785185 0.31744576 1.022469 13 0 0 0 18
-1.0543888 0.65366143 0.6821667 13 0 0 0 18
-0.99415255 0.47348094 0.5978502 13 0 0 0 18
-1.1845876 1.1464615 0.38143602 13 0 0 0 18
-0.99960071 0.45090133 0.60037637 13 0 0 0 18
-1.0949619 0.60772729 0.88771868 13 0 0 0 18
-1.0803442 0.65461683 0.76265049 13 0 0 0 18
-0.954817 0.55741388 0.3324199 13 0 0 0 18
-0.95352405 0.25612554 0.91281933 13 0 0 0 18
-0.92877477 0.51016009 0.23077084 13 0 0 0 18
-0.88629824 0.35787141 0.38728857 13 0 0 0 18
-1.1012173 0.64041317 0.79274005 13 0 0 0 18
-1.0340348 0.59533304 0.58471632 13 0 0 0 18
-0.97299689 0.68899399 0.18505639 13 0 0 0 18
-1.0799943 0.62758785 0.73721218 13 0 0 0 18
-1.228758 0.98004472 0.90980738 13 0 0 0 18
-0.98017323 0.69509631 0.22752413 13 0 0 0 18
-1.0205804 0.44482046 0.77344376 13 0 0 0 18
-1.1823598 0.69521761 1.0934867 13 0 0 0 18
-1.0289682 0.78267926 0.33420882 13 0 0 0 18
-1.1980948 1.1865312 0.37111545 13 0 0 0 18
-1.2249064 1.0347002 0.8065359 13 0 0 0 18
-1.2695508 0.99519747 1.0589544 13 0 0 0 18
-1.2765495 1.0913469 0.80384487 13 0 0 0 18
-0.92778248 0.2239683 0.73385364 13 0 0 0 18
-0.94465393 0.50172955 0.33306292 13 0 0 0 18
-1.1337951 0.60218728 1.0502002 13 0 0 0 18
-0.93170989 0.42592737 0.39982963 13 0 0 0 18
-1.2548901 0.86584163 1.1713388 13 0 0 0 18
-1.1271634 0.98391289 0.35643113 13 0 0 0 18
-0.9104225 0.231161 0.71989888 13 0 0 0 18
-1.2203082 1.0580709 0.68666422 13 0 0 0 18
-1.1070257 0.52508765 1.022401 13 0 0 0 18
-1.1227127 0.68530118 0.87619615 13 0 0 0 18
-0.92676491 0.20596641 0.76289445 13 0 0 0 18
-1.1996258 1.1208794 0.37219083 13 0 0 0 18
-1.17115 0.78828132 0.90722489 13 0 0 0 18
-1.1162424 0.80763745 0.63869369 13 0 0 0 18
-1.1962141 0.8171891 0.96398598 13 0 0 0 18
-0.89563113 0.10109521 0.88202232 14 0 0 0 18
-1.2394612 0.78935516 1.2195278 14 0 0 0 18
-0.97744 0.40244061 0.6557464 14 0 0 0 18
-1.1754121 0.99271381 0.57862306 14 0 0 0 18
-0.98499465 0.48296681 0.583974 14 0 0 0 18
-1.1255044 0.88738942 0.45622462 14 0 0 0 18
-0.98938608 0.71944177 0.18523499 14 0 0 0 18
-0.88503391 0.32186097 0.46385711 14 0 0 0 18
-0.96610564 0.53954327 0.46732074 14 0 0 0 18
-1.0952603 0.49376115 1.1280676 14 0 0 0 18
-0.98725551 0.274281 0.91934043 14 0 0 0 18
-1.1153426 0.6820668 0.86866754 14 0 0 0 18
-0.8803758 0.13752396 0.8161189 14 0 0 0 18
-0.88979733 0.40741068 0.35698316 14 0 0 0 18
-1.1178331 0.79439485 0.68905967 14 0 0 0 18
-1.1319329 0.81081289 0.72120035 14 0 0 0 18
-1.0021142 0.73907775 0.22717977 14 0 0 0 18
-0.94212884 0.53172582 0.28008488 14 0 0 0 18
-1.2516087 1.0470723 0.88531315 14 0 0 0 18
-1.2625347 1.2791303 0.48611727 14 0 0 0 18
-1.0165018 0.49892461 0.76922536 14 0 0 0 18
-1.2756734 1.1331682 0.79816163 14 0 0 0 18
-1.2677896 1.0269817 0.92849469 14 0 0 0 18
-1.1654762 0.95292705 0.56518072 14 0 0 0 18
-1.0079783 0.37514034 0.89451003 14 0 0 0 18
-1.1906378 0.91199976 0.89364773 14 0 0 0 18
-1.0240539 0.6294409 0.56655341 14 0 0 0 18
-0.89337742 0.33142567 0.42606264 14 0 0 0 18
-1.2296154 1.2118102 0.36089391 14 0 0 0 18
-0.93363631 0.42226103 0.46029279 14 0 0 0 18
-1.2452995 1.0500718 0.81873202 14 0 0 0 18
-1.1702509 1.0202971 0.40036145 14 0 0 0 18
-1.2052459 0.7844882 1.1174657 14 0 0 0 18
-1.0638168 0.85708046 0.26443705 14 0 0 0 18
-1.0196581 0.43944275 0.88407999 14 0 0 0 18
-0.98636818 0.49129853 0.63439107 14 0 0 0 18
-1.0386169 0.72748554 0.34459621 14 0 0 0 18
-1.0895864 0.86042702 0.47776455 14 0 0 0 18
-1.0322598 0.76931494 0.32605568 14 0 0 0 18
-1.1404936 0.92691594 0.57097387 14 0 0 0 18
-1.0817449 0.83170205 0.37986037 15 0 0 0 18
-1.2512372 1.2466526 0.52279019 15 0 0 0 18
-1.0903476 0.5181632 1.0583321 15 0 0 0 18
-1.0741044 0.4762544 1.0227374 15 0 0 0 18
-0.98404819 0.38315654 0.79256636 15 0 0 0 18
-0.97817487 0.65569037 0.28707114 15 0 0 0 18
-0.92755741 0.5867663 0.18357264 15 0 0 0 18
-0.98358941 0.54332024 0.51156509 15 0 0 0 18
-1.1272968 0.75387633 0.75115979 15 0 0 0 18
-1.014454 0.58390683 0.58588165 15 0 0 0 18
-1.0995548 0.65545952 0.79460174 15 0 0 0 18
-1.1982956 0.86158037 0.90575677 15 0 0 0 18
-1.2442412 1.0485519 0.82223374 15 0 0 0 18
-1.2708421 0.93623638 1.0607901 15 0 0 0 18
-1.0402693 0.72266978 0.4851191 15 0 0 0 18
-1.1505489 0.96497864 0.49857786 15 0 0 0 18
-1.1563371 1.0289298 0.36072105 15 0 0 0 18
-0.92176676 0.40756389 0.4913075 15 0 0 0 18
-1.1301788 0.99051577 0.34745428 15 0 0 0 18
-1.1209075 0.66182548 0.90223497 15 0 0 0 18
-0.88093132 0.43026218 0.18922216 15 0 0 0 18
-1.0246902 0.6618064 0.42461532 15 0 0 0 18
-1.2431443 0.83438563 1.2825075 15 0 0 0 18
-1.2550129 1.0111603 0.93199658 15 0 0 0 18
-0.89487517 0.42915553 0.23646478 15 0 0 0 18
-1.0897331 0.53790355 1.0101275 15 0 0 0 18
-1.0059903 0.44822669 0.76217842 15 0 0 0 18
-1.2945676 0.93771905 1.2148966 15 0 0 0 18
-1.2679185 0.81830317 1.1981561 15 0 0 0 18
-1.0260108 0.80482751 0.2326121 15 0 0 0 18
-1.0095229 0.4446235 0.74335045 15 0 0 0 18
-1.2078824 1.2149867 0.42569518 15 0 0 0 18
-1.0606532 0.64909315 0.52623653 15 0 0 0 18
-1.2667519 1.17845 0.68896705 15 0 0 0 18
-1.1610869 0.65208745 1.050109 15 0 0 0 18
-1.1491698 0.97860658 0.49688011 15 0 0 0 18
-1.1039524 0.4777284 1.0889418 15 0 0 0 18
-1.2263731 1.1193447 0.53498054 15 0 0 0 18
-0.95067954 0.57029384 0.30093661 15 0 0 0 18
-0.99185908 0.26227319 1.0154829 15 0 0 0 18
-1.1212324 0.62768 1.0317436 16 0 0 0 18
-0.90463889 0.38541487 0.38908467 16 0 0 0 18
-1.0978438 0.84385097 0.52073532 16 0 0 0 18
-1.1968485 0.91750658 0.80751401 16 0 0 0 18
-1.0541101 0.73777735 0.46508488 16 0 0 0 18
-1.2622203 1.0645187 0.79708356 16 0 0 0 18
-1.2492007 1.0460341 0.93922013 16 0 0 0 18
-1.0415858 0.72842073 0.34732732 16 0 0 0 18
-1.139586 0.68894923 0.94825298 16 0 0 0 18
-1.1374618 0.93197745 0.50781763 16 0 0 0 18
-1.172991 0.8367309 0.85021162 16 0 0 0 18
-1.244258 0.82586533 1.1945757 16 0 0 0 18
-0.9044596 0.26795173 0.54703301 16 0 0 0 18
-1.0686101 0.79421633 0.41059691 16 0 0 0 18
-1.1356839 1.0340799 0.28976345 16 0 0 0 18
-1.2131499 0.8098498 1.1045026 16 0 0 0 18
-1.0538832 0.8419168 0.24718438 16 0 0 0 18
-1.0927352 0.56598645 0.94543922 16 0 0 0 18
-1.2297237 0.918778 0.92760533 16 0 0 0 18
-0.92313641 0.34308228 0.60192066 16 0 0 0 18
-1.2404203 1.1770688 0.62762731 16 0 0 0 18
-1.2593168 1.3172019 0.42396575 16 0 0 0 18
-1.1699188 1.0016826 0.50314385 16 0 0 0 18
-0.94677281 0.34508064 0.73301363 16 0 0 0 18
-1.1308801 0.83549994 0.59723151 16 0 0 0 18
-1.2194678 0.99483436 0.84555674 16 0 0 0 18
-0.98615026 0.39664119 0.73823273 16 0 0 0 18
-1.1469355 0.77307284 0.9126792 16 0 0 0 18
-1.2322719 1.0189518 0.79857892 16 0 0 0 18
-1.285762 0.90589052 1.1640049 16 0 0 0 18
-1.2465055 1.224099 0.45898786 16 0 0 0 18
-1.192287 0.76877606 1.0488203 16 0 0 0 18
-1.2367105 0.97508216 0.95255935 16 0 0 0 18
-1.0787901 0.85554647 0.28415203 16 0 0 0 18
-1.2771896 0.90283 1.1731033 16 0 0 0 18
-1.1754817 0.93896967 0.67261982 16 0 0 0 18
-1.1624095 0.67743963 1.0780578 16 0 0 0 18
-1.0814441 0.9370327 0.25831643 16 0 0 0 18
-1.2801089 1.1972427 0.62325549 16 0 0 0 18
-1.0729909 0.57971448 0.84971058 16 0 0 0 18
-0.89260095 0.52269769 0.12904339 17 0 0 0 18
-1.229064 0.9714433 0.82398707 17 0 0 0 18
-1.204969 1.1218933 0.52403748 17 0 0 0 18
-1.2352352 0.84601665 1.1682464 17 0 0 0 18
-1.0181705 0.33291268 0.96928775 17 0 0 0 18
-1.1818229 1.050146 0.51310635 17 0 0 0 18
-1.207397 0.90172356 0.94503814 17 0 0 0 18
-1.1864637 0.94838262 0.78331554 17 0 0 0 18
-1.0803928 0.62437886 0.79972315 17 0 0 0 18
-1.0713257 0.63485742 0.78030294 17 0 0 0 18
-0.97060704 0.20216803 0.96233773 17 0 0 0 18
-1.1223841 0.79897124 0.64496386 17 0 0 0 18
-0.902188 0.22577697 0.62531984 17 0 0 0 18
-1.0399387 0.48098379 0.87979043 17 0 0 0 18
-1.1476243 0.74902588 0.87403268 17 0 0 0 18
-0.87829661 0.48584491 0.066591159 17 0 0 0 18
-1.159081 0.91878259 0.67765647 17 0 0 0 18
-0.93391031 0.59195417 0.19926569 17 0 0 0 18
-1.1157238 0.53012592 1.1104441 17 0 0 0 18
-1.0921276 0.78700662 0.52393907 17 0 0 0 18
-1.2561067 0.93382633 1.0402731 17 0 0 0 18
-1.1294305 0.72837657 0.85143203 17 0 0 0 18
-1.2196534 0.70784968 1.2246119 17 0 0 0 18
-1.2912482 0.93859416 1.1535014 17 0 0 0 18
-1.0052209 0.64470387 0.41984862 17 0 0 0 18
-1.0379162 0.4759545 0.91812813 17 0 0 0 18
-1.0884064 0.69561827 0.65569806 17 0 0 0 18
-1.1936077 1.0030714 0.6904341 17 0 0 0 18
-1.0638852 0.89152849 0.21946767 17 0 0 0 18
-0.88892895 0.37486008 0.30705574 17 0 0 0 18
-0.95170045 0.34434628 0.71046251 17 0 0 0 18
-0.8899079 0.3262763 0.45791879 17 0 0 0 18
-1.1299219 0.98195219 0.36462414 17 0 0 0 18
-1.2292664 0.95319635 0.95127785 17 0 0 0 18
-1.0756273 0.50273782 0.99256575 17 0 0 0 18
-0.90294284 0.47859943 0.16678751 17 0 0 0 18
-1.1362365 0.61374605 1.0859126 17 0 0 0 18
-1.1277444 0.77189237 0.68494833 17 0 0 0 18
-1.0851587 0.57801014 0.86482155 17 0 0 0 18
-1.2290008 0.94057649 0.8843897 17 0 0 0 18
-1.1701353 0.94941509 0.55658722 18 0 0 0 18
-1.0520146 0.77108955 0.37673599 18 0 0 0 18
-1.0713341 0.56334394 0.86429614 18 0 0 0 18
-0.89808154 0.39581802 0.38711315 18 0 0 0 18
-1.1931753 0.95131832 0.71495944 18 0 0 0 18
-1.0456235 0.84521413 0.24321203 18 0 0 0 18
-1.250782 0.92952883 1.0738198 18 0 0 0 18
-1.108495 0.56956708 0.96194476 18 0 0 0 18
-0.91851294 0.50747687 0.22789262 18 0 0 0 18
-1.0227488 0.35061947 0.99920362 18 0 0 0 18
-1.2792442 0.98580635 1.0339051 18 0 0 0 18
-1.1382172 0.89900428 0.49545729 18 0 0 0 18
-1.1558492 0.96298897 0.48502496 18 0 0 0 18
-0.97811526 0.51218265 0.52677226 18 0 0 0 18
-0.92186606 0.51671898 0.24834797 18 0 0 0 18
-1.2110226 1.1466215 0.46175754 18 0 0 0 18
-1.1975458 0.87115157 0.90355253 18 0 0 0 18
-0.90168285 0.32107785 0.41698629 18 0 0 0 18
-0.89739621 0.1092254 0.85323459 18 0 0 0 18
-1.175683 0.6516127 1.1596524 18 0 0 0 18
-0.87990218 0.472978 0.17075875 18 0 0 0 18
-1.02271 0.81727821 0.33241436 18 0 0 0 18
-1.0350827 0.56905746 0.69056278 18 0 0 0 18
-1.0585636 0.54353702 0.82854581 18 0 0 0 18
-1.2385008 0.81074315 1.1923966 18 0 0 0 18
-1.1812702 0.72161043 1.0965823 18 0 0 0 18
-0.93803072 0.31769377 0.69491845 18 0 0 0 18
-1.0549659 0.79781055 0.34028319 18 0 0 0 18
-1.1307745 0.85424036 0.61187088 18 0 0 0 18
-1.0154526 0.79436874 0.18754297 18 0 0 0 18
-1.2274686 0.83111405 1.0821415 18 0 0 0 18
-1.0120009 0.49995545 0.64036113 18 0 0 0 18
-1.2822497 0.90790689 1.2751421 18 0 0 0 18
-0.99204463 0.71145505 0.21133943 18 0 0 0 18
-1.2248105 1.0639839 0.76646227 18 0 0 0 18
-1.0149032 0.34669363 0.9998396 18 0 0 0 18
-1.1742135 0.96769243 0.58401251 18 0 0 0 18
-1.0206062 0.54744291 0.61634785 18 0 0 0 18
-0.94434875 0.35338828 0.61121887 18 0 0 0 18
-1.2167839 0.87770683 1.0226157 18 0 0 0 18
-1.0730062 0.59638846 0.81546998 19 0 0 0 18
-1.1980095 0.90026647 0.88878059 19 0 0 0 18
-1.1747527 0.76642478 0.93947768 19 0 0 0 18
-1.205825 1.077628 0.4783558 19 0 0 0 18
-0.94654036 0.26560971 0.74918491 19 0 0 0 18
-0.97269601 0.56027246 0.32988656 19 0 0 0 18
-1.0129049 0.68280512 0.33563426 19 0 0 0 18
-0.90746075 0.18430774 0.72990483 19 0 0 0 18
-1.2693286 0.81478506 1.2600626 19 0 0 0 18
-1.2508186 0.83792168 1.2064458 19 0 0 0 18
-1.2703806 0.96428883 1.0861044 19 0 0 0 18
-1.0399861 0.80531377 0.21280962 19 0 0 0 18
-1.0059081 0.44134787 0.80935615 19 0 0 0 18
-0.89017564 0.49737999 0.13525034 19 0 0 0 18
-1.0457858 0.58288288 0.69234246 19 0 0 0 18
-0.90997511 0.48434979 0.15294303 19 0 0 0 18
-1.0065877 0.70147127 0.32364836 19 0 0 0 18
-1.0562969 0.68094265 0.58777016 19 0 0 0 18
-1.1941897 0.94446373 0.64906245 19 0 0 0 18
-1.2393975 0.79897279 1.235332 19 0 0 0 18
-1.2297337 0.84814113 1.0995172 19 0 0 0 18
-0.9726001 0.66583145 0.21440664 19 0 0 0 18
-1.0317301 0.65238714 0.52175921 19 0 0 0 18
-1.1774645 1.1146799 0.34891328 19 0 0 0 18
-1.1793609 0.89990383 0.80154443 19 0 0 0 18
-1.0275842 0.68513268 0.52534163 19 0 0 0 18
-0.90108037 0.56890959 0.10006087 19 0 0 0 18
-1.210626 0.84026814 1.0013671 19 0 0 0 18
-0.96226913 0.68330377 0.21047808 19 0 0 0 18
-1.0395783 0.3640227 1.0079297 19 0 0 0 18
-1.1810277 0.97156042 0.74867451 19 0 0 0 18
-1.1794487 0.90369904 0.77985245 19 0 0 0 18
-1.2587575 1.088707 0.78292954 19 0 0 0 18
-1.1123719 0.54803103 1.0964355 19 0 0 0 18
-0.86820322 0.46040773 0.10493951 19 0 0 0 18
-0.9983027 0.58165312 0.46091437 19 0 0 0 18
-1.2110096 0.81566054 1.0263574 19 0 0 0 18
-1.1942858 1.1431917 0.40171993 19 0 0 0 18
-1.2913816 0.99973023 1.0614554 19 0 0 0 18
-1.1580131 0.82144111 0.79910231 19 0 0 0 18
-1.4733139 0.26564991 -0.93589503 0 0 0 0 19
-1.6404167 0.023275865 -1.1218176 0 0 0 0 19
-1.2257878 0.61793387 -0.70264059 0 0 0 0 19
-1.4862493 0.28131175 -0.40762353 0 0 0 0 19
-1.5543771 0.11876146 -1.1339993 0 0 0 0 19
-1.294343 0.49519995 -1.5058219 0 0 0 0 19
-1.6443787 -0.010648827 -0.8586058 0 0 0 0 19
-1.4935522 0.23299189 -0.85219133 0 0 0 0 19
-1.2695117 0.51401412 -1.4196925 0 0 0 0 19
-1.5450854 0.11304416 -1.2854582 0 0 0 0 19
-1.2315929 0.58685839 -0.56964737 0 0 0 0 19
-1.565897 0.13208491 -0.91632491 0 0 0 0 19
-1.6222894 0.064141564 -0.72694606 0 0 0 0 19
-1.5146481 0.16242087 -0.62975544 0 0 0 0 19
-1.371778 0.42763188 -0.52193075 0 0 0 0 19
-1.6856287 -0.058225941 -0.91686988 0 0 0 0 19
-1.3947006 0.38152161 -0.55668044 0 0 0 0 19
-1.4613068 0.27514082 -0.68311441 0 0 0 0 19
-1.6077534 0.088071428 -0.62841469 0 0 0 0 19
-1.4821897 0.24703859 -0.44038716 0 0 0 0 19
-1.258559 0.52304685 -1.2791892 0 0 0 0 19
-1.4812261 0.25184986 -0.83620739 0 0 0 0 19
-1.2753491 0.54025739 -1.1700145 0 0 0 0 19
-1.4663739 0.28553766 -0.44634983 0 0 0 0 19
-1.5214527 0.15681915 -1.3331821 0 0 0 0 19
-1.2512109 0.57230812 -0.63922173 0 0 0 0 19
-1.457202 0.29646838 -0.66782087 0 0 0 0 19
-1.4674126 0.27991965 -0.68575281 0 0 0 0 19
-1.388716 0.40184757 -0.53619862 0 0 0 0 19
-1.6065664 0.03576057 -1.3133568 0 0 0 0 19
-1.6321758 0.026010172 -1.2517673 0 0 0 0 19
-1.415893 0.34878862 -1.0262136 0 0 0 0 19
-1.2520127 0.53400427 -1.5059949 0 0 0 0 19
-1.618045 0.061571144 -1.0610734 0 0 0 0 19
-1.3256259 0.43957594 -1.4470239 0 0 0 0 19
-1.623988 0.059558105 -0.87353152 0 0 0 0 19
-1.508406 0.23924039 -0.49947146 0 0 0 0 19
-1.3102422 0.50887084 -1.0039662 0 0 0 0 19
-1.1508086 0.72170818 -0.97430402 0 0 0 0 19
-1.2138327 0.65753555 -0.62767929 0 0 0 0 19
-1.3851804 0.38141778 -0.76695848 1 0 0 0 19
-1.5439763 0.18455921 -0.60457426 1 0 0 0 19
-1.5852541 0.090872332 -1.1071038 1 0 0 0 19
-1.5625782 0.1315529 -0.42991507 1 0 0 0 19
-1.6810685 -0.036357969 -1.1965383 1 0 0 0 19
-1.5523174 0.11948612 -0.99212635 1 0 0 0 19
-1.5811274 0.11074688 -1.2273785 1 0 0 0 19
-1.3989043 0.35453644 -1.3536085 1 0 0 0 19
-1.7401882 -0.13413918 -1.092178 1 0 0 0 19
-1.7544748 -0.15294436 -1.085835 1 0 0 0 19
-1.3126717 0.47125918 -1.3012908 1 0 0 0 19
-1.3600215 0.38113886 -1.35058 1 0 0 0 19
-1.3194792 0.44849709 -0.65678924 1 0 0 0 19
-1.4165947 0.35262117 -0.99988407 1 0 0 0 19
-1.6374072 0.024743518 -1.0977963 1 0 0 0 19
-1.5479797 0.13376635 -0.84549433 1 0 0 0 19
-1.5878035 0.082239345 -1.1963944 1 0 0 0 19
-1.2141094 0.64961898 -0.58620548 1 0 0 0 19
-1.5379521 0.14336918 -1.0976952 1 0 0 0 19
-1.2188102 0.62505335 -1.0228564 1 0 0 0 19
-1.0828707 0.81527692 -0.76793838 1 0 0 0 19
-1.507712 0.19563948 -1.1293039 1 0 0 0 19
-1.333279 0.43870902 -0.70305967 1 0 0 0 19
-1.3551857 0.42467922 -1.2050422 1 0 0 0 19
-1.2632744 0.55344361 -1.217046 1 0 0 0 19
-1.2780197 0.55386126 -0.68351334 1 0 0 0 19
-1.3793008 0.39315453 -0.57706106 1 0 0 0 19
-1.5678415 0.1296891 -0.48683128 1 0 0 0 19
-1.722595 -0.11397393 -0.96202791 1 0 0 0 19
-1.2138295 0.65271991 -0.71882439 1 0 0 0 19
-1.2492081 0.5761537 -1.1262621 1 0 0 0 19
-1.3480215 0.40851346 -1.4426469 1 0 0 0 19
-1.2279571 0.58347934 -0.81201643 1 0 0 0 19
-1.4037719 0.32726994 -1.4240396 1 0 0 0 19
-1.2261755 0.641087 -0.61884874 1 0 0 0 19
-1.2054315 0.63729376 -1.1606128 1 0 0 0 19
-1.5906472 0.063781001 -0.69212109 1 0 0 0 19
-1.2109423 0.6087358 -1.2843142 1 0 0 0 19
-1.1704298 0.68305695 -0.96883708 1 0 0 0 19
-1.1757064 0.64538151 -1.2395711 1 0 0 0 19
-1.4549179 0.26064682 -0.69297028 2 0 0 0 19
-1.2896453 0.51247501 -1.3253415 2 0 0 0 19
-1.5336465 0.15590289 -0.74218255 2 0 0 0 19
-1.6503022 0.0078182202 -0.84391224 2 0 0 0 19
-1.5771625 0.12209883 -0.54899418 2 0 0 0 19
-1.1033605 0.77215928 -0.65650851 2 0 0 0 19
-1.5276686 0.18331476 -0.53741264 2 0 0 0 19
-1.5281938 0.16753566 -0.40822721 2 0 0 0 19
-1.6617781 0.0093036825 -0.73392153 2 0 0 0 19
-1.3284518 0.47084621 -1.1589518 2 0 0 0 19
-1.3666755 0.3988356 -0.98258942 2 0 0 0 19
-1.330459 0.45330176 -0.72799528 2 0 0 0 19
-1.254124 0.53645408 -1.0115699 2 0 0 0 19
-1.5572995 0.14520401 -0.69321245 2 0 0 0 19
-1.3575455 0.43376911 -1.2416925 2 0 0 0 19
-1.7233521 -0.11085393 -1.0894773 2 0 0 0 19
-1.2218397 0.60518694 -0.73073822 2 0 0 0 19
-1.6309158 0.060857162 -1.1747979 2 0 0 0 19
-1.6901851 -0.053485986 -0.92275083 2 0 0 0 19
-1.4423991 0.26635283 -0.58548421 2 0 0 0 19
-1.5568684 0.12308326 -0.94892776 2 0 0 0 19
-1.6670772 -0.054846648 -1.2656687 2 0 0 0 19
-1.4757054 0.23202881 -1.1922445 2 0 0 0 19
-1.3329526 0.44136512 -1.0997674 2 0 0 0 19
-1.1905171 0.64467466 -0.6077069 2 0 0 0 19
-1.6674776 -0.00089575042 -0.89920723 2 0 0 0 19
-1.1655149 0.70682085 -0.83863109 2 0 0 0 19
-1.5904285 0.091959216 -0.63316429 2 0 0 0 19
-1.5907595 0.093992613 -0.82107991 2 0 0 0 19
-1.2396967 0.60499746 -0.66751301 2 0 0 0 19
-1.3150246 0.42521685 -0.76730967 2 0 0 0 19
-1.6082089 0.085441932 -0.8011362 2 0 0 0 19
-1.4681211 0.20249982 -0.68334872 2 0 0 0 19
-1.4435744 0.29989299 -1.1510643 2 0 0 0 19
-1.2485818 0.566903 -1.417943 2 0 0 0 19
-1.475194 0.26371992 -0.99949825 2 0 0 0 19
-1.1842346 0.65665883 -0.80196846 2 0 0 0 19
-1.2527778 0.56520033 -0.68827868 2 0 0 0 19
-1.6692992 0.015087726 -0.88935339 2 0 0 0 19
-1.221441 0.62762725 -0.6164788 2 0 0 0 19
-1.2081406 0.67517602 -0.57989001 3 0 0 0 19
-1.5102671 0.22215357 -0.5939182 3 0 0 0 19
-1.6176606 0.10479376 -0.47210562 3 0 0 0 19
-1.1780431 0.66579992 -0.71395445 3 0 0 0 19
-1.3413446 0.48419136 -0.47437972 3 0 0 0 19
-1.2723624 0.51959866 -1.4314668 3 0 0 0 19
-1.4551462 0.28753245 -0.93504781 3 0 0 0 19
-1.4303188 0.33712253 -0.46804726 3 0 0 0 19
-1.338306 0.44459602 -0.53156382 3 0 0 0 19
-1.2186745 0.56918454 -1.2578011 3 0 0 0 19
-1.1591938 0.72804707 -0.90993989 3 0 0 0 19
-1.3902931 0.37778193 -1.258468 3 0 0 0 19
-1.3464835 0.41819984 -1.2024351 3 0 0 0 19
-1.4191171 0.34972721 -0.51540649 3 0 0 0 19
-1.7429336 -0.14410138 -1.2368016 3 0 0 0 19
-1.4614376 0.25911832 -0.75891882 3 0 0 0 19
-1.2554221 0.5185712 -1.3692021 3 0 0 0 19
-1.4367325 0.29556841 -0.86377937 3 0 0 0 19
-1.1226257 0.76074964 -0.88145989 3 0 0 0 19
-1.4976695 0.27575806 -0.49820358 3 0 0 0 19
-1.3923932 0.37103483 -1.3838577 3 0 0 0 19
-1.3959253 0.36490139 -0.69580019 3 0 0 0 19
-1.4920425 0.25960392 -0.98256826 3 0 0 0 19
-1.2092397 0.63710976 -0.867181 3 0 0 0 19
-1.160731 0.69058782 -0.81777942 3 0 0 0 19
-1.4173697 0.37193739 -0.53404003 3 0 0 0 19
-1.44506 0.29221874 -1.3294848 3 0 0 0 19
-1.2749447 0.51509809 -1.4718819 3 0 0 0 19
-1.4941626 0.23879665 -0.60900134 3 0 0 0 19
-1.1692821 0.69222289 -0.97860813 3 0 0 0 19
-1.4928328 0.24606824 -0.36698046 3 0 0 0 19
-1.1323559 0.77789623 -0.67814189 3 0 0 0 19
-1.6041853 0.06680809 -0.95007122 3 0 0 0 19
-1.7729093 -0.16446736 -1.1686378 3 0 0 0 19
-1.6855533 -0.066739239 -0.92944455 3 0 0 0 19
-1.6014451 0.060702216 -0.72878009 3 0 0 0 19
-1.2557625 0.53763151 -0.97134566 3 0 0 0 19
-1.4456798 0.27251422 -0.86573607 3 0 0 0 19
-1.3745664 0.38643438 -1.3458047 3 0 0 0 19
-1.3988163 0.36249352 -0.82262182 3 0 0 0 19
-1.4052296 0.3257108 -1.2218436 4 0 0 0 19
-1.2565068 0.54388011 -0.57398361 4 0 0 0 19
-1.2120637 0.63805407 -0.65171582 4 0 0 0 19
-1.4317474 0.27509305 -0.81390214 4 0 0 0 19
-1.1950024 0.65541387 -1.1710447 4 0 0 0 19
-1.4645792 0.25873962 -0.40766367 4 0 0 0 19
-1.4229853 0.34168699 -0.77945036 4 0 0 0 19
-1.4466503 0.25777969 -1.3798871 4 0 0 0 19
-1.6430106 -0.035806391 -1.2982732 4 0 0 0 19
-1.4152042 0.30209419 -0.87621993 4 0 0 0 19
-1.5252726 0.1638193 -1.2774068 4 0 0 0 19
-1.3124421 0.52109158 -0.48421097 4 0 0 0 19
-1.5843542 0.13617161 -0.78313708 4 0 0 0 19
-1.5912884 0.086130947 -0.73491317 4 0 0 0 19
-1.2745643 0.51438046 -1.3594587 4 0 0 0 19
-1.4956893 0.20540793 -0.97704095 4 0 0 0 19
-1.4361461 0.35790426 -0.41660282 4 0 0 0 19
-1.3030488 0.51204807 -0.82666928 4 0 0 0 19
-1.343184 0.41381824 -1.4510317 4 0 0 0 19
-1.0954773 0.80690968 -0.74563748 4 0 0 0 19
-1.4283916 0.3214848 -0.94357002 4 0 0 0 19
-1.2771456 0.54082537 -0.57536918 4 0 0 0 19
-1.4055728 0.36629313 -0.70151311 4 0 0 0 19
-1.587689 0.091453798 -1.2414559 4 0 0 0 19
-1.4672598 0.26053903 -0.47284642 4 0 0 0 19
-1.6060358 0.076130182 -0.38314301 4 0 0 0 19
-1.4330908 0.32951224 -0.6137988 4 0 0 0 19
-1.3165525 0.50299346 -0.50833845 4 0 0 0 19
-1.1402091 0.72331727 -0.90107453 4 0 0 0 19
-1.7365415 -0.096632317 -1.0846865 4 0 0 0 19
-1.5835063 0.12379047 -0.78496069 4 0 0 0 19
-1.4425893 0.29710811 -0.95356959 4 0 0 0 19
-1.6040721 0.079409443 -0.48933461 4 0 0 0 19
-1.4496999 0.30216175 -0.54876238 4 0 0 0 19
-1.4398901 0.30744302 -0.66311735 4 0 0 0 19
-1.4991535 0.26440662 -0.66126031 4 0 0 0 19
-1.5946296 0.08341755 -1.0897871 4 0 0 0 19
-1.5218207 0.1588493 -1.0131187 4 0 0 0 19
-1.1666071 0.67131358 -0.93097174 4 0 0 0 19
-1.3961101 0.36787346 -0.55312347 4 0 0 0 19
-1.3040311 0.50363362 -1.3876026 5 0 0 0 19
-1.4583431 0.26601616 -0.59177899 5 0 0 0 19
-1.537466 0.15738761 -1.3528503 5 0 0 0 19
-1.4234644 0.32082862 -0.49678108 5 0 0 0 19
-1.401768 0.32978985 -0.8837533 5 0 0 0 19
-1.5923628 0.10080316 -0.82983935 5 0 0 0 19
-1.1071208 0.75451434 -0.76761079 5 0 0 0 19
-1.4415344 0.28438196 -0.88311613 5 0 0 0 19
-1.3060093 0.46075299 -1.3577785 5 0 0 0 19
-1.5959818 0.068565406 -1.3360837 5 0 0 0 19
-1.5596392 0.13655245 -1.2247028 5 0 0 0 19
-1.3289919 0.47960529 -0.66402501 5 0 0 0 19
-1.704402 -0.07413172 -0.83336276 5 0 0 0 19
-1.6281503 -0.0017947612 -1.2269992 5 0 0 0 19
-1.5658609 0.090023831 -1.3535514 5 0 0 0 19
-1.6902195 -0.085485138 -1.161808 5 0 0 0 19
-1.6511967 0.019490693 -0.55612439 5 0 0 0 19
-1.2543347 0.54236448 -1.29726 5 0 0 0 19
-1.7314063 -0.093895033 -1.0513347 5 0 0 0 19
-1.3972812 0.34279403 -1.3093245 5 0 0 0 19
-1.3472672 0.40728483 -1.2804691 5 0 0 0 19
-1.6316282 0.10031894 -0.35848391 5 0 0 0 19
-1.1392425 0.70145828 -0.8517772 5 0 0 0 19
-1.1112742 0.7798183 -0.72770751 5 0 0 0 19
-1.2167829 0.60285491 -0.69732708 5 0 0 0 19
-1.3098162 0.49703628 -0.93455523 5 0 0 0 19
-1.120183 0.74058628 -0.82174116 5 0 0 0 19
-1.3391759 0.44567239 -0.78541261 5 0 0 0 19
-1.5854862 0.11991744 -0.64751738 5 0 0 0 19
-1.722186 -0.10463745 -0.95121515 5 0 0 0 19
-1.0702531 0.83310717 -0.69231337 5 0 0 0 19
-1.3357424 0.45843092 -0.64617682 5 0 0 0 19
-1.3810997 0.40702313 -0.44056863 5 0 0 0 19
-1.1937691 0.67316121 -1.0383104 5 0 0 0 19
-1.3110116 0.51616561 -0.53515762 5 0 0 0 19
-1.6278559 0.055238895 -0.78038901 5 0 0 0 19
-1.6035234 0.035503484 -0.88311368 5 0 0 0 19
-1.4863936 0.27729866 -0.49039009 5 0 0 0 19
-1.5552853 0.12770459 -0.52002871 5 0 0 0 19
-1.1111952 0.77523673 -0.77238393 5 0 0 0 19
-1.6655275 -0.022688175 -0.9085499 6 0 0 0 19
-1.6066781 0.070695855 -0.68509865 6 0 0 0 19
-1.6097223 0.04723582 -1.1659577 6 0 0 0 19
-1.6546376 0.0052938354 -0.75959146 6 0 0 0 19
-1.4781499 0.28094602 -0.58952391 6 0 0 0 19
-1.2722955 0.50040543 -1.172866 6 0 0 0 19
-1.2128958 0.61889696 -0.66778624 6 0 0 0 19
-1.1365694 0.75046366 -0.74242985 6 0 0 0 19
-1.2675943 0.53717119 -1.3127077 6 0 0 0 19
-1.2827746 0.52646089 -1.1039751 6 0 0 0 19
-1.6805534 -0.026297659 -0.7396608 6 0 0 0 19
-1.1955597 0.65119255 -0.84639889 6 0 0 0 19
-1.3153447 0.46200264 -1.0911541 6 0 0 0 19
-1.3258435 0.43521169 -1.1584769 6 0 0 0 19
-1.5642132 0.11727733 -0.85644484 6 0 0 0 19
-1.2972074 0.50596547 -1.3098764 6 0 0 0 19
-1.1612227 0.68184239 -0.74888092 6 0 0 0 19
-1.4793743 0.25464639 -1.1343091 6 0 0 0 19
-1.4610515 0.2691853 -0.63200498 6 0 0 0 19
-1.5440925 0.17437203 -0.74517864 6 0 0 0 19
-1.362812 0.40614545 -0.6009531 6 0 0 0 19
-1.5319542 0.18069316 -0.98611051 6 0 0 0 19
-1.5561581 0.099836022 -1.1669878 6 0 0 0 19
-1.4054098 0.33383337 -1.1181056 6 0 0 0 19
-1.6048501 0.047468856 -0.62140703 6 0 0 0 19
-1.4903408 0.21710509 -0.85871518 6 0 0 0 19
-1.234079 0.57382476 -0.97706336 6 0 0 0 19
-1.2681348 0.50890428 -1.2419651 6 0 0 0 19
-1.6872506 -0.068506755 -1.2343774 6 0 0 0 19
-1.2648208 0.55989927 -0.77354956 6 0 0 0 19
-1.4761142 0.29118654 -0.4760291 6 0 0 0 19
-1.1604241 0.70392448 -0.72784483 6 0 0 0 19
-1.3546534 0.44067284 -0.55045092 6 0 0 0 19
-1.5907212 0.077675544 -0.88623941 6 0 0 0 19
-1.2260094 0.58086747 -1.1009818 6 0 0 0 19
-1.2337167 0.57928008 -1.3562082 6 0 0 0 19
-1.4513766 0.28763893 -1.1717668 6 0 0 0 19
-1.2754724 0.53241676 -1.0225714 6 0 0 0 19
-1.227125 0.61891031 -0.81891286 6 0 0 0 19
-1.477984 0.24111971 -1.2356235 6 0 0 0 19
-1.274539 0.51794487 -1.2014951 7 0 0 0 19
-1.2392185 0.58715987 -0.7712599 7 0 0 0 19
-1.7668824 -0.17804106 -1.2253643 7 0 0 0 19
-1.7305981 -0.12152612 -1.0992204 7 0 0 0 19
-1.2140454 0.63497329 -0.82105911 7 0 0 0 19
-1.6405103 0.0066860174 -1.2527151 7 0 0 0 19
-1.2138727 0.61245888 -1.1809036 7 0 0 0 19
-1.268769 0.50763178 -1.4784658 7 0 0 0 19
-1.4590867 0.24972373 -1.1902063 7 0 0 0 19
-1.6370776 0.0063700289 -1.0320097 7 0 0 0 19
-1.3664716 0.38529435 -1.4006509 7 0 0 0 19
-1.1243016 0.73422956 -0.94218451 7 0 0 0 19
-1.5631535 0.094284557 -1.2500578 7 0 0 0 19
-1.539258 0.1814957 -0.66047198 7 0 0 0 19
-1.2531626 0.5566017 -1.159139 7 0 0 0 19
-1.1308911 0.7453652 -0.7168175 7 0 0 0 19
-1.639213 0.047363505 -0.77112204 7 0 0 0 19
-1.5354412 0.16551256 -0.7249788 7 0 0 0 19
-1.7120291 -0.10640358 -1.2628645 7 0 0 0 19
-1.1212858 0.74580473 -0.78249806 7 0 0 0 19
-1.5468121 0.14810404 -1.3672754 7 0 0 0 19
-1.3419713 0.40616858 -1.2815043 7 0 0 0 19
-1.3077064 0.48491597 -0.88226593 7 0 0 0 19
-1.6479961 0.015031732 -0.69898045 7 0 0 0 19
-1.2682694 0.53939527 -1.1755686 7 0 0 0 19
-1.4621525 0.27011263 -1.1304404 7 0 0 0 19
-1.2500393 0.56368685 -1.1011565 7 0 0 0 19
-1.2745868 0.5324595 -1.0858861 7 0 0 0 19
-1.667765 0.0078782849 -0.90763217 7 0 0 0 19
-1.6472241 -0.04432413 -1.2522129 7 0 0 0 19
-1.3039118 0.49795651 -0.50293261 7 0 0 0 19
-1.1540456 0.71652168 -0.87163013 7 0 0 0 19
-1.6689335 -0.015961258 -1.0287367 7 0 0 0 19
-1.3211908 0.46550667 -0.88086951 7 0 0 0 19
-1.52309 0.20784381 -0.3787156 7 0 0 0 19
-1.4830739 0.18025315 -1.0264003 7 0 0 0 19
-1.4606572 0.25610438 -0.99336845 7 0 0 0 19
-1.42133 0.32148194 -0.61115801 7 0 0 0 19
-1.4598626 0.2716859 -1.0626484 7 0 0 0 19
-1.4989921 0.25344446 -0.52362877 7 0 0 0 19
-1.4038939 0.3779625 -0.45786992 8 0 0 0 19
-1.5075531 0.18331972 -1.3996314 8 0 0 0 19
-1.7361648 -0.12594642 -1.0806297 8 0 0 0 19
-1.4230845 0.37241828 -0.46757603 8 0 0 0 19
-1.4400864 0.31338644 -0.48252875 8 0 0 0 19
-1.5324191 0.19865744 -0.4156087 8 0 0 0 19
-1.3346263 0.42817298 -0.76687795 8 0 0 0 19
-1.2481005 0.53212023 -1.5072871 8 0 0 0 19
-1.3475106 0.43665379 -0.8168422 8 0 0 0 19
-1.4176404 0.32355133 -1.2369564 8 0 0 0 19
-1.2653587 0.54554743 -0.94536793 8 0 0 0 19
-1.3051069 0.50011384 -1.0391716 8 0 0 0 19
-1.6625527 0.018365836 -0.67270005 8 0 0 0 19
-1.5464711 0.1630384 -1.3782843 8 0 0 0 19
-1.7227496 -0.10257204 -1.10693 8 0 0 0 19
-1.7721515 -0.17728858 -1.1575031 8 0 0 0 19
-1.6559391 -0.025620762 -0.98232055 8 0 0 0 19
-1.3893702 0.39267284 -1.0362914 8 0 0 0 19
-1.4489815 0.25631008 -0.70409763 8 0 0 0 19
-1.4948827 0.20847064 -1.2419647 8 0 0 0 19
-1.4801084 0.24265663 -0.37584856 8 0 0 0 19
-1.198469 0.64283687 -0.94728285 8 0 0 0 19
-1.2444743 0.54556537 -1.4479642 8 0 0 0 19
-1.4740686 0.23819923 -1.0150619 8 0 0 0 19
-1.6164316 0.10009076 -0.50121975 8 0 0 0 19
-1.153396 0.69673163 -1.1408523 8 0 0 0 19
-1.3119776 0.47068837 -1.0602413 8 0 0 0 19
-1.4497015 0.29297933 -0.52808911 8 0 0 0 19
-1.3524652 0.4521963 -0.59288913 8 0 0 0 19
-1.6303697 0.00093137036 -1.1569711 8 0 0 0 19
-1.537448 0.16028214 -1.2667904 8 0 0 0 19
-1.5175343 0.17816029 -0.80830079 8 0 0 0 19
-1.3650947 0.46084079 -0.59453446 8 0 0 0 19
-1.4315199 0.29097316 -0.80556542 8 0 0 0 19
-1.1916595 0.65447044 -0.91782814 8 0 0 0 19
-1.0813403 0.82632214 -0.77189124 8 0 0 0 19
-1.6317316 0.0051126624 -1.2670507 8 0 0 0 19
-1.3966329 0.3613506 -0.8379336 8 0 0 0 19
-1.1512693 0.69495517 -0.61323112 8 0 0 0 19
-1.6935422 -0.1055724 -1.04528 8 0 0 0 19
-1.5819676 0.10294915 -1.0924356 9 0 0 0 19
-1.5239495 0.2005654 -0.66411966 9 0 0 0 19
-1.5040213 0.21544635 -1.1631844 9 0 0 0 19
-1.6141568 0.061756901 -1.2308975 9 0 0 0 19
-1.5615458 0.15891217 -0.41892213 9 0 0 0 19
-1.5467156 0.18981871 -0.61483949 9 0 0 0 19
-1.6352359 -0.016913902 -1.0388036 9 0 0 0 19
-1.3029765 0.51651198 -0.72198379 9 0 0 0 19
-1.5613841 0.09448196 -1.1840726 9 0 0 0 19
-1.4920646 0.22586918 -1.3693923 9 0 0 0 19
-1.5180016 0.1848298 -1.3499469 9 0 0 0 19
-1.6739755 -0.053419247 -1.1370468 9 0 0 0 19
-1.2469355 0.56179744 -1.3438364 9 0 0 0 19
-1.1484336 0.73209989 -0.73611832 9 0 0 0 19
-1.6104208 0.095904395 -0.52256668 9 0 0 0 19
-1.7175436 -0.093897201 -1.1262819 9 0 0 0 19
-1.2042333 0.60882217 -1.2655817 9 0 0 0 19
-1.5006766 0.25055078 -0.58380926 9 0 0 0 19
-1.5773805 0.11855137 -0.5865044 9 0 0 0 19
-1.3052045 0.47663617 -1.4410628 9 0 0 0 19
-1.7115608 -0.099784575 -1.0156722 9 0 0 0 19
-1.6250652 0.058377866 -1.2597333 9 0 0 0 19
-1.2758741 0.55576348 -0.6916222 9 0 0 0 19
-1.7410887 -0.14814255 -1.1300055 9 0 0 0 19
-1.3667126 0.37230834 -1.2855092 9 0 0 0 19
-1.1328816 0.77220035 -0.6097675 9 0 0 0 19
-1.503765 0.21717559 -0.4578104 9 0 0 0 19
-1.4485897 0.26812729 -1.2536041 9 0 0 0 19
-1.4103932 0.35146257 -0.66748649 9 0 0 0 19
-1.565271 0.14283781 -0.45571068 9 0 0 0 19
-1.2048304 0.62388957 -0.88726729 9 0 0 0 19
-1.657781 -0.013337946 -1.025514 9 0 0 0 19
-1.3154552 0.49539328 -0.62115651 9 0 0 0 19
-1.5212973 0.22138914 -0.78102434 9 0 0 0 19
-1.5939702 0.1094517 -0.36807811 9 0 0 0 19
-1.1730576 0.68376076 -0.78114229 9 0 0 0 19
-1.368261 0.39543146 -0.59631425 9 0 0 0 19
-1.6573068 0.0067452691 -1.1300952 9 0 0 0 19
-1.6987931 -0.07682538 -1.0677241 9 0 0 0 19
-1.2218145 0.57528496 -1.2913347 9 0 0 0 19
-1.6692135 -0.0032052088 -0.85171026 10 0 0 0 19
-1.3346586 0.42161933 -1.4288101 10 0 0 0 19
-1.4496455 0.27919751 -1.0304239 10 0 0 0 19
-1.3004588 0.50450909 -0.79184049 10 0 0 0 19
-1.286886 0.51312464 -0.68109679 10 0 0 0 19
-1.5920067 0.11768681 -0.30173674 10 0 0 0 19
-1.3370094 0.45263466 -0.88026589 10 0 0 0 19
-1.1525778 0.71214414 -0.77062088 10 0 0 0 19
-1.533085 0.15347415 -1.1761745 10 0 0 0 19
-1.2708825 0.56004578 -0.66579765 10 0 0 0 19
-1.1577193 0.69089574 -1.0876366 10 0 0 0 19
-1.3658733 0.39299515 -1.2726293 10 0 0 0 19
-1.4061916 0.368554 -0.89369971 10 0 0 0 19
-1.2090168 0.63357061 -1.045826 10 0 0 0 19
-1.1488304 0.70680255 -0.68965405 10 0 0 0 19
-1.2217275 0.6221258 -0.8678562 10 0 0 0 19
-1.4360635 0.28667536 -0.97901064 10 0 0 0 19
-1.2171941 0.63454258 -0.81358922 10 0 0 0 19
-1.5786284 0.13071541 -0.44589344 10 0 0 0 19
-1.5821127 0.11083144 -0.81293315 10 0 0 0 19
-1.5836025 0.0957992 -0.78452975 10 0 0 0 19
-1.6351534 0.043854326 -0.71783042 10 0 0 0 19
-1.6129514 0.066755176 -0.62940472 10 0 0 0 19
-1.6775886 0.0078085144 -1.0265834 10 0 0 0 19
-1.649018 0.011549955 -1.13699 10 0 0 0 19
-1.5139555 0.16135041 -1.2629306 10 0 0 0 19
-1.6174107 0.060382538 -0.83051753 10 0 0 0 19
-1.3982892 0.40331578 -0.46021539 10 0 0 0 19
-1.5580705 0.11801989 -1.1307667 10 0 0 0 19
-1.6597041 -0.040465068 -1.0858155 10 0 0 0 19
-1.425295 0.34053856 -0.58957183 10 0 0 0 19
-1.3346884 0.47362614 -0.90414304 10 0 0 0 19
-1.3980197 0.38098028 -0.69462043 10 0 0 0 19
-1.1881394 0.61835295 -1.3603469 10 0 0 0 19
-1.6474632 0.01824414 -0.90707743 10 0 0 0 19
-1.7298625 -0.12072945 -1.0528167 10 0 0 0 19
-1.2018235 0.63188368 -1.3321738 10 0 0 0 19
-1.6075433 0.081271455 -0.99035233 10 0 0 0 19
-1.5763491 0.095573455 -0.95613492 10 0 0 0 19
-1.5781227 0.10697687 -0.67028385 10 0 0 0 19
-1.0973604 0.81194013 -0.81067598 11 0 0 0 19
-1.3723401 0.36913797 -1.007286 11 0 0 0 19
-1.2848219 0.49614176 -0.98587745 11 0 0 0 19
-1.1711218 0.66775739 -1.1763986 11 0 0 0 19
-1.5374924 0.15540758 -0.39065692 11 0 0 0 19
-1.5137144 0.19547687 -1.2689607 11 0 0 0 19
-1.3365729 0.47786894 -0.74623251 11 0 0 0 19
-1.6879722 -0.057902221 -0.9989717 11 0 0 0 19
-1.3134224 0.48826715 -0.69332159 11 0 0 0 19
-1.4625783 0.25225085 -1.1229132 11 0 0 0 19
-1.4973258 0.17870954 -1.4035846 11 0 0 0 19
-1.4990032 0.23028612 -0.80263299 11 0 0 0 19
-1.4001665 0.38992658 -1.0253428 11 0 0 0 19
-1.4317884 0.35776049 -0.69924062 11 0 0 0 19
-1.2481563 0.57009488 -0.76895034 11 0 0 0 19
-1.5070275 0.18993047 -1.1185794 11 0 0 0 19
-1.6488414 0.019678524 -1.0418221 11 0 0 0 19
-1.4815725 0.23452336 -1.2319868 11 0 0 0 19
-1.4994897 0.20681106 -0.90569109 11 0 0 0 19
-1.7585179 -0.15965194 -1.1100973 11 0 0 0 19
-1.5585121 0.091050953 -1.3343316 11 0 0 0 19
-1.3024964 0.51380801 -0.95329911 11 0 0 0 19
-1.6800743 -0.038504824 -1.0446371 11 0 0 0 19
-1.1903576 0.66669011 -0.63737381 11 0 0 0 19
-1.4361134 0.30483487 -0.66773987 11 0 0 0 19
-1.5158852 0.16453546 -1.1060413 11 0 0 0 19
-1.4825389 0.26099834 -0.98944914 11 0 0 0 19
-1.5360892 0.15356176 -1.0801311 11 0 0 0 19
-1.3121846 0.49202192 -0.50240785 11 0 0 0 19
-1.5180886 0.21412811 -0.89407921 11 0 0 0 19
-1.4318284 0.32723796 -0.76017475 11 0 0 0 19
-1.2043768 0.63549602 -0.6654222 11 0 0 0 19
-1.1740987 0.68639749 -0.74348491 11 0 0 0 19
-1.1207582 0.76173949 -0.80973905 11 0 0 0 19
-1.4787757 0.23377147 -1.2245663 11 0 0 0 19
-1.2842516 0.52972513 -0.53597355 11 0 0 0 19
-1.4700185 0.27144083 -0.79291683 11 0 0 0 19
-1.4221557 0.33371562 -0.61881357 11 0 0 0 19
-1.4730827 0.25352174 -0.97827715 11 0 0 0 19
-1.5453926 0.17866619 -0.95477003 11 0 0 0 19
-1.2566907 0.55490798 -1.563103 12 0 0 0 19
-1.7117511 -0.10291839 -1.0872821 12 0 0 0 19
-1.5699562 0.15354881 -1.0880426 12 0 0 0 19
-1.6737565 -0.034274865 -1.0356572 12 0 0 0 19
-1.4331046 0.30491778 -0.76248652 12 0 0 0 19
-1.4924619 0.23593126 -0.83746606 12 0 0 0 19
-1.6574781 -9.8991324e-05 -1.1187983 12 0 0 0 19
-1.3205872 0.47730228 -0.83358496 12 0 0 0 19
-1.1692084 0.68685335 -0.83801705 12 0 0 0 19
-1.3837006 0.37199607 -1.1099784 12 0 0 0 19
-1.2316405 0.61139685 -0.81599021 12 0 0 0 19
-1.3714695 0.42306209 -0.64903337 12 0 0 0 19
-1.4708542 0.26751196 -1.0789047 12 0 0 0 19
-1.2505611 0.56052172 -1.1843345 12 0 0 0 19
-1.6603049 0.0050958097 -0.80335337 12 0 0 0 19
-1.2966914 0.51076764 -1.207723 12 0 0 0 19
-1.5908595 0.083406322 -0.92285496 12 0 0 0 19
-1.5337929 0.13468732 -0.71120161 12 0 0 0 19
-1.2878033 0.55651069 -0.58159828 12 0 0 0 19
-1.6343683 0.033598058 -0.72074932 12 0 0 0 19
-1.2476588 0.57854676 -1.2637291 12 0 0 0 19
-1.6942379 -0.047639325 -1.1463655 12 0 0 0 19
-1.3040131 0.48011777 -0.9281764 12 0 0 0 19
-1.5704598 0.10812797 -1.3535888 12 0 0 0 19
-1.1667407 0.68245363 -0.93627614 12 0 0 0 19
-1.0990119 0.79950416 -0.67130452 12 0 0 0 19
-1.6781473 -0.026941173 -1.263535 12 0 0 0 19
-1.5635931 0.14483018 -1.1447507 12 0 0 0 19
-1.3069539 0.51225096 -0.90033323 12 0 0 0 19
-1.5111555 0.22725014 -0.39033517 12 0 0 0 19
-1.5403308 0.13529301 -1.1159306 12 0 0 0 19
-1.426515 0.31767207 -0.79277283 12 0 0 0 19
-1.4007938 0.36840838 -0.5864988 12 0 0 0 19
-1.2967181 0.50716639 -1.0146095 12 0 0 0 19
-1.437253 0.27082083 -1.3278638 12 0 0 0 19
-1.4336092 0.3104789 -1.2928669 12 0 0 0 19
-1.4012127 0.35119039 -0.64284867 12 0 0 0 19
-1.4789261 0.21923463 -1.3275549 12 0 0 0 19
-1.1779274 0.66961962 -1.2169226 12 0 0 0 19
-1.2234111 0.55935401 -1.3322493 12 0 0 0 19
-1.4807004 0.22833847 -1.2981292 13 0 0 0 19
-1.4361295 0.29375038 -0.78954464 13 0 0 0 19
-1.5065969 0.22194903 -0.71516448 13 0 0 0 19
-1.1944581 0.63033509 -0.55735958 13 0 0 0 19
-1.753623 -0.1450974 -1.1276364 13 0 0 0 19
-1.4988579 0.23848173 -0.66742533 13 0 0 0 19
-1.47787 0.25693822 -0.82105809 13 0 0 0 19
-1.4248379 0.33880579 -0.78575838 13 0 0 0 19
-1.4308484 0.34639108 -0.79226512 13 0 0 0 19
-1.540911 0.15244596 -1.1980454 13 0 0 0 19
-1.3457829 0.42586938 -1.3903064 13 0 0 0 19
-1.4060812 0.36174604 -1.201664 13 0 0 0 19
-1.5008471 0.2033737 -0.62655544 13 0 0 0 19
-1.4587538 0.28198698 -0.81593841 13 0 0 0 19
-1.7259394 -0.10942766 -1.1969928 13 0 0 0 19
-1.2113763 0.58166873 -1.4846623 13 0 0 0 19
-1.4299765 0.28665617 -0.94753331 13 0 0 0 19
-1.3156855 0.45863453 -1.2700442 13 0 0 0 19
-1.2997409 0.50635874 -0.97266275 13 0 0 0 19
-1.6259121 0.0041822642 -1.2671936 13 0 0 0 19
-1.7389417 -0.14271019 -1.182494 13 0 0 0 19
-1.5134662 0.19088629 -0.89657021 13 0 0 0 19
-1.4232513 0.31649369 -1.1208062 13 0 0 0 19
-1.1827208 0.61807418 -1.0968456 13 0 0 0 19
-1.3150885 0.47331321 -0.89218122 13 0 0 0 19
-1.4559448 0.24405392 -1.0202606 13 0 0 0 19
-1.2270149 0.60480672 -0.77584273 13 0 0 0 19
-1.6050706 0.096167594 -0.4135206 13 0 0 0 19
-1.6516005 0.017029289 -0.80054706 13 0 0 0 19
-1.4983696 0.24255906 -0.49667716 13 0 0 0 19
-1.246328 0.56506228 -1.0797949 13 0 0 0 19
-1.4207499 0.3321906 -1.2881624 13 0 0 0 19
-1.6021789 0.083934337 -0.91792709 13 0 0 0 19
-1.3741095 0.3980594 -1.1064017 13 0 0 0 19
-1.3776947 0.37246415 -1.1318094 13 0 0 0 19
-1.6923977 -0.062990494 -1.2728044 13 0 0 0 19
-1.2615558 0.53255427 -1.448957 13 0 0 0 19
-1.3935144 0.37104961 -0.82827997 13 0 0 0 19
-1.507686 0.21731132 -0.80926019 13 0 0 0 19
-1.4895946 0.25223565 -0.96016514 13 0 0 0 19
-1.2479471 0.57607085 -0.66523033 14 0 0 0 19
-1.4781007 0.26279378 -0.89557773 14 0 0 0 19
-1.5001374 0.20843942 -0.88619459 14 0 0 0 19
-1.2529607 0.5918138 -0.59657866 14 0 0 0 19
-1.540554 0.16209409 -0.35656705 14 0 0 0 19
-1.3004446 0.46967635 -1.3619058 14 0 0 0 19
-1.4084138 0.32866997 -1.3053759 14 0 0 0 19
-1.1410024 0.67623055 -1.1278127 14 0 0 0 19
-1.1934584 0.62642723 -1.1715349 14 0 0 0 19
-1.3601432 0.42318708 -1.2186656 14 0 0 0 19
-1.2631035 0.59366888 -0.58356011 14 0 0 0 19
-1.1879264 0.61289644 -1.2885895 14 0 0 0 19
-1.3605709 0.40838522 -1.0989724 14 0 0 0 19
-1.211501 0.64648229 -0.65238768 14 0 0 0 19
-1.1244736 0.75833923 -0.67947757 14 0 0 0 19
-1.5485656 0.14705549 -1.1315128 14 0 0 0 19
-1.3937894 0.34651595 -1.0763969 14 0 0 0 19
-1.4238906 0.32772809 -0.8271755 14 0 0 0 19
-1.3204982 0.42834029 -1.3913692 14 0 0 0 19
-1.2742201 0.53757745 -0.87864244 14 0 0 0 19
-1.5193412 0.16545434 -0.69837898 14 0 0 0 19
-1.4956765 0.25587127 -0.99396533 14 0 0 0 19
-1.1360959 0.73016876 -0.68363476 14 0 0 0 19
-1.448445 0.29403293 -0.72941709 14 0 0 0 19
-1.177078 0.66576993 -0.90894049 14 0 0 0 19
-1.7136213 -0.086283021 -1.1918288 14 0 0 0 19
-1.6830209 -0.032631423 -1.0084794 14 0 0 0 19
-1.4235122 0.30941942 -1.0042571 14 0 0 0 19
-1.6514468 0.003533449 -1.2030456 14 0 0 0 19
-1.2572361 0.57159233 -1.0473375 14 0 0 0 19
-1.4998841 0.21629244 -0.80166912 14 0 0 0 19
-1.1019131 0.78231597 -0.77268016 14 0 0 0 19
-1.6066406 0.065278433 -0.75437266 14 0 0 0 19
-1.6056788 0.019852517 -1.1064204 14 0 0 0 19
-1.2012608 0.63538986 -1.2528083 14 0 0 0 19
-1.281288 0.52528834 -1.1870059 14 0 0 0 19
-1.2860683 0.49391198 -0.85227305 14 0 0 0 19
-1.16102 0.69897473 -0.63486582 14 0 0 0 19
-1.1976397 0.66019523 -0.6299485 14 0 0 0 19
-1.2416137 0.52772844 -1.3111464 14 0 0 0 19
-1.6029269 0.11983618 -0.52267671 15 0 0 0 19
-1.6038144 0.080933265 -0.69711483 15 0 0 0 19
-1.2396775 0.59898436 -1.1351615 15 0 0 0 19
-1.6839805 -0.043946769 -1.1978768 15 0 0 0 19
-1.333886 0.43168378 -1.5085615 15 0 0 0 19
-1.1347809 0.73118722 -0.73872799 15 0 0 0 19
-1.6659808 -0.052010838 -0.87712604 15 0 0 0 19
-1.2743794 0.52489758 -0.92417568 15 0 0 0 19
-1.3584964 0.41163149 -0.98997122 15 0 0 0 19
-1.6513151 -0.0018307694 -1.0882237 15 0 0 0 19
-1.4156823 0.28744087 -1.2487851 15 0 0 0 19
-1.641034 0.020228118 -1.0071263 15 0 0 0 19
-1.3924158 0.37734303 -0.83205581 15 0 0 0 19
-1.6125689 0.050072938 -1.1716202 15 0 0 0 19
-1.7512838 -0.16110459 -1.2160561 15 0 0 0 19
-1.5072902 0.17762417 -1.3023752 15 0 0 0 19
-1.4282386 0.31868985 -0.8870151 15 0 0 0 19
-1.3723831 0.40714231 -0.49925917 15 0 0 0 19
-1.2989833 0.46037462 -1.0928882 15 0 0 0 19
-1.2244369 0.60865521 -0.73021555 15 0 0 0 19
-1.0482897 0.84202743 -0.66736329 15 0 0 0 19
-1.4983392 0.23093222 -0.59178907 15 0 0 0 19
-1.4787509 0.24606234 -0.99196649 15 0 0 0 19
-1.3548061 0.43616852 -0.73065943 15 0 0 0 19
-1.5795207 0.10152186 -1.1824669 15 0 0 0 19
-1.3985509 0.37375769 -0.86903763 15 0 0 0 19
-1.2400863 0.57895046 -1.0672643 15 0 0 0 19
-1.5401576 0.20379999 -0.84454757 15 0 0 0 19
-1.6291916 0.070920445 -0.73362643 15 0 0 0 19
-1.3671359 0.40514958 -0.91422117 15 0 0 0 19
-1.1974638 0.63148284 -0.7543301 15 0 0 0 19
-1.4990362 0.21102718 -0.96479404 15 0 0 0 19
-1.5208504 0.18876202 -0.48314682 15 0 0 0 19
-1.2434188 0.55182111 -1.3100672 15 0 0 0 19
-1.2564957 0.50283438 -1.490517 15 0 0 0 19
-1.5206683 0.20804051 -0.38957822 15 0 0 0 19
-1.3512722 0.43336457 -0.98838162 15 0 0 0 19
-1.4589788 0.25717357 -1.1222848 15 0 0 0 19
-1.3729421 0.40972525 -0.6007154 15 0 0 0 19
-1.5984679 0.086996302 -1.2865132 15 0 0 0 19
-1.4120804 0.3772974 -0.46444827 16 0 0 0 19
-1.1216925 0.72194922 -1.0487891 16 0 0 0 19
-1.4026183 0.39161316 -0.85016179 16 0 0 0 19
-1.4314983 0.26394004 -1.4099954 16 0 0 0 19
-1.538849 0.16646114 -0.91170871 16 0 0 0 19
-1.2258637 0.57834542 -1.123841 16 0 0 0 19
-1.5098845 0.20191108 -0.75413209 16 0 0 0 19
-1.4815819 0.26190412 -0.67146349 16 0 0 0 19
-1.55862 0.1549214 -0.64661688 16 0 0 0 19
-1.2076914 0.67294872 -0.57680786 16 0 0 0 19
-1.3728967 0.38136768 -1.2906049 16 0 0 0 19
-1.2739944 0.54874414 -0.67441005 16 0 0 0 19
-1.5719297 0.067290679 -1.1980352 16 0 0 0 19
-1.5805707 0.12771055 -0.5851171 16 0 0 0 19
-1.257699 0.560673 -0.87152636 16 0 0 0 19
-1.4809269 0.23436241 -1.0713527 16 0 0 0 19
-1.3944618 0.31645378 -1.4028112 16 0 0 0 19
-1.3387687 0.44771871 -1.0395441 16 0 0 0 19
-1.3863642 0.3815951 -1.1228427 16 0 0 0 19
-1.3878845 0.35358325 -1.2229108 16 0 0 0 19
-1.3755759 0.39584655 -1.3769602 16 0 0 0 19
-1.3701804 0.4121024 -1.037075 16 0 0 0 19
-1.4665478 0.28248134 -1.200223 16 0 0 0 19
-1.132234 0.74308872 -0.95923769 16 0 0 0 19
-1.3722097 0.39169604 -0.59418857 16 0 0 0 19
-1.5495741 0.11867369 -1.255258 16 0 0 0 19
-1.1623194 0.70312113 -1.0428232 16 0 0 0 19
-1.5398095 0.15421513 -0.89716893 16 0 0 0 19
-1.4049731 0.35895377 -1.3332602 16 0 0 0 19
-1.5753641 0.10457918 -0.74904096 16 0 0 0 19
-1.3521101 0.45496181 -0.58246958 16 0 0 0 19
-1.5130332 0.20765454 -0.51739782 16 0 0 0 19
-1.7234602 -0.14806034 -1.2041095 16 0 0 0 19
-1.489121 0.25610232 -0.41498294 16 0 0 0 19
-1.3402045 0.46636936 -0.6363607 16 0 0 0 19
-1.4267156 0.33335105 -0.72005761 16 0 0 0 19
-1.2304084 0.60844576 -1.0636115 16 0 0 0 19
-1.4201485 0.30409777 -1.1180049 16 0 0 0 19
-1.3560233 0.42123562 -0.58414805 16 0 0 0 19
-1.5454105 0.14067534 -1.0666608 16 0 0 0 19
-1.2987841 0.48479787 -1.3344581 17 0 0 0 19
-1.5325865 0.18895864 -0.59283292 17 0 0 0 19
-1.4920372 0.22312824 -1.3829385 17 0 0 0 19
-1.4017379 0.36872694 -1.1781226 17 0 0 0 19
-1.5883025 0.066554993 -1.2182223 17 0 0 0 19
-1.4919673 0.19980253 -0.95634627 17 0 0 0 19
-1.1498584 0.72051847 -0.83962375 17 0 0 0 19
-1.2044238 0.61364168 -0.85636479 17 0 0 0 19
-1.0692962 0.82546633 -0.69165128 17 0 0 0 19
-1.1236337 0.74968576 -0.84942895 17 0 0 0 19
-1.2941042 0.52458173 -0.6960113 17 0 0 0 19
-1.2847921 0.52378637 -0.96963358 17 0 0 0 19
-1.383718 0.39093888 -0.85930032 17 0 0 0 19
-1.5344919 0.14148763 -0.82022154 17 0 0 0 19
-1.5332005 0.15741576 -0.88628584 17 0 0 0 19
-1.3143815 0.47746089 -1.2246912 17 0 0 0 19
-1.2982086 0.53322238 -0.57117915 17 0 0 0 19
-1.2510014 0.57880229 -1.0725824 17 0 0 0 19
-1.1923881 0.66147739 -0.74599773 17 0 0 0 19
-1.3575382 0.38827494 -0.60880315 17 0 0 0 19
-1.2813237 0.48104179 -1.1753092 17 0 0 0 19
-1.32473 0.47193116 -0.50178516 17 0 0 0 19
-1.1997192 0.63989276 -0.56358421 17 0 0 0 19
-1.6387814 0.072550997 -0.57025015 17 0 0 0 19
-1.2777551 0.50762975 -0.90646744 17 0 0 0 19
-1.6071584 0.05299852 -1.2304596 17 0 0 0 19
-1.1900765 0.61233479 -0.96644115 17 0 0 0 19
-1.4001821 0.33017734 -0.64577192 17 0 0 0 19
-1.6716619 -0.020260883 -1.2642347 17 0 0 0 19
-1.2297 0.62219685 -0.55027479 17 0 0 0 19
-1.7140763 -0.095777258 -1.164317 17 0 0 0 19
-1.4589459 0.28027341 -0.59076917 17 0 0 0 19
-1.2782965 0.55722386 -0.77588981 17 0 0 0 19
-1.205789 0.61075461 -1.2493291 17 0 0 0 19
-1.6414276 0.011916289 -1.2813351 17 0 0 0 19
-1.4795738 0.28389132 -0.75755858 17 0 0 0 19
-1.3212569 0.49915093 -0.50002909 17 0 0 0 19
-1.1794043 0.65899408 -1.1806173 17 0 0 0 19
-1.4442298 0.29827335 -1.1820068 17 0 0 0 19
-1.3624501 0.43019831 -0.81282359 17 0 0 0 19
-1.393648 0.3392776 -0.86651683 18 0 0 0 19
-1.7490884 -0.1434565 -1.2365655 18 0 0 0 19
-1.4088037 0.36856276 -0.71658963 18 0 0 0 19
-1.625771 0.03969451 -0.53232074 18 0 0 0 19
-1.4416595 0.29516461 -1.1577289 18 0 0 0 19
-1.4420918 0.3109583 -0.79850012 18 0 0 0 19
-1.548691 0.16339797 -0.82316291 18 0 0 0 19
-1.6231145 0.042032156 -0.87470007 18 0 0 0 19
-1.3073413 0.47468424 -0.9608199 18 0 0 0 19
-1.6610414 -0.00060102425 -0.65099257 18 0 0 0 19
-1.7034509 -0.097386472 -1.1162609 18 0 0 0 19
-1.4287498 0.32612917 -0.47043529 18 0 0 0 19
-1.389153 0.35896745 -1.4097946 18 0 0 0 19
-1.5501859 0.12182998 -1.1424668 18 0 0 0 19
-1.2413123 0.57059973 -0.73302233 18 0 0 0 19
-1.2707273 0.54388022 -1.2667887 18 0 0 0 19
-1.6688751 -0.026269164 -0.74996334 18 0 0 0 19
-1.4448475 0.30478591 -0.94687575 18 0 0 0 19
-1.0903854 0.76463783 -0.83707392 18 0 0 0 19
-1.4786288 0.21817337 -1.0645485 18 0 0 0 19
-1.4520566 0.22606204 -1.1630199 18 0 0 0 19
-1.3502219 0.46125117 -0.57652819 18 0 0 0 19
-1.412914 0.3183966 -1.2418891 18 0 0 0 19
-1.4312075 0.32730672 -0.66542077 18 0 0 0 19
-1.1840436 0.63682061 -1.0735532 18 0 0 0 19
-1.4007857 0.39452785 -0.53210402 18 0 0 0 19
-1.2713128 0.55785608 -0.53114372 18 0 0 0 19
-1.6118765 0.062597036 -0.51623708 18 0 0 0 19
-1.367705 0.38401473 -1.0751244 18 0 0 0 19
-1.5591549 0.13708033 -1.127828 18 0 0 0 19
-1.3970916 0.37798363 -1.2504905 18 0 0 0 19
-1.4317383 0.31207404 -0.99353737 18 0 0 0 19
-1.422794 0.31103668 -0.72844082 18 0 0 0 19
-1.4961033 0.20579505 -1.2624859 18 0 0 0 19
-1.137202 0.71272695 -0.7766366 18 0 0 0 19
-1.409614 0.36462352 -0.85532182 18 0 0 0 19
-1.2892596 0.5191707 -1.2647499 18 0 0 0 19
-1.4081967 0.3352237 -0.53930265 18 0 0 0 19
-1.2267207 0.6053822 -0.70553559 18 0 0 0 19
-1.3746753 0.39764342 -1.2519596 18 0 0 0 19
-1.5265294 0.18950596 -1.0504131 19 0 0 0 19
-1.7714275 -0.20074669 -1.2165631 19 0 0 0 19
-1.3787928 0.37898934 -0.76454937 19 0 0 0 19
-1.5789658 0.14777967 -0.89473146 19 0 0 0 19
-1.6558094 0.037927363 -0.55339366 19 0 0 0 19
-1.6541512 0.0091800019 -0.62060344 19 0 0 0 19
-1.4101473 0.32865119 -1.348822 19 0 0 0 19
-1.2464551 0.53962797 -1.2813828 19 0 0 0 19
-1.1775199 0.69545579 -0.95262039 19 0 0 0 19
-1.2470081 0.58207339 -0.57437903 19 0 0 0 19
-1.330817 0.45707473 -1.510504 19 0 0 0 19
-1.4617671 0.29137805 -0.71118701 19 0 0 0 19
-1.603698 0.043657672 -1.3040645 19 0 0 0 19
-1.4897766 0.21477643 -0.98914838 19 0 0 0 19
-1.3521082 0.40055829 -0.76957077 19 0 0 0 19
-1.5316963 0.19393249 -0.46447003 19 0 0 0 19
-1.2411095 0.58210874 -0.62783152 19 0 0 0 19
-1.4065604 0.37960026 -0.51759207 19 0 0 0 19
-1.4926571 0.24846365 -0.6532684 19 0 0 0 19
-1.5322067 0.15627526 -0.70831776 19 0 0 0 19
-1.4891468 0.23672274 -0.48975182 19 0 0 0 19
-1.5179698 0.18869954 -0.50776219 19 0 0 0 19
-1.4076482 0.33952078 -0.76887554 19 0 0 0 19
-1.1778848 0.66034335 -0.92862678 19 0 0 0 19
-1.4581783 0.24713707 -1.2598925 19 0 0 0 19
-1.5572485 0.10328334 -1.3323261 19 0 0 0 19
-1.2066953 0.6509254 -0.6106391 19 0 0 0 19
-1.604156 0.050731633 -0.95637149 19 0 0 0 19
-1.3304366 0.46346742 -0.46617064 19 0 0 0 19
-1.272392 0.52297521 -1.5009378 19 0 0 0 19
-1.2015213 0.63097799 -0.70477498 19 0 0 0 19
-1.5684489 0.13649963 -0.35585469 19 0 0 0 19
-1.424405 0.32519254 -1.0569273 19 0 0 0 19
-1.7037776 -0.091762953 -0.95444846 19 0 0 0 19
-1.1689168 0.70009625 -0.65389132 19 0 0 0 19
-1.358301 0.36481062 -1.3295088 19 0 0 0 19
-1.6364671 0.018757828 -0.74025416 19 0 0 0 19
-1.7083064 -0.094690651 -1.0830433 19 0 0 0 19
-1.7650493 -0.15089157 -1.2201502 19 0 0 0 19
-1.2286965 0.58810019 -0.91995078 19 0 0 0 19
